NAT,CERTN.,FILE_ID,SAILNUMB,NAME,TYPE,BUILDER,DESIGNER,YEAR,CLUB,OWNER,ADRS1,ADRS2,C_Type,Family,D,CREW,DD_MM_yyYY HH:MM:SS,LOA,IMSL,DRAFT,BMAX,DSPL,INDEX,DA,GPH,TMF,ILCGA,APHTOT,APHTOD,WL6,WL8,WL10,WL12,WL14,WL16,WL20,OL6,OL8,OL10,OL12,OL14,OL16,OL20,CR6,CR8,CR10,CR12,CR14,CR16,CR20,NSP6,NSP8,NSP10,NSP12,NSP14,NSP16,NSP20,OC6,OC8,OC10,OC12,OC14,OC16,OC20,UA6,UA8,UA10,UA12,UA14,UA16,UA20,DA6,DA8,DA10,DA12,DA14,DA16,DA20,UP6,UP8,UP10,UP12,UP14,UP16,UP20,R526,R528,R5210,R5212,R5214,R5216,R5220,R606,R608,R6010,R6012,R6014,R6016,R6020,R756,R758,R7510,R7512,R7514,R7516,R7520,R906,R908,R9010,R9012,R9014,R9016,R9020,R1106,R1108,R11010,R11012,R11014,R11016,R11020,R1206,R1208,R12010,R12012,R12014,R12016,R12020,R1356,R1358,R13510,R13512,R13514,R13516,R13520,R1506,R1508,R15010,R15012,R15014,R15016,R15020,D6,D8,D10,D12,D14,D16,D20,OTNLOW,OTNMED,OTNHIG,ITNLOW,ITNMED,ITNHIG,DH_TOD,DH_TOT,VPPYEAR,TMF-OF,OSN,ReferenceNo,CDL,DSPS,WSS,MAIN,GENOA,SYM,ASYM,OTDLOW,OTDMED,OTDHIG,ITDLOW,ITDMED,ITDHIG,PREUPD,PREDND,PREUPT,PREDNT,WL24,CR24,OC24,UA24,DA24,UP24,R5224,R6024,R7524,R9024,R11024,R12024,R13524,R15024,D24,WL4,CR4,OC4,UA4,DA4,UP4,R524,R604,R754,R904,R1104,R1204,R1354,R1504,D4
AUS,210049,210049,003,Navigator,Ulimate 3000 (TRADITIONAL 30),Jerry Hendrey - Kirribilli,PETER COLE,1983,RMYC-PH & CSC,,,,ORC,CLUB,C,471,20 07 2026 03:15:04,9.140,7.767,1.716,2.99,4327.,0.0,0.58,752.2,0.7277,824.5,0.9015,665.6,1269.7,1012.5,874.6,785.5,729.1,698.3,670.8,0.0,0.0,0.0,0.0,0.0,0.0,0.0,971.7,787.1,693.1,638.6,606.1,586.6,563.9,0.0,0.0,0.0,0.0,0.0,0.0,0.0,1259.4,947.5,784.0,683.5,629.0,592.3,538.4,45.3,43.4,42.1,41.1,40.2,39.9,39.9,145.3,147.3,152.4,159.2,172.7,178.1,179.0,1372.9,1109.5,973.5,890.5,843.5,824.0,816.6,882.9,729.3,650.5,607.6,585.5,574.6,569.4,830.1,693.4,624.1,589.0,569.8,559.0,552.2,800.1,669.6,604.6,573.1,554.8,542.2,527.7,761.3,630.3,573.9,548.7,535.4,527.0,511.1,745.9,617.7,564.0,536.7,515.1,496.0,471.2,772.3,634.5,571.8,541.0,517.2,494.5,458.4,860.4,691.9,602.2,559.3,532.9,509.4,465.4,1010.3,792.9,673.2,599.8,561.1,536.4,493.2,1166.6,915.5,775.8,680.4,614.8,572.6,525.0,0.6823,0.9077,1.0293,0.5258,0.7317,0.8624,0.0,0.0000,2026,0.8256,726.7,03020004VDW,6.696,4971,21.0,23.1,26.0,0.0,62.6,879.4,661.0,582.9,1141.1,820.0,695.7,730.0,666.5,0.8220,0.9002,659.1,552.5,524.2,41.0,178.6,833.4,570.8,551.2,522.4,495.8,458.1,439.9,434.6,455.0,484.7,1874.2,1409.6,1860.0,47.4,142.1,2016.4,1270.7,1170.8,1112.8,1075.3,1050.0,1092.6,1251.9,1500.0,1732.0
AUS,2097,2097,0038,SEREMISA,Dehler 38 SQc,Hanse,Judel Vrolijk,2021,NSW 2107,,,,ORC,CLUB,C,739,22 06 2026 02:24:10,11.293,10.665,2.034,3.76,7490.,0.0,0.20,603.4,0.9068,661.6,1.1186,536.4,997.7,803.0,694.2,629.6,594.9,573.5,548.4,0.0,0.0,0.0,0.0,0.0,0.0,0.0,764.9,627.1,555.5,515.9,494.0,478.8,457.9,0.0,0.0,0.0,0.0,0.0,0.0,0.0,992.9,753.7,625.5,550.7,512.9,483.7,436.1,44.5,42.3,40.8,39.6,39.0,38.8,38.9,143.1,147.6,151.6,157.7,165.1,170.9,175.8,1045.7,854.6,752.2,700.9,680.8,670.8,665.1,676.3,568.1,513.1,487.4,476.4,471.2,466.1,637.0,542.7,496.9,474.3,463.0,457.5,451.5,611.2,525.7,485.5,463.7,449.2,439.2,429.1,616.6,516.5,473.3,453.3,443.0,431.4,411.1,605.6,505.8,463.7,438.8,419.2,403.8,385.5,622.0,516.3,469.6,443.0,420.6,400.5,367.0,692.6,562.2,494.9,461.0,436.8,414.4,372.7,822.4,650.7,551.6,491.8,460.4,437.3,395.6,949.7,751.3,636.2,558.2,509.1,476.2,431.8,0.8621,1.1259,1.2639,0.6664,0.9134,1.0536,0.0,0.0000,2026,1.0262,584.7,03020004TND,9.872,8517,32.0,49.7,36.5,118.5,110.7,696.0,532.9,474.7,900.4,656.9,569.5,583.8,542.3,1.0277,1.1065,534.2,443.5,421.7,39.9,171.7,674.3,466.2,451.1,424.1,399.4,370.5,347.1,325.7,354.8,394.2,1439.6,1082.2,1434.2,47.1,138.8,1493.2,940.7,865.0,813.6,834.9,842.0,870.4,990.8,1200.3,1386.0
AUS,2029,2029,00400,VENTO,FARR 400,PREMIER COMPOSITES,FARR,2011,NSW 2105,,,,ORC,CLUB,R,748,29 06 2026 06:21:15,11.800,11.449,2.894,3.41,3973.,0.0,0.00,507.0,1.0636,564.1,1.3182,455.2,795.7,655.2,590.4,550.3,520.3,492.1,448.0,0.0,0.0,0.0,0.0,0.0,0.0,0.0,614.5,519.1,474.9,445.7,423.5,404.2,374.4,0.0,0.0,0.0,0.0,0.0,0.0,0.0,794.0,617.8,533.1,477.5,440.8,407.8,355.6,42.3,39.7,38.3,38.1,37.6,37.4,37.6,141.2,144.9,148.6,151.2,147.5,146.0,147.1,813.2,691.0,647.1,624.4,610.4,601.2,596.5,538.6,472.3,451.1,439.5,431.7,425.4,418.5,512.0,455.3,435.3,422.7,413.4,406.3,398.0,494.0,442.3,414.8,398.7,386.8,377.7,365.8,500.8,445.5,410.5,384.0,366.8,354.1,335.1,501.8,436.7,406.0,382.4,362.8,342.9,303.2,510.2,435.7,392.9,366.9,344.8,325.6,294.2,563.4,456.5,407.8,364.4,326.3,299.1,262.1,674.0,536.4,462.1,412.7,372.6,331.8,259.4,778.3,619.4,533.6,476.2,430.3,383.1,299.6,1.0585,1.3158,1.5081,0.8271,1.0621,1.2432,0.0,0.0000,2026,1.2118,495.1,03020004UBA,11.445,5036,29.1,63.8,36.5,0.0,178.3,566.8,456.0,397.9,725.4,564.9,482.6,500.0,448.3,1.2001,1.3385,421.0,356.6,335.9,39.0,150.8,607.1,420.4,397.6,360.3,323.1,278.8,269.3,231.2,203.9,234.9,1133.1,857.8,1132.5,45.1,139.3,1139.2,731.0,680.0,643.3,659.9,693.0,720.7,808.6,976.0,1127.0
AUS,2043,2043,010,Organised Chaos,Adams 10,,Joe Adams,1980,VIC 3936,,,,ORC,CLUB,R,450,20 07 2026 03:37:49,9.990,9.278,1.782,2.74,2838.,0.0,0.21,637.8,0.8575,699.7,1.0590,566.6,1064.5,845.9,729.8,667.6,631.0,607.3,575.1,0.0,0.0,0.0,0.0,0.0,0.0,0.0,812.2,661.0,586.0,546.5,521.9,504.3,477.6,0.0,0.0,0.0,0.0,0.0,0.0,0.0,1067.6,796.6,659.2,583.1,541.9,508.9,454.5,43.6,40.9,39.1,38.0,37.6,37.4,37.4,145.1,149.2,151.6,157.1,164.8,170.5,169.8,1033.5,845.8,756.0,724.5,710.0,701.8,695.0,676.4,572.7,528.5,513.1,505.9,501.4,496.1,641.6,552.6,514.7,498.6,491.0,486.1,479.4,621.3,539.5,504.5,483.4,470.0,462.2,450.6,637.6,544.0,504.6,479.4,458.8,443.7,424.7,669.6,549.7,499.9,468.5,443.9,425.9,401.7,696.8,567.5,508.3,473.3,443.4,418.0,374.6,788.6,628.7,543.1,498.7,465.7,435.2,374.7,948.8,732.6,610.0,536.4,496.9,466.1,410.4,1095.6,846.0,703.6,610.8,552.0,512.9,455.3,0.8146,1.0656,1.2031,0.6281,0.8645,0.9981,0.0,0.0000,2026,0.9710,617.9,03020004VE3,8.887,3485,19.8,27.7,27.2,51.6,0.0,736.6,563.1,498.7,955.3,694.0,601.1,609.5,583.0,0.9844,1.0292,551.1,455.6,432.1,38.5,144.4,704.6,496.2,477.8,445.0,412.4,385.8,342.1,302.3,344.3,397.5,1549.7,1159.8,1557.4,46.1,136.9,1472.7,937.3,872.1,831.6,861.7,949.9,993.8,1154.1,1408.9,1626.8
AUS,2829,2829,0122,TENACITY,J122E,J Composites,Johnstone,2006,,,,,ORC,INTL,C,761,26 06 2026 01:21:47,12.190,11.089,2.229,3.64,7165.,121.4,0.18,581.2,0.9491,632.2,1.1592,517.6,949.5,761.6,658.6,603.0,572.2,552.4,525.0,0.0,0.0,0.0,0.0,0.0,0.0,0.0,732.3,599.5,533.6,499.1,479.4,465.3,443.6,0.0,0.0,0.0,0.0,0.0,0.0,0.0,945.4,716.6,597.1,531.2,496.7,469.9,427.2,43.7,41.4,39.7,38.4,37.7,37.4,37.7,142.3,148.0,151.2,157.2,164.8,169.6,168.1,991.2,806.5,712.1,670.6,653.4,643.9,634.4,647.1,542.7,493.5,473.6,465.4,460.6,455.2,612.6,521.5,480.4,461.9,453.0,448.2,442.2,590.8,508.1,471.4,451.6,439.0,430.6,421.4,602.4,506.2,472.8,450.8,434.6,421.2,403.2,584.9,490.1,453.5,434.6,422.5,412.2,394.7,598.0,497.4,455.7,430.8,411.2,397.2,374.9,665.0,537.1,475.0,443.0,418.1,394.9,348.5,786.3,620.7,524.5,471.8,442.7,418.8,372.4,907.9,716.8,605.1,535.3,491.1,460.9,415.7,0.9011,1.1672,1.3024,0.7013,0.9569,1.0967,0.0,0.0000,2026,1.0671,562.2,03020004U6M,10.502,8232,32.5,47.3,38.4,144.7,0.0,665.9,514.1,460.7,855.6,627.0,547.1,561.6,521.5,1.0683,1.1505,504.9,427.5,410.9,38.7,150.7,639.6,454.3,441.5,416.9,392.9,378.6,355.4,311.4,320.7,370.2,1374.1,1039.0,1369.5,46.3,140.3,1420.2,900.9,834.6,791.4,816.6,817.6,842.4,955.0,1150.1,1328.0
AUS,2867,2867,07,WINGS,DEHLER 46,DEHLER,JUDEL/VROLIJK,2014,NSW 2063,,,,ORC,INTL,C,1004,17 07 2026 01:10:12,13.885,13.169,2.576,4.32,11515.,116.7,0.13,542.8,1.0056,596.7,1.2421,483.1,895.3,717.4,622.2,570.9,539.9,519.0,492.0,0.0,0.0,0.0,0.0,0.0,0.0,0.0,686.0,561.2,498.3,466.2,446.6,432.5,410.9,0.0,0.0,0.0,0.0,0.0,0.0,0.0,893.1,674.2,560.9,497.6,463.5,437.4,393.9,43.4,41.4,39.8,38.9,38.3,38.0,37.9,142.4,147.3,150.9,155.4,162.1,167.5,169.1,916.9,747.2,664.9,631.4,614.5,604.2,594.2,597.9,502.1,457.3,440.0,432.1,427.0,421.3,565.6,482.0,442.9,426.7,419.6,414.7,408.7,544.0,468.5,433.6,415.2,404.4,397.8,388.5,534.7,457.1,422.6,404.6,393.8,386.1,370.4,558.2,463.4,422.3,402.2,385.5,368.9,344.6,572.0,471.6,426.2,401.0,381.0,366.7,336.3,637.9,513.6,448.5,415.4,391.4,369.7,329.0,756.5,595.4,502.0,446.7,415.9,393.0,351.4,873.6,687.5,579.4,510.5,465.2,433.7,389.9,0.9622,1.2502,1.4021,0.7441,1.0128,1.1671,0.0,0.0000,2026,1.1392,526.7,03020004VBS,12.178,12956,44.5,73.3,54.6,182.0,0.0,623.6,479.9,427.9,806.3,592.4,514.1,523.2,489.7,1.1467,1.2252,475.4,396.3,377.0,38.8,162.7,599.8,420.3,406.9,384.3,361.4,328.7,308.3,295.7,308.4,351.1,1297.7,973.4,1296.4,46.0,139.7,1310.9,830.4,766.4,722.6,722.3,770.2,808.7,920.3,1112.4,1284.5
AUS,2192,2192,095,ANARCHY,Bakwell-White 40,Yachting Developments,Bakwell-White,2014,,,,,ORC,INTL,R,768,01 09 2026 05:19:10,12.211,11.565,3.210,3.80,4134.,0.0,0.00,494.2,1.0857,552.7,1.3582,441.8,789.8,643.1,575.3,537.8,511.0,484.0,437.1,0.0,0.0,0.0,0.0,0.0,0.0,0.0,609.1,510.0,461.7,431.6,409.0,389.0,356.1,0.0,0.0,0.0,0.0,0.0,0.0,0.0,789.0,607.1,519.2,462.4,425.8,391.9,335.7,42.5,40.0,38.4,37.7,37.4,37.4,37.5,141.1,144.7,148.9,151.9,148.5,145.3,142.8,798.4,666.3,616.7,597.4,587.3,580.3,573.2,528.1,457.8,432.9,420.7,412.3,405.8,397.1,502.5,444.0,416.8,402.3,392.6,385.1,375.0,485.9,434.9,400.5,377.9,364.9,354.4,339.2,493.5,439.0,402.7,369.9,345.0,328.4,305.3,499.7,428.9,385.8,360.7,339.4,321.0,280.7,511.0,432.6,383.9,346.0,322.1,301.9,269.7,565.3,457.6,409.1,365.8,323.2,286.8,241.8,676.6,536.9,462.4,414.9,376.4,335.9,260.7,781.3,619.9,533.9,478.3,434.6,387.8,301.0,1.0723,1.3559,1.5721,0.8374,1.0862,1.2681,0.0,0.0000,2026,1.2475,480.9,03020004WVM,12.031,5221,30.7,64.1,39.5,0.0,176.6,559.5,442.5,381.7,716.5,552.4,473.1,483.9,442.2,1.2400,1.3570,405.6,334.6,313.3,38.5,147.6,577.8,395.5,371.1,330.8,290.3,251.2,244.3,210.3,202.1,233.4,1133.7,857.2,1134.1,45.2,139.3,1129.8,724.0,672.7,636.5,653.1,699.5,727.2,816.1,985.2,1137.6
AUS,210025,210052,1041,CARTE BLANCHE,First 36,Beneteau,Manuard,2022,,,,,ORC,INTL,C,735,07 08 2026 04:22:42,10.966,10.569,2.235,3.79,5078.,110.2,0.19,595.2,0.9138,656.6,1.1388,526.9,1000.1,799.9,688.1,622.9,591.5,570.6,535.1,0.0,0.0,0.0,0.0,0.0,0.0,0.0,766.3,623.3,548.9,506.2,482.0,464.1,435.5,0.0,0.0,0.0,0.0,0.0,0.0,0.0,993.6,749.8,619.0,541.0,500.5,467.7,414.1,44.1,42.0,40.3,39.0,38.3,38.2,39.6,142.8,146.6,147.6,151.4,153.0,151.1,145.0,1065.4,862.5,756.0,695.0,669.0,657.6,648.7,692.5,576.5,517.6,483.8,468.7,462.3,456.0,654.7,551.8,498.7,471.1,455.0,446.8,438.3,633.0,535.7,486.9,460.8,440.4,424.7,409.7,611.2,510.2,467.0,449.6,435.8,418.9,388.3,590.6,491.5,447.8,416.8,396.4,382.0,357.5,602.4,497.6,451.8,417.3,388.0,364.0,333.3,680.8,541.8,475.2,439.0,406.9,376.9,316.9,809.6,638.5,537.1,477.9,446.6,419.1,365.1,934.9,737.3,620.2,550.8,514.1,483.6,421.6,0.8636,1.1447,1.3105,0.6667,0.9209,1.0666,0.0,0.0000,2026,1.0436,574.9,03020004W5Q,9.901,6102,30.7,37.7,36.6,0.0,137.7,694.8,524.2,457.8,900.0,651.5,562.5,578.1,530.5,1.0380,1.1311,495.0,409.4,388.6,40.6,140.9,657.1,456.4,436.9,403.0,373.1,337.4,307.7,257.7,288.3,332.9,1455.0,1100.1,1446.1,46.7,139.0,1543.7,979.1,909.7,866.8,862.4,839.2,863.4,977.9,1183.2,1366.3
AUS,2720,2720,11010,MATADOR,MAT 11010,MAT,Mark Mills,2011,NSW 2107,,,,ORC,CLUB,C,680,28 06 2026 22:58:41,10.145,9.360,2.100,3.30,4637.,0.0,0.13,607.7,0.9075,661.2,1.1024,544.3,971.6,785.9,686.6,633.1,603.0,583.5,556.1,0.0,0.0,0.0,0.0,0.0,0.0,0.0,748.9,620.7,560.0,527.9,508.2,493.0,468.9,0.0,0.0,0.0,0.0,0.0,0.0,0.0,967.4,740.0,624.4,561.2,526.6,497.7,450.7,43.3,41.0,38.9,37.5,37.1,36.7,36.7,141.9,146.8,153.2,160.5,168.0,173.9,169.8,1013.8,831.6,742.5,704.2,687.2,677.4,668.9,665.8,564.5,523.3,505.5,497.0,492.0,486.4,632.4,545.8,511.7,494.8,484.9,479.6,472.7,612.6,534.0,502.9,484.8,471.6,461.7,450.8,607.5,522.4,492.6,479.2,467.4,453.6,432.4,594.5,510.5,478.0,455.3,438.3,426.0,404.1,609.0,516.8,481.2,455.7,432.3,410.1,379.9,677.9,553.5,501.1,472.0,445.9,419.9,364.6,805.0,641.0,548.5,501.2,473.5,448.7,399.1,929.5,740.1,630.7,562.0,518.7,489.6,443.2,0.8762,1.1082,1.2301,0.6828,0.9144,1.0379,0.0,0.0000,2026,1.0169,590.1,03020004U9S,9.176,5547,24.5,36.3,30.0,104.7,102.9,684.8,541.4,487.8,878.7,656.2,578.1,589.8,547.4,1.0174,1.0961,530.5,446.5,429.6,37.5,146.5,672.9,485.3,470.4,444.7,418.8,385.5,353.9,298.8,336.2,388.2,1393.0,1055.6,1388.3,46.1,139.1,1440.3,917.4,854.0,813.8,839.6,824.1,851.0,962.6,1165.5,1345.8
AUS,2672,2672,11033,KERISMA,KER 11.3,VISION YACHTS,JASON KER,2001,,,,,ORC,INTL,R,765,25 06 2026 03:22:59,11.442,10.931,2.397,3.68,4598.,142.0,0.00,538.8,1.0112,593.4,1.2436,482.5,858.3,696.2,614.5,573.0,548.1,525.7,476.6,0.0,0.0,0.0,0.0,0.0,0.0,0.0,661.1,551.7,500.0,470.8,450.2,431.5,396.7,0.0,0.0,0.0,0.0,0.0,0.0,0.0,855.1,656.3,557.9,501.5,467.8,436.4,377.7,42.5,40.2,37.9,37.0,36.3,36.0,35.8,142.0,145.3,149.9,153.5,151.2,147.8,145.3,890.8,733.8,662.9,634.2,618.9,609.9,600.9,588.1,503.1,470.9,456.1,447.9,442.1,434.7,559.2,488.2,459.6,443.4,433.3,426.4,417.7,540.2,478.6,450.5,429.6,414.2,403.5,390.0,525.2,465.1,437.9,420.4,406.2,389.2,363.3,531.3,461.2,426.3,401.3,378.3,358.0,326.1,541.5,462.8,424.3,393.4,369.7,346.4,299.3,599.8,487.3,442.8,406.8,372.7,337.4,277.9,715.2,570.4,490.2,446.0,413.7,382.3,305.1,825.8,658.6,566.0,511.8,477.3,441.5,352.3,0.9895,1.2445,1.4180,0.7720,1.0154,1.1699,0.0,0.0000,2026,1.1452,523.9,03020004U38,11.009,5664,27.2,49.4,34.7,0.0,159.5,606.4,482.1,423.1,777.2,590.9,512.9,525.3,483.3,1.1422,1.2415,440.5,373.4,352.0,36.9,146.9,607.1,433.2,414.6,382.4,346.4,309.8,269.1,236.5,237.1,273.8,1228.1,928.6,1224.5,45.3,139.3,1264.6,808.6,752.9,716.0,708.2,726.1,765.3,854.5,1032.0,1191.6
AUS,2103,2103,111,KODACHI,J111,J Boats,Alan Johnstone,2010,3146,,,,ORC,CLUB,R,680,29 06 2026 05:41:47,11.121,10.367,2.186,3.30,4160.,0.0,0.00,571.3,0.9584,626.1,1.1753,510.5,919.9,739.0,645.4,600.8,577.0,557.1,514.9,0.0,0.0,0.0,0.0,0.0,0.0,0.0,710.1,584.1,525.7,495.4,476.2,460.1,430.7,0.0,0.0,0.0,0.0,0.0,0.0,0.0,915.6,696.1,586.6,527.3,493.8,464.8,413.7,42.9,40.7,38.5,37.2,36.7,36.7,36.7,142.4,145.8,149.6,153.2,152.1,149.6,144.3,962.6,782.5,697.7,666.9,652.8,644.7,637.9,632.7,532.2,492.2,477.9,471.1,466.7,461.8,601.5,514.9,480.6,465.5,458.2,453.0,446.7,582.8,504.5,472.2,452.5,439.5,431.8,421.3,583.5,498.3,473.0,449.9,430.6,415.8,396.9,563.2,480.5,446.2,425.3,409.1,394.8,369.2,574.0,483.2,444.4,415.3,392.5,374.7,342.8,638.5,515.0,463.7,428.3,396.2,363.1,304.3,759.7,602.3,513.6,465.8,434.8,406.5,339.4,877.2,695.5,593.1,534.7,501.1,469.4,392.0,0.9272,1.1808,1.3241,0.7234,0.9658,1.0984,0.0,0.0000,2026,1.0833,553.9,03020004UB1,10.197,5102,25.7,36.9,32.3,0.0,130.7,647.1,508.1,453.1,829.4,621.2,546.2,555.4,511.0,1.0802,1.1741,476.7,407.9,389.7,37.8,145.4,648.1,462.5,447.0,416.6,385.7,347.7,315.9,268.2,264.4,305.3,1328.2,1010.3,1322.9,45.9,139.5,1381.1,882.0,822.5,785.4,812.8,792.0,816.6,914.2,1104.4,1275.2
AUS,2729,2729,11744,XS MOMENT,XP44,X-YACHTS,Jeppesen,2011,NSW 2107,,,,ORC,INTL,C,960,03 07 2026 10:43:48,13.289,12.307,2.678,4.05,9291.,134.1,0.11,540.7,1.0122,592.8,1.2446,482.1,883.8,711.5,618.3,566.9,537.3,517.5,489.9,0.0,0.0,0.0,0.0,0.0,0.0,0.0,677.5,557.2,497.9,466.1,447.0,432.5,409.2,0.0,0.0,0.0,0.0,0.0,0.0,0.0,881.0,668.9,558.9,496.7,463.4,436.7,393.0,43.0,40.8,39.2,37.8,37.1,37.1,36.9,141.7,145.1,150.5,156.3,163.7,168.2,167.6,910.9,743.0,659.7,623.6,606.9,597.0,586.6,597.8,502.7,460.0,442.6,434.8,429.9,424.1,567.2,484.6,448.3,431.7,423.1,418.0,411.2,547.5,471.7,440.7,422.1,409.4,400.6,390.4,529.8,456.9,427.4,411.1,401.0,391.6,372.2,544.2,457.2,421.4,398.8,383.7,368.8,343.7,558.0,463.8,425.1,399.6,377.5,358.6,330.8,620.5,502.6,446.8,417.3,392.8,369.5,320.8,741.8,588.9,499.8,448.3,419.7,396.1,350.7,856.6,680.0,576.9,510.2,467.6,437.9,393.3,0.9718,1.2513,1.4039,0.7522,1.0192,1.1717,0.0,0.0000,2026,1.1435,524.7,03020004UMR,11.888,10643,39.3,63.7,48.1,179.0,169.4,617.4,479.5,427.4,797.7,588.7,512.1,521.9,488.7,1.1497,1.2277,468.2,390.4,372.9,37.6,150.5,588.4,422.4,408.5,384.5,360.6,326.3,299.6,272.8,301.5,347.9,1272.0,957.0,1269.1,45.5,138.6,1301.0,828.0,768.5,728.5,717.2,748.2,786.4,887.8,1076.5,1243.0
AUS,711100,7111,1195,QUANTOCK,Elliott 13,MILNER,ELLIOT,1994,"NSW, 2099",,,,ORC,CLUB,C,880,07 07 2026 06:36:13,13.050,11.868,3.163,4.06,6035.,0.0,0.00,522.7,1.0465,573.3,1.2801,468.7,826.1,671.5,593.4,553.5,529.7,509.4,465.2,0.0,0.0,0.0,0.0,0.0,0.0,0.0,639.4,532.9,483.6,456.7,438.6,423.2,394.2,0.0,0.0,0.0,0.0,0.0,0.0,0.0,823.8,633.8,539.4,486.0,454.8,427.6,379.0,41.9,39.7,37.4,36.3,35.9,35.6,35.3,141.5,144.7,148.7,153.0,151.4,148.5,146.3,848.9,701.9,638.3,613.4,599.9,591.5,582.0,564.7,483.1,454.2,443.0,436.3,431.9,425.8,538.4,468.6,442.7,431.0,423.9,419.0,412.1,520.9,459.4,432.3,415.9,405.9,399.0,389.5,530.4,462.1,431.5,409.7,393.4,381.7,365.1,514.6,444.7,416.0,397.7,382.5,368.8,344.1,524.9,445.8,410.5,385.7,367.4,350.3,319.2,581.8,470.5,425.8,392.3,362.3,331.8,283.1,695.6,555.2,475.1,429.6,398.4,369.9,301.7,803.2,641.1,548.5,493.6,459.4,427.2,348.4,1.0236,1.2835,1.4418,0.8013,1.0514,1.2051,0.0,0.0000,2026,1.1803,508.3,03020004USO,11.860,7277,33.3,63.2,43.3,0.0,193.0,586.2,467.5,416.1,748.8,570.7,497.9,508.8,468.7,1.1792,1.2802,432.4,373.3,356.7,36.3,147.2,588.8,425.5,410.1,384.6,353.0,319.0,293.0,251.7,239.0,276.0,1177.6,894.9,1175.6,44.6,139.0,1197.8,771.1,720.7,687.6,707.9,710.7,739.6,828.9,1002.3,1157.4
AUS,2990,2990,12200,BUSHRANGER,MAT 1220,MAT,Mills,2022,"Bayview, NSW 2104",,,,ORC,INTL,R,744,29 06 2026 01:46:04,12.205,11.212,2.873,3.97,4742.,122.9,0.00,519.8,1.0452,574.0,1.2912,464.7,830.4,674.8,596.6,554.8,529.1,506.1,456.6,0.0,0.0,0.0,0.0,0.0,0.0,0.0,641.0,534.8,483.4,453.0,431.7,413.0,379.1,0.0,0.0,0.0,0.0,0.0,0.0,0.0,828.9,636.8,541.0,483.1,447.9,416.7,361.0,42.3,39.9,37.9,37.3,36.7,36.3,36.0,141.7,145.1,148.7,153.2,151.2,147.3,144.9,845.8,702.6,640.3,613.6,598.1,588.3,577.6,560.3,482.3,451.2,437.2,428.1,421.5,412.7,533.5,467.7,438.9,422.1,412.1,404.7,394.8,515.6,458.6,428.9,405.8,390.3,380.7,366.4,524.0,461.5,430.3,403.9,381.1,362.9,339.1,521.1,447.3,408.2,384.7,366.6,350.6,322.4,530.8,449.8,408.0,374.2,350.2,331.1,296.3,590.3,474.5,428.7,392.3,357.6,320.4,262.6,705.9,560.2,478.8,431.9,399.0,367.1,290.7,815.1,646.9,552.9,496.0,460.2,423.9,335.6,1.0206,1.2914,1.4816,0.7972,1.0484,1.2162,0.0,0.0000,2026,1.1883,504.9,03020004UA6,11.529,5800,31.0,59.6,39.6,0.0,172.7,587.9,464.6,405.0,752.6,572.3,493.3,506.0,467.2,1.1859,1.2842,420.4,354.3,335.8,37.1,146.7,581.0,409.5,390.5,358.6,322.5,285.2,268.4,230.4,224.9,259.7,1189.7,901.3,1189.2,45.1,139.2,1195.1,766.3,713.7,678.6,698.3,727.2,756.0,848.2,1025.8,1184.4
AUS,2612,2612,1236,LOCAL HERO,BH 36,BASHFORD BOATS,Ian Murray & Ass,1995,,,,,ORC,INTL,R,680,03 08 2026 02:46:28,10.970,10.005,2.232,3.41,4395.,116.7,0.18,598.0,0.9157,655.2,1.1262,532.8,980.6,786.7,682.4,625.8,593.7,573.0,545.1,0.0,0.0,0.0,0.0,0.0,0.0,0.0,751.5,616.9,550.7,514.8,493.2,477.5,451.3,0.0,0.0,0.0,0.0,0.0,0.0,0.0,977.4,739.6,617.5,548.5,511.7,482.0,431.5,43.5,41.0,39.2,37.5,37.3,37.2,37.4,142.2,146.2,149.6,158.1,165.5,170.2,168.7,1012.8,825.6,730.0,686.4,670.4,661.8,655.7,662.9,558.4,511.3,490.3,481.3,476.9,471.6,628.5,537.8,498.7,478.6,467.9,463.0,456.7,608.5,524.0,488.2,467.9,452.1,441.5,431.6,589.6,507.4,473.2,452.2,439.6,430.5,408.5,599.5,504.6,465.6,438.3,417.4,402.6,370.3,615.6,513.2,471.3,441.5,414.8,389.5,351.6,688.3,556.1,495.1,462.4,434.1,405.7,343.4,821.4,647.6,549.8,497.5,467.2,440.8,387.7,948.4,747.8,634.8,565.3,517.0,484.3,434.6,0.8770,1.1324,1.2723,0.6790,0.9230,1.0568,0.0,0.0000,2026,1.0351,579.7,03020004VWO,9.736,5321,26.2,36.3,29.3,93.7,97.1,684.2,529.8,471.6,883.7,650.1,567.8,577.4,540.1,1.0391,1.1109,521.7,430.0,409.1,38.7,140.5,665.7,473.3,456.0,426.7,396.9,346.9,314.8,279.6,327.1,377.7,1422.9,1071.8,1419.5,46.0,138.9,1456.9,928.5,863.6,822.1,809.5,842.1,870.9,992.6,1202.8,1388.9
AUS,3423,3423,1287,HUMPERDINCK,Etchells,PETTICROW,ETCHELLS,1967,,,,,ORC,CLUB,R,285,08 07 2026 04:44:56,9.300,7.132,1.389,2.09,1514.,0.0,0.18,695.4,0.7870,762.4,0.9668,620.6,1136.0,908.8,791.7,729.6,694.2,671.0,630.3,0.0,0.0,0.0,0.0,0.0,0.0,0.0,868.5,713.6,640.2,601.4,577.1,557.6,523.6,0.0,0.0,0.0,0.0,0.0,0.0,0.0,1132.1,854.3,717.0,641.2,598.3,561.5,498.9,43.6,41.1,39.3,38.5,38.4,38.3,38.7,144.9,149.6,154.6,160.4,168.5,170.8,155.0,1175.5,962.8,864.7,829.6,813.0,803.3,795.8,768.6,650.1,600.5,582.3,573.5,567.9,561.3,728.0,624.5,582.1,564.8,556.1,550.0,542.4,703.9,606.2,565.8,544.8,532.0,523.4,511.0,683.9,591.2,561.3,535.3,515.2,499.2,474.9,676.4,577.2,537.9,513.1,493.7,476.2,443.6,703.3,588.1,539.8,505.2,475.4,447.2,406.9,795.8,643.5,564.8,523.8,484.4,444.2,366.2,949.7,740.3,624.4,559.1,521.3,484.6,404.8,1096.6,854.8,718.8,629.6,575.5,538.7,464.8,0.7585,0.9715,1.0915,0.5868,0.7932,0.9070,0.0,0.0000,2026,0.8895,674.6,03020004UVT,6.806,1922,13.0,21.6,9.8,43.2,0.0,791.0,617.6,549.7,1022.5,756.4,661.5,679.5,619.1,0.8831,0.9691,593.2,498.4,471.7,40.7,147.9,817.7,563.3,541.2,505.1,458.6,409.6,376.6,316.4,319.3,368.7,1652.3,1241.6,1648.4,45.8,136.0,1692.2,1079.9,1004.8,957.2,950.4,949.3,990.4,1145.7,1396.5,1612.5
AUS,2140,2140,16129,Wailea,Beneteau 40.7,Beneteau Yachts,Farr,1997,NSW 2093,,,,ORC,INTL,C,780,23 06 2026 00:03:10,11.924,10.651,2.420,3.77,7150.,117.4,0.03,591.0,0.9319,643.9,1.1379,527.3,959.9,774.4,671.0,614.3,583.4,563.6,538.0,0.0,0.0,0.0,0.0,0.0,0.0,0.0,739.1,609.2,543.1,508.7,489.2,475.6,455.6,0.0,0.0,0.0,0.0,0.0,0.0,0.0,960.1,729.9,608.4,541.3,507.0,480.2,438.5,42.6,40.5,38.9,37.8,37.2,37.0,37.4,138.7,149.2,149.4,157.5,164.6,170.4,173.2,957.7,790.7,708.8,675.5,660.6,652.8,645.8,633.0,538.6,496.9,480.0,473.1,469.2,464.8,603.4,520.8,484.9,468.7,461.4,457.2,451.9,585.4,510.0,476.8,458.7,447.2,440.6,432.1,598.5,515.1,477.8,456.9,441.6,429.5,413.7,607.1,506.7,466.1,444.4,430.3,420.0,402.9,622.8,516.2,470.0,444.0,423.2,406.0,384.2,693.8,559.7,491.6,458.0,433.3,410.6,367.7,833.2,656.5,548.4,487.3,457.1,434.1,390.8,962.1,758.1,633.2,553.1,506.2,474.3,430.3,0.8900,1.1457,1.2725,0.6919,0.9392,1.0735,0.0,0.0000,2026,1.0468,573.2,03020004TS4,10.212,8242,31.7,46.5,47.5,130.7,0.0,674.2,523.7,471.5,867.2,638.8,558.9,567.9,536.4,1.0565,1.1186,521.0,440.6,423.8,38.2,165.8,651.4,464.3,450.3,427.3,403.9,389.2,366.6,324.6,346.3,390.5,1371.3,1036.2,1373.2,45.4,138.8,1352.6,864.1,805.7,768.9,793.8,849.8,876.7,998.0,1203.7,1390.0
AUS,4073,4073,178,ACCOMPLICE,Adams 31,Seahourse Yachts,Joe Adams,1994,QLD 4216,,,,ORC,CLUB,C,430,17 07 2026 04:07:40,9.216,7.264,1.674,3.25,4388.,0.0,0.47,719.6,0.7658,783.5,0.9300,645.2,1133.5,929.3,815.7,750.2,714.9,693.2,667.2,0.0,0.0,0.0,0.0,0.0,0.0,0.0,882.1,737.8,663.7,624.3,602.0,586.0,565.2,0.0,0.0,0.0,0.0,0.0,0.0,0.0,1127.2,874.9,740.8,664.7,624.4,591.7,540.9,43.0,41.2,40.2,39.5,39.3,39.5,39.9,148.3,152.8,156.5,163.7,171.3,178.1,177.9,1197.0,1004.6,903.1,853.3,834.1,823.3,817.9,789.0,678.0,622.8,596.4,584.3,578.5,573.1,751.0,652.0,604.6,581.6,569.5,562.7,556.1,730.0,634.5,590.8,568.4,553.7,543.1,529.9,722.4,618.9,576.4,559.1,547.0,532.1,509.0,709.0,606.4,564.5,539.7,519.5,505.2,489.0,731.6,618.3,568.9,541.2,517.4,496.7,473.2,802.4,663.3,591.0,555.9,529.3,504.5,467.7,926.8,741.6,637.9,582.3,551.9,527.0,483.2,1070.1,853.9,728.3,647.1,595.8,563.2,516.6,0.7408,0.9356,1.0306,0.5817,0.7711,0.8709,0.0,0.0000,2026,0.8583,699.0,03020004VC5,6.694,4982,20.0,26.9,26.3,72.3,0.0,809.9,641.3,582.2,1031.5,778.1,688.9,703.0,644.1,0.8535,0.9316,653.5,555.6,529.3,41.1,178.6,828.4,573.0,554.7,524.4,496.2,486.9,461.8,443.4,452.3,478.7,1606.1,1218.6,1600.4,46.0,142.8,1662.8,1059.1,986.7,943.2,966.1,955.4,988.1,1120.0,1341.9,1549.4
AUS,2733,2733,18889,NINE DRAGONS,DK 46,D K Yachts,Mark Mills,2003,NSW 2093,,,,ORC,CLUB,C,1105,14 08 2026 05:54:02,14.100,12.822,3.007,4.11,8895.,0.0,0.00,515.0,1.0675,562.1,1.2997,461.6,820.5,663.2,583.3,540.9,514.4,495.9,466.6,0.0,0.0,0.0,0.0,0.0,0.0,0.0,631.7,525.1,475.7,449.1,431.3,417.5,393.7,0.0,0.0,0.0,0.0,0.0,0.0,0.0,820.5,625.9,530.5,477.2,446.6,421.7,380.3,42.5,40.1,37.8,36.6,36.1,35.7,35.3,142.2,144.7,150.8,156.9,164.2,167.3,161.4,821.4,680.4,618.8,592.7,578.0,568.5,557.4,543.1,466.9,439.1,427.4,420.6,415.9,409.5,516.5,452.9,428.7,416.5,409.4,404.2,397.0,498.4,444.2,420.4,405.1,394.2,387.0,376.7,506.4,446.6,420.6,402.3,387.0,374.7,357.0,521.1,444.0,413.6,396.9,384.5,373.4,351.1,534.0,448.0,414.5,391.0,372.2,358.7,333.9,594.1,479.8,430.6,402.8,377.6,352.9,304.0,709.9,559.5,474.6,430.8,404.1,379.5,328.7,819.7,646.0,547.7,489.1,450.9,423.2,375.9,1.0374,1.3048,1.4562,0.8088,1.0741,1.2256,0.0,0.0000,2026,1.1988,500.5,03020004WDE,12.758,10432,40.1,76.1,52.3,191.7,0.0,578.4,459.8,412.0,741.8,558.6,489.6,496.3,467.7,1.2090,1.2830,438.7,374.3,360.9,36.0,148.9,560.0,407.2,393.6,370.7,345.3,323.3,312.9,273.8,274.9,317.4,1180.8,889.8,1182.6,45.3,138.8,1163.0,744.0,691.2,655.1,672.1,725.1,755.0,855.9,1038.0,1198.6
AUS,7217,7217,1988,Talofa,Northshore 38,,,1980,TAS 7054,,,,ORC,CLUB,C,510,24 08 2026 03:23:16,11.724,10.255,1.772,3.33,6247.,0.0,0.24,630.6,0.8697,689.9,1.0697,560.9,1045.2,835.5,721.6,657.3,620.9,598.3,571.3,0.0,0.0,0.0,0.0,0.0,0.0,0.0,798.8,653.6,579.1,539.8,517.5,502.8,481.8,0.0,0.0,0.0,0.0,0.0,0.0,0.0,1043.5,785.5,651.3,575.9,537.0,507.7,461.3,44.4,42.3,40.7,39.9,39.1,38.8,38.7,145.1,149.8,151.6,158.1,165.3,171.8,177.2,1063.1,870.6,772.2,729.5,709.8,699.7,691.3,688.8,580.2,528.5,507.0,498.5,493.9,488.8,649.9,556.0,512.8,493.6,485.1,480.4,474.9,624.9,540.3,501.8,481.9,469.8,462.5,453.7,635.7,544.3,501.3,478.7,463.0,451.0,434.6,645.4,536.2,489.5,465.5,448.3,436.4,419.2,664.8,548.8,495.1,467.1,446.2,428.1,399.6,739.6,598.1,522.1,483.4,458.1,436.0,392.4,889.7,693.2,581.7,515.5,481.6,457.8,415.0,1027.3,800.4,670.9,585.0,532.1,497.0,451.3,0.8263,1.0776,1.2034,0.6380,0.8766,1.0104,0.0,0.0000,2026,0.9816,611.2,03020004WMV,9.318,7011,29.3,42.1,38.3,90.4,0.0,726.1,556.8,498.6,940.4,684.5,593.8,607.4,569.1,0.9878,1.0543,555.0,466.1,446.0,39.4,171.3,697.8,488.2,473.1,448.7,424.7,404.8,379.7,344.2,368.4,412.2,1509.3,1130.7,1508.5,47.1,137.4,1517.6,956.3,878.0,826.0,850.5,904.9,936.8,1072.2,1299.9,1501.0
AUS,7206,7206,1999,Young Magic,MBD 36,,,1995,,,,,ORC,CLUB,C,611,11 08 2026 03:41:21,11.000,9.703,2.313,3.54,4096.,0.0,0.18,599.0,0.9238,649.5,1.1251,533.3,977.0,783.1,677.0,619.1,587.7,567.6,537.2,0.0,0.0,0.0,0.0,0.0,0.0,0.0,755.0,619.1,551.3,515.0,493.2,477.0,450.6,0.0,0.0,0.0,0.0,0.0,0.0,0.0,974.8,738.1,615.4,547.4,510.9,481.2,432.6,42.3,40.3,38.5,36.9,36.3,36.2,36.3,141.7,148.5,152.3,158.3,165.7,170.0,163.7,999.0,816.9,721.0,677.7,661.7,653.5,646.0,659.2,557.0,510.1,489.0,480.5,475.9,472.0,627.4,538.3,498.7,477.9,467.6,462.8,457.2,608.4,526.6,490.5,468.5,452.4,442.4,433.2,621.1,522.7,486.0,468.1,449.1,431.9,407.4,609.9,511.9,472.1,447.3,430.9,418.0,395.5,626.4,522.1,477.1,447.9,421.7,398.7,367.0,698.3,564.4,499.5,464.1,434.2,404.5,341.4,827.1,649.0,549.5,495.3,463.5,435.0,376.2,955.0,749.4,633.0,560.6,513.6,481.7,428.4,0.8733,1.1314,1.2735,0.6818,0.9314,1.0691,0.0,0.0000,2026,1.0371,578.5,03020004W8W,9.707,4938,25.2,36.3,29.1,100.1,0.0,687.0,530.3,471.1,880.0,644.2,561.2,576.4,541.5,1.0409,1.1081,510.8,430.1,412.4,37.6,144.2,657.9,472.1,456.2,428.3,396.0,369.5,342.1,290.5,314.9,363.7,1408.8,1067.6,1407.4,45.3,140.4,1422.8,911.3,850.8,811.8,837.5,853.1,881.1,1004.3,1207.9,1394.8
AUS,2936,2936,202,Time Bandit,11meter one design,technology Yachts,Holland,1991,Palm Beach 2108,,,,ORC,CLUB,R,350,23 06 2026 00:49:28,10.305,8.586,1.715,2.52,1738.,0.0,0.18,601.9,0.9071,661.4,1.1186,536.4,979.3,786.8,686.9,637.0,605.6,579.1,524.9,0.0,0.0,0.0,0.0,0.0,0.0,0.0,753.3,621.4,557.3,521.6,496.3,475.0,437.5,0.0,0.0,0.0,0.0,0.0,0.0,0.0,973.4,740.6,622.9,556.7,515.7,479.1,415.9,43.7,41.2,39.2,38.5,38.2,38.1,38.4,143.6,146.9,153.0,157.3,158.2,151.4,147.0,1038.7,845.5,755.6,722.8,707.0,697.7,691.2,677.6,569.9,525.0,507.5,498.1,491.6,484.1,640.3,548.4,509.4,489.6,478.9,471.2,462.0,616.2,533.6,496.4,469.0,451.1,440.3,425.5,610.5,531.7,496.0,464.4,436.5,414.9,388.3,591.0,507.7,470.9,448.5,429.0,411.3,364.4,602.6,511.1,465.4,431.5,407.8,386.0,347.0,671.6,543.9,486.2,440.9,397.5,355.9,301.9,796.7,630.6,537.1,483.4,441.1,399.0,310.5,919.9,728.2,618.2,551.3,504.1,460.5,358.5,0.8729,1.1204,1.2869,0.6794,0.9115,1.0612,0.0,0.0000,2026,1.0287,583.3,03020004TS9,8.561,2246,15.5,27.5,13.1,74.3,0.0,687.4,535.5,466.2,883.1,658.3,565.4,590.1,531.1,1.0167,1.1297,494.1,414.9,391.0,40.4,149.8,709.9,486.2,460.5,418.7,371.9,317.8,314.4,267.1,241.0,278.3,1424.5,1078.9,1416.8,45.9,140.3,1501.0,956.9,889.0,844.2,856.3,827.2,855.3,968.0,1167.4,1347.9
AUS,2926,2926,206,Kindred Spirit,Hood Halvorsen 25,Halvorsen,Hood,1980,NSW 2101,,,,ORC,CLUB,S,345,17 06 2026 05:00:32,7.620,6.560,1.080,2.30,1298.,0.0,0.00,699.9,0.7813,767.9,0.9553,628.0,1107.7,900.3,791.7,736.3,706.8,688.0,662.7,0.0,0.0,0.0,0.0,0.0,0.0,0.0,854.1,715.0,647.4,610.6,587.2,568.2,538.1,0.0,0.0,0.0,0.0,0.0,0.0,0.0,1105.2,849.1,721.1,650.6,609.9,573.0,504.8,43.9,41.9,39.8,38.9,38.8,39.0,40.3,144.1,150.9,156.3,164.4,170.9,173.6,164.7,1133.0,946.6,857.4,825.5,815.0,812.4,825.1,740.1,640.2,602.6,585.5,578.5,575.0,574.4,701.8,621.2,589.1,570.3,560.6,555.4,551.1,682.7,611.1,577.8,554.2,537.0,526.4,514.7,694.5,605.7,565.3,539.8,524.2,507.1,480.2,693.9,599.4,554.8,518.7,486.0,457.1,417.2,713.6,610.7,564.4,525.8,488.8,450.0,376.6,793.2,652.7,591.0,551.6,514.7,477.3,392.8,937.4,740.0,635.8,583.4,547.4,513.4,442.4,1082.5,853.9,726.0,647.1,598.6,563.6,500.3,0.7648,0.9589,1.0682,0.5976,0.7884,0.8782,0.0,0.0000,2026,0.8813,680.8,03020004TBO,6.552,1772,11.8,15.1,20.1,43.3,37.9,784.5,625.7,561.7,1004.0,761.0,683.2,682.6,632.1,0.8790,0.9492,635.1,512.9,477.0,43.9,142.4,876.0,585.1,556.5,510.8,467.0,387.0,333.2,286.5,341.3,394.1,1575.2,1185.8,1574.7,46.7,139.8,1580.1,1000.8,926.3,881.2,905.2,952.2,984.4,1125.6,1359.8,1570.2
AUS,2878,2878,211,INDIGO II,MARTEN 49,AZZURRA MARINE,R/P,2004,QLD 4064,,,,ORC,INTL,C,996,24 06 2026 05:57:03,15.030,13.966,3.743,4.13,10510.,152.8,0.00,492.3,1.1077,541.7,1.3614,440.7,786.2,636.9,562.5,522.4,496.7,478.0,445.8,0.0,0.0,0.0,0.0,0.0,0.0,0.0,606.8,502.9,455.1,428.9,410.9,396.5,371.8,0.0,0.0,0.0,0.0,0.0,0.0,0.0,785.0,600.5,509.8,456.8,426.3,400.6,357.3,42.3,40.3,38.4,37.3,37.1,36.7,36.3,141.2,144.8,147.7,154.9,161.3,163.6,151.2,798.7,660.7,599.9,574.7,560.8,551.4,540.9,528.7,450.0,420.7,409.2,402.5,397.8,391.5,502.8,434.9,409.4,397.7,390.8,385.5,378.1,485.6,426.0,400.7,385.1,374.3,367.1,356.2,495.2,430.8,402.4,382.9,366.7,354.0,336.4,495.0,420.2,389.1,371.8,357.6,345.4,324.4,506.6,423.3,388.3,362.6,344.9,330.3,303.9,560.2,450.7,405.4,376.3,349.2,322.7,273.0,670.1,531.0,454.7,410.1,383.1,357.5,303.9,773.8,613.2,525.0,470.1,432.7,404.6,350.6,1.0814,1.3658,1.5352,0.8432,1.1134,1.2750,0.0,0.0000,2026,1.2534,478.7,03020004TVE,13.734,12005,43.4,86.5,59.9,242.3,241.8,554.8,439.3,390.8,711.6,538.9,470.6,476.6,444.4,1.2590,1.3501,414.1,351.4,336.2,37.1,146.3,543.2,389.2,374.7,349.8,324.1,300.3,281.0,245.0,246.8,285.0,1122.1,849.8,1121.8,45.1,139.0,1124.7,722.2,672.7,638.2,654.8,688.1,715.2,802.2,969.5,1119.5
AUS,210047,210047,222,Patrol Boat,Cavalier 28,Cavalier Yachts,Laurie Davidson,1975,NSW 2104,,,,ORC,CLUB,C,500,17 07 2026 04:54:15,8.470,7.578,1.592,2.93,2889.,0.0,0.30,726.6,0.7616,787.9,0.9303,644.9,1197.4,963.9,832.3,747.6,702.0,677.9,653.2,0.0,0.0,0.0,0.0,0.0,0.0,0.0,925.7,758.3,670.0,619.4,591.0,573.0,550.3,0.0,0.0,0.0,0.0,0.0,0.0,0.0,1193.4,906.4,752.2,659.7,612.8,579.3,526.7,43.9,42.2,41.0,39.3,38.2,37.8,38.0,148.3,151.8,152.8,161.0,167.3,175.4,176.8,1236.8,1022.3,905.5,834.5,799.0,787.4,787.8,806.6,680.4,618.4,587.2,570.6,563.6,560.2,765.1,651.3,599.6,573.5,557.6,549.0,543.7,741.4,635.6,586.4,561.0,543.7,530.7,517.2,755.8,634.1,576.9,550.6,537.8,522.6,496.8,744.6,620.8,566.3,536.4,512.8,493.9,470.4,771.1,635.4,573.2,539.7,512.8,489.0,451.4,869.3,693.0,598.3,556.6,527.8,501.5,453.8,1002.8,785.6,659.1,587.7,552.6,526.3,478.9,1157.9,905.5,759.2,660.7,604.9,568.3,518.7,0.7126,0.9364,1.0545,0.5552,0.7668,0.8893,0.0,0.0000,2026,0.8556,701.3,03020004VCB,6.991,3563,17.8,17.8,26.1,57.5,0.0,842.0,640.8,569.0,1080.7,782.5,674.7,700.1,653.1,0.8570,0.9188,642.9,538.3,512.4,39.5,175.4,809.4,562.9,543.5,511.4,483.0,455.2,431.2,412.6,436.0,476.5,1739.2,1312.2,1737.5,46.7,144.2,1756.2,1113.2,1033.2,984.3,1015.1,1041.5,1081.4,1249.0,1491.5,1722.3
AUS,2092,2092,237,ERICA,Xp44,X-YACHTS,JEPPESEN NIELS,2011,,,,,ORC,CLUB,C,850,04 09 2026 04:57:04,13.289,12.305,2.686,4.05,9444.,0.0,0.11,544.0,1.0097,594.2,1.2383,484.5,888.2,716.5,620.6,567.2,537.7,518.2,491.0,0.0,0.0,0.0,0.0,0.0,0.0,0.0,684.1,562.3,500.5,468.0,448.2,433.7,411.3,0.0,0.0,0.0,0.0,0.0,0.0,0.0,886.3,674.5,561.7,498.6,465.1,437.9,394.4,42.9,40.8,39.1,37.7,37.1,37.1,36.9,140.6,145.3,148.3,155.7,163.1,167.8,167.2,906.4,741.1,659.1,624.0,607.5,597.8,587.9,595.7,501.8,459.9,442.9,435.3,430.6,425.1,565.4,484.0,448.2,432.1,423.8,418.8,412.4,545.7,473.0,440.7,422.5,410.2,401.7,391.8,556.9,472.2,436.3,421.7,405.9,392.4,373.4,553.8,462.9,425.0,401.6,384.1,372.9,352.9,568.5,470.7,429.7,404.1,382.0,362.0,333.3,632.7,510.2,450.4,419.4,394.6,371.6,325.1,753.4,599.1,504.1,448.3,419.8,396.3,351.0,869.9,691.8,582.1,510.3,468.0,438.5,394.0,0.9627,1.2454,1.3988,0.7478,1.0169,1.1699,0.0,0.0000,2026,1.1377,527.4,0302000503J,11.880,10677,39.1,63.3,49.7,182.0,154.3,623.2,481.8,428.9,802.4,590.0,512.9,524.2,492.7,1.1446,1.2178,469.5,393.5,376.1,37.7,150.5,590.6,423.6,410.0,386.2,362.3,337.0,308.3,278.6,301.9,348.5,1279.3,965.6,1278.1,45.6,139.7,1290.7,821.7,762.4,722.6,744.0,772.2,801.2,907.3,1098.0,1267.8
AUS,2461,2461,2527,XANTHUS,X55,X Yachts Denmark,Niels Jeppesen,2008,,,,,ORC,INTL,C,1199,17 06 2026 02:33:56,16.830,14.999,2.890,4.56,18625.,116.0,0.18,530.8,1.0177,589.5,1.2697,472.5,879.9,703.2,612.9,564.6,536.8,515.0,488.4,0.0,0.0,0.0,0.0,0.0,0.0,0.0,671.9,546.6,485.8,455.6,437.8,425.0,407.6,0.0,0.0,0.0,0.0,0.0,0.0,0.0,877.6,660.0,549.9,487.8,454.6,428.9,389.8,44.2,41.9,40.7,39.9,39.6,39.6,39.2,141.1,144.4,147.8,150.7,159.2,165.7,175.4,903.6,733.2,658.2,627.4,612.3,603.8,593.6,584.5,487.7,444.9,429.2,421.8,417.3,413.3,550.1,465.4,427.9,413.3,406.9,403.1,399.6,527.1,450.9,415.6,399.2,390.9,386.4,380.7,531.8,448.1,412.2,395.6,383.1,374.3,364.3,540.1,445.4,404.5,386.7,374.0,362.7,347.1,553.5,451.7,406.0,383.5,367.5,356.4,336.8,618.4,494.6,429.9,397.1,376.4,358.6,325.5,741.6,583.0,491.5,434.7,403.0,383.4,351.4,856.3,673.2,567.6,501.7,461.2,426.3,383.3,0.9848,1.2799,1.4229,0.7580,1.0252,1.1753,0.0,0.0000,2026,1.1625,516.1,03020004TBJ,13.164,20423,56.8,92.0,70.9,194.8,232.0,609.3,468.8,421.7,791.6,585.3,510.5,513.1,477.5,1.1694,1.2566,478.1,398.4,378.9,40.2,171.8,604.4,415.1,399.9,379.2,359.1,337.2,318.7,297.9,318.1,351.8,1284.5,963.1,1282.1,47.0,138.1,1308.5,824.2,755.9,708.2,729.7,762.7,790.5,898.3,1091.6,1260.5
AUS,2125,2125,2806,Passion XI,DIDI 120,David Edmiston,Dudley Dix,2023,NSW 2125,,,,ORC,CLUB,C,831,08 07 2026 05:49:16,11.997,11.612,2.581,3.81,5773.,0.0,0.03,541.0,1.0029,598.3,1.2426,482.9,876.4,705.4,620.1,576.1,548.7,527.6,491.6,0.0,0.0,0.0,0.0,0.0,0.0,0.0,674.9,554.9,499.0,468.8,448.5,432.3,404.9,0.0,0.0,0.0,0.0,0.0,0.0,0.0,875.4,664.7,560.6,500.5,465.4,436.0,386.8,42.7,40.4,38.5,37.6,37.3,37.4,37.4,142.8,144.9,148.3,154.8,161.4,167.6,143.5,886.7,725.6,661.0,636.6,623.5,614.6,605.7,584.2,493.8,461.3,450.1,443.6,438.6,432.5,555.6,477.5,447.7,436.2,429.2,423.4,415.8,537.7,468.1,436.7,417.4,407.4,399.3,388.4,549.8,472.6,437.9,411.8,391.2,378.6,362.3,547.9,459.1,419.9,396.3,379.2,364.6,340.3,561.3,464.6,421.7,387.9,363.8,347.0,317.5,628.4,502.4,445.8,409.9,377.5,345.9,284.0,750.1,593.4,501.7,449.5,417.5,387.8,327.0,866.2,685.2,579.3,515.7,473.8,440.6,377.6,0.9757,1.2475,1.4082,0.7586,1.0089,1.1553,0.0,0.0000,2026,1.1419,525.4,03020004UW5,11.309,6946,35.9,58.6,49.5,123.7,159.2,614.9,481.0,426.1,790.9,594.7,519.3,524.3,487.8,1.1443,1.2300,455.6,383.2,364.0,38.5,144.5,615.4,433.0,416.0,382.9,351.6,318.7,291.7,252.9,256.2,295.9,1263.9,955.9,1264.0,45.2,138.8,1263.0,808.8,753.0,716.3,738.7,772.4,800.5,904.1,1095.4,1264.8
AUS,7226,7226,2900,Joint Custody,Mumm 36 Mod,,Farr,1993,TAS 7018,,,,ORC,INTL,R,639,21 07 2026 03:50:00,10.910,9.861,2.349,3.59,3855.,117.4,0.00,579.9,0.9515,630.6,1.1577,518.3,929.4,748.6,653.6,605.1,576.4,556.3,522.5,0.0,0.0,0.0,0.0,0.0,0.0,0.0,719.7,594.3,535.0,503.1,482.2,465.8,438.2,0.0,0.0,0.0,0.0,0.0,0.0,0.0,927.8,706.7,595.5,534.6,499.4,470.1,420.9,42.3,40.1,37.8,36.6,36.0,35.7,35.6,142.8,147.8,152.3,158.8,165.9,165.9,155.4,945.0,774.9,695.5,665.9,652.0,643.8,636.2,626.5,532.6,496.6,482.2,475.0,470.1,464.1,598.0,517.4,485.7,470.0,461.6,455.8,448.3,581.4,508.5,477.4,456.8,442.7,434.0,422.0,594.9,509.3,478.4,454.4,434.2,418.2,395.9,584.7,496.6,461.4,438.9,423.5,409.6,384.8,600.0,503.8,463.5,433.2,408.3,389.5,358.4,668.5,541.9,484.7,448.7,416.4,384.1,323.6,791.3,625.6,530.9,481.9,448.8,418.2,355.4,913.7,722.4,611.6,544.3,500.8,468.8,408.9,0.9133,1.1625,1.3056,0.7151,0.9584,1.0936,0.0,0.0000,2026,1.0685,561.5,03020004VFU,9.960,4738,24.1,40.7,30.1,110.2,0.0,657.0,516.1,459.6,839.0,626.0,548.6,560.1,523.7,1.0712,1.1456,484.9,413.4,396.4,36.7,146.3,642.4,462.9,445.6,415.7,382.0,353.4,333.0,283.4,283.5,327.4,1336.2,1013.2,1335.8,44.8,140.3,1339.5,860.6,805.2,770.1,794.6,814.1,842.3,957.1,1154.2,1332.8
AUS,210048,210048,2936,MARRI NUWI,ELAN E4,ELAN,Humphreys,2014,,,,,ORC,CLUB,C,690,17 07 2026 07:44:42,10.588,10.219,1.686,3.54,5347.,0.0,0.20,614.7,0.8774,683.8,1.0943,548.3,1014.5,818.6,711.5,653.9,620.4,599.7,574.4,0.0,0.0,0.0,0.0,0.0,0.0,0.0,768.8,633.7,565.7,529.7,507.9,493.0,471.3,0.0,0.0,0.0,0.0,0.0,0.0,0.0,1007.6,766.0,639.3,567.3,527.7,496.4,446.3,45.3,43.5,41.7,41.1,40.6,40.5,40.9,143.1,147.3,149.2,157.8,165.3,170.9,170.9,1084.3,887.0,785.2,741.5,723.6,715.3,713.4,695.1,582.8,529.1,506.0,496.6,491.6,487.7,644.7,548.7,510.5,489.8,480.0,475.1,469.7,593.6,517.1,486.3,472.2,461.7,452.3,441.8,581.4,506.8,474.4,454.2,439.6,430.4,417.5,605.5,508.1,467.9,441.7,420.9,408.0,383.9,619.2,516.2,472.1,443.0,417.8,395.9,364.2,689.9,559.3,495.3,462.2,434.4,408.8,356.4,818.2,649.7,552.4,496.9,467.5,441.5,394.5,944.8,750.2,637.8,566.4,517.1,484.0,435.4,0.8556,1.1011,1.2280,0.6546,0.8844,1.0078,0.0,0.0000,2026,1.0013,599.2,03020004VCV,9.165,6299,26.8,38.9,32.4,99.9,107.1,701.3,544.9,488.6,916.6,678.4,595.4,602.1,547.8,0.9965,1.0952,562.2,456.3,430.9,42.5,163.1,732.8,491.0,471.5,437.6,406.2,363.4,340.0,297.0,343.3,391.6,1458.9,1082.5,1450.1,48.1,138.8,1547.4,968.3,881.9,786.3,765.9,826.5,868.3,981.2,1186.9,1370.5
AUS,229400,2294,294,LOVE & WAR,S & S 47,QUILKEY,S & S,1973,NSW  2024,,,,ORC,INTL,R,985,28 08 2026 04:48:52,13.823,11.126,2.257,4.10,14300.,144.1,0.46,612.7,0.8996,667.0,1.1023,544.3,1007.0,813.0,703.8,635.9,597.0,572.1,544.1,0.0,0.0,0.0,0.0,0.0,0.0,0.0,777.3,639.9,565.5,523.2,499.4,483.7,463.3,0.0,0.0,0.0,0.0,0.0,0.0,0.0,1005.6,765.4,635.7,557.7,518.0,489.2,446.0,43.9,41.9,40.8,39.7,39.0,38.5,38.2,146.0,150.3,151.6,156.3,163.0,168.2,177.7,1021.2,847.4,751.0,696.0,670.3,655.7,641.9,667.5,566.6,513.8,487.6,473.9,466.7,461.2,633.1,543.4,499.0,476.6,464.0,456.3,449.0,613.4,529.9,489.2,468.1,455.0,445.4,432.6,625.9,536.3,490.6,466.8,452.1,440.7,422.4,644.7,533.9,481.1,455.6,439.0,425.4,407.8,662.0,546.1,486.7,457.7,438.8,422.8,395.3,731.3,590.5,512.2,471.6,448.8,430.9,398.2,859.8,674.4,569.3,504.8,469.9,448.9,415.9,992.9,778.5,656.6,575.8,523.7,488.4,446.3,0.8468,1.1089,1.2501,0.6593,0.9042,1.0567,0.0,0.0000,2026,1.0126,592.5,03020004WR3,10.166,15691,42.2,44.3,80.1,165.5,0.0,708.5,541.1,480.0,910.1,663.6,567.8,586.6,555.9,1.0228,1.0794,528.3,450.3,432.8,38.4,177.2,640.2,458.1,445.8,426.4,408.8,395.9,381.2,373.5,386.5,416.4,1450.7,1093.3,1452.0,46.7,139.4,1437.6,910.6,841.9,797.8,824.1,905.0,931.6,1057.4,1267.8,1463.9
AUS,505700,5057,2981,ANOTHER FIASCO,JUTSON 43,P BOLTON,JUTSON,1994,,,,,ORC,CLUB,R,860,18 08 2026 03:36:15,12.880,11.254,2.784,3.98,6533.,0.0,0.01,557.7,0.9837,609.9,1.2039,498.4,900.2,728.2,635.0,584.5,554.7,534.7,507.0,0.0,0.0,0.0,0.0,0.0,0.0,0.0,692.7,572.8,513.9,482.7,463.3,448.9,426.4,0.0,0.0,0.0,0.0,0.0,0.0,0.0,900.7,686.5,575.8,513.9,480.2,452.9,409.8,42.2,40.1,38.2,37.1,36.8,36.6,36.5,140.8,147.0,149.8,156.3,165.1,170.4,167.8,895.1,738.3,666.8,639.1,625.2,616.6,607.9,593.7,505.9,470.6,457.3,450.7,446.3,441.1,566.0,489.9,458.9,445.5,438.8,434.1,428.2,548.4,479.9,450.5,433.3,422.5,415.9,406.8,560.4,483.2,451.7,431.5,415.0,402.2,386.3,564.6,475.5,439.8,418.1,404.0,392.8,373.1,582.9,485.2,444.8,418.7,396.2,377.1,351.5,655.8,529.4,467.6,435.4,409.2,384.0,332.7,784.0,621.9,522.4,466.2,436.1,411.3,362.0,905.2,718.1,603.2,530.0,484.1,452.9,406.0,0.9482,1.2102,1.3512,0.7369,0.9903,1.1336,0.0,0.0000,2026,1.1074,541.8,03020004WHI,11.087,7708,31.6,58.4,36.1,124.9,0.0,632.8,495.8,444.0,814.2,605.9,529.3,536.5,508.2,1.1183,1.1807,487.1,409.6,393.1,37.6,157.9,616.7,441.1,426.6,402.8,377.1,351.0,330.2,289.3,310.5,357.5,1294.3,975.7,1296.9,44.9,138.9,1267.6,813.9,760.3,724.9,746.4,785.8,820.0,943.4,1143.9,1320.9
AUS,2597,2597,3227,ROLLERCOASTER,SYDNEY 32OD,SYDNEY YACHTS,MURRAY/BURNS/DOVEL,2002,VIC 3218,,,,ORC,CLUB,C,540,16 07 2026 06:20:37,9.730,9.156,2.088,3.10,3748.,0.0,0.18,634.5,0.8708,689.0,1.0611,565.5,1033.6,829.3,717.6,656.3,624.1,603.6,575.8,0.0,0.0,0.0,0.0,0.0,0.0,0.0,797.3,654.1,583.5,545.9,523.8,507.8,483.7,0.0,0.0,0.0,0.0,0.0,0.0,0.0,1029.7,780.6,651.7,580.6,542.8,512.4,464.3,43.4,41.0,39.3,37.8,37.4,37.1,37.8,145.1,149.4,152.5,159.7,167.1,172.7,170.4,1072.6,878.3,777.0,730.5,713.5,704.5,699.4,704.0,593.9,543.0,520.8,511.4,506.3,501.3,668.5,571.7,529.5,508.6,497.6,492.1,485.8,647.7,557.5,519.3,497.3,481.5,470.7,459.6,649.8,549.4,512.8,495.9,476.5,459.6,437.3,636.0,536.1,497.1,472.0,454.7,442.8,422.4,654.2,546.0,501.3,471.4,446.1,425.5,398.5,727.4,587.9,522.4,487.8,458.4,431.3,374.7,861.3,675.7,571.7,517.2,485.9,458.6,405.7,994.6,780.3,658.3,582.1,534.7,502.6,452.1,0.8268,1.0678,1.1934,0.6442,0.8783,1.0029,0.0,0.0000,2026,0.9779,613.6,03020004VA2,8.757,4495,21.9,31.8,23.9,84.4,0.0,725.7,561.9,502.8,931.4,683.1,598.3,614.0,569.8,0.9772,1.0530,553.2,464.9,445.5,38.5,148.1,709.8,501.7,486.0,454.7,425.7,407.6,375.4,319.7,343.4,396.5,1494.3,1132.6,1490.1,45.9,140.1,1536.1,980.1,913.0,870.8,899.4,888.8,918.0,1047.3,1257.8,1452.4
AUS,7213,7213,332,Mulgannon,Northshore 38,,,1982,TAS 7018,,,,ORC,CLUB,C,701,07 07 2026 07:59:33,11.610,10.281,1.751,3.33,5826.,0.0,0.26,630.5,0.8708,689.1,1.0727,559.3,1057.6,843.2,723.8,654.3,616.4,592.6,564.9,0.0,0.0,0.0,0.0,0.0,0.0,0.0,806.1,657.4,579.5,537.2,513.6,497.6,475.0,0.0,0.0,0.0,0.0,0.0,0.0,0.0,1056.3,792.3,652.7,573.1,533.1,502.9,455.1,44.5,42.5,41.0,39.7,38.7,38.3,38.2,145.1,149.8,151.8,157.8,165.5,172.5,177.2,1070.0,874.3,768.6,717.6,697.2,686.1,677.4,691.5,579.3,525.4,501.7,492.5,487.8,482.7,649.5,553.8,510.1,489.3,479.2,474.3,469.0,624.0,537.9,499.1,478.3,464.5,455.3,446.8,636.5,542.2,497.9,476.0,459.3,445.7,427.4,650.6,538.4,489.8,464.1,444.8,430.0,403.9,673.3,554.2,497.3,467.7,445.0,425.3,390.8,754.1,607.1,526.6,486.0,459.8,436.4,392.3,905.2,703.3,588.7,520.1,484.3,459.8,416.6,1045.2,812.1,679.1,591.0,535.7,499.2,452.3,0.8199,1.0803,1.2167,0.6313,0.8775,1.0201,0.0,0.0000,2026,0.9831,610.3,03020004UT7,9.470,6791,29.1,41.8,35.5,83.0,0.0,731.8,555.4,493.1,950.4,683.8,588.2,604.3,571.3,0.9929,1.0502,547.6,457.2,437.9,38.8,174.9,682.1,481.6,466.8,442.1,418.3,376.5,363.8,341.2,371.0,413.1,1536.4,1147.2,1536.8,47.6,137.2,1532.4,964.1,883.4,829.0,854.3,914.3,951.4,1097.7,1334.1,1540.4
AUS,278600,2786,3425,GWhizz,Elan 340,Elan Yachts,Rob Humphries,2006,NSW 2101,,,,ORC,CLUB,C,450,11 08 2026 04:21:55,9.987,9.460,2.046,3.47,4989.,0.0,0.20,629.7,0.8748,685.8,1.0660,562.8,1012.0,817.8,713.0,655.5,623.8,604.4,580.7,0.0,0.0,0.0,0.0,0.0,0.0,0.0,782.1,646.3,579.3,543.9,523.7,509.1,488.5,0.0,0.0,0.0,0.0,0.0,0.0,0.0,1010.2,770.6,647.3,578.9,543.3,514.7,466.7,42.5,40.5,39.1,38.0,37.5,37.4,37.7,145.3,149.6,153.2,160.1,167.3,174.5,176.8,1029.8,853.9,765.6,726.5,711.8,705.2,703.2,679.8,580.4,536.2,517.3,509.1,505.1,501.9,647.1,560.1,523.0,505.4,495.8,491.3,486.8,625.9,546.8,513.2,494.0,480.8,471.8,463.4,637.4,544.2,504.7,484.2,473.6,461.4,442.7,636.0,535.5,495.7,470.6,450.2,433.3,412.8,655.6,546.7,501.8,474.7,451.8,430.7,393.3,731.7,592.5,524.3,490.7,465.4,442.2,397.6,861.0,676.9,574.0,519.0,488.8,464.9,420.3,994.2,781.6,660.3,584.5,535.7,503.7,458.2,0.8401,1.0730,1.1881,0.6558,0.8821,0.9994,0.0,0.0000,2026,0.9823,610.8,03020004W91,8.955,5654,24.3,34.4,31.6,85.3,69.7,714.2,559.2,505.0,914.9,680.2,600.4,608.7,569.6,0.9857,1.0534,566.8,474.1,451.5,38.8,169.1,716.2,503.2,486.6,459.2,432.4,399.1,370.6,348.8,373.3,417.4,1458.7,1100.5,1459.1,46.1,140.4,1455.6,926.7,862.4,821.6,847.1,883.3,916.4,1052.4,1266.0,1461.9
AUS,2129,2129,349,Pinta Bay,Sun Odyssey 349,Jeanneau,Marc Lombard,2014,2105 Church Point Australia,,,,ORC,CLUB,C,450,26 06 2026 02:10:15,9.972,9.496,1.974,3.44,5529.,0.0,0.23,645.0,0.8519,704.3,1.0457,573.8,1060.4,851.4,736.7,669.7,634.9,613.8,589.6,0.0,0.0,0.0,0.0,0.0,0.0,0.0,815.7,668.4,592.7,552.0,529.4,514.3,494.0,0.0,0.0,0.0,0.0,0.0,0.0,0.0,1056.1,800.3,665.6,588.8,549.2,518.8,471.5,43.9,41.5,40.4,39.7,39.2,39.1,39.4,146.0,150.5,151.6,159.3,166.2,172.7,176.3,1104.1,906.9,805.3,754.7,735.1,726.1,723.7,720.1,607.6,550.3,523.9,512.6,507.5,503.5,681.2,581.5,532.7,509.2,497.5,492.2,487.0,655.6,563.3,519.9,496.9,482.2,472.1,462.0,666.3,559.7,513.3,494.5,476.9,462.4,441.6,648.5,542.8,498.3,473.5,455.8,445.0,427.4,666.5,553.2,502.6,474.5,451.6,431.8,407.2,739.8,598.0,524.3,488.3,462.5,439.0,394.4,880.5,689.6,579.4,517.6,486.0,461.7,416.8,1016.7,795.9,668.2,584.8,534.8,501.5,455.5,0.8085,1.0533,1.1754,0.6277,0.8590,0.9836,0.0,0.0000,2026,0.9613,624.2,03020004U6Q,8.663,6192,26.6,37.4,27.7,94.5,0.0,742.1,569.6,510.5,955.9,698.5,610.0,625.6,576.7,0.9591,1.0403,576.9,480.7,457.9,40.7,169.4,739.0,505.6,488.0,457.8,430.0,413.5,389.3,346.2,371.9,414.8,1530.8,1154.5,1526.0,46.7,138.2,1578.1,998.7,923.7,875.0,900.2,904.9,934.9,1065.0,1284.7,1483.4
AUS,2036,2036,35048,ORGANISED CHAOS,1D35,Carroll marine,Nelson Marek,1998,,,,,ORC,CLUB,R,680,24 06 2026 05:48:11,10.670,9.980,2.318,3.28,3221.,0.0,0.00,559.5,0.9722,617.2,1.1965,501.5,885.0,724.2,642.1,596.1,567.6,545.6,503.4,0.0,0.0,0.0,0.0,0.0,0.0,0.0,683.0,573.8,521.2,489.1,466.7,448.2,416.7,0.0,0.0,0.0,0.0,0.0,0.0,0.0,884.5,683.8,582.8,521.9,483.9,451.2,396.4,42.3,39.7,37.4,36.9,36.3,36.1,36.2,141.3,145.0,150.5,157.6,164.0,161.5,148.3,889.4,740.7,684.3,661.0,647.5,639.0,632.4,590.1,512.4,486.9,475.7,468.2,462.5,455.1,562.5,498.4,473.4,461.1,452.2,445.5,436.7,544.6,489.2,460.1,440.5,428.9,419.6,406.5,553.7,489.8,459.2,432.0,411.2,396.4,374.9,559.3,481.7,440.8,410.3,390.1,372.4,342.6,576.0,488.8,446.1,409.2,376.0,351.0,316.6,640.8,521.8,469.8,430.3,392.7,355.1,290.8,762.6,612.8,519.7,468.0,431.4,396.0,324.2,880.6,707.7,599.8,531.3,487.8,452.2,374.4,0.9548,1.1971,1.3606,0.7457,0.9756,1.1209,0.0,0.0000,2026,1.1015,544.7,03020004TVD,10.093,4148,23.2,49.3,27.6,109.3,90.1,628.4,501.2,441.0,804.6,615.0,535.3,545.3,506.0,1.1003,1.1858,468.4,393.6,372.2,37.8,147.7,646.5,456.9,435.5,400.9,361.3,316.2,289.0,245.9,251.4,290.3,1264.6,955.4,1266.0,44.9,139.7,1251.1,802.8,748.2,711.2,729.5,774.0,808.1,915.8,1106.9,1278.1
AUS,2173,2173,351,Rock n' Roll,MD35,C Partridge Yachts NZ,Mark Mills,2006,,,,,ORC,CLUB,R,450,30 06 2026 06:08:07,10.710,9.546,2.218,2.27,2557.,0.0,0.00,567.5,0.9506,631.2,1.1703,512.7,875.2,722.8,653.3,614.9,589.8,564.1,512.5,0.0,0.0,0.0,0.0,0.0,0.0,0.0,673.4,573.5,529.5,503.0,483.8,465.2,431.6,0.0,0.0,0.0,0.0,0.0,0.0,0.0,875.5,682.0,592.0,536.7,502.4,470.1,412.7,43.0,40.1,38.8,38.3,37.9,37.8,38.2,141.7,145.3,151.5,152.3,150.4,147.1,147.0,871.4,754.4,712.6,693.3,683.0,674.6,671.0,573.2,515.8,497.6,489.2,484.2,479.6,474.9,545.6,498.7,482.6,474.5,468.2,462.9,456.7,530.2,487.3,465.9,453.7,445.2,437.0,425.7,536.6,488.1,460.5,439.5,425.5,414.4,393.5,563.3,489.1,458.4,437.2,419.1,401.0,364.1,571.6,488.9,449.4,421.1,399.8,380.6,346.8,636.0,513.9,464.8,425.3,387.4,351.3,301.8,761.1,598.7,515.2,466.3,430.1,392.9,306.5,878.9,691.3,594.0,536.6,496.5,453.7,354.0,0.9623,1.1698,1.3121,0.7509,0.9518,1.0886,0.0,0.0000,2026,1.0784,556.4,03020004UDK,9.412,3201,18.4,32.2,20.5,0.0,94.6,623.5,512.9,457.3,799.0,630.4,551.2,558.0,507.6,1.0753,1.1821,487.3,414.3,392.1,40.1,149.1,694.0,479.0,460.5,421.9,380.2,334.6,316.9,270.5,242.9,280.5,1254.0,943.8,1257.6,46.0,139.3,1218.6,776.0,718.2,677.3,696.2,794.0,822.2,923.5,1116.7,1289.5
AUS,7221,7221,3733,Y,Mount Gay 30 Mod,,,1996,TAS 7015,,,,ORC,CLUB,R,604,17 07 2026 06:53:21,9.968,9.519,2.280,3.22,2715.,0.0,0.00,586.3,0.9304,644.9,1.1463,523.4,948.5,763.4,666.4,619.8,593.9,571.7,519.3,0.0,0.0,0.0,0.0,0.0,0.0,0.0,729.8,602.3,541.3,508.6,486.8,468.6,432.5,0.0,0.0,0.0,0.0,0.0,0.0,0.0,945.1,718.9,604.9,541.9,504.9,472.8,413.4,42.4,40.4,38.2,36.8,36.6,36.3,36.4,142.2,145.8,149.5,153.0,151.4,148.7,143.1,982.3,801.6,714.7,682.3,667.7,659.5,653.8,648.2,547.6,506.5,490.1,482.4,477.2,471.7,617.3,530.4,495.1,476.7,467.4,461.1,453.9,600.0,520.0,486.6,462.5,446.0,436.8,424.5,583.7,506.2,481.2,461.5,438.1,419.5,396.6,577.8,494.8,455.0,429.0,410.8,394.7,365.9,591.7,499.7,456.6,421.5,393.0,372.6,333.6,663.9,536.1,481.6,442.1,405.8,368.6,293.0,792.1,627.9,535.2,484.8,450.8,419.1,333.2,914.7,725.1,618.0,557.2,520.0,484.0,384.7,0.9008,1.1497,1.3054,0.7010,0.9364,1.0761,0.0,0.0000,2026,1.0547,568.9,03020004VCQ,9.550,3540,21.0,32.2,25.1,0.0,96.3,666.1,521.9,459.6,855.9,640.8,557.6,569.9,527.2,1.0528,1.1382,479.4,408.0,386.7,37.6,145.5,664.1,472.2,452.7,419.4,383.4,341.2,301.8,255.6,255.1,294.6,1365.3,1035.0,1361.5,44.9,139.0,1403.6,901.3,843.4,807.6,809.5,806.4,839.9,948.8,1149.2,1327.0
AUS,4092,4092,38,38,Sydney 38,Sydney Yachts,MBD,2000,QLD  4217,,,,ORC,CLUB,R,747,29 06 2026 00:35:02,11.795,10.842,2.598,3.71,5641.,0.0,0.00,562.7,0.9756,615.0,1.1921,503.3,900.6,727.8,638.0,591.2,562.1,542.1,512.3,0.0,0.0,0.0,0.0,0.0,0.0,0.0,696.1,576.7,519.2,488.8,468.4,452.8,427.8,0.0,0.0,0.0,0.0,0.0,0.0,0.0,900.5,687.0,579.8,520.6,486.1,456.8,409.6,42.1,39.9,37.9,36.7,36.7,36.4,36.3,142.3,147.8,152.1,157.8,165.3,168.7,164.2,901.9,746.0,675.6,649.0,635.1,626.1,617.7,599.1,513.0,478.8,466.3,459.5,454.8,449.1,572.0,497.8,467.5,454.2,447.2,441.7,434.8,554.9,488.7,459.2,441.0,429.4,421.9,411.2,565.6,490.1,456.7,438.2,420.0,406.5,388.9,573.3,483.9,445.8,419.0,398.9,385.7,362.8,589.3,492.8,452.0,422.6,396.9,372.8,339.2,657.0,532.1,472.6,440.0,411.3,383.7,328.2,778.8,614.5,520.9,470.6,439.9,412.7,358.0,899.3,709.6,600.3,533.3,489.1,458.1,406.8,0.9428,1.1972,1.3412,0.7369,0.9822,1.1196,0.0,0.0000,2026,1.0984,546.3,03020004U9W,10.715,6687,30.0,52.1,39.7,127.6,106.0,636.4,501.2,447.4,814.2,610.9,535.9,543.5,511.7,1.1040,1.1726,486.6,408.8,389.9,37.4,147.0,625.7,448.8,432.9,406.1,378.0,351.7,314.9,274.6,300.9,347.5,1292.1,976.5,1294.2,44.9,140.1,1271.1,815.7,761.7,726.8,748.3,796.2,828.1,942.5,1137.2,1313.1
AUS,210010,210010,3828,MAGGIE,Magpie 34,,,1975,,,,,ORC,CLUB,C,482,11 06 2026 02:06:58,10.314,7.984,1.780,3.24,4117.,0.0,0.41,694.5,0.7923,757.3,0.9701,618.5,1131.2,912.7,791.7,721.8,683.3,660.1,638.5,0.0,0.0,0.0,0.0,0.0,0.0,0.0,874.6,718.6,638.5,595.5,571.3,555.2,535.8,0.0,0.0,0.0,0.0,0.0,0.0,0.0,1128.8,859.2,716.4,634.8,592.8,561.4,512.0,43.4,41.5,40.1,39.0,38.7,38.6,39.3,144.7,151.4,154.5,160.3,166.4,178.1,178.8,1154.9,954.5,849.8,798.4,778.4,769.4,774.3,757.9,642.3,587.6,562.2,550.2,545.4,544.1,720.7,617.5,571.4,548.9,536.8,531.0,528.0,700.7,602.4,559.2,537.0,522.4,512.0,502.6,717.2,601.7,549.6,525.3,510.9,501.9,481.3,711.0,591.3,541.2,513.9,491.4,472.0,448.0,735.1,607.4,549.3,519.0,494.3,471.8,437.5,816.3,660.2,577.7,537.2,510.8,486.7,444.8,959.0,755.1,638.9,572.1,536.0,510.9,466.3,1107.4,870.9,733.6,645.2,588.1,550.8,502.8,0.7532,0.9771,1.0870,0.5871,0.7985,0.9121,0.0,0.0000,2026,0.8921,672.6,03020004SQ3,7.490,4792,23.1,21.4,35.1,63.8,63.8,796.6,614.1,552.0,1022.0,751.4,657.8,669.1,627.7,0.8968,0.9558,631.2,526.9,499.2,40.7,178.6,799.6,547.8,528.7,498.0,469.2,435.3,416.0,411.9,429.5,462.8,1633.2,1234.8,1632.8,46.1,141.5,1636.3,1041.3,969.6,928.1,960.5,990.6,1028.1,1177.2,1411.7,1630.1
AUS,3275,3275,4037,Touche42,HH42 2.8,Hakes marine,Judel Vrolijk,2013,QLD  4221,,,,ORC,INTL,R,935,14 06 2026 23:10:18,12.593,12.053,2.782,4.31,4830.,123.9,0.00,496.9,1.0831,554.0,1.3546,442.9,808.1,653.5,577.7,536.8,508.2,481.9,436.4,0.0,0.0,0.0,0.0,0.0,0.0,0.0,619.7,514.6,463.3,431.9,408.2,388.0,357.0,0.0,0.0,0.0,0.0,0.0,0.0,0.0,805.9,615.3,521.1,463.1,425.3,390.8,336.1,43.0,40.5,38.5,38.0,37.4,37.1,36.9,141.3,144.3,148.6,152.3,149.8,147.1,143.6,830.0,683.8,622.2,595.7,580.6,571.2,560.6,545.4,464.9,433.6,419.3,409.4,402.4,392.5,517.1,449.2,419.4,401.8,390.8,383.0,372.2,497.7,439.0,406.6,380.7,365.5,355.3,340.7,486.9,428.0,399.2,378.5,351.7,333.5,311.9,494.6,428.1,386.7,353.2,331.0,314.1,290.0,515.1,432.4,386.3,349.4,324.0,298.5,265.3,569.5,458.6,409.7,369.0,330.2,294.6,246.9,680.8,539.7,461.7,414.7,377.4,340.0,270.3,786.1,623.2,533.2,477.8,435.8,392.6,312.2,1.0580,1.3535,1.5732,0.8210,1.0850,1.2728,0.0,0.0000,2026,1.2420,483.1,03020004T4K,12.310,6134,32.5,66.1,41.8,0.0,184.7,567.1,443.3,381.4,730.8,553.0,471.4,485.6,444.8,1.2355,1.3490,403.5,334.5,314.0,38.1,147.1,565.5,390.3,368.0,332.2,297.5,261.6,243.6,207.7,209.1,241.4,1161.5,874.5,1159.4,45.3,139.5,1182.8,756.4,701.8,663.9,658.9,679.2,722.4,818.8,987.4,1140.2
AUS,19285,19285,43842,DAGUET 2,MYLIUS 50',MYLIUS YACHT,ALBERTO SIMEONE,2013,NSW 2090,,,,ORC,INTL,C,1110,14 07 2026 05:25:40,15.311,14.347,3.115,4.43,10982.,128.8,0.12,495.1,1.0976,546.7,1.3621,440.5,817.1,654.6,567.7,522.8,498.3,480.2,445.7,0.0,0.0,0.0,0.0,0.0,0.0,0.0,625.8,511.3,455.3,426.2,407.7,393.0,366.7,0.0,0.0,0.0,0.0,0.0,0.0,0.0,814.9,615.2,512.2,454.6,423.4,397.2,350.9,43.2,41.0,39.2,37.8,37.6,37.2,36.7,141.1,141.7,146.7,152.3,153.4,151.6,145.2,839.0,680.7,604.9,573.3,556.9,546.2,534.2,548.9,458.9,419.4,404.0,396.5,391.4,384.8,519.2,441.5,407.5,392.2,384.4,378.8,371.4,499.4,430.6,399.9,381.0,368.2,360.5,350.0,491.2,419.8,390.7,375.5,363.7,349.2,331.3,503.7,421.2,385.2,363.6,344.5,328.8,306.2,516.7,425.5,386.5,358.8,337.1,322.4,287.1,574.9,457.2,406.0,376.4,349.9,324.3,269.0,688.6,544.3,459.3,410.6,383.0,359.3,309.3,795.2,628.5,530.4,472.3,439.8,414.3,357.1,1.0553,1.3687,1.5512,0.8154,1.1058,1.2717,0.0,0.0000,2026,1.2490,480.4,03020004V76,13.959,12619,49.6,82.2,62.6,0.0,247.8,568.6,438.4,386.8,735.8,542.6,471.8,477.2,447.0,1.2572,1.3423,411.0,345.4,327.8,37.4,144.5,534.6,382.3,368.0,344.5,320.4,290.6,258.4,236.5,248.9,287.4,1182.6,890.4,1180.2,45.7,138.8,1205.7,767.3,709.7,670.1,673.5,698.0,739.6,829.6,1004.1,1159.5
AUS,2951,2951,4467,KAMA III,Beneteau First 345,Beneteau,Berret,1986,,,,,ORC,CLUB,C,490,22 06 2026 01:04:45,10.503,9.065,1.918,3.49,5488.,0.0,0.40,684.2,0.8109,739.9,0.9884,607.0,1134.3,902.6,778.3,703.7,660.2,635.9,610.5,0.0,0.0,0.0,0.0,0.0,0.0,0.0,875.0,710.9,628.6,583.4,557.3,541.0,517.7,0.0,0.0,0.0,0.0,0.0,0.0,0.0,1132.0,849.8,704.6,620.9,577.7,547.5,498.0,43.8,41.5,40.0,38.6,37.7,37.3,37.3,146.7,150.5,153.8,159.9,167.1,176.3,178.1,1156.8,944.4,835.3,774.2,743.6,730.8,724.1,755.9,634.7,576.9,549.4,534.9,526.5,521.6,717.0,608.8,560.9,537.4,523.3,514.4,507.7,695.6,592.5,549.3,527.0,511.9,500.7,485.7,711.4,595.2,542.4,517.5,502.5,494.7,472.1,709.6,586.0,536.1,510.0,490.1,471.6,442.3,737.6,602.8,543.3,514.0,492.3,472.3,432.7,821.2,657.1,570.8,530.7,505.9,484.6,439.6,962.7,745.9,627.5,561.3,527.3,504.5,463.4,1111.7,860.9,721.4,633.2,576.8,540.9,497.0,0.7567,0.9957,1.1187,0.5891,0.8171,0.9487,0.0,0.0000,2026,0.9094,659.8,03020004TN5,8.252,6183,25.3,26.0,29.6,63.0,0.0,792.9,602.6,536.3,1018.5,734.3,632.4,654.9,618.7,0.9162,0.9698,596.7,503.3,481.0,38.2,176.3,734.7,521.6,505.7,479.4,454.2,428.0,409.1,403.0,421.6,458.8,1667.9,1260.9,1667.5,46.4,143.5,1672.7,1064.0,990.3,946.8,980.0,1006.5,1052.8,1205.3,1440.3,1663.1
AUS,2024,2024,4960,MRX,Farr MRX,McDell Marine,Bruce Farr,1990,2093 Manly Vale Australia,,,,ORC,CLUB,C,680,21 07 2026 04:33:43,10.325,9.154,1.761,3.21,3965.,0.0,0.19,646.8,0.8539,702.6,1.0451,574.1,1076.5,860.0,738.8,665.8,629.0,606.3,577.5,0.0,0.0,0.0,0.0,0.0,0.0,0.0,824.7,672.8,595.1,551.9,528.0,511.0,486.0,0.0,0.0,0.0,0.0,0.0,0.0,0.0,1073.2,808.0,668.0,587.4,547.6,516.3,465.4,43.9,41.9,40.4,38.3,37.5,37.2,37.5,145.6,150.1,151.4,158.2,167.1,174.5,176.3,1109.8,906.1,795.4,736.5,714.0,702.3,693.1,722.5,604.7,549.3,524.0,512.1,506.2,499.1,683.2,579.5,534.4,512.2,499.4,492.5,483.9,660.0,564.9,523.6,501.3,485.1,473.0,459.8,664.7,555.6,512.8,493.7,479.8,463.6,439.8,654.8,546.5,503.0,476.3,455.7,440.1,419.0,675.2,559.8,509.5,479.2,454.1,431.8,395.4,751.3,608.1,533.4,497.2,469.2,443.5,391.2,903.5,705.1,591.3,527.2,495.1,469.1,421.2,1043.2,814.0,682.2,595.2,543.9,510.4,461.9,0.8013,1.0519,1.1861,0.6197,0.8607,0.9980,0.0,0.0000,2026,0.9604,624.8,03020004VFW,8.688,4869,23.4,34.8,23.6,76.7,0.0,748.8,570.4,505.9,968.2,697.1,601.2,622.5,582.1,0.9639,1.0307,557.7,465.9,446.1,38.4,164.9,697.9,497.4,480.7,452.5,424.8,401.0,370.6,328.8,367.7,417.5,1554.8,1171.0,1551.2,46.5,137.4,1591.0,1007.6,932.8,885.1,911.7,915.5,948.0,1084.1,1315.2,1518.7
AUS,220300,2203,4966,KING BILLY,KING 38 CUSTOM,SAILORS BAY B'SHED,KING,1992,NSW 2106,,,,ORC,INTL,C,670,15 06 2026 01:26:19,11.500,9.750,2.061,3.83,7463.,118.7,0.24,632.9,0.8740,686.5,1.0644,563.7,1029.9,830.5,720.5,654.5,617.5,594.7,570.7,0.0,0.0,0.0,0.0,0.0,0.0,0.0,796.0,655.8,583.3,542.9,520.1,504.7,485.0,0.0,0.0,0.0,0.0,0.0,0.0,0.0,1029.0,782.8,653.2,577.6,539.2,510.6,466.2,43.4,41.5,40.1,38.7,37.8,37.5,37.6,146.2,150.5,153.2,158.3,165.5,171.8,177.7,1038.3,860.3,764.8,714.2,692.9,682.0,677.4,681.5,580.3,531.3,508.8,497.4,492.1,488.5,648.2,558.7,518.6,498.4,487.0,480.7,476.1,629.1,546.2,509.7,489.7,476.5,466.8,455.6,642.2,551.5,510.1,487.8,472.5,459.9,440.0,660.7,549.3,501.3,476.5,458.5,443.3,424.1,681.6,563.2,507.3,478.9,458.3,439.9,408.0,754.8,610.1,532.4,493.6,469.6,449.0,410.3,884.6,693.8,587.5,524.9,491.4,469.2,430.6,1021.5,800.8,676.1,594.8,542.2,507.5,463.9,0.8265,1.0713,1.1972,0.6450,0.8799,1.0145,0.0,0.0000,2026,0.9801,612.2,03020004T4V,9.246,8416,30.2,36.9,49.7,105.3,0.0,726.0,560.1,501.2,930.2,681.9,591.4,606.0,575.5,0.9901,1.0426,555.2,471.8,452.4,38.2,176.8,681.6,487.7,473.7,450.2,426.6,411.2,392.2,379.9,395.8,428.9,1484.6,1119.3,1487.1,46.4,139.6,1460.0,927.5,861.3,820.9,846.9,922.8,954.8,1088.9,1307.0,1509.2
AUS,4373,4373,50095,Troubador,Swan 46,,German Freys,1983,,,,,ORC,INTL,C,845,05 06 2026 00:41:45,14.350,11.900,1.789,4.40,15264.,130.0,0.60,620.0,0.8795,682.2,1.0945,548.2,1053.3,839.1,721.9,649.2,606.0,578.5,549.5,0.0,0.0,0.0,0.0,0.0,0.0,0.0,802.6,652.0,571.5,525.2,498.8,481.9,460.9,0.0,0.0,0.0,0.0,0.0,0.0,0.0,1049.5,786.6,647.0,562.5,518.2,486.7,440.6,46.3,44.5,43.4,42.4,41.9,41.4,40.9,145.7,149.4,152.1,155.4,161.7,167.1,178.1,1091.5,891.1,784.0,721.4,690.4,673.0,659.8,694.1,578.2,517.5,486.3,470.3,461.8,455.1,645.1,546.5,496.0,470.9,456.9,448.5,441.6,613.9,525.9,481.5,458.9,445.2,435.7,423.0,623.5,529.5,481.0,456.1,440.9,429.7,412.1,653.8,535.4,476.4,447.8,430.5,416.7,393.4,673.2,548.6,483.1,450.7,431.4,416.0,387.3,746.3,595.2,512.8,467.3,442.4,425.0,393.1,879.2,681.7,572.3,504.3,465.3,442.5,410.7,1015.2,787.1,659.7,577.1,521.6,483.9,439.1,0.8250,1.1017,1.2546,0.6341,0.8844,1.0444,0.0,0.0000,2026,1.0007,599.6,03020004S7P,10.235,16561,44.8,49.4,77.4,143.6,0.0,727.3,544.6,478.2,946.2,678.4,574.5,595.3,557.3,1.0080,1.0766,534.8,447.4,425.4,41.4,177.7,659.4,452.2,437.5,416.5,398.0,380.4,365.9,365.2,380.2,410.3,1545.8,1153.6,1542.9,48.9,142.6,1574.7,980.0,887.4,820.7,843.5,933.0,963.4,1095.5,1313.6,1516.9
AUS,2871,2871,5069,Pick Pocket,Pocket Rocket 22,Unknown (Built NZ),Gary Mull,1984,2104 Bayview Australia,,,,ORC,CLUB,S,390,11 06 2026 00:32:42,6.756,6.557,1.493,2.96,1082.,0.0,0.10,704.7,0.7802,769.0,0.9548,628.4,1132.2,919.7,805.1,734.9,696.5,674.7,643.4,0.0,0.0,0.0,0.0,0.0,0.0,0.0,877.2,730.7,656.7,609.7,578.5,555.5,519.2,0.0,0.0,0.0,0.0,0.0,0.0,0.0,1126.7,866.4,732.0,649.3,599.9,560.2,486.0,43.0,41.1,39.0,37.9,37.1,37.1,38.6,147.1,151.4,156.6,166.4,174.7,173.6,155.9,1187.6,987.7,883.8,822.0,794.7,789.0,798.4,783.2,669.1,619.0,590.8,571.5,564.2,560.5,746.9,647.1,604.0,576.5,553.7,542.8,535.9,726.2,635.0,592.8,561.9,535.3,514.8,497.3,708.4,609.8,562.9,529.5,512.3,498.8,460.4,701.8,605.4,556.2,514.3,474.6,439.8,397.1,724.0,617.4,565.9,522.5,479.0,433.6,355.1,795.8,655.4,593.5,550.0,510.3,465.7,371.4,932.5,738.5,637.3,584.9,544.7,508.2,425.1,1076.8,851.6,726.4,647.8,598.3,560.4,488.5,0.7463,0.9560,1.0957,0.5848,0.7852,0.8977,0.0,0.0000,2026,0.8807,681.3,03020004SPU,6.579,1590,12.4,17.0,15.4,43.5,39.5,804.0,627.6,547.6,1026.0,764.1,668.4,686.2,632.0,0.8744,0.9493,581.1,476.0,443.9,39.9,142.2,810.1,559.9,532.7,487.8,436.7,360.8,306.8,262.4,304.9,352.0,1616.1,1227.6,1610.3,45.8,140.7,1673.4,1070.3,1000.3,957.4,970.2,962.2,996.5,1128.2,1350.0,1558.8
AUS,2848,2848,51408,HARLEQUIN,Farr 40,Carroll,Farr,1996,NSW 2063,,,,ORC,CLUB,R,780,30 06 2026 06:41:10,12.415,11.280,2.602,3.96,5149.,0.0,0.00,530.9,1.0288,583.2,1.2584,476.8,835.1,680.9,605.9,563.9,537.4,516.6,477.9,0.0,0.0,0.0,0.0,0.0,0.0,0.0,644.5,540.4,493.2,465.5,446.1,429.8,400.9,0.0,0.0,0.0,0.0,0.0,0.0,0.0,834.8,643.0,550.4,495.5,462.5,434.0,385.6,42.3,39.7,37.6,37.0,36.5,36.1,36.1,142.6,143.1,150.7,157.3,163.3,161.3,149.2,838.6,700.6,648.9,625.8,612.3,603.1,595.8,555.8,483.2,460.1,449.6,442.7,437.5,430.9,529.3,468.9,447.3,436.4,428.7,422.7,415.0,512.0,459.6,434.7,418.4,408.3,400.3,389.1,520.4,461.7,433.1,410.3,393.2,380.5,362.2,532.2,458.2,427.2,409.1,393.8,380.0,339.4,544.8,461.1,424.9,397.5,378.0,360.9,330.6,604.5,491.4,442.6,407.6,375.2,342.9,294.7,720.2,572.7,487.7,442.0,409.0,377.3,311.8,831.6,661.3,562.8,502.0,462.4,430.1,360.1,1.0128,1.2602,1.4182,0.7915,1.0327,1.1828,0.0,0.0000,2026,1.1606,517.0,03020004UDR,11.333,6247,30.1,63.8,40.4,156.0,0.0,592.4,476.1,423.1,758.1,581.0,507.3,515.6,478.5,1.1636,1.2538,446.7,380.7,364.1,37.4,148.4,606.5,431.9,413.6,384.1,350.1,311.3,305.9,263.9,248.4,286.8,1195.5,902.8,1196.9,45.2,139.3,1181.7,757.7,704.9,668.6,685.0,737.7,766.5,865.0,1047.3,1209.3
AUS,7151,7151,5200,Gusto,T/PAC 52,COOKSON,FARR,2004,CYCA,,,,ORC,INTL,R,1275,13 07 2026 01:55:49,15.850,15.191,3.189,4.40,7691.,140.5,0.00,450.3,1.1968,501.3,1.4955,401.2,736.4,591.6,524.2,486.5,458.5,432.7,391.6,0.0,0.0,0.0,0.0,0.0,0.0,0.0,563.9,464.7,419.2,391.3,370.1,351.5,322.4,0.0,0.0,0.0,0.0,0.0,0.0,0.0,735.7,557.0,472.3,419.5,385.2,354.9,306.4,43.6,41.0,38.9,38.2,37.5,37.1,36.7,140.8,141.3,146.4,151.4,147.8,145.3,145.7,744.4,613.8,563.8,539.2,524.6,514.2,503.2,485.2,414.0,390.7,378.5,369.8,362.8,353.2,457.2,398.0,376.1,363.0,353.3,345.7,335.3,437.8,386.8,359.5,341.9,330.4,321.2,307.6,445.0,390.2,358.4,332.5,314.2,301.5,281.7,464.4,391.0,358.2,336.1,317.4,298.3,258.2,475.6,393.4,351.8,323.7,302.8,284.6,254.8,526.9,416.4,369.0,330.4,295.3,266.1,231.5,630.9,493.1,419.7,376.0,339.8,304.1,242.4,728.5,569.4,484.7,433.8,392.4,351.1,279.9,1.1667,1.4946,1.7379,0.9036,1.1980,1.4161,0.0,0.0000,2026,1.3708,437.7,03020004V4J,15.265,9570,43.5,94.6,62.4,0.0,265.5,514.3,401.4,345.2,664.0,500.8,423.7,437.4,401.4,1.3719,1.4946,365.9,304.8,287.0,37.5,148.7,507.1,351.6,331.6,299.8,269.2,235.9,230.5,206.0,194.6,224.7,1068.6,805.1,1068.5,45.8,139.5,1069.1,681.1,628.3,588.5,601.0,662.0,684.7,768.4,924.9,1068.0
AUS,422100,4221,525100,BLACK JACK 100,Super maxi 100',McConaghy Boats,Reichel / Pugh,2019,Triq Valletta MOSTA - MST 9012 MALTA,,,,ORC,INTL,R,1620,24 07 2026 06:07:48,30.480,30.426,5.470,5.26,28526.,134.0,0.00,332.2,1.5789,380.0,2.0107,298.4,540.8,451.2,402.3,371.0,344.5,323.9,296.1,0.0,0.0,0.0,0.0,0.0,0.0,0.0,400.4,344.0,313.1,293.0,275.7,262.0,242.5,0.0,0.0,0.0,0.0,0.0,0.0,0.0,539.0,420.8,357.7,316.3,287.2,263.5,227.7,45.4,43.0,42.0,41.4,40.8,40.1,39.8,133.8,137.2,145.2,145.7,147.3,147.8,151.3,559.1,485.6,448.6,428.0,409.3,396.3,386.5,357.6,317.4,296.3,286.2,276.8,270.0,263.9,330.4,297.2,280.0,272.3,263.4,256.2,248.5,307.4,280.8,266.7,257.4,247.1,238.8,227.2,292.3,269.6,255.1,244.1,232.8,223.6,209.5,289.2,264.3,247.2,233.9,222.7,211.0,192.5,301.1,268.7,248.0,231.8,219.2,208.5,186.1,369.5,296.4,264.5,239.4,221.7,207.6,180.0,452.6,361.0,308.4,271.8,242.3,217.8,179.1,522.6,416.9,356.1,313.9,279.7,251.5,205.7,1.6121,2.0025,2.3244,1.2096,1.5727,1.8832,0.0,0.0000,2026,1.8224,329.2,03020004VL5,27.384,37132,119.4,356.0,86.3,0.0,841.0,372.2,299.6,258.1,496.0,381.5,318.6,332.3,295.9,1.8055,2.0274,279.9,231.2,216.3,40.1,154.4,385.5,262.0,245.5,223.4,202.1,179.1,171.0,161.1,157.5,174.3,757.6,543.6,756.8,50.1,127.9,766.0,474.3,421.7,379.2,357.5,369.5,404.9,529.8,648.9,749.3
AUS,4306,4306,52542,BLACK DIAMOND,Stallion 42,,Reichel Pugh,2010,QLD  4223,,,,ORC,INTL,R,908,25 06 2026 07:56:01,12.870,12.528,2.874,3.95,5373.,134.6,0.00,497.5,1.0789,556.1,1.3439,446.4,788.0,643.8,576.9,540.6,516.1,492.1,447.9,0.0,0.0,0.0,0.0,0.0,0.0,0.0,604.7,508.3,463.7,436.3,416.8,399.1,369.4,0.0,0.0,0.0,0.0,0.0,0.0,0.0,788.6,607.2,521.0,467.5,434.3,402.8,349.7,43.0,40.2,38.3,37.7,37.5,37.1,36.9,141.3,144.0,148.9,152.8,150.6,147.1,144.9,782.2,660.6,618.2,599.3,588.6,579.6,570.7,513.9,451.5,432.6,423.4,417.5,412.9,405.6,487.1,436.5,418.0,408.1,401.4,395.7,387.1,470.8,426.4,400.7,385.9,377.0,370.2,357.6,476.6,428.5,397.9,373.4,357.1,347.1,329.5,502.6,432.7,395.5,365.6,343.0,326.4,300.8,519.7,435.2,392.8,360.1,338.4,313.3,277.0,574.3,461.5,414.1,375.5,339.1,305.4,258.6,687.5,543.0,463.8,419.0,384.2,350.4,281.5,793.8,626.9,535.6,481.8,443.5,404.6,325.0,1.0782,1.3436,1.5292,0.8381,1.0808,1.2461,0.0,0.0000,2026,1.2340,486.2,03020004U3I,12.472,6657,33.2,62.1,42.8,0.0,173.8,556.5,446.6,392.4,715.9,555.1,481.5,485.8,448.3,1.2351,1.3384,416.9,349.5,328.4,38.1,147.3,579.2,405.6,384.7,351.3,316.3,280.4,254.3,224.7,220.4,254.5,1126.3,845.6,1129.3,45.8,139.2,1096.2,697.9,644.9,605.6,619.2,694.3,740.1,828.9,1001.4,1156.3
AUS,2252,2252,52650,Burning Palms,J-65,TPI,Johnstone,2005,QLD 4128,,,,ORC,INTL,C,1567,16 06 2026 05:19:19,19.660,18.042,3.244,4.86,24330.,132.5,0.25,492.9,1.1053,542.9,1.3800,434.8,848.6,668.8,571.8,515.8,483.6,461.5,432.0,0.0,0.0,0.0,0.0,0.0,0.0,0.0,646.3,518.1,451.5,416.2,396.1,382.0,361.9,0.0,0.0,0.0,0.0,0.0,0.0,0.0,846.4,627.4,512.4,445.7,411.2,385.6,347.5,44.4,42.4,40.8,39.5,38.6,38.0,37.3,141.8,142.7,144.8,149.8,154.7,160.6,175.8,870.4,694.5,603.9,558.4,536.9,523.7,508.4,561.1,459.2,408.2,386.4,376.8,371.2,364.4,525.9,437.0,393.5,375.0,366.1,361.0,354.3,501.2,421.9,383.9,365.9,355.6,348.5,339.6,511.6,427.9,385.7,364.8,351.7,341.6,326.6,516.7,418.9,373.4,352.6,339.1,329.8,314.2,531.1,426.7,376.7,353.1,336.2,321.7,300.7,597.2,468.9,402.7,368.3,347.8,330.0,296.0,716.0,556.9,467.3,409.7,375.4,354.6,320.5,826.8,643.1,539.6,473.1,430.2,399.3,355.5,1.0306,1.3908,1.5874,0.7908,1.1129,1.3159,0.0,0.0000,2026,1.2602,476.1,03020004T92,16.172,26849,72.0,110.6,82.9,0.0,271.5,582.2,431.4,378.0,758.7,539.1,456.0,470.3,445.8,1.2757,1.3460,412.9,346.6,333.2,37.2,174.9,502.0,360.9,350.6,333.4,316.6,301.1,283.7,261.1,286.9,323.9,1256.4,940.7,1254.1,47.3,139.5,1279.7,804.4,736.7,688.6,708.7,742.3,772.0,879.3,1067.8,1233.0
AUS,7219,7219,5441,HOOLIGAN,Mumm 36 MOD,,,1993,,,,,ORC,CLUB,R,600,04 09 2026 05:03:31,10.910,9.863,2.350,3.59,3848.,0.0,0.00,576.3,0.9564,627.3,1.1628,516.0,916.4,741.5,649.9,602.7,574.9,555.3,521.5,0.0,0.0,0.0,0.0,0.0,0.0,0.0,709.7,589.6,532.4,501.4,481.1,465.2,437.8,0.0,0.0,0.0,0.0,0.0,0.0,0.0,915.4,700.5,592.4,532.7,498.2,469.5,420.8,42.3,40.0,37.5,36.4,36.0,35.7,35.7,143.0,148.0,152.0,158.6,165.9,165.8,154.6,925.8,763.2,689.8,663.1,650.4,643.0,636.0,614.4,526.5,494.0,481.0,474.3,469.9,464.2,586.7,512.3,483.3,468.6,461.0,455.6,448.5,570.4,504.0,474.9,455.2,442.0,434.1,422.3,583.4,508.4,475.5,452.1,432.6,417.3,396.6,582.0,495.8,461.1,438.9,423.6,409.8,385.1,596.4,502.3,462.7,432.6,407.9,389.5,358.7,664.2,539.0,483.1,447.3,415.1,382.7,323.1,785.4,623.3,529.4,480.2,447.2,416.6,353.7,907.0,719.8,610.1,542.4,499.4,467.5,407.1,0.9236,1.1673,1.3075,0.7238,0.9630,1.0958,0.0,0.0000,2026,1.0736,558.8,0302000503K,10.003,4692,24.0,39.9,34.1,110.3,0.0,649.6,514.0,458.9,829.0,623.1,547.5,557.0,521.4,1.0772,1.1506,483.3,413.0,396.1,36.6,146.4,641.3,462.9,445.5,415.5,382.4,355.1,333.7,283.9,281.7,325.3,1313.5,995.2,1314.3,44.9,140.4,1305.4,838.6,783.7,748.7,771.5,809.9,837.5,949.4,1144.6,1321.7
AUS,2714,2714,545,PRETTY WOMAN,FARR45,CARROLL,FARR,1996,,,,,ORC,INTL,R,900,25 06 2026 02:34:32,13.801,12.497,2.909,4.19,7492.,137.1,0.00,514.1,1.0599,566.1,1.3057,459.5,829.6,669.9,587.5,544.4,518.4,499.3,463.7,0.0,0.0,0.0,0.0,0.0,0.0,0.0,636.4,527.6,475.9,447.1,427.0,410.8,383.2,0.0,0.0,0.0,0.0,0.0,0.0,0.0,828.2,631.0,532.6,476.9,443.2,413.9,364.1,42.6,40.5,38.5,37.7,37.2,37.1,36.8,142.6,143.4,150.0,155.9,162.1,162.3,150.7,843.4,693.8,626.7,601.0,587.8,579.8,569.9,556.4,473.1,441.4,428.4,421.3,416.2,408.9,528.9,458.1,430.1,415.9,407.6,401.5,393.0,510.7,448.9,421.4,402.2,388.7,379.9,367.5,500.1,437.9,414.1,399.1,379.8,364.2,342.4,507.9,438.0,405.3,379.2,360.3,344.7,319.2,531.9,447.1,409.7,379.5,352.6,329.1,294.5,593.0,479.4,428.4,395.9,366.0,336.2,282.8,706.4,559.4,474.8,428.3,397.6,368.8,309.7,815.7,646.0,548.3,487.7,449.0,418.8,357.5,1.0309,1.3089,1.4833,0.8003,1.0663,1.2226,0.0,0.0000,2026,1.2007,499.7,03020004U36,12.422,8786,38.1,74.4,47.4,201.6,155.2,582.0,458.4,404.5,749.7,562.7,490.8,498.7,464.7,1.2032,1.2911,431.8,361.2,341.4,37.7,148.0,573.8,406.4,389.1,360.2,328.0,300.6,268.4,237.8,251.0,289.8,1194.2,897.2,1193.7,45.3,139.3,1198.7,767.1,713.4,676.8,678.1,695.5,739.0,851.4,1030.3,1189.7
AUS,2087,2087,5572,King Tide,BH36,Bashford Boats,Ian Murray,1995,,,,,ORC,CLUB,C,679,07 07 2026 07:50:06,10.970,10.221,2.444,3.41,5004.,0.0,0.17,600.5,0.9217,650.9,1.1218,534.8,979.4,784.8,679.0,620.8,588.5,567.8,539.2,0.0,0.0,0.0,0.0,0.0,0.0,0.0,755.7,619.8,552.3,516.4,494.8,479.5,455.5,0.0,0.0,0.0,0.0,0.0,0.0,0.0,978.6,740.0,617.0,548.8,512.8,484.2,438.2,42.3,40.1,38.5,36.7,36.1,35.8,36.0,144.1,148.3,152.0,158.2,165.5,171.3,173.2,987.0,810.1,718.7,677.0,660.4,651.3,641.6,652.3,552.9,508.4,489.0,480.4,475.5,469.3,621.0,534.2,497.0,478.2,468.2,463.0,455.7,602.1,522.4,488.6,468.3,453.8,443.9,433.1,616.1,524.8,485.9,467.1,449.2,433.8,412.9,615.3,514.5,474.6,449.9,431.4,419.7,399.7,634.3,525.5,480.0,451.9,427.8,407.0,377.4,710.3,570.8,502.7,468.7,442.0,416.9,364.2,841.6,657.8,554.6,498.6,467.7,442.7,394.5,971.8,759.6,639.3,564.7,516.6,484.2,436.8,0.8724,1.1287,1.2649,0.6802,0.9291,1.0671,0.0,0.0000,2026,1.0337,580.4,03020004UT3,9.976,5938,27.1,38.2,31.2,95.6,0.0,687.8,531.6,474.3,882.1,645.8,562.3,576.3,545.4,1.0410,1.1001,517.6,436.6,419.7,36.9,158.2,645.7,469.4,454.2,427.8,400.8,384.5,354.4,309.5,339.3,389.6,1421.8,1074.7,1422.9,45.3,140.9,1411.0,903.4,843.5,805.7,833.0,866.0,897.4,1030.5,1240.7,1432.6
AUS,240300,2403,5612,ABRACADABRA,TRIP 47,CARROLL MARINE,BILL TRIPP,1991,,,,,ORC,INTL,C,940,11 08 2026 04:05:14,14.335,12.150,2.729,4.19,8677.,126.4,0.00,531.6,1.0287,583.3,1.2595,476.4,846.9,687.3,604.7,562.0,534.6,514.5,486.4,0.0,0.0,0.0,0.0,0.0,0.0,0.0,653.0,543.0,490.9,463.1,444.7,430.4,406.9,0.0,0.0,0.0,0.0,0.0,0.0,0.0,844.4,647.8,548.8,493.1,461.1,434.5,391.1,42.9,40.6,38.6,37.3,37.0,36.7,36.4,141.7,145.1,149.8,155.6,163.0,174.5,174.5,871.6,718.8,648.1,618.3,602.9,593.6,583.6,573.4,489.0,455.5,441.4,434.3,429.6,423.8,544.3,472.6,443.9,430.2,422.9,417.8,411.2,524.4,462.0,435.1,419.2,408.3,400.9,390.9,532.9,463.4,435.2,416.4,401.4,389.1,370.7,527.7,450.9,419.2,398.9,385.3,373.2,351.6,540.0,455.0,420.3,395.9,374.6,357.4,330.4,596.2,486.3,438.0,410.2,384.9,359.3,308.3,712.0,567.9,486.0,441.4,415.5,392.1,342.6,822.2,655.8,561.2,505.7,466.3,435.3,389.3,1.0034,1.2647,1.4112,0.7822,1.0348,1.1788,0.0,0.0000,2026,1.1603,517.1,03020004W90,11.909,10020,38.8,72.1,53.3,0.0,186.1,598.0,474.4,425.2,767.1,579.8,509.0,515.3,480.9,1.1643,1.2478,458.3,387.1,371.1,37.1,143.9,585.8,421.6,408.0,384.6,358.7,337.7,308.2,266.0,286.5,330.8,1212.5,915.6,1210.1,45.8,138.8,1236.4,787.5,729.6,689.0,705.5,728.5,756.8,850.2,1029.3,1188.5
AUS,7086,7086,5700,Flyin Scud,SENOGLES 40,David Senogles,David Senogles,2005,7116,,,,ORC,CLUB,C,765,11 08 2026 03:24:51,12.172,11.116,2.590,3.74,4848.,0.0,0.00,535.9,1.0151,591.1,1.2492,480.3,852.9,691.6,611.4,570.5,545.0,525.4,485.9,0.0,0.0,0.0,0.0,0.0,0.0,0.0,656.6,547.1,496.2,467.9,448.5,432.5,403.7,0.0,0.0,0.0,0.0,0.0,0.0,0.0,852.3,652.7,554.9,498.7,465.2,436.4,386.3,42.6,40.2,37.5,36.8,36.3,36.1,36.1,142.6,144.7,148.9,154.7,162.2,161.8,144.3,859.2,709.9,649.2,626.9,615.3,608.1,601.9,567.2,488.1,461.9,451.4,445.2,440.8,435.2,539.1,474.1,449.8,438.0,430.8,425.7,419.0,520.8,465.4,438.6,420.5,410.2,403.0,392.4,529.9,467.8,438.3,414.5,396.1,382.4,365.0,536.9,459.4,423.9,401.4,384.3,369.0,341.9,549.7,463.0,423.6,392.9,368.1,349.6,317.2,614.5,494.1,445.3,410.1,376.9,343.1,283.7,733.2,583.1,496.7,449.3,417.9,387.5,320.4,846.6,673.4,573.6,514.1,474.7,442.6,370.0,0.9969,1.2523,1.4094,0.7769,1.0206,1.1640,0.0,0.0000,2026,1.1502,521.6,03020004W8U,11.231,5931,30.1,52.5,45.3,0.0,147.7,601.9,479.1,425.7,772.3,587.9,515.5,520.0,484.5,1.1539,1.2385,450.0,381.5,362.8,37.2,145.4,610.0,437.1,418.3,386.4,352.2,316.4,290.7,251.3,251.1,290.0,1224.8,924.5,1225.7,45.2,138.7,1215.9,778.0,723.2,685.3,702.2,752.7,782.6,881.6,1068.4,1233.7
AUS,4003,4003,5812,Cool Change,Noelex 30,Marten Marine,Farr,1986,4213 Gold Coast Australia,,,,ORC,CLUB,C,320,13 07 2026 03:28:25,9.410,8.462,1.957,2.94,2942.,0.0,0.25,670.0,0.8211,730.8,1.0068,595.9,1101.0,886.0,768.4,695.0,657.1,633.5,603.8,0.0,0.0,0.0,0.0,0.0,0.0,0.0,845.9,695.2,618.4,573.9,549.4,531.8,504.5,0.0,0.0,0.0,0.0,0.0,0.0,0.0,1097.6,832.9,694.3,611.3,569.9,537.3,480.4,42.7,40.4,39.0,37.7,37.1,36.8,37.0,143.3,147.8,152.5,159.7,168.2,176.3,176.8,1134.5,932.5,823.8,769.1,748.7,737.5,729.7,750.6,633.9,575.3,548.0,536.8,530.7,524.3,714.5,609.8,560.1,535.0,522.5,516.0,508.3,692.3,593.8,548.6,523.7,506.3,494.6,482.2,668.7,567.3,524.9,501.8,489.4,479.7,459.7,668.6,563.1,519.1,489.4,464.1,443.2,416.0,692.1,577.3,527.5,495.8,468.5,441.7,388.1,774.1,630.0,556.1,518.4,489.3,461.9,401.1,924.4,727.1,617.7,550.9,516.3,488.7,435.7,1067.5,839.6,712.9,620.8,565.4,529.6,477.9,0.7787,1.0123,1.1408,0.6039,0.8266,0.9550,0.0,0.0000,2026,0.9257,648.2,03020004V4O,8.001,3419,18.8,27.8,15.5,53.9,48.8,770.5,592.7,525.9,993.5,725.9,628.3,647.1,603.8,0.9271,0.9936,581.9,482.4,458.2,37.8,160.6,737.2,523.4,506.1,476.3,447.1,395.3,354.4,329.9,373.3,426.5,1594.8,1202.4,1591.8,45.2,136.7,1625.2,1043.4,975.8,934.5,922.8,928.6,968.1,1115.5,1354.8,1564.4
AUS,2937,2937,5826,Salt shaker,Sydney 36c 2.48,Sydney Yachts,Murray,1995,2027,,,,ORC,INTL,C,661,20 07 2026 05:21:47,10.970,10.104,2.323,3.41,4716.,120.5,0.00,592.6,0.9301,645.1,1.1351,528.6,964.7,774.7,670.8,615.4,585.4,566.0,538.2,0.0,0.0,0.0,0.0,0.0,0.0,0.0,741.3,610.3,545.4,511.2,490.4,475.2,449.4,0.0,0.0,0.0,0.0,0.0,0.0,0.0,966.5,730.9,609.5,543.3,508.8,480.9,430.6,42.9,40.5,38.3,36.9,36.7,36.4,36.3,139.5,148.5,149.4,156.7,164.8,169.6,167.2,946.2,779.8,700.1,670.1,656.5,649.3,642.3,623.9,533.5,497.5,483.2,476.7,473.0,468.2,594.7,518.3,487.3,472.1,465.0,460.7,454.1,577.5,509.7,480.4,461.8,449.1,442.2,431.4,591.1,514.1,480.0,457.0,440.3,428.4,410.8,618.7,515.0,474.0,449.1,425.3,404.4,374.2,635.4,523.9,478.1,449.3,424.7,403.5,354.7,714.5,568.2,499.1,465.0,437.1,410.5,353.3,851.5,666.5,555.6,494.6,463.9,438.1,386.0,983.2,769.6,641.5,560.7,514.3,482.7,434.1,0.8878,1.1414,1.2784,0.6899,0.9380,1.0706,0.0,0.0000,2026,1.0442,574.6,03020004VE5,10.017,5648,26.5,35.0,45.4,107.0,71.6,675.8,525.7,469.3,869.7,639.7,560.4,567.4,540.6,1.0574,1.1100,513.4,428.1,408.6,37.1,149.2,647.6,469.0,452.7,425.1,397.4,347.2,321.6,300.2,328.3,379.1,1390.9,1049.1,1396.0,45.6,140.4,1340.4,855.7,796.7,760.6,786.4,881.8,910.1,1039.1,1248.4,1441.5
AUS,203400,2034,5850,Haupia,J35 modified,Tilostsn Pearson,Johnstone/Jutson,1983,2076  NSW Australia,,,,ORC,CLUB,C,700,24 06 2026 00:37:17,10.820,9.312,2.119,3.65,4788.,0.0,0.00,612.9,0.9047,663.2,1.0935,548.7,978.2,790.6,689.2,634.9,603.4,583.8,557.1,0.0,0.0,0.0,0.0,0.0,0.0,0.0,756.0,627.7,564.6,531.5,511.5,497.1,475.0,0.0,0.0,0.0,0.0,0.0,0.0,0.0,980.2,747.1,628.5,563.8,529.6,502.7,457.9,42.3,40.3,37.8,36.4,35.8,35.6,35.3,145.3,149.6,152.5,159.3,166.4,173.2,176.3,959.1,798.2,717.2,685.4,671.0,664.0,656.1,635.3,549.2,515.6,501.3,495.0,491.5,486.4,606.6,534.8,506.2,492.0,484.8,480.7,474.1,590.6,526.7,499.3,482.8,471.3,463.7,453.3,604.1,530.6,499.4,480.0,464.5,451.7,433.0,641.4,536.8,495.9,472.1,453.5,438.2,417.8,659.9,548.5,501.0,473.7,450.6,430.3,397.7,731.9,592.0,523.5,489.3,463.7,439.7,393.8,863.8,678.1,574.2,517.8,487.5,463.7,419.1,997.4,783.0,661.3,584.4,535.8,503.6,458.2,0.8673,1.0998,1.2185,0.6784,0.9117,1.0368,0.0,0.0000,2026,1.0095,594.3,03020004TV8,9.403,5753,25.3,32.6,47.4,92.7,0.0,691.8,545.6,492.4,884.4,658.1,578.7,586.0,561.9,1.0239,1.0678,538.1,458.2,441.6,35.9,168.7,658.7,485.0,471.6,446.1,421.2,406.3,378.0,345.9,373.8,417.6,1396.1,1053.7,1402.4,45.3,140.2,1333.5,853.5,795.9,760.8,783.8,895.7,924.4,1053.0,1263.2,1458.7
AUS,2499,2499,5861,JACOBINA,IMS SLOOP 9.5(MOD),KEN JAGO,SCOTT JUTSON,1991,VIC 3187,,,,ORC,CLUB,C,595,30 06 2026 06:22:56,9.490,8.312,2.008,3.58,3261.,0.0,0.00,627.9,0.8805,681.5,1.0655,563.1,994.5,806.8,706.6,652.6,623.6,604.5,575.6,0.0,0.0,0.0,0.0,0.0,0.0,0.0,768.1,641.2,580.0,547.0,526.3,510.3,484.3,0.0,0.0,0.0,0.0,0.0,0.0,0.0,993.6,761.8,644.7,580.6,545.2,514.8,465.1,42.0,39.9,37.6,36.7,36.3,36.2,36.3,145.1,150.3,153.2,161.8,169.8,174.8,168.5,1003.5,834.7,752.3,721.4,708.6,701.2,696.6,667.0,576.2,539.8,524.6,517.8,513.1,507.6,637.4,560.4,529.1,513.0,505.1,499.4,492.2,620.4,550.9,520.5,500.8,487.0,478.3,465.9,630.0,545.9,515.5,497.7,478.6,462.5,439.7,622.6,537.3,502.0,476.9,457.5,443.5,419.1,639.8,547.0,506.6,476.5,449.6,425.6,393.3,711.3,585.2,527.5,493.8,463.0,433.2,369.9,853.5,674.7,574.4,522.7,491.9,463.1,406.3,985.6,778.9,660.8,583.8,538.6,507.7,454.6,0.8515,1.0701,1.1892,0.6662,0.8873,1.0026,0.0,0.0000,2026,0.9845,609.5,03020004UDN,8.441,4016,21.0,38.7,24.1,88.3,0.0,704.6,560.7,504.5,900.6,676.2,598.4,607.8,569.0,0.9871,1.0544,547.4,461.5,442.0,37.8,145.4,707.7,507.1,489.8,459.4,425.7,399.5,365.5,309.6,335.2,387.1,1401.0,1060.7,1401.0,45.4,139.3,1401.5,898.7,840.4,803.0,823.9,852.5,882.8,1006.1,1212.9,1400.6
AUS,2186,2186,6006,Gusto,Sydney 38,Sydney Yachts,Murray Burns Dovel,2000,,,,,ORC,CLUB,C,736,22 06 2026 03:57:54,11.795,10.806,2.587,3.71,5472.,0.0,0.00,560.4,0.9808,611.8,1.1956,501.8,892.2,722.4,634.1,588.4,560.0,540.4,510.1,0.0,0.0,0.0,0.0,0.0,0.0,0.0,690.2,573.3,517.3,487.6,467.9,452.8,428.0,0.0,0.0,0.0,0.0,0.0,0.0,0.0,891.7,682.1,576.9,518.5,484.6,456.9,411.5,42.2,39.9,37.8,36.7,36.6,36.3,36.3,142.9,147.6,152.2,158.1,165.4,168.0,162.2,897.0,742.6,673.3,647.3,633.7,625.2,617.1,595.9,511.1,477.8,465.5,458.7,454.1,448.4,569.0,496.1,466.5,453.3,446.1,440.7,433.8,551.9,487.0,458.1,439.7,427.9,420.4,409.8,562.4,490.8,458.8,436.7,418.2,404.4,386.6,568.6,481.9,446.5,424.8,410.6,398.2,376.6,582.8,488.9,449.4,420.7,397.3,380.7,353.5,648.7,526.7,469.5,436.9,407.6,379.2,323.6,768.5,608.0,516.4,467.7,437.0,409.3,353.2,887.4,702.1,595.0,529.5,486.4,455.6,403.0,0.9498,1.2007,1.3414,0.7432,0.9873,1.1237,0.0,0.0000,2026,1.1029,544.0,03020004TNO,10.724,6500,29.8,51.8,38.5,130.3,0.0,631.7,499.7,447.3,807.3,607.7,534.0,541.5,508.3,1.1081,1.1803,482.8,408.4,391.8,37.5,146.1,626.3,448.5,432.1,404.7,375.8,348.3,330.6,286.3,293.9,339.4,1278.9,967.2,1280.5,44.9,140.2,1263.6,811.0,757.2,722.1,742.9,788.5,817.6,928.5,1120.8,1294.2
AUS,2808,2808,6024,WINDY TOO,FARR 40 One Design,McConaughy,FARR,1996,NSW 2075,,,,ORC,INTL,R,763,22 06 2026 01:10:21,12.415,11.237,2.596,3.96,5019.,127.7,0.00,527.9,1.0305,582.2,1.2662,473.9,831.9,678.3,604.3,563.3,537.3,516.4,476.6,0.0,0.0,0.0,0.0,0.0,0.0,0.0,641.6,538.2,490.9,462.7,442.7,426.0,396.8,0.0,0.0,0.0,0.0,0.0,0.0,0.0,831.3,640.4,548.5,493.3,458.8,429.2,378.6,42.4,39.7,37.7,37.2,36.7,36.5,36.6,142.6,143.4,150.9,157.3,162.3,159.5,148.6,838.3,700.2,649.0,626.8,614.0,605.4,598.8,555.2,482.5,459.3,448.9,442.2,436.9,430.4,528.7,468.2,446.3,435.3,427.6,421.6,413.8,511.2,458.9,433.4,416.7,406.5,398.4,386.9,519.1,460.9,431.9,408.5,390.8,377.7,358.8,525.1,452.9,417.7,394.2,376.9,361.2,335.4,540.1,457.7,419.0,387.5,360.7,341.6,309.5,599.8,488.8,440.6,405.1,371.8,338.9,278.3,714.9,568.4,485.0,440.0,406.3,373.8,306.9,825.6,656.3,559.6,499.9,460.6,427.5,354.4,1.0171,1.2675,1.4312,0.7946,1.0344,1.1841,0.0,0.0000,2026,1.1672,514.0,03020004TN6,11.295,6097,29.8,63.7,39.6,159.3,134.8,589.9,473.4,419.2,755.1,580.0,506.7,514.8,476.3,1.1654,1.2598,445.5,376.6,357.9,37.9,148.6,610.6,431.8,412.7,381.9,346.3,306.3,288.4,244.4,242.9,280.5,1190.0,898.0,1190.9,45.1,139.3,1180.5,756.7,703.6,667.0,683.0,726.3,757.8,857.1,1038.8,1199.5
AUS,243000,2430,6070,SYDNEY,SYDNEY 60,BASHFORD,IAIN MURRAY & ASS,1996,,,,,ORC,CLUB,C,1600,11 08 2026 03:09:17,18.150,16.405,3.542,4.59,16568.,0.0,0.04,483.7,1.1255,533.1,1.3985,429.0,815.2,648.4,560.4,510.0,477.9,455.4,425.8,0.0,0.0,0.0,0.0,0.0,0.0,0.0,619.0,502.3,445.0,414.1,394.0,379.5,357.6,0.0,0.0,0.0,0.0,0.0,0.0,0.0,818.9,609.9,503.9,442.4,409.0,383.1,343.9,43.2,41.0,38.9,37.4,36.7,36.1,35.2,140.5,142.2,146.4,151.8,157.4,164.4,168.2,778.6,633.2,566.9,537.8,520.7,508.9,493.7,510.0,426.9,395.4,382.9,375.5,370.2,362.7,482.3,411.0,384.4,372.6,365.6,360.1,352.0,463.6,401.4,376.2,362.3,352.7,345.9,335.2,472.9,405.7,377.1,359.9,346.4,335.7,320.0,514.7,419.9,378.8,357.4,341.8,331.7,314.1,536.0,431.6,384.6,360.6,341.0,323.7,298.7,611.8,482.7,413.3,378.4,355.9,335.5,295.4,737.7,574.8,479.7,418.4,382.9,360.3,320.7,851.9,663.7,553.9,482.2,435.1,401.9,358.0,1.0703,1.4060,1.6003,0.8199,1.1314,1.3335,0.0,0.0000,2026,1.2781,469.4,03020004W8T,15.913,18909,61.1,121.0,73.9,199.2,0.0,560.6,426.7,374.9,731.8,530.3,449.9,456.7,446.8,1.3137,1.3428,405.0,339.0,327.0,35.4,159.7,489.4,358.4,347.0,328.2,308.3,290.4,278.4,251.3,279.4,320.6,1193.7,888.7,1201.2,45.6,137.4,1118.6,713.2,659.5,621.3,637.2,733.4,773.1,901.5,1098.8,1268.8
AUS,282000,2820,6138,Conspiracy,Sydney 38 OD,Sydney Yachts,Murray Burns Dovel,2000,Australia,,,,ORC,CLUB,C,743,29 06 2026 02:32:14,11.795,10.859,2.596,3.71,5654.,0.0,0.00,561.9,0.9792,612.7,1.1932,502.9,896.8,725.7,635.6,588.7,560.1,540.5,510.7,0.0,0.0,0.0,0.0,0.0,0.0,0.0,693.7,575.7,518.4,488.1,468.4,453.5,429.1,0.0,0.0,0.0,0.0,0.0,0.0,0.0,896.2,685.1,578.2,519.0,485.2,457.6,412.8,42.2,39.9,37.9,36.7,36.6,36.3,36.2,142.7,147.8,152.1,157.8,165.3,168.2,163.7,903.2,747.1,674.3,646.7,632.9,624.3,616.0,599.8,513.6,478.5,465.3,458.5,453.8,448.2,572.6,498.3,467.4,453.3,446.2,440.8,433.9,555.4,488.9,459.4,440.7,428.4,420.9,410.2,566.0,492.8,460.3,438.4,420.0,405.9,388.0,570.3,482.9,447.2,425.2,411.2,399.0,378.0,584.5,490.2,450.5,422.0,398.8,382.0,355.4,650.8,528.4,470.6,438.2,409.4,382.0,327.3,771.2,609.9,517.9,468.6,438.2,411.1,356.6,890.5,704.3,596.8,530.7,487.3,456.7,405.5,0.9453,1.1986,1.3391,0.7396,0.9859,1.1231,0.0,0.0000,2026,1.1005,545.2,03020004UAC,10.762,6692,30.1,51.6,38.1,129.9,0.0,634.7,500.6,448.1,811.2,608.6,534.2,542.5,509.9,1.1060,1.1768,485.1,410.1,393.7,37.4,146.9,624.0,447.9,432.1,405.2,377.2,351.8,332.8,289.0,299.8,346.2,1286.3,972.8,1287.5,45.1,140.2,1273.6,817.1,763.0,727.7,749.0,791.0,820.0,932.0,1124.9,1299.0
AUS,2833,2833,6279,Summersalt,Custom super 30,G Goetzee,Will Hardcastle,2002,NSW,,,,ORC,CLUB,C,540,30 06 2026 05:54:53,9.424,8.600,2.275,3.07,2711.,0.0,0.00,610.4,0.9031,664.4,1.0939,548.5,954.6,776.2,685.7,640.4,612.8,592.7,558.4,0.0,0.0,0.0,0.0,0.0,0.0,0.0,741.4,621.0,564.9,534.5,514.0,497.5,469.0,0.0,0.0,0.0,0.0,0.0,0.0,0.0,952.9,733.9,626.6,567.8,532.2,502.1,450.5,41.6,39.3,37.2,36.5,36.2,36.0,36.3,143.1,148.9,154.4,161.9,167.8,167.8,152.3,971.7,809.3,737.6,712.8,700.6,693.5,689.7,649.6,562.9,529.4,516.6,509.9,505.3,500.3,621.8,548.1,517.7,503.1,495.5,490.0,483.5,604.9,538.6,508.2,487.6,474.5,466.6,455.8,613.7,536.0,507.7,483.3,463.0,447.6,427.2,602.9,523.2,488.4,466.2,450.7,436.7,411.7,618.4,530.1,490.2,458.9,433.3,414.5,381.8,687.4,564.9,511.0,474.3,440.2,405.3,338.4,811.8,643.6,552.9,507.2,473.3,440.8,370.7,937.4,743.1,633.9,568.1,524.9,492.0,427.2,0.8808,1.0975,1.2221,0.6933,0.9092,1.0259,0.0,0.0000,2026,1.0121,592.9,03020004UDI,8.689,3441,19.6,33.9,22.6,85.3,0.0,681.2,546.7,491.0,865.4,659.9,584.9,594.1,550.3,1.0100,1.0903,518.0,443.9,424.6,38.0,147.1,706.2,502.4,483.1,451.5,415.2,378.9,354.7,295.7,285.6,329.7,1362.0,1034.3,1361.7,44.4,140.4,1364.6,880.3,826.3,792.5,816.1,828.0,857.7,976.3,1177.2,1359.4
AUS,2803,2803,6316,Gezzabelle,Adams 10,Blueline Yachts,Joe adams,1974,2147 Seven Hills Australia,,,,ORC,INTL,R,540,22 06 2026 23:53:43,9.990,9.316,1.776,2.74,2912.,0.0,0.14,618.7,0.8853,677.7,1.0922,549.3,1027.7,821.8,707.2,645.3,612.7,589.9,552.4,0.0,0.0,0.0,0.0,0.0,0.0,0.0,787.3,643.5,570.2,530.1,505.6,486.5,456.1,0.0,0.0,0.0,0.0,0.0,0.0,0.0,1024.2,772.2,639.6,565.6,525.4,490.8,433.9,43.5,41.5,39.5,38.0,37.4,37.1,37.4,140.0,148.7,150.5,156.6,164.2,162.9,155.4,1062.9,865.3,761.2,717.4,700.3,691.2,683.6,694.8,582.3,530.3,509.0,500.3,495.2,488.8,659.1,559.9,516.8,495.6,485.1,479.0,470.3,639.7,544.0,506.7,481.9,463.9,453.2,439.4,612.2,524.6,488.3,468.3,454.8,436.2,412.2,630.9,527.1,481.9,447.2,421.5,403.2,373.4,648.2,535.4,486.8,450.3,416.8,388.4,347.1,723.6,579.9,509.4,467.8,429.7,395.3,332.2,859.6,674.1,565.8,504.9,467.0,431.7,366.0,992.6,778.4,653.1,573.1,525.1,488.5,421.3,0.8387,1.0973,1.2504,0.6488,0.8923,1.0318,0.0,0.0000,2026,1.0024,598.6,03020004TS3,8.991,3675,20.5,28.2,28.6,88.7,67.2,715.4,546.8,479.8,924.8,672.4,581.5,599.4,554.1,1.0010,1.0829,513.0,429.3,406.4,38.2,146.6,689.3,488.0,467.5,431.2,397.2,354.2,313.3,271.2,291.6,336.7,1476.8,1113.3,1473.1,46.0,141.2,1513.9,964.9,899.1,859.3,835.8,868.6,914.6,1039.3,1246.8,1439.7
AUS,4167,4167,6333,Georgia Express,Mumm 36 mod,Cookson,B Farr,1993,,,,,ORC,INTL,R,628,14 06 2026 23:20:03,10.910,9.827,2.557,3.59,3748.,115.3,0.00,579.9,0.9422,636.8,1.1562,519.0,927.5,752.2,661.7,612.8,582.3,561.5,528.9,0.0,0.0,0.0,0.0,0.0,0.0,0.0,714.8,593.6,536.4,504.9,483.1,466.0,437.8,0.0,0.0,0.0,0.0,0.0,0.0,0.0,928.2,709.8,600.4,538.0,501.2,469.5,418.0,42.0,39.7,37.4,36.6,36.2,35.9,35.8,140.3,145.6,149.4,157.8,166.4,168.9,162.7,920.3,761.3,693.4,669.0,656.0,647.3,639.1,612.3,526.1,495.5,483.9,477.0,471.9,465.4,584.9,511.8,483.9,470.9,463.3,457.4,449.6,568.2,502.9,474.0,455.2,443.2,435.1,423.1,580.9,501.1,469.8,450.2,431.0,416.5,396.4,582.8,495.0,456.0,427.1,404.7,388.6,360.6,601.6,504.4,462.6,429.7,399.6,371.6,335.3,677.3,547.5,489.2,454.5,422.3,389.5,323.9,809.5,643.5,545.6,491.5,458.3,428.2,367.1,934.7,743.0,630.0,556.6,508.7,475.7,418.6,0.9172,1.1598,1.3052,0.7144,0.9477,1.0821,0.0,0.0000,2026,1.0641,563.8,03020004T4L,9.896,4614,24.1,43.4,29.7,88.4,88.6,654.2,517.3,459.7,839.9,633.1,554.5,560.2,528.9,1.0710,1.1345,494.6,412.8,393.7,36.9,141.7,647.0,464.6,446.8,417.0,382.8,338.3,307.4,259.8,296.4,342.2,1330.0,1004.9,1332.9,44.6,139.8,1300.6,836.8,783.3,749.1,772.5,813.3,849.0,974.7,1177.3,1359.5
AUS,2854,2854,6381,Young at Heart,Young 88,Lands,Young,1981,2103 Sydney Australia,,,,ORC,INTL,C,600,28 06 2026 21:55:26,8.950,8.159,1.685,3.26,2592.,0.0,0.00,655.8,0.8415,713.0,1.0271,584.1,1073.1,861.9,744.5,678.2,644.4,623.1,593.3,0.0,0.0,0.0,0.0,0.0,0.0,0.0,823.6,678.4,604.9,563.9,540.1,522.7,493.6,0.0,0.0,0.0,0.0,0.0,0.0,0.0,1072.9,811.9,676.1,599.5,560.0,528.3,471.1,43.2,41.2,38.9,37.1,36.7,36.4,36.7,145.8,150.7,152.8,160.9,169.6,175.8,175.7,1074.9,886.9,786.1,742.0,726.6,718.6,713.6,707.4,600.8,556.8,536.8,528.0,523.0,516.5,673.1,581.2,545.0,524.9,513.6,507.5,498.7,654.2,570.9,535.7,512.6,495.1,484.5,471.7,656.4,562.3,523.5,497.2,478.8,467.8,446.4,668.1,563.9,520.2,489.2,463.4,438.1,397.2,692.1,578.3,528.9,494.3,465.1,438.0,382.6,773.8,628.9,554.2,516.3,484.4,455.3,391.5,927.7,725.2,610.3,547.7,513.4,483.8,428.8,1071.2,836.9,702.9,614.4,562.2,527.6,473.1,0.7989,1.0324,1.1625,0.6202,0.8485,0.9721,0.0,0.0000,2026,0.9452,634.8,03020004U9Q,8.130,3366,19.0,31.6,23.0,59.4,44.7,751.0,581.2,516.1,967.4,707.1,617.2,629.9,595.8,0.9525,1.0070,570.7,468.6,442.7,37.8,158.2,722.0,515.4,495.3,463.7,431.1,368.9,328.6,316.3,363.8,419.3,1537.5,1157.1,1539.7,45.9,137.0,1515.9,967.0,901.4,860.9,886.2,926.3,964.7,1110.8,1350.2,1559.1
AUS,285900,2859,6409,Tempus,FIRST 33.7,Beneteau,Jean Berret /Olivi,1996,,,,,ORC,CLUB,C,425,10 07 2026 04:59:59,9.798,9.142,2.091,3.33,4503.,0.0,0.31,655.5,0.8421,712.5,1.0280,583.6,1071.9,859.1,744.2,679.3,642.7,620.4,595.0,0.0,0.0,0.0,0.0,0.0,0.0,0.0,826.2,678.0,602.7,562.3,539.2,523.5,502.3,0.0,0.0,0.0,0.0,0.0,0.0,0.0,1073.1,810.1,674.9,598.5,559.3,529.4,480.8,42.4,40.4,39.0,37.8,37.3,37.2,37.4,146.4,150.5,154.3,159.9,166.4,174.9,178.1,1059.8,875.7,781.6,738.7,723.0,715.7,712.7,700.0,595.8,547.5,526.6,518.0,513.8,510.0,667.0,575.0,534.2,514.7,504.7,500.1,495.0,646.6,561.7,524.3,503.6,489.7,480.5,471.4,659.5,566.3,524.3,501.2,484.0,469.7,450.5,685.9,569.1,518.6,491.3,469.9,452.3,431.3,712.7,586.1,526.5,495.7,472.3,451.5,414.5,796.8,641.3,557.6,515.0,487.9,464.3,419.6,938.8,729.9,615.3,548.3,511.7,486.7,442.9,1084.1,842.5,706.9,620.0,562.5,525.1,477.4,0.7978,1.0352,1.1550,0.6214,0.8489,0.9733,0.0,0.0000,2026,0.9461,634.2,03020004V29,8.657,5128,23.4,30.9,31.1,59.4,0.0,752.1,579.6,519.5,965.6,706.8,616.5,626.8,598.1,0.9573,1.0032,581.2,488.0,465.7,38.5,176.8,724.6,511.0,494.9,466.6,439.7,417.5,391.9,372.4,398.4,437.7,1559.3,1172.6,1565.1,45.9,142.4,1501.8,957.8,892.9,852.5,880.5,963.7,1007.4,1160.7,1400.3,1616.9
AUS,2905,2905,6499,Supernova,Sydney 36,Sydney Yachts,Murray Burns Dovell,1999,"NSW, 2088",,,,ORC,INTL,C,702,31 08 2026 01:47:09,10.970,10.344,2.357,3.41,5421.,132.5,0.19,595.8,0.9276,646.8,1.1334,529.4,984.3,789.3,680.4,615.5,579.1,557.3,528.0,0.0,0.0,0.0,0.0,0.0,0.0,0.0,754.9,619.2,550.5,510.8,486.4,469.4,443.5,0.0,0.0,0.0,0.0,0.0,0.0,0.0,980.7,742.0,616.5,543.3,504.1,474.1,425.3,43.3,40.8,39.1,37.1,35.9,35.5,35.2,142.2,148.5,151.2,157.7,165.6,170.4,170.4,1020.0,831.8,731.3,674.8,647.5,634.7,623.0,669.9,563.0,513.0,488.3,474.6,466.5,458.6,636.3,542.0,500.7,478.8,464.4,454.6,444.7,616.8,523.6,486.0,466.5,453.9,440.3,423.5,593.4,509.0,474.2,451.9,434.6,422.5,407.2,599.4,504.5,466.4,439.9,418.3,400.3,372.9,615.7,513.4,472.2,444.4,419.8,396.6,353.0,688.8,557.4,495.3,462.8,436.1,411.2,358.5,821.5,646.8,545.7,491.6,462.1,437.1,388.9,948.5,746.9,629.6,556.1,510.7,479.9,432.9,0.8733,1.1386,1.2933,0.6766,0.9338,1.0874,0.0,0.0000,2026,1.0423,575.7,03020004WTT,10.069,6388,27.9,40.1,30.7,113.8,102.4,687.0,527.0,463.9,886.8,642.5,551.8,573.2,538.2,1.0467,1.1149,502.9,419.5,402.9,35.6,150.1,621.7,455.5,440.1,415.4,391.2,341.1,323.3,296.3,332.7,384.0,1426.1,1074.1,1422.1,45.8,138.5,1465.4,935.3,871.1,830.9,809.4,838.3,867.8,989.9,1200.9,1386.7
AUS,2860,2860,6559,WOTS NEXT,SYDNEY 47,Sydney Yachts,Murray/Burns/Dovel,1998,,,,,ORC,INTL,C,943,19 06 2026 02:19:55,14.270,12.868,2.954,4.08,9510.,130.2,0.01,523.0,1.0471,573.0,1.2839,467.3,845.7,681.7,596.0,550.0,522.0,502.6,473.7,0.0,0.0,0.0,0.0,0.0,0.0,0.0,649.7,536.3,481.9,453.3,434.9,420.3,396.6,0.0,0.0,0.0,0.0,0.0,0.0,0.0,845.2,642.1,539.9,482.9,451.1,424.5,380.7,42.7,40.5,38.5,37.3,36.9,36.5,36.1,143.1,146.4,150.3,155.8,162.6,166.8,163.6,851.5,699.6,631.1,603.2,588.0,578.2,567.0,561.8,476.4,443.5,430.9,424.0,419.4,413.3,534.4,461.0,432.3,419.8,413.0,408.0,401.2,516.7,451.9,424.4,408.6,398.3,391.6,381.6,511.4,443.1,416.3,402.0,391.0,379.3,363.3,526.6,448.5,413.3,390.8,374.5,359.2,335.3,550.9,456.5,417.4,392.1,370.2,350.7,318.1,612.0,493.7,436.6,406.7,382.0,358.4,310.4,727.5,574.8,485.7,436.0,407.5,383.2,334.6,840.0,663.7,560.8,496.9,456.0,426.9,380.4,1.0118,1.2899,1.4456,0.7856,1.0539,1.2082,0.0,0.0000,2026,1.1809,508.1,03020004THU,12.562,10879,41.1,72.7,56.0,195.1,157.7,593.0,465.2,415.1,763.7,569.3,496.6,503.9,475.0,1.1907,1.2632,448.1,377.3,360.2,36.9,149.9,569.8,411.4,398.3,376.3,352.4,319.0,289.2,263.6,282.7,326.4,1219.0,916.5,1220.0,45.5,139.1,1208.5,772.5,717.8,681.0,691.2,721.5,773.4,880.2,1064.7,1229.4
AUS,271700,2717,6669,BANTER,FIRST 45,BENETEAU,BRIAND PHILLIPPE,2007,NSW 2153,,,,ORC,CLUB,C,700,19 06 2026 03:32:07,13.665,12.382,2.774,4.20,11658.,0.0,0.24,569.5,0.9690,619.2,1.1895,504.4,950.9,758.5,651.6,588.7,552.9,530.8,504.6,0.0,0.0,0.0,0.0,0.0,0.0,0.0,732.9,595.3,523.3,484.0,461.8,447.1,426.5,0.0,0.0,0.0,0.0,0.0,0.0,0.0,947.1,713.0,588.2,515.9,479.2,452.4,409.9,43.4,40.9,39.7,38.4,37.5,37.1,37.3,141.9,148.0,151.1,155.6,162.1,167.5,172.7,988.1,801.5,701.3,647.4,622.7,610.6,600.0,648.1,540.3,484.3,456.7,443.9,438.0,432.2,615.0,518.6,470.2,446.0,433.5,426.7,420.6,594.5,504.8,460.8,438.1,423.9,414.0,402.9,594.9,493.1,448.0,428.4,419.1,410.0,390.9,585.3,483.6,439.0,415.8,398.5,385.5,369.4,599.4,493.1,444.3,419.2,400.2,383.0,353.2,668.1,536.6,467.3,432.7,410.2,390.4,353.0,791.2,619.6,521.6,464.0,432.5,411.2,373.0,913.6,715.5,601.9,529.9,483.1,450.9,409.3,0.9035,1.1981,1.3543,0.7020,0.9758,1.1396,0.0,0.0000,2026,1.0923,549.3,03020004TI0,11.511,12727,42.6,53.5,51.7,177.0,142.7,664.1,500.8,443.0,854.7,614.9,526.5,547.0,512.5,1.0969,1.1707,487.0,411.8,395.1,37.7,167.8,599.6,430.4,418.1,397.8,379.3,359.0,335.5,315.7,334.9,374.3,1385.7,1049.4,1381.6,46.4,140.8,1427.2,908.1,844.7,804.8,833.5,823.2,848.5,967.2,1164.1,1344.2
AUS,3045,3045,6731,TRUE COLOURS,FIRST 36.7,BENETEAU,FARR,2001,,,,,ORC,CLUB,C,626,14 06 2026 23:49:36,10.640,9.615,2.230,3.46,5667.,0.0,0.02,618.0,0.8951,670.3,1.0868,552.1,994.4,802.9,698.3,640.4,607.8,587.5,563.2,0.0,0.0,0.0,0.0,0.0,0.0,0.0,768.7,636.0,569.0,533.4,512.6,498.1,477.9,0.0,0.0,0.0,0.0,0.0,0.0,0.0,994.6,757.8,635.1,566.9,531.3,503.5,458.9,42.4,40.4,38.7,37.4,37.1,37.0,37.1,145.1,149.8,153.4,159.7,166.6,174.5,177.2,992.3,823.6,736.2,697.2,682.5,675.1,670.9,657.1,562.5,520.1,501.3,493.5,489.4,485.6,627.0,545.0,509.2,491.2,482.0,477.8,472.6,608.8,534.4,501.7,482.6,469.5,460.7,451.6,620.7,538.4,500.4,481.2,465.0,451.2,432.1,636.3,534.3,492.6,468.5,449.4,435.4,417.7,657.6,547.4,498.9,471.9,449.4,429.3,398.8,733.6,593.6,523.1,487.9,463.3,440.4,397.6,863.0,677.5,574.4,517.1,485.9,462.9,420.2,996.5,782.3,660.5,583.7,533.1,499.8,455.5,0.8543,1.0937,1.2143,0.6677,0.9021,1.0283,0.0,0.0000,2026,1.0021,598.8,03020004T4O,9.395,6536,26.8,39.1,40.1,89.5,0.0,702.3,548.6,494.1,898.6,665.1,583.5,592.6,563.8,1.0125,1.0642,548.3,464.5,445.0,38.2,175.4,679.6,485.8,471.2,446.2,421.5,410.3,381.4,354.7,379.2,417.0,1428.9,1077.6,1432.6,45.4,140.3,1392.2,889.7,830.5,793.2,816.7,884.1,917.9,1055.2,1269.3,1465.6
AUS,273600,2736,6755,CALIBAN II /GWM Pennant Hills,BENETEAU 47.7 WING,BENETEAU,FARR,2001,NSW 2120,,,,ORC,INTL,R,1105,30 06 2026 06:16:32,14.505,12.874,1.866,4.52,12588.,116.4,0.00,579.0,0.9425,636.6,1.1736,511.3,994.9,788.4,672.0,602.4,565.1,541.2,515.5,0.0,0.0,0.0,0.0,0.0,0.0,0.0,754.8,609.7,531.9,488.9,465.2,449.8,429.6,0.0,0.0,0.0,0.0,0.0,0.0,0.0,991.8,738.7,602.5,522.8,483.2,454.6,410.5,46.1,44.2,42.8,41.3,40.5,40.1,39.8,139.1,148.3,148.9,154.6,160.6,166.4,176.3,1025.2,828.7,723.0,665.1,640.7,627.9,620.0,653.0,539.0,482.1,454.4,441.6,435.7,430.7,607.1,510.8,464.3,441.4,429.4,423.5,417.6,576.7,492.5,452.3,431.5,418.3,409.2,399.3,587.6,493.8,446.4,423.4,409.3,400.0,383.8,605.7,496.2,443.9,418.3,399.9,383.9,357.6,624.5,507.2,449.4,420.8,401.4,384.4,353.5,699.2,553.6,476.2,435.8,412.4,393.4,357.6,835.3,647.8,537.8,471.1,435.4,413.4,377.9,964.5,748.0,621.0,539.8,489.4,454.4,411.1,0.8794,1.1825,1.3451,0.6729,0.9497,1.1162,0.0,0.0000,2026,1.0719,559.7,03020004UDM,11.478,14193,45.3,60.4,67.4,158.2,117.2,682.3,507.4,446.1,891.7,631.8,537.5,554.6,520.8,1.0819,1.1521,501.9,415.6,394.1,40.4,173.6,625.0,429.6,415.1,393.0,372.5,340.6,324.4,322.6,343.3,378.9,1456.4,1086.1,1453.2,48.7,139.6,1488.4,928.1,842.5,781.5,801.1,855.5,899.1,1026.5,1233.5,1424.4
AUS,266100,2661,6777,ONYA,SYDNEY 36 CR -X,SYDNEY YACHTS,MurrayBurnsDovell,1998,,,,,ORC,CLUB,R,680,14 08 2026 07:27:37,10.970,10.146,2.329,3.41,4889.,0.0,0.00,599.3,0.9226,650.3,1.1243,533.7,980.4,783.6,677.8,620.7,587.9,566.7,538.5,0.0,0.0,0.0,0.0,0.0,0.0,0.0,755.2,618.5,550.9,515.5,493.7,477.9,453.5,0.0,0.0,0.0,0.0,0.0,0.0,0.0,980.3,739.0,615.7,548.1,511.9,482.6,435.4,42.8,40.6,38.7,37.1,36.4,36.3,36.2,144.2,148.4,152.3,158.3,165.6,171.8,172.3,982.0,803.9,714.1,675.2,658.7,649.1,640.5,646.6,547.5,504.5,486.3,478.3,473.2,467.5,615.5,529.7,493.6,475.8,466.4,460.9,453.7,597.1,519.1,486.2,466.1,451.9,442.6,431.3,611.4,523.3,484.0,465.2,447.2,432.0,411.3,617.4,514.9,474.4,448.9,429.1,415.9,394.4,637.5,526.6,480.3,451.9,427.2,404.7,370.8,715.3,573.4,503.8,469.6,442.5,416.9,361.6,847.7,661.1,556.7,499.8,468.3,443.0,393.2,978.9,763.4,641.4,566.2,517.2,484.2,436.5,0.8736,1.1311,1.2693,0.6802,0.9301,1.0687,0.0,0.0000,2026,1.0355,579.4,03020004WDI,9.965,5822,27.2,40.1,32.8,85.4,0.0,686.8,530.5,472.7,882.1,645.1,561.4,574.2,545.4,1.0449,1.1000,515.9,433.7,415.9,37.0,157.9,644.4,466.3,451.3,425.4,398.2,379.8,345.9,304.4,337.5,387.4,1424.4,1074.9,1426.5,46.0,140.8,1403.4,896.2,836.0,798.7,826.0,870.1,903.6,1039.6,1251.7,1445.4
AUS,3424,3424,6835,YACHT ROCK,Beneteau First 35,Beneteau,Farr,2009,,,,,ORC,CLUB,C,633,31 08 2026 02:30:53,10.660,9.738,2.199,3.64,5650.,0.0,0.21,615.9,0.8968,669.0,1.0930,549.0,1001.9,806.2,698.2,637.4,605.0,584.8,559.5,0.0,0.0,0.0,0.0,0.0,0.0,0.0,773.1,635.6,566.4,529.6,508.3,493.4,472.0,0.0,0.0,0.0,0.0,0.0,0.0,0.0,997.6,758.6,633.3,563.4,526.8,498.1,453.1,43.4,41.1,39.5,38.2,37.6,37.9,38.2,145.1,149.4,152.5,159.4,166.4,172.3,174.5,1044.0,856.5,757.3,709.3,690.9,681.5,676.0,684.5,578.2,527.0,503.2,492.5,487.6,482.5,649.6,556.0,513.2,491.6,480.1,474.5,468.0,628.0,541.8,503.3,481.9,467.2,457.2,446.4,631.4,533.2,494.5,480.1,464.0,449.5,428.3,616.6,519.7,481.0,458.2,442.5,431.8,413.7,633.0,529.5,485.5,458.9,436.6,417.4,393.2,703.7,570.7,506.2,473.5,447.9,423.8,377.6,831.1,654.7,554.9,501.4,472.1,448.2,402.4,959.7,755.9,639.1,565.6,519.1,488.0,443.0,0.8518,1.1002,1.2267,0.6637,0.9041,1.0339,0.0,0.0000,2026,1.0069,595.9,03020004WTU,9.300,6524,27.7,38.4,31.6,111.2,0.0,704.4,545.4,489.1,904.0,663.6,580.3,595.8,553.5,1.0070,1.0840,543.2,456.1,437.7,39.3,165.6,685.5,482.9,467.4,441.2,415.9,399.1,374.2,325.7,354.5,400.9,1442.0,1091.8,1437.5,46.1,141.1,1487.3,946.1,879.6,836.8,862.3,857.2,884.1,1007.3,1209.5,1396.7
AUS,3000,3000,6838,PONYO,FARR 40 OD,CARROLL,FARR,1997,,,,,ORC,INTL,R,760,06 08 2026 03:06:16,12.415,11.221,2.593,3.96,4966.,127.0,0.00,526.5,1.0340,580.3,1.2663,473.8,820.6,673.0,603.0,562.5,536.5,515.4,475.0,0.0,0.0,0.0,0.0,0.0,0.0,0.0,633.6,534.7,490.4,463.5,444.3,427.4,398.2,0.0,0.0,0.0,0.0,0.0,0.0,0.0,820.6,635.5,547.4,493.7,460.9,431.9,382.5,42.3,39.5,37.7,37.3,36.8,36.5,36.6,142.6,143.4,150.9,157.3,161.4,158.6,148.5,820.9,693.6,648.8,627.3,614.4,605.6,599.4,544.5,479.2,459.2,449.1,442.3,437.0,430.6,518.9,464.7,445.8,435.5,427.7,421.7,414.1,502.4,454.6,431.1,416.6,406.5,398.3,387.2,509.3,456.1,427.9,405.9,389.8,377.6,358.8,527.6,455.9,426.0,407.7,392.0,373.6,333.4,539.3,458.0,421.8,394.8,375.8,358.3,327.4,596.4,486.1,438.6,402.9,369.5,336.8,291.0,710.4,564.9,482.8,438.0,404.0,371.0,303.6,820.3,652.3,557.1,497.8,458.7,425.2,350.5,1.0271,1.2668,1.4263,0.8034,1.0368,1.1869,0.0,0.0000,2026,1.1680,513.7,03020004W4B,11.278,6045,29.8,65.0,43.2,162.0,0.0,584.2,473.6,420.7,746.8,578.7,505.5,513.1,473.9,1.1695,1.2661,444.4,378.4,360.8,38.0,149.0,611.7,432.3,413.3,382.5,346.6,305.1,301.3,260.4,239.9,277.0,1170.5,883.5,1172.6,45.2,139.3,1150.0,737.4,685.4,649.0,663.5,729.9,757.6,852.4,1031.4,1191.0
AUS,2184,2184,6868,Georgia Lee,Hick 35,HICK,HICK,1994,,,,,ORC,INTL,C,520,16 07 2026 03:36:26,10.580,9.196,2.250,3.37,3325.,0.0,0.00,584.1,0.9309,644.5,1.1409,525.9,910.0,742.0,664.7,624.6,600.9,577.1,532.0,0.0,0.0,0.0,0.0,0.0,0.0,0.0,704.4,590.6,541.2,514.0,495.1,477.4,447.9,0.0,0.0,0.0,0.0,0.0,0.0,0.0,907.0,700.6,603.8,547.6,513.9,482.6,428.5,42.4,39.9,38.1,37.9,37.6,37.5,38.1,142.4,146.9,150.1,153.9,150.9,147.1,143.3,940.4,781.0,725.2,703.2,690.8,683.6,683.1,623.5,536.9,510.0,500.0,493.9,489.8,486.0,595.2,521.5,495.8,486.2,479.7,475.1,470.3,576.8,512.3,483.0,468.3,459.8,452.9,445.3,583.6,514.9,482.9,459.9,443.8,433.0,417.0,564.4,491.7,462.3,443.9,427.7,412.3,384.0,573.4,493.9,456.3,429.3,408.5,388.5,352.4,640.5,522.6,474.3,437.2,399.7,360.9,310.2,761.9,608.8,523.4,476.2,442.8,407.5,329.8,879.7,703.0,604.3,546.1,511.0,470.5,380.9,0.9267,1.1434,1.2744,0.7264,0.9348,1.0598,0.0,0.0000,2026,1.0534,569.6,03020004V9V,9.108,4055,23.3,42.6,28.6,0.0,125.7,647.5,524.8,470.8,826.0,641.8,566.1,572.8,521.1,1.0476,1.1515,498.0,427.8,405.4,40.4,147.9,709.2,491.1,472.7,442.5,407.1,359.0,325.5,274.3,248.3,286.7,1297.9,984.9,1294.9,45.2,139.3,1328.1,850.7,793.4,755.5,777.0,780.5,808.0,908.0,1097.9,1267.7
AUS,272300,2723,6869,TAILWIND,FIRST 40,BENETEAU,FARR,2008,NSW 2088,,,,ORC,INTL,C,850,29 06 2026 03:05:54,12.240,11.299,2.488,3.90,7947.,129.8,0.01,567.8,0.9694,618.9,1.1834,507.0,917.3,739.5,644.0,592.6,562.3,542.6,516.4,0.0,0.0,0.0,0.0,0.0,0.0,0.0,707.4,583.9,522.8,490.5,470.8,456.4,434.3,0.0,0.0,0.0,0.0,0.0,0.0,0.0,917.3,697.5,584.6,522.0,488.6,461.9,416.5,42.8,40.8,38.9,37.6,37.0,37.1,36.9,141.9,148.0,151.2,157.3,164.6,170.0,172.3,917.8,757.1,679.2,647.3,632.3,623.8,615.1,604.8,515.3,477.5,461.9,455.0,450.9,445.8,575.7,499.1,466.7,451.4,443.8,439.3,433.0,557.7,489.5,459.7,442.2,430.2,422.3,412.7,568.8,493.6,459.3,439.3,425.0,412.3,395.0,587.1,490.6,451.5,427.7,407.9,391.8,371.9,601.7,499.3,455.7,430.1,409.0,390.4,352.8,670.2,541.1,476.8,444.4,420.0,397.4,352.0,794.0,625.2,527.8,473.4,444.1,421.2,377.2,916.8,721.9,608.9,537.8,492.4,461.4,417.6,0.9293,1.1901,1.3284,0.7243,0.9766,1.1159,0.0,0.0000,2026,1.0892,550.9,03020004UAH,10.971,9147,35.0,52.5,55.7,146.1,110.2,645.6,504.2,451.7,828.4,614.4,537.7,545.3,517.1,1.1004,1.1604,496.8,416.8,398.8,37.5,162.2,617.5,444.5,430.4,406.6,384.1,357.2,328.5,303.9,329.0,376.2,1318.5,994.1,1320.9,45.7,140.3,1294.6,825.4,766.8,728.9,750.2,821.1,847.6,964.5,1162.6,1342.4
AUS,2912,2912,6870,ASCALON,FIRST 40,Beneteau,Farr,2008,2097 Australia,,,,ORC,CLUB,C,800,17 07 2026 04:11:20,12.240,11.345,2.493,3.90,8153.,0.0,0.21,582.8,0.9469,633.6,1.1580,518.1,959.5,769.2,663.7,603.3,570.1,548.8,521.8,0.0,0.0,0.0,0.0,0.0,0.0,0.0,739.0,604.4,535.8,499.0,477.6,462.8,441.3,0.0,0.0,0.0,0.0,0.0,0.0,0.0,956.8,723.8,600.8,531.2,495.2,467.4,424.6,43.0,40.8,39.4,38.1,37.4,37.0,37.2,140.9,148.3,150.6,156.8,164.2,170.0,174.1,986.3,805.1,710.8,664.3,644.5,633.5,623.0,646.0,543.3,493.9,471.5,460.9,455.5,449.3,612.7,522.1,480.7,460.6,449.5,443.6,436.4,591.5,508.6,471.4,451.4,437.7,427.6,416.0,604.6,508.8,468.3,450.1,434.1,420.4,400.4,594.5,495.0,454.5,432.5,416.6,406.4,389.4,609.6,504.3,458.7,433.1,412.1,394.4,371.1,679.3,547.3,480.4,447.3,423.2,401.3,358.4,807.7,635.0,534.2,476.8,446.8,424.3,382.2,932.6,733.3,616.6,542.2,495.8,464.2,420.7,0.8932,1.1656,1.3088,0.6942,0.9540,1.1029,0.0,0.0000,2026,1.0649,563.4,03020004VC6,10.725,9277,35.2,50.6,40.2,138.2,0.0,671.7,514.8,458.4,864.3,628.9,544.0,560.7,526.1,1.0700,1.1404,502.8,424.2,408.4,37.8,165.1,623.7,447.4,433.6,409.8,388.1,375.4,352.4,311.0,337.3,381.9,1388.4,1048.9,1385.9,46.3,140.7,1413.1,898.1,833.7,791.9,817.6,833.9,860.7,980.5,1181.0,1363.7
AUS,2864,2864,7001,WILD OATS X,REICHEL/PUGH 66,McConaughy,REICHEL/PUGH,2004,NSW 1570,,,,ORC,INTL,R,1190,24 06 2026 00:53:04,20.060,19.118,4.480,4.17,12183.,125.4,0.00,386.5,1.3648,439.6,1.7334,346.1,626.5,518.2,464.2,430.2,400.2,374.7,341.2,0.0,0.0,0.0,0.0,0.0,0.0,0.0,471.3,401.0,364.3,339.4,318.8,301.3,278.4,0.0,0.0,0.0,0.0,0.0,0.0,0.0,627.6,485.7,414.8,367.4,333.2,303.3,261.0,44.1,41.5,40.1,39.5,38.7,38.2,37.9,141.7,142.4,146.5,145.0,141.8,143.8,147.8,615.4,541.4,505.6,482.7,467.8,457.9,448.8,398.7,361.6,344.8,333.0,323.7,316.5,308.1,372.7,344.2,329.3,316.8,306.8,299.2,290.2,349.0,323.6,307.8,294.6,283.7,275.0,263.2,345.8,311.8,293.6,279.9,266.6,255.5,239.7,372.3,329.7,294.0,267.8,252.5,237.8,215.9,403.8,338.5,300.2,276.0,254.3,232.4,208.3,464.3,365.7,317.7,280.1,252.8,230.3,200.1,552.2,428.6,366.3,327.1,288.1,252.5,202.3,637.6,494.9,422.9,377.7,332.6,291.6,233.6,1.3757,1.7258,2.0196,1.0483,1.3594,1.6281,0.0,0.0000,2026,1.5750,381.0,03020004TVB,19.129,14372,59.3,161.3,111.9,0.0,400.3,436.1,347.7,297.1,572.4,441.4,368.5,382.2,346.3,1.5700,1.7326,323.2,266.8,247.6,38.5,151.3,452.6,312.4,289.1,258.7,229.2,201.1,191.9,180.4,169.1,193.9,890.2,652.2,895.5,46.0,140.8,837.4,531.8,488.2,445.4,436.9,490.4,564.3,681.8,816.7,943.0
AUS,4230,4230,7013,XVitesse,XP38 DK,X Yachts,Niels Jeppesen,2013,4220 Burleigh Heads Australia,,,,ORC,CLUB,C,480,06 07 2026 21:49:37,11.580,10.692,2.395,3.67,6957.,0.0,0.18,582.2,0.9474,633.3,1.1547,519.6,939.2,757.1,659.0,605.8,575.5,555.7,528.3,0.0,0.0,0.0,0.0,0.0,0.0,0.0,727.0,598.4,535.6,502.3,482.5,468.2,446.2,0.0,0.0,0.0,0.0,0.0,0.0,0.0,935.7,713.2,598.4,534.4,499.8,472.8,429.5,42.6,40.7,39.3,38.2,37.6,37.5,37.6,142.4,148.5,152.3,157.9,165.3,169.3,168.7,974.1,798.9,712.6,674.0,657.3,647.6,638.6,641.9,541.3,496.0,476.9,468.7,463.8,458.3,610.1,521.7,483.1,465.2,456.0,450.9,444.6,589.4,509.3,474.2,454.9,441.7,432.6,422.4,601.3,508.5,475.6,454.0,437.5,423.6,404.0,585.6,493.2,457.1,437.5,425.1,414.6,397.1,598.9,500.5,459.7,434.2,413.1,399.3,377.5,663.8,539.1,478.8,447.2,421.9,398.4,351.4,783.2,619.5,525.6,475.3,446.3,422.0,375.4,904.4,715.3,605.5,537.6,493.8,463.8,417.9,0.9054,1.1618,1.2944,0.7074,0.9545,1.0901,0.0,0.0000,2026,1.0644,563.7,03020004US9,10.255,7698,30.9,47.1,36.0,136.6,0.0,662.7,516.4,463.5,848.2,628.6,550.4,563.1,523.6,1.0655,1.1460,508.8,430.0,412.9,38.7,149.9,645.5,457.8,443.1,417.4,392.4,380.0,358.6,313.9,322.2,372.1,1348.5,1021.3,1345.1,45.8,140.5,1382.9,881.1,819.3,778.5,801.5,810.6,836.0,946.2,1138.2,1314.2
AUS,714900,7149,7075,MARTELA,IMX38,X YACHTS,JEPPESSEN,1992,,,,,ORC,CLUB,R,635,24 08 2026 02:49:51,11.360,9.760,2.086,3.66,5193.,0.0,0.00,599.3,0.9121,657.8,1.1170,537.2,953.7,775.5,682.3,632.0,601.9,583.0,556.8,0.0,0.0,0.0,0.0,0.0,0.0,0.0,735.3,612.6,553.2,521.4,501.2,486.8,464.0,0.0,0.0,0.0,0.0,0.0,0.0,0.0,954.2,731.7,619.2,555.5,520.2,491.4,442.9,42.6,40.5,38.6,37.7,37.8,37.8,38.1,141.5,146.7,152.5,158.6,165.5,170.4,170.2,949.3,790.8,718.9,692.9,681.3,676.3,672.4,626.9,541.3,507.0,493.4,487.4,484.4,480.5,598.1,525.2,495.4,481.3,474.8,471.2,465.5,580.6,515.5,486.6,469.4,457.9,451.7,441.5,591.9,519.2,486.4,465.6,449.1,436.0,419.2,609.0,513.6,473.9,448.0,427.4,411.8,389.1,624.8,522.6,479.3,450.6,425.5,402.8,366.1,699.3,566.9,503.2,469.9,442.4,416.5,364.1,829.8,658.3,560.5,504.4,472.6,446.7,397.9,958.1,760.2,645.7,571.0,522.5,489.7,441.1,0.8903,1.1225,1.2453,0.6940,0.9186,1.0383,0.0,0.0000,2026,1.0282,583.5,03020004WMR,9.524,6099,27.2,38.1,49.7,105.8,105.8,673.9,534.5,481.8,864.6,653.2,577.9,578.8,546.5,1.0367,1.0980,539.2,445.9,424.8,39.3,162.7,683.7,482.4,465.1,435.8,407.0,371.7,339.4,300.0,345.0,394.7,1358.4,1023.9,1361.8,45.6,140.2,1324.2,845.4,786.4,749.1,770.7,849.3,877.1,998.4,1206.1,1392.7
AUS,2917,2917,7126,LLAMA 2,Dehler 46,Dehler,Judel/Vrolijk,2014,,,,,ORC,INTL,C,1013,01 09 2026 04:44:11,13.885,13.217,2.586,4.32,11848.,115.0,0.15,549.7,0.9862,608.4,1.2262,489.3,906.6,727.3,632.1,581.9,553.2,533.4,507.5,0.0,0.0,0.0,0.0,0.0,0.0,0.0,694.6,568.1,504.3,472.2,452.5,438.5,418.5,0.0,0.0,0.0,0.0,0.0,0.0,0.0,905.0,683.8,569.1,504.9,470.0,442.3,399.8,43.4,41.4,39.8,38.9,38.5,38.2,38.1,141.7,145.3,149.0,151.2,154.0,159.4,162.6,923.1,752.5,670.4,636.6,619.4,608.9,598.5,601.8,505.5,460.4,442.9,434.8,429.6,423.7,569.1,485.0,445.6,429.2,422.0,417.1,411.1,547.3,471.5,435.8,417.4,406.8,400.4,391.2,557.7,472.2,432.2,415.9,400.5,388.6,373.2,559.2,463.7,421.7,398.5,381.2,370.3,353.3,575.7,473.4,427.2,401.8,380.4,362.1,336.5,644.1,519.5,453.7,419.9,396.6,375.3,334.8,770.9,608.0,514.3,457.1,425.1,404.0,367.4,890.1,702.1,593.8,527.1,487.0,458.0,416.4,0.9504,1.2347,1.3809,0.7344,0.9941,1.1350,0.0,0.0000,2026,1.1237,534.0,03020004WVH,12.110,13300,44.9,73.3,54.6,0.0,148.0,631.3,485.9,434.5,817.0,603.6,528.6,529.4,499.5,1.1334,1.2012,492.8,405.6,386.5,38.9,157.4,604.0,422.7,409.4,387.0,364.4,347.2,318.2,292.1,331.3,381.7,1313.1,985.7,1312.3,46.6,138.1,1321.4,836.5,771.8,727.5,748.8,782.5,813.5,929.3,1130.0,1304.9
AUS,2855,2855,7155,CHUTNEY MARY,ELAN S4,ELAN,HUMPHREYS,2014,,,,,ORC,CLUB,C,688,22 06 2026 23:29:31,10.588,10.200,2.138,3.54,5347.,0.0,0.21,610.7,0.8909,673.5,1.1037,543.6,1003.2,807.4,699.8,641.8,612.6,592.7,566.9,0.0,0.0,0.0,0.0,0.0,0.0,0.0,770.4,631.6,561.3,524.2,502.7,487.0,464.0,0.0,0.0,0.0,0.0,0.0,0.0,0.0,997.8,758.0,631.3,559.4,522.2,491.5,442.1,43.9,41.7,40.1,38.9,38.4,38.2,38.3,143.1,147.3,148.9,152.2,156.5,160.8,159.9,1057.3,862.5,760.9,711.7,691.7,681.6,675.7,688.9,578.0,523.7,499.0,487.5,482.1,477.1,651.6,553.7,508.0,485.8,473.8,467.7,461.5,629.0,538.1,496.6,474.3,458.9,447.5,435.8,618.6,520.0,481.1,463.8,452.3,437.9,414.4,604.6,506.7,466.6,440.1,419.0,406.0,384.8,619.2,515.6,471.4,442.4,417.3,394.7,361.8,692.5,559.8,495.2,462.0,434.2,408.6,355.3,822.0,651.6,553.1,496.9,467.6,444.0,400.7,949.2,752.4,638.6,571.8,533.4,503.9,458.0,0.8559,1.1108,1.2440,0.6628,0.8987,1.0204,0.0,0.0000,2026,1.0134,592.1,03020004TRW,9.503,6296,27.2,38.7,30.3,0.0,108.6,701.0,540.2,482.3,905.3,667.6,588.0,592.5,548.8,1.0127,1.0933,539.5,443.0,421.9,39.2,141.7,683.9,477.3,460.9,430.1,401.7,366.9,336.6,294.5,342.2,395.2,1444.7,1092.2,1438.2,46.5,138.7,1509.5,957.4,887.4,841.4,865.4,844.4,871.0,987.2,1195.0,1379.8
AUS,210053,210053,717,L'ATTITUDE,DEHLER 41DS,Dehler,Judel/Vroelijk,1997,,,,,ORC,CLUB,C,500,14 08 2026 06:01:15,12.432,11.076,1.760,3.95,9380.,0.0,0.27,609.7,0.8990,667.4,1.1065,542.2,1010.1,810.5,699.9,635.2,599.8,577.6,552.5,0.0,0.0,0.0,0.0,0.0,0.0,0.0,772.0,632.6,560.4,521.6,499.9,485.5,466.1,0.0,0.0,0.0,0.0,0.0,0.0,0.0,1006.5,761.2,631.0,556.7,518.6,490.1,446.4,44.8,42.3,41.1,40.4,39.8,39.4,39.3,138.4,149.2,149.6,157.5,164.6,170.9,177.2,1046.2,856.6,761.2,713.0,690.6,678.3,669.8,675.6,568.9,516.2,491.9,480.3,474.6,469.3,636.4,543.0,498.8,478.0,467.0,461.3,455.6,610.2,525.3,486.3,466.4,454.2,445.8,436.1,619.9,529.3,485.0,464.6,450.0,438.4,421.0,614.4,512.5,470.3,449.1,433.8,423.7,407.7,629.4,522.0,474.1,449.5,430.7,414.1,390.7,700.3,565.8,495.2,461.4,439.5,420.0,382.8,843.5,661.9,552.9,490.6,460.2,439.1,401.2,974.0,764.3,638.5,557.3,509.0,476.8,435.1,0.8543,1.1146,1.2453,0.6591,0.9057,1.0458,0.0,0.0000,2026,1.0150,591.2,03020004WDH,9.924,10176,37.0,49.9,44.3,137.3,0.0,702.3,538.3,481.8,910.3,662.5,573.7,589.7,547.0,1.0175,1.0969,537.3,452.9,432.9,40.0,174.8,674.3,468.2,453.6,430.7,409.4,394.8,375.1,349.8,364.2,400.3,1456.9,1092.0,1452.5,47.8,138.0,1501.4,942.5,862.4,808.9,831.1,857.8,885.0,1011.0,1223.1,1412.4
AUS,2813,2813,7188,JINJA,J97E,J/Composites,Jonstone,2018,Victoria 3942,,,,ORC,CLUB,C,515,18 08 2026 02:49:29,9.600,8.580,1.916,3.35,3895.,0.0,0.22,648.1,0.8439,711.0,1.0374,578.4,1049.8,848.4,739.1,678.9,646.7,626.8,602.6,0.0,0.0,0.0,0.0,0.0,0.0,0.0,809.4,667.3,596.9,558.6,536.0,520.6,498.5,0.0,0.0,0.0,0.0,0.0,0.0,0.0,1042.6,796.8,668.6,594.9,556.1,525.9,477.0,43.4,41.3,39.7,38.2,37.8,37.5,37.9,143.9,148.0,150.4,153.3,158.5,162.6,161.2,1122.7,919.8,812.4,752.1,727.2,717.0,712.8,736.6,619.5,562.9,534.6,521.4,515.6,510.9,699.5,594.7,547.2,522.7,509.4,502.3,496.3,677.9,579.1,535.5,512.5,496.7,485.4,473.2,643.9,548.2,511.2,493.8,483.2,474.4,454.7,632.4,537.3,499.4,474.0,453.4,437.4,415.8,647.8,546.4,504.6,476.5,451.4,428.5,392.3,716.5,586.8,526.7,494.7,467.5,441.5,391.3,846.1,672.9,576.8,527.6,499.8,477.1,433.5,977.0,777.0,665.8,605.6,566.3,536.6,492.4,0.8126,1.0439,1.1625,0.6322,0.8510,0.9635,0.0,0.0000,2026,0.9552,628.1,03020004WHE,8.231,4596,21.6,27.9,22.0,0.0,74.5,738.4,574.8,516.1,949.1,705.1,622.7,629.7,581.6,0.9529,1.0316,583.6,480.5,459.1,39.3,140.3,724.8,511.7,496.1,468.1,441.0,401.8,367.3,324.9,383.2,442.5,1511.4,1145.1,1501.8,45.7,139.9,1607.2,1026.1,956.1,912.6,893.6,872.9,899.1,1016.3,1226.0,1415.6
AUS,2042,2042,7227,Bombolo,46.1,Beneteau,Pascal Conq,2018,2107 Avalon Australia,,,,ORC,CLUB,C,700,16 06 2026 23:54:06,13.685,13.195,2.346,4.51,10597.,0.0,0.20,554.3,0.9795,612.6,1.2250,489.8,941.3,750.1,644.0,581.2,547.5,527.7,501.0,0.0,0.0,0.0,0.0,0.0,0.0,0.0,719.2,582.3,510.7,470.1,446.0,429.5,405.2,0.0,0.0,0.0,0.0,0.0,0.0,0.0,936.6,703.2,577.9,503.0,463.5,433.8,384.1,45.0,42.8,41.0,39.7,38.8,38.5,39.2,141.7,145.1,147.6,150.7,153.0,156.5,154.7,988.8,797.3,696.0,638.7,610.7,598.5,589.6,636.7,527.3,471.5,442.3,427.4,419.8,413.4,597.7,502.5,454.6,429.7,415.3,406.0,397.7,571.5,485.5,443.0,420.0,403.4,389.4,372.0,580.9,478.2,431.8,409.1,396.0,385.3,357.4,564.4,464.7,419.6,392.1,368.9,350.4,328.2,577.2,472.5,424.5,396.1,370.8,348.0,308.8,647.1,516.3,449.8,415.4,389.4,365.3,318.2,774.1,608.8,512.7,453.7,421.5,398.8,358.1,893.8,703.0,592.0,523.6,484.4,457.0,412.4,0.9220,1.2321,1.4133,0.7094,0.9872,1.1479,0.0,0.0000,2026,1.1199,535.7,03020004TBH,12.063,11703,45.5,59.7,53.8,0.0,175.8,650.8,487.0,424.5,845.8,607.8,522.7,533.7,498.8,1.1242,1.2029,479.1,387.0,365.5,40.2,144.8,594.9,412.6,395.2,365.2,339.6,309.9,286.0,271.0,314.7,363.4,1375.9,1033.5,1369.8,47.8,138.5,1437.0,901.5,827.6,776.3,799.5,800.1,826.1,937.9,1138.7,1314.8
AUS,2064,2064,7232,Ca Va,Sun Odessy 440,Jeanneau,Philippe Briand,2017,2578 Bundanoon Australia,,,,ORC,CLUB,C,640,12 07 2026 22:38:11,12.628,11.839,2.163,4.29,8553.,0.0,0.24,583.8,0.9309,644.6,1.1608,516.9,984.2,785.3,672.7,610.3,580.8,562.0,536.8,0.0,0.0,0.0,0.0,0.0,0.0,0.0,753.3,610.7,535.3,495.3,473.9,458.8,436.8,0.0,0.0,0.0,0.0,0.0,0.0,0.0,980.2,736.8,604.8,529.6,492.4,462.8,415.0,44.1,42.6,40.9,39.7,39.1,38.9,39.1,142.8,146.7,146.8,150.7,153.0,156.9,156.5,1023.9,829.7,726.7,674.4,654.5,645.0,638.1,661.5,550.6,494.5,467.0,455.3,450.4,444.2,623.2,526.5,478.1,453.6,441.5,436.2,429.2,599.2,510.9,466.9,443.2,428.0,417.4,405.8,612.5,506.5,457.1,436.5,424.5,409.5,387.5,593.8,488.8,441.5,415.1,394.7,380.9,360.8,605.7,496.6,446.0,417.4,393.5,372.1,339.9,687.8,542.3,471.3,435.4,409.3,385.6,337.9,817.9,641.6,535.8,473.3,441.3,418.9,378.9,944.4,740.8,618.7,546.1,507.0,479.0,435.5,0.8798,1.1698,1.3207,0.6782,0.9400,1.0767,0.0,0.0000,2026,1.0625,564.7,03020004V4F,10.821,9539,38.4,43.8,53.1,0.0,152.9,682.0,512.9,454.3,884.7,638.3,557.3,563.1,524.7,1.0655,1.1436,516.6,420.1,398.3,40.0,143.7,647.4,445.0,428.7,399.8,375.5,343.9,317.0,287.7,334.1,385.8,1434.3,1079.4,1430.0,47.5,139.4,1477.5,929.6,856.0,807.6,834.5,851.1,875.5,995.7,1204.8,1391.2
AUS,2422,2422,763,PRION,MOUNT GAY 30,BAC YACHTS,DAVID LYONS,1996,7009,,,,ORC,CLUB,R,595,07 08 2026 03:58:44,9.580,8.556,2.473,3.25,2766.,0.0,0.00,610.2,0.9049,663.1,1.1006,545.2,984.5,791.8,688.1,634.3,604.3,583.6,550.3,0.0,0.0,0.0,0.0,0.0,0.0,0.0,756.7,627.2,563.9,529.2,506.7,488.6,457.7,0.0,0.0,0.0,0.0,0.0,0.0,0.0,981.9,746.6,627.4,562.2,525.1,493.2,438.1,42.0,39.8,37.4,35.7,35.1,34.7,34.6,144.2,148.7,154.2,162.6,169.1,170.9,162.7,1010.5,828.0,735.3,696.3,680.5,671.2,662.8,673.8,571.6,530.1,511.2,501.9,495.8,488.5,644.7,555.6,520.0,499.9,488.1,481.2,472.4,603.4,531.0,503.3,489.1,471.1,459.0,445.7,586.7,519.5,487.9,466.1,452.9,442.5,419.0,609.5,523.9,485.4,454.6,428.1,407.5,372.0,628.2,534.4,492.8,460.6,429.1,397.0,350.8,702.2,572.5,516.2,480.6,447.6,414.0,344.3,830.2,654.4,558.9,512.0,479.1,448.7,384.5,958.6,755.6,640.9,572.4,528.0,495.9,437.8,0.8671,1.1044,1.2459,0.6755,0.9120,1.0412,0.0,0.0000,2026,1.0151,591.1,03020004W5P,8.878,3551,20.3,34.0,18.6,78.6,62.3,692.0,543.3,481.6,888.2,657.9,576.3,590.3,552.3,1.0164,1.0863,506.3,426.3,406.2,35.4,144.7,666.2,486.0,468.5,438.3,403.8,347.1,308.3,268.2,300.0,346.4,1416.9,1065.5,1415.0,44.5,140.4,1435.9,928.4,872.5,814.6,783.0,825.5,874.3,1003.7,1210.7,1397.9
AUS,210055,210055,777,MACH 1,Bavaria 38 Match,Bavaria Yachtbau,Peterson & Jakopin,2003,,,,,ORC,CLUB,C,720,03 09 2026 01:39:55,11.390,10.800,2.191,3.77,6849.,0.0,0.20,602.0,0.9081,660.7,1.1210,535.2,996.5,799.9,689.0,627.0,597.4,578.0,554.3,0.0,0.0,0.0,0.0,0.0,0.0,0.0,763.6,624.4,552.8,514.7,494.0,479.2,458.8,0.0,0.0,0.0,0.0,0.0,0.0,0.0,993.4,751.5,621.9,548.5,512.7,484.2,439.6,43.6,41.5,40.1,38.5,37.7,37.4,37.4,142.9,147.1,147.3,151.8,155.7,160.3,161.9,1027.4,839.1,739.9,687.4,665.4,654.8,648.8,667.4,561.6,510.3,486.3,474.8,469.6,465.4,630.3,538.3,496.0,475.1,463.4,457.5,452.1,606.7,523.3,485.9,465.6,451.7,441.5,431.4,619.6,520.8,477.8,459.0,448.2,434.4,414.6,605.7,505.2,464.3,440.1,421.5,408.1,389.3,619.8,512.4,468.2,442.0,419.9,400.3,369.1,703.7,558.6,490.1,458.3,433.9,411.5,366.4,836.1,658.9,552.6,492.0,463.7,442.8,405.1,965.5,760.8,638.1,566.6,529.4,501.2,459.8,0.8646,1.1292,1.2626,0.6680,0.9165,1.0453,0.0,0.0000,2026,1.0289,583.2,0302000501Q,10.119,7876,30.5,39.8,44.0,0.0,123.6,694.0,531.3,475.2,898.2,654.7,574.0,579.4,544.4,1.0355,1.1022,537.3,442.7,423.9,38.1,143.1,655.3,465.1,450.5,425.9,403.4,373.3,347.3,313.2,363.2,419.4,1445.3,1087.2,1442.7,46.9,139.2,1471.6,929.8,858.2,809.5,833.4,863.1,890.3,1014.9,1228.8,1418.9
AUS,262800,2628,7779,QUIXOTIC,X-41 OD,X YACHTS,JEPPESEN,2006,VIC 3079,,,,ORC,CLUB,R,738,24 07 2026 07:19:04,12.350,11.187,2.510,3.65,7093.,0.0,0.00,564.5,0.9719,617.4,1.1904,504.0,915.1,738.6,642.9,590.8,560.8,541.0,513.4,0.0,0.0,0.0,0.0,0.0,0.0,0.0,703.5,580.7,520.0,487.7,468.1,453.5,430.0,0.0,0.0,0.0,0.0,0.0,0.0,0.0,913.6,695.5,582.4,519.2,485.4,457.8,413.0,42.6,40.5,38.7,37.3,36.7,36.7,36.7,141.7,145.8,150.7,156.8,164.6,169.1,167.8,929.4,763.0,681.9,648.8,633.2,624.2,615.4,613.6,520.1,479.4,463.3,456.2,451.8,446.6,584.2,503.2,468.2,452.3,444.6,439.7,433.5,565.8,492.9,460.9,442.1,429.5,421.7,412.0,556.8,480.8,449.3,431.7,421.2,410.4,392.4,570.8,480.6,443.3,418.8,401.1,387.5,361.0,585.7,488.5,448.3,421.5,398.0,376.6,347.1,652.7,530.0,471.3,440.1,414.2,389.5,339.1,780.1,618.6,523.1,469.4,440.0,415.5,367.1,900.8,714.2,603.8,532.8,488.3,457.8,411.4,0.9344,1.1969,1.3382,0.7256,0.9788,1.1203,0.0,0.0000,2026,1.0951,547.9,03020004VLF,10.891,8143,32.8,52.0,43.1,143.4,130.0,642.1,501.3,448.4,826.9,613.0,535.6,544.4,512.1,1.1022,1.1716,492.6,411.1,393.0,37.7,150.1,622.2,446.1,433.0,407.2,382.2,342.4,313.5,283.3,314.5,363.0,1314.6,990.7,1314.1,45.4,138.6,1319.8,842.5,784.7,747.2,752.8,785.7,823.1,934.6,1134.0,1309.4
AUS,7001,7001,7811,HIP NAUTIC,SUN FAST 3300,,,2019,TASMAINIA 7007,,,,ORC,CLUB,R,554,24 08 2026 03:03:48,10.000,9.173,1.958,3.41,3757.,0.0,0.00,611.9,0.8929,671.9,1.1036,543.7,1010.8,813.3,704.6,641.1,604.5,582.6,553.0,0.0,0.0,0.0,0.0,0.0,0.0,0.0,774.8,636.3,566.1,524.9,499.0,481.2,453.8,0.0,0.0,0.0,0.0,0.0,0.0,0.0,1005.5,763.7,636.2,560.5,517.7,484.6,432.8,43.8,41.5,39.7,40.5,38.2,37.9,38.2,143.1,147.5,148.6,157.1,165.3,175.4,174.3,1063.6,869.2,771.2,717.2,689.6,678.5,673.7,695.2,587.1,532.5,504.9,490.3,483.5,477.0,660.2,565.1,517.9,493.2,476.8,467.3,458.7,639.3,542.1,501.0,480.0,462.8,447.1,431.3,611.0,523.1,485.0,458.6,440.6,427.6,409.9,605.3,511.5,470.1,439.2,417.0,402.1,366.8,618.1,516.8,474.3,440.8,411.1,385.0,349.9,698.7,558.2,495.9,461.5,429.9,398.8,336.0,829.7,656.0,552.5,497.6,466.2,437.6,380.5,958.0,757.4,638.0,565.0,519.4,486.6,432.4,0.8504,1.1082,1.2622,0.6579,0.8989,1.0399,0.0,0.0000,2026,1.0129,592.3,03020004WMT,8.921,4519,24.1,32.9,26.3,102.0,106.7,705.6,541.4,475.4,912.0,667.5,577.0,594.6,546.5,1.0091,1.0978,513.7,424.5,402.5,40.0,141.3,685.6,476.9,457.4,424.1,392.6,339.5,309.3,262.8,296.0,341.8,1457.5,1101.1,1450.6,46.1,141.0,1526.1,972.8,907.0,867.0,834.6,855.7,882.2,1001.2,1202.8,1388.8
AUS,2945,2945,7832,Carpe Vitae,FAREAST 19,Far East Yachts,Simonis Voogd,2017,,,,,ORC,CLUB,R,280,29 06 2026 06:56:17,5.650,5.634,1.227,2.23,667.,0.0,0.00,763.1,0.7070,848.7,0.8819,680.3,1231.2,1005.6,887.7,815.8,776.8,752.7,674.0,0.0,0.0,0.0,0.0,0.0,0.0,0.0,948.2,791.6,711.3,661.2,627.6,602.9,547.0,0.0,0.0,0.0,0.0,0.0,0.0,0.0,1220.0,943.6,799.9,707.8,651.7,605.6,512.6,43.2,41.8,40.5,38.9,38.9,39.1,40.9,146.2,148.8,150.5,156.8,157.7,155.4,138.0,1344.1,1112.6,994.1,925.2,894.5,888.8,897.8,885.7,747.7,683.8,651.2,630.9,622.4,615.0,844.0,721.3,665.2,633.9,609.8,595.9,584.8,810.5,683.1,641.6,616.1,586.0,562.1,539.1,735.2,642.2,594.4,569.1,550.8,535.8,500.4,721.3,630.1,573.4,526.8,489.7,463.7,418.9,749.2,640.8,583.3,532.0,479.6,432.1,370.0,828.9,689.0,615.7,565.3,516.2,459.4,323.9,968.5,778.1,677.0,617.0,574.7,534.9,389.8,1118.4,898.5,781.4,706.3,659.0,616.7,450.2,0.6898,0.8819,1.0203,0.5365,0.7094,0.8228,0.0,0.0000,2026,0.8095,741.2,03020004UBD,5.422,1021,9.2,13.2,6.8,0.0,38.1,869.8,680.3,588.1,1118.4,845.8,729.2,755.1,676.2,0.7946,0.8873,619.5,509.5,471.3,42.5,143.6,915.7,614.9,580.3,527.3,471.5,378.1,320.1,263.5,280.0,323.3,1757.9,1328.7,1742.6,45.5,141.1,1910.7,1225.0,1145.7,1099.1,998.9,986.4,1018.7,1156.7,1390.0,1605.1
AUS,210036,210036,79,Celestial,Cape 31,Carbotech,Mark Mills,2017,2027,,,,ORC,INTL,R,572,22 08 2026 03:06:55,9.573,9.369,2.447,3.05,1843.,0.0,0.00,548.5,0.9800,612.3,1.2258,489.5,882.7,715.4,641.4,596.3,562.1,531.5,477.0,0.0,0.0,0.0,0.0,0.0,0.0,0.0,680.3,566.5,512.6,477.7,451.5,429.8,394.1,0.0,0.0,0.0,0.0,0.0,0.0,0.0,880.9,674.8,577.3,512.8,470.3,433.0,371.2,42.7,40.2,38.9,38.2,38.0,37.8,38.1,141.7,145.4,148.9,150.3,146.0,144.2,145.5,900.4,748.2,697.6,676.3,663.7,655.5,648.6,594.3,512.2,486.3,473.4,463.6,456.6,448.3,565.4,496.0,466.6,451.7,440.6,432.9,423.6,546.8,485.9,444.2,422.6,408.4,397.7,384.5,556.0,489.7,445.0,405.8,383.0,367.1,345.3,550.0,469.9,426.6,398.7,375.3,355.5,310.4,559.2,472.3,415.5,380.1,354.4,332.7,297.7,626.4,503.2,443.3,389.0,340.8,305.0,262.5,749.1,591.1,506.7,447.3,398.9,352.9,264.5,865.0,682.6,585.1,516.4,460.6,407.5,305.4,0.9625,1.2241,1.4225,0.7509,0.9793,1.1567,0.0,0.0000,2026,1.1250,533.3,03020004WME,9.560,2627,20.6,37.8,24.0,0.0,117.0,623.4,490.2,421.8,799.0,612.7,518.7,540.3,483.6,1.1106,1.2407,450.3,375.6,350.6,39.0,149.9,659.2,451.1,423.8,377.6,331.1,283.9,269.7,230.1,209.1,241.5,1274.4,965.6,1273.3,45.2,139.3,1285.3,822.9,766.2,729.0,752.1,777.2,805.1,904.8,1094.1,1263.4
AUS,210041,210041,8251,CHALLENGE,Sydney 38,Sydney Yachts,MurrayBurnsDovell,2000,,,,,ORC,INTL,R,751,30 06 2026 22:53:26,11.795,10.862,2.601,3.71,5715.,116.2,0.00,567.7,0.9670,620.5,1.1834,507.0,918.3,739.2,644.3,594.8,565.2,545.4,515.8,0.0,0.0,0.0,0.0,0.0,0.0,0.0,707.1,583.2,522.9,491.2,471.3,455.8,430.7,0.0,0.0,0.0,0.0,0.0,0.0,0.0,917.1,696.4,584.6,523.2,489.1,460.1,412.9,42.3,40.1,38.2,37.0,36.4,36.6,36.4,143.1,147.8,152.0,157.6,165.1,168.7,164.8,930.6,764.6,685.3,654.2,639.6,630.9,622.3,616.5,523.5,483.9,468.8,461.8,457.3,451.8,588.0,506.9,472.5,457.0,449.6,444.4,437.8,570.5,496.3,464.6,445.3,432.4,424.9,414.4,555.8,482.3,452.0,435.0,424.5,410.7,392.6,575.7,485.8,447.5,421.2,401.5,386.8,360.8,593.9,495.2,453.7,424.9,399.5,376.1,342.6,662.8,535.9,474.7,441.8,413.3,386.4,332.1,784.7,618.1,523.4,472.2,441.6,414.8,361.3,906.0,713.7,603.2,535.4,490.8,459.8,409.4,0.9300,1.1894,1.3326,0.7240,0.9741,1.1127,0.0,0.0000,2026,1.0895,550.7,03020004UHB,10.641,6761,30.1,49.4,36.7,127.6,106.2,645.2,504.5,450.2,828.7,616.0,539.2,548.1,514.3,1.0946,1.1666,491.6,411.4,392.2,37.5,148.3,630.5,451.6,436.2,409.6,382.1,342.9,311.5,280.4,305.4,352.6,1324.8,998.4,1325.0,45.1,139.8,1322.2,847.9,792.3,756.7,750.0,788.2,835.8,952.5,1149.5,1327.3
AUS,257900,2579,8330,Shibumi,NORTHSHORE 369,NORTHSHORE YACHTS,JUTSON,2001,2066 Lane Cove  Australia,,,,ORC,CLUB,R,635,17 07 2026 05:24:13,11.220,9.894,2.492,3.69,4727.,0.0,0.00,588.2,0.9417,637.1,1.1424,525.2,945.2,763.5,663.3,608.9,579.2,559.4,528.9,0.0,0.0,0.0,0.0,0.0,0.0,0.0,732.3,604.7,542.3,508.3,487.9,472.4,446.8,0.0,0.0,0.0,0.0,0.0,0.0,0.0,942.3,719.9,604.1,539.7,505.1,477.1,430.9,42.4,40.4,38.5,37.1,36.4,36.1,36.0,142.2,148.5,151.4,157.9,165.9,168.7,162.4,974.4,799.8,711.3,672.6,656.3,646.8,638.3,644.3,546.5,503.8,485.7,477.7,472.6,466.8,614.2,529.3,493.0,475.3,465.7,460.1,452.9,596.1,519.0,485.5,465.3,451.2,441.7,430.5,607.9,516.6,486.7,464.2,446.0,430.8,408.9,590.6,501.2,466.3,445.6,431.9,419.5,397.7,602.9,507.2,467.7,440.4,417.9,401.0,373.1,671.6,543.3,486.1,453.3,424.1,395.5,338.9,793.3,629.8,533.4,482.6,452.6,424.9,368.2,916.0,727.2,615.2,545.1,502.1,472.0,419.5,0.8975,1.1481,1.2857,0.7023,0.9487,1.0852,0.0,0.0000,2026,1.0543,569.1,03020004VCD,9.876,5609,26.1,41.1,31.5,125.3,0.0,668.5,522.6,466.7,854.3,632.4,552.9,568.1,529.7,1.0562,1.1328,495.5,424.4,408.3,36.7,146.6,642.0,465.5,450.5,424.5,395.2,375.6,349.3,299.0,302.2,348.9,1360.4,1033.4,1357.8,45.6,141.1,1386.4,887.8,829.8,793.4,819.4,824.4,849.7,961.3,1155.6,1334.3
AUS,2558,2558,8383,KRAKATOA,YOUNG SUPER 30,HART MARINE,GREG YOUNG,2001,,,,,ORC,CLUB,C,595,18 08 2026 02:23:14,9.544,8.887,2.635,2.84,3005.,0.0,0.00,598.8,0.9192,652.7,1.1143,538.5,930.2,760.9,675.7,631.2,602.2,581.2,541.1,0.0,0.0,0.0,0.0,0.0,0.0,0.0,724.0,609.0,555.8,525.7,504.6,487.6,456.5,0.0,0.0,0.0,0.0,0.0,0.0,0.0,927.7,719.3,617.0,558.2,522.8,493.1,440.5,41.2,39.1,36.9,35.7,35.2,34.9,34.7,143.1,147.3,150.8,160.6,167.3,166.8,143.8,955.0,796.7,725.0,697.6,682.7,673.0,663.8,642.2,555.8,522.7,509.2,501.8,496.4,490.2,616.2,542.1,511.8,497.0,488.8,482.6,474.8,601.4,534.0,503.7,483.9,470.2,461.2,448.6,602.4,528.4,505.4,482.5,462.1,446.3,424.4,584.8,511.4,476.6,455.2,438.3,423.7,397.9,595.6,514.6,475.7,444.1,420.3,402.0,369.6,661.6,545.4,496.5,459.9,425.2,389.5,324.9,784.1,627.9,542.8,498.3,467.3,437.7,362.4,905.4,725.0,626.4,564.8,521.7,489.4,418.5,0.9002,1.1165,1.2495,0.7096,0.9237,1.0500,0.0,0.0000,2026,1.0306,582.2,03020004WHA,9.025,3810,20.1,32.3,27.4,98.4,107.8,666.5,537.4,480.2,845.5,649.6,571.4,583.5,539.8,1.0283,1.1115,493.3,428.8,411.9,35.6,145.7,669.7,488.8,472.3,442.3,410.5,376.6,342.7,285.2,274.4,316.8,1319.8,1008.6,1317.9,44.1,139.5,1339.4,868.0,817.5,787.7,816.0,805.6,831.8,932.2,1126.0,1300.2
AUS,7209,7209,881,Footloose,Young 88,MILNER,YOUNG,1981,TAS 7015,,,,ORC,CLUB,C,499,22 06 2026 03:46:43,8.950,8.203,1.720,3.28,2919.,0.0,0.01,661.5,0.8363,717.5,1.0166,590.2,1075.4,865.1,748.8,682.7,648.8,628.1,601.2,0.0,0.0,0.0,0.0,0.0,0.0,0.0,825.9,682.1,609.2,569.8,547.6,531.2,506.3,0.0,0.0,0.0,0.0,0.0,0.0,0.0,1076.2,815.5,680.6,605.4,567.6,536.9,483.9,42.6,41.2,38.8,37.1,36.6,36.7,36.9,145.8,150.9,152.3,160.9,169.6,177.2,177.2,1068.0,884.5,787.9,746.7,731.7,724.4,720.6,703.5,601.3,559.0,540.2,532.2,527.8,522.8,670.0,582.6,547.5,529.1,519.0,513.9,506.9,651.3,571.8,538.7,517.8,502.5,492.7,481.8,663.7,571.6,532.0,510.8,495.8,480.0,458.3,671.3,567.5,525.7,497.6,474.7,455.9,430.7,697.3,582.1,533.7,502.5,475.8,450.8,404.6,786.1,638.0,558.2,522.0,493.3,466.5,409.4,937.8,732.8,616.0,551.6,519.1,492.4,441.7,1082.8,845.6,709.7,618.6,565.8,531.8,481.9,0.7958,1.0226,1.1408,0.6184,0.8434,0.9628,0.0,0.0000,2026,0.9364,640.8,03020004TNM,8.101,3597,18.9,29.6,24.2,57.4,0.0,754.0,586.7,525.9,970.2,711.4,623.2,634.9,602.7,0.9450,0.9956,582.5,485.6,463.6,38.0,165.8,730.5,522.5,504.7,475.2,445.0,410.2,374.2,338.2,383.6,434.5,1542.8,1157.8,1547.0,46.2,135.6,1500.8,956.2,891.6,851.1,875.7,932.3,972.8,1124.4,1372.5,1584.8
AUS,253400,2534,8998,Xcalibur,IMX40,X YACHTS,JEPPESEN,1999,NSW 2701,,,,ORC,CLUB,C,700,11 06 2026 01:46:53,12.100,10.692,2.473,3.78,6724.,0.0,0.10,583.9,0.9425,636.6,1.1527,520.5,949.5,766.1,664.7,607.8,576.4,555.7,528.0,0.0,0.0,0.0,0.0,0.0,0.0,0.0,732.4,602.7,537.6,502.6,482.1,466.9,444.1,0.0,0.0,0.0,0.0,0.0,0.0,0.0,948.3,721.5,602.2,535.1,500.2,471.7,425.5,42.4,40.4,38.9,37.5,36.9,36.9,36.8,142.4,146.7,150.9,157.7,165.1,170.2,170.0,962.4,791.1,705.6,667.2,650.9,641.2,632.0,636.1,539.0,495.2,476.6,468.5,463.5,457.8,605.9,520.7,483.3,465.7,456.5,451.3,444.5,587.1,509.2,474.9,455.6,442.6,434.1,424.0,599.3,504.4,466.8,449.4,437.8,424.1,405.4,592.2,496.5,457.0,432.3,412.8,398.5,378.5,609.2,506.6,462.8,435.9,412.6,391.5,357.9,680.5,552.1,487.2,453.4,427.5,403.7,357.5,811.2,641.7,540.5,483.4,452.8,428.4,382.5,936.7,741.0,623.7,548.5,501.8,470.2,423.9,0.8988,1.1595,1.2983,0.6995,0.9492,1.0900,0.0,0.0000,2026,1.0603,565.9,03020004SQ1,10.356,7714,31.3,48.8,39.3,127.7,112.7,667.6,517.5,462.1,857.8,632.1,550.5,562.3,529.7,1.0671,1.1327,507.9,425.8,407.9,37.6,162.4,634.8,456.6,442.4,418.7,393.7,363.2,334.8,301.8,333.1,380.9,1365.5,1031.3,1365.5,45.6,138.3,1366.1,872.9,814.0,776.1,800.7,823.5,854.1,974.5,1182.0,1364.9
AUS,3401,3401,9200,Roadrunner,T920,,Steve Thompson,1995,NSW 2283,,,,ORC,CLUB,R,595,03 08 2026 23:32:01,9.200,8.814,2.572,3.42,1692.,0.0,0.00,548.8,0.9935,603.9,1.2167,493.1,843.4,699.9,634.5,592.4,556.7,522.8,470.7,0.0,0.0,0.0,0.0,0.0,0.0,0.0,660.3,565.1,517.4,484.3,457.4,434.2,399.0,0.0,0.0,0.0,0.0,0.0,0.0,0.0,840.1,663.0,576.9,517.3,475.3,437.6,378.9,41.3,38.2,36.0,35.0,34.5,34.3,34.4,144.2,147.7,153.0,150.2,143.8,144.5,148.1,876.5,738.1,688.0,666.6,654.8,646.4,640.8,587.2,522.0,497.7,484.5,475.3,468.2,459.2,563.5,509.2,481.4,466.4,456.1,448.1,437.5,550.8,499.0,463.7,440.7,426.7,415.7,399.9,561.0,503.1,463.4,429.2,403.1,385.9,361.9,539.5,478.3,443.1,415.4,391.2,369.9,325.8,547.4,476.2,428.3,395.9,368.4,345.1,308.0,596.2,503.1,444.4,391.0,345.9,313.7,270.2,701.7,573.0,505.4,448.8,397.2,345.7,260.3,810.3,661.7,581.1,518.1,458.6,399.1,300.6,0.9793,1.2113,1.4058,0.7776,0.9893,1.1725,0.0,0.0000,2026,1.1240,533.8,03020004W1H,9.425,2479,17.2,36.5,20.4,0.0,116.9,612.7,495.3,426.8,771.6,606.5,511.7,543.4,485.5,1.1042,1.2358,445.0,380.6,358.3,35.8,152.2,652.2,461.6,436.8,393.8,347.7,299.6,279.3,235.0,207.8,237.7,1199.6,917.7,1196.2,44.0,141.2,1233.0,798.5,749.4,717.4,739.3,733.8,760.5,843.9,1009.9,1166.2
AUS,2513,2513,933,ENKI,Farr 40 one design,Mconaghy,Farr,1997,NSW 2107,,,,ORC,CLUB,R,760,17 07 2026 06:08:42,12.415,11.210,2.593,3.96,4962.,0.0,0.00,526.7,1.0320,581.4,1.2676,473.3,824.3,672.0,601.3,564.7,539.9,516.7,472.8,0.0,0.0,0.0,0.0,0.0,0.0,0.0,638.5,535.6,489.6,463.0,443.2,425.7,396.5,0.0,0.0,0.0,0.0,0.0,0.0,0.0,821.8,634.6,546.2,493.5,459.9,429.8,379.1,42.3,39.7,37.7,37.1,36.6,36.3,36.4,141.9,145.3,151.4,153.7,151.6,147.6,145.0,849.2,706.3,652.6,628.7,614.3,605.1,600.0,562.6,486.2,461.8,450.9,443.5,438.2,432.2,535.7,471.6,448.8,437.6,429.4,423.5,416.3,517.7,462.1,435.9,419.2,408.9,400.8,390.7,526.6,464.4,434.9,411.3,393.5,380.6,363.2,518.8,450.1,416.8,396.1,378.6,363.1,339.3,530.7,452.3,413.6,383.7,361.6,342.6,311.7,581.5,478.1,433.1,397.0,361.8,327.0,275.5,692.3,552.3,477.0,436.5,403.6,371.0,299.4,799.4,637.7,550.1,500.8,465.4,428.4,345.7,1.0221,1.2686,1.4315,0.8020,1.0351,1.1857,0.0,0.0000,2026,1.1699,512.9,03020004VCL,11.247,6030,29.8,61.6,35.8,0.0,150.5,587.0,473.0,419.1,748.1,579.7,506.0,515.4,472.2,1.1642,1.2706,440.2,376.9,360.7,37.8,147.3,612.2,434.6,416.2,386.1,351.9,311.8,300.0,244.1,232.4,268.3,1177.4,894.1,1175.1,44.9,139.7,1200.9,770.3,717.3,681.1,699.0,717.5,743.5,829.9,999.3,1153.9
AUS,4220,4220,99,GIZMO,Sun Fast 3600 2.15,Jeanneau Yachts,Daniel Andrieu,2013,,,,,ORC,CLUB,R,667,01 09 2026 05:01:58,10.800,10.096,2.134,3.56,5038.,0.0,0.00,601.4,0.9053,662.7,1.1256,533.1,1005.5,805.5,695.4,630.9,595.2,573.0,544.5,0.0,0.0,0.0,0.0,0.0,0.0,0.0,769.3,628.6,556.6,514.3,487.0,467.5,439.3,0.0,0.0,0.0,0.0,0.0,0.0,0.0,1000.0,755.8,627.0,549.3,505.9,471.3,416.6,44.1,41.9,40.1,38.5,37.8,37.6,37.6,142.6,146.8,148.5,152.0,155.4,158.8,146.4,1060.5,861.4,757.1,694.4,660.1,644.5,636.2,691.6,577.9,521.8,491.6,473.3,461.7,452.6,655.3,554.7,506.6,480.7,462.3,448.0,434.4,630.5,531.4,487.3,463.7,449.3,433.8,408.1,600.9,512.0,472.4,445.8,423.7,407.9,390.6,600.9,503.8,461.6,430.2,403.3,380.7,348.0,614.5,511.4,467.2,435.6,407.0,378.5,326.9,692.0,554.3,490.4,456.7,427.8,400.2,339.3,823.2,649.2,548.8,492.7,463.2,438.6,392.2,950.5,749.6,633.7,567.3,530.3,501.4,452.9,0.8584,1.1297,1.2993,0.6626,0.9118,1.0566,0.0,0.0000,2026,1.0319,581.4,03020004WVJ,9.672,5957,28.5,37.3,31.3,0.0,117.7,699.0,531.1,461.8,905.5,658.0,567.9,580.8,541.2,1.0331,1.1087,505.8,410.1,387.7,38.6,137.7,643.6,451.8,430.6,398.1,371.0,313.8,291.5,263.7,318.7,368.0,1462.0,1101.3,1454.9,46.7,139.0,1533.0,975.2,907.8,866.3,825.6,850.6,876.6,995.8,1204.7,1391.1
AUS,324800,3248,A164,STICKY,COOKSON 50,COOKSON BOATS,FARR/COOKSON,2004,NSW 2114,,,,ORC,INTL,R,1275,24 07 2026 06:55:33,15.220,14.561,3.508,4.25,7519.,142.7,0.00,458.8,1.1752,510.5,1.4637,409.9,739.1,598.2,533.2,496.3,469.2,443.0,401.7,0.0,0.0,0.0,0.0,0.0,0.0,0.0,567.5,471.9,427.9,400.5,379.7,361.0,331.9,0.0,0.0,0.0,0.0,0.0,0.0,0.0,738.6,563.9,481.1,428.9,395.1,364.4,315.7,42.9,40.3,38.2,37.7,37.1,36.6,36.4,140.8,141.1,146.7,152.1,148.5,144.9,145.7,744.4,620.2,573.2,550.4,536.4,526.6,517.3,489.2,422.3,400.6,389.1,380.9,374.1,365.1,462.9,407.1,386.3,373.7,364.4,357.0,347.1,444.9,396.3,369.3,352.3,341.0,332.0,319.0,451.1,399.6,367.9,342.0,324.0,311.7,292.1,468.5,398.7,366.3,344.1,325.3,306.6,266.1,479.0,400.7,359.2,331.2,310.2,291.7,261.5,530.3,422.4,376.9,337.8,301.9,272.2,237.0,635.5,499.1,427.0,383.6,348.2,311.2,247.8,733.8,576.3,493.1,442.2,402.0,359.3,286.1,1.1545,1.4621,1.6915,0.8973,1.1757,1.3823,0.0,0.0000,2026,1.3436,446.6,03020004VLB,14.640,9356,43.6,95.7,62.2,0.0,267.5,519.7,410.4,354.7,668.7,510.3,434.1,446.8,409.5,1.3429,1.4652,375.0,313.9,296.1,37.2,148.8,522.2,364.4,344.3,313.0,279.5,243.8,237.6,210.4,197.2,227.7,1063.4,801.5,1064.2,45.6,139.3,1055.8,674.3,624.0,586.3,598.6,659.9,684.5,769.5,927.6,1071.1
AUS,7042,7042,A33,INVINCIBLE,FARR 1104,COMPASS YACHTS,BRUCE FARR,1975,,,,,ORC,CLUB,C,579,15 06 2026 01:08:51,11.010,9.296,1.862,3.68,4945.,0.0,0.24,649.3,0.8506,705.3,1.0449,574.2,1093.9,871.6,745.5,666.6,626.9,602.9,575.0,0.0,0.0,0.0,0.0,0.0,0.0,0.0,840.4,682.0,597.0,549.2,524.3,507.3,484.1,0.0,0.0,0.0,0.0,0.0,0.0,0.0,1092.3,819.5,672.3,585.3,544.0,512.9,463.4,43.7,41.9,40.6,38.9,38.2,37.9,38.0,146.4,150.5,150.7,157.5,164.9,171.3,176.3,1109.7,905.9,793.7,730.8,707.1,695.5,687.5,723.9,605.6,544.9,515.7,503.5,498.2,492.6,684.9,580.3,529.3,504.0,491.3,485.5,478.6,662.3,565.1,518.6,494.2,478.7,468.2,456.9,676.5,566.5,511.2,487.2,474.3,459.3,437.8,674.7,556.5,502.8,474.7,453.8,437.1,415.4,702.2,572.1,511.3,478.7,453.9,432.2,395.5,798.4,629.4,539.3,496.8,469.1,444.1,398.6,933.7,725.4,604.1,530.8,494.4,469.0,423.7,1078.1,837.3,697.3,602.3,546.8,510.3,462.5,0.7882,1.0526,1.1932,0.6105,0.8571,1.0026,0.0,0.0000,2026,0.9588,625.8,03020004T4U,8.823,5751,24.9,33.2,33.2,81.7,0.0,761.2,570.0,502.8,982.8,700.0,598.4,621.1,586.8,0.9660,1.0225,556.9,467.2,446.7,38.7,172.1,692.0,491.4,475.6,449.8,425.0,399.1,373.3,349.2,381.0,421.8,1595.0,1200.0,1596.0,46.4,142.6,1585.0,1005.2,931.6,885.6,914.3,959.7,1000.7,1163.3,1390.0,1605.0
AUS,7075,7075,A40,Intrigue,Castro 40,,,1984,TAS 7109,,,,ORC,CLUB,C,730,24 07 2026 06:35:22,12.210,9.989,2.606,3.97,5829.,0.0,0.00,577.5,0.9545,628.6,1.1564,518.8,904.0,740.9,653.2,604.6,576.1,556.9,527.8,0.0,0.0,0.0,0.0,0.0,0.0,0.0,701.3,589.4,534.9,505.0,485.3,470.0,446.5,0.0,0.0,0.0,0.0,0.0,0.0,0.0,903.7,700.0,595.3,536.3,503.0,474.7,429.1,41.5,39.2,37.2,36.1,35.6,35.3,35.2,141.1,148.9,152.2,159.0,166.4,170.7,167.3,907.2,759.6,692.4,664.6,650.9,642.7,634.0,607.6,528.7,498.2,484.4,477.6,473.0,467.4,582.2,514.8,487.5,473.9,466.3,461.2,454.4,566.8,505.7,479.0,462.9,451.4,443.0,431.6,577.0,502.9,473.1,458.0,442.7,428.9,408.3,576.1,495.5,461.5,437.7,417.0,402.2,382.1,592.2,503.8,465.8,439.5,414.7,392.0,362.0,657.0,540.6,485.9,454.4,427.4,401.2,354.3,780.2,625.4,532.8,483.0,453.7,427.3,377.9,900.9,722.1,613.9,544.6,501.3,471.2,421.7,0.9298,1.1605,1.2903,0.7295,0.9600,1.0893,0.0,0.0000,2026,1.0679,561.9,03020004VL8,10.043,6835,28.3,52.4,39.0,131.8,112.2,645.3,517.0,465.0,822.5,625.0,550.8,559.3,525.9,1.0727,1.1408,503.5,426.7,409.4,36.0,147.7,637.8,465.7,451.5,425.0,397.5,373.6,337.5,295.2,319.7,369.2,1274.8,965.5,1276.4,44.6,140.2,1258.8,811.5,760.4,727.3,745.8,783.7,815.2,925.1,1117.9,1290.9
AUS,210044,210044,AUS 1156,FAST EDDY,Etchells,PETTICROW,ETCHELLS,1967,,,,,ORC,CLUB,R,285,12 07 2026 04:05:34,9.300,7.132,1.389,2.09,1514.,0.0,0.18,695.4,0.7870,762.4,0.9668,620.6,1136.0,908.8,791.7,729.6,694.2,671.0,630.3,0.0,0.0,0.0,0.0,0.0,0.0,0.0,868.5,713.6,640.2,601.4,577.1,557.6,523.6,0.0,0.0,0.0,0.0,0.0,0.0,0.0,1132.1,854.3,717.0,641.2,598.3,561.5,498.9,43.6,41.1,39.3,38.5,38.4,38.3,38.7,144.9,149.6,154.6,160.4,168.5,170.8,155.0,1175.5,962.8,864.7,829.6,813.0,803.3,795.8,768.6,650.1,600.5,582.3,573.5,567.9,561.3,728.0,624.5,582.1,564.8,556.1,550.0,542.4,703.9,606.2,565.8,544.8,532.0,523.4,511.0,683.9,591.2,561.3,535.3,515.2,499.2,474.9,676.4,577.2,537.9,513.1,493.7,476.2,443.6,703.3,588.1,539.8,505.2,475.4,447.2,406.9,795.8,643.5,564.8,523.8,484.4,444.2,366.2,949.7,740.3,624.4,559.1,521.3,484.6,404.8,1096.6,854.8,718.8,629.6,575.5,538.7,464.8,0.7585,0.9715,1.0915,0.5868,0.7932,0.9070,0.0,0.0000,2026,0.8895,674.6,03020004V46,6.806,1922,13.0,21.6,9.8,43.2,0.0,791.0,617.6,549.7,1022.5,756.4,661.5,679.5,619.1,0.8831,0.9691,593.2,498.4,471.7,40.7,147.9,817.7,563.3,541.2,505.1,458.6,409.6,376.6,316.4,319.3,368.7,1652.3,1241.6,1648.4,45.8,136.0,1692.2,1079.9,1004.8,957.2,950.4,949.3,990.4,1145.7,1396.5,1612.5
AUS,2594,2594,AUS 123,Veloce,J 99  2.00,J Boats,Alan Johnstone,2017,NSW 2104,,,,ORC,INTL,R,561,11 06 2026 01:03:36,9.950,9.097,1.993,3.41,3911.,0.0,0.00,613.9,0.8928,672.0,1.0946,548.1,991.9,800.4,696.6,641.7,613.8,594.8,566.3,0.0,0.0,0.0,0.0,0.0,0.0,0.0,764.4,631.2,565.7,530.5,509.3,493.2,466.9,0.0,0.0,0.0,0.0,0.0,0.0,0.0,986.3,752.8,632.0,564.2,528.2,497.8,447.4,43.4,41.2,39.2,37.4,36.9,36.5,36.7,143.1,147.5,150.1,153.4,158.2,160.6,145.9,1047.8,856.2,755.4,705.0,685.1,675.4,670.4,688.0,580.1,531.2,508.1,497.0,491.7,486.7,654.4,559.9,519.1,497.8,485.3,478.5,471.8,635.5,548.2,510.5,488.8,472.3,460.5,447.9,614.3,525.4,493.0,477.9,466.5,452.9,426.6,599.8,513.5,477.4,451.9,431.9,417.4,391.1,613.4,520.1,481.0,452.0,425.2,399.8,363.4,683.1,557.6,502.4,469.9,440.5,411.3,346.0,810.5,644.8,552.3,504.3,476.2,451.1,400.3,935.9,744.6,637.7,578.5,542.6,514.2,462.2,0.8599,1.1003,1.2312,0.6696,0.9006,1.0189,0.0,0.0000,2026,1.0089,594.7,03020004SPW,9.035,4681,23.0,33.9,26.0,0.0,101.9,697.8,545.3,487.3,896.1,666.2,588.9,595.1,552.9,1.0083,1.0853,521.3,437.5,418.6,37.6,141.8,677.4,486.3,469.8,441.1,410.2,368.7,332.8,279.6,316.3,365.2,1425.4,1081.3,1418.3,46.0,139.5,1496.6,955.5,891.6,852.2,856.1,833.3,859.1,970.1,1172.9,1354.3
AUS,3124,3124,AUS 132,PLAYLIST,Melges 32 OD,Melges,Reichel Pugh,2002,,,,,ORC,CLUB,R,544,17 07 2026 00:25:15,9.685,9.094,2.142,2.94,1744.,0.0,0.00,530.9,1.0163,590.4,1.2559,477.8,816.1,681.1,623.1,579.8,543.1,511.1,463.5,0.0,0.0,0.0,0.0,0.0,0.0,0.0,634.1,545.7,502.2,469.4,443.1,421.7,388.5,0.0,0.0,0.0,0.0,0.0,0.0,0.0,813.5,643.6,564.2,503.7,460.7,423.7,366.5,41.9,38.5,37.1,36.3,36.0,35.8,36.3,142.0,147.5,152.8,147.3,145.4,144.3,149.0,841.7,722.4,683.7,664.0,652.3,644.5,643.5,561.0,506.2,487.2,474.4,465.3,458.0,451.1,538.0,490.4,468.8,454.9,444.8,436.7,427.5,523.9,475.5,444.6,427.6,413.9,402.7,387.7,514.5,469.4,436.8,406.8,387.1,371.0,348.6,521.9,462.1,417.6,388.8,365.9,348.8,307.0,528.8,459.8,417.3,379.2,347.4,324.7,290.8,576.2,482.7,424.8,372.6,332.6,306.2,254.2,684.5,554.2,488.1,429.2,375.7,327.1,245.6,790.4,639.9,562.6,495.6,433.8,377.7,283.5,1.0172,1.2497,1.4471,0.8015,1.0110,1.1970,0.0,0.0000,2026,1.1568,518.7,03020004VBO,9.605,2488,18.2,42.4,23.0,0.0,126.3,589.9,480.1,414.6,748.6,593.5,501.3,529.9,467.4,1.1323,1.2838,440.9,371.7,347.7,37.7,153.0,654.7,454.1,428.0,381.0,334.1,282.1,261.9,221.0,202.4,227.0,1157.9,876.1,1155.5,44.9,139.9,1181.2,758.6,705.9,668.4,665.5,691.4,732.7,817.6,982.5,1134.5
AUS,284300,2843,AUS 257,CHARLOTTE 2,CNB 76,CNB,Briand,2013,NSW 2007,,,,ORC,INTL,C,2153,29 06 2026 04:31:53,23.171,22.104,3.033,6.08,48443.,133.4,0.26,454.5,1.1862,505.8,1.4949,401.4,779.6,618.8,531.7,481.8,451.7,432.9,409.3,0.0,0.0,0.0,0.0,0.0,0.0,0.0,592.5,478.1,417.3,384.6,365.4,352.6,334.8,0.0,0.0,0.0,0.0,0.0,0.0,0.0,775.4,579.6,474.9,413.2,379.6,355.1,319.3,45.9,44.1,42.3,41.4,40.8,40.3,39.7,140.6,143.2,146.0,149.4,152.0,153.7,156.5,821.7,657.0,572.3,531.0,509.6,496.2,481.0,523.0,427.7,379.8,357.3,346.8,340.5,333.6,485.5,404.4,362.7,343.3,334.0,328.9,322.8,458.6,387.9,351.2,332.8,322.5,315.8,308.0,466.3,392.8,353.2,332.4,319.7,309.9,295.3,470.0,383.6,340.6,320.4,308.8,299.9,285.1,482.7,389.9,342.9,320.3,304.6,291.1,273.4,532.5,425.3,366.6,334.5,315.6,299.4,269.1,638.7,502.9,425.3,374.6,342.1,322.6,293.5,737.5,580.6,491.1,432.6,393.8,369.6,337.5,1.1208,1.5057,1.7185,0.8581,1.1944,1.3995,0.0,0.0000,2026,1.3629,440.2,03020004UAQ,18.961,52344,110.7,175.7,143.8,0.0,484.7,535.3,398.5,349.1,699.2,502.3,428.7,437.4,408.4,1.3716,1.4692,391.6,321.9,306.9,39.7,148.8,475.7,330.4,319.6,302.7,286.5,277.8,258.9,239.6,266.3,307.5,1145.3,854.4,1139.4,48.6,138.3,1203.5,750.0,677.3,622.1,633.6,666.2,690.5,776.6,941.4,1087.1
AUS,283900,2839,AUS 29,Antares,5.5 Metre,"Mr I, Perdriau",Mr E. B. Fay,1970,,,,,ORC,CLUB,R,150,16 07 2026 06:31:51,9.070,7.781,1.350,1.90,2026.,0.0,0.24,706.4,0.7718,777.4,0.9495,631.9,1145.0,917.3,806.4,745.6,710.0,686.8,654.9,0.0,0.0,0.0,0.0,0.0,0.0,0.0,876.7,719.5,648.1,612.0,590.4,574.4,548.2,0.0,0.0,0.0,0.0,0.0,0.0,0.0,1138.9,861.4,727.9,653.5,612.3,579.1,524.2,43.4,41.5,40.8,40.5,40.4,40.4,40.6,144.6,149.2,151.6,159.6,168.1,173.0,166.3,1206.0,989.6,902.2,869.1,851.0,839.3,832.0,789.5,661.8,610.7,592.7,582.9,576.4,570.2,746.5,632.6,587.6,570.9,562.2,556.2,549.9,715.5,611.7,567.9,549.3,538.7,531.7,522.4,694.8,602.0,564.1,539.1,523.9,512.7,496.8,677.6,577.3,542.4,526.1,512.9,501.4,481.2,699.7,584.5,539.9,514.3,496.7,482.7,457.0,788.4,634.7,557.4,521.4,491.9,465.0,403.3,938.8,731.8,616.2,551.5,517.5,487.4,421.2,1084.0,845.1,710.7,622.2,569.0,534.3,477.8,0.7518,0.9561,1.0553,0.5819,0.7779,0.8815,0.0,0.0000,2026,0.8735,686.9,03020004VA3,6.843,2300,14.2,21.7,10.4,47.2,0.0,798.1,627.5,568.6,1031.1,771.3,680.7,694.6,622.5,0.8638,0.9639,628.1,530.9,502.6,42.6,150.8,863.2,575.4,550.5,519.0,488.2,456.3,430.8,366.7,340.6,393.0,1666.7,1250.9,1660.4,46.3,135.8,1729.4,1100.3,1020.7,968.1,956.6,946.4,984.5,1138.7,1389.0,1603.9
AUS,3419,3419,AUS 320,ROCK N ROLL,MELGES 32 OD,MELGES,REICHEL/PUGH,2005,,,,,ORC,CLUB,R,629,29 06 2026 03:12:59,9.685,9.111,2.140,2.94,1714.,0.0,0.00,535.1,1.0095,594.3,1.2434,482.5,815.6,682.3,625.6,584.2,548.6,517.3,469.8,0.0,0.0,0.0,0.0,0.0,0.0,0.0,635.1,547.6,505.7,474.9,449.6,427.3,395.2,0.0,0.0,0.0,0.0,0.0,0.0,0.0,813.2,645.0,566.5,508.6,467.4,431.0,373.5,42.0,38.5,37.5,36.8,36.6,36.5,37.1,141.9,147.5,152.9,148.7,145.3,144.4,149.1,839.7,723.9,688.1,670.3,660.2,653.3,653.5,559.5,506.9,489.3,477.8,469.6,462.9,457.0,536.7,491.0,471.3,458.3,449.0,441.5,433.0,522.6,475.6,447.0,431.0,418.1,407.6,393.4,528.8,476.9,437.5,409.7,391.2,375.6,354.2,522.1,467.2,434.8,408.0,384.5,353.5,311.9,528.9,460.7,419.6,389.1,362.7,340.1,302.8,577.0,484.0,426.5,375.2,335.8,309.2,265.7,685.5,554.8,488.9,431.4,378.5,330.2,247.8,791.6,640.6,563.2,498.2,437.1,381.3,286.1,1.0146,1.2374,1.4257,0.8011,1.0045,1.1827,0.0,0.0000,2026,1.1466,523.3,03020004UAI,9.518,2543,18.3,42.6,23.6,0.0,125.5,591.4,484.9,420.8,749.0,597.3,507.3,533.7,470.3,1.1241,1.2759,448.7,379.2,354.0,38.8,153.1,668.8,461.3,435.0,388.2,340.4,288.0,268.2,231.8,203.9,228.5,1156.6,877.9,1154.5,44.9,139.9,1177.6,756.1,703.6,666.1,680.5,708.6,733.5,818.2,983.4,1135.5
AUS,2002,2002,AUS 4764,Waterborne Again,J-24,,JOHNSTONE,1977,,,,,ORC,CLUB,S,400,26 06 2026 01:51:51,7.318,6.529,1.225,2.69,1269.,0.0,0.00,728.9,0.7568,792.8,0.9216,651.1,1173.1,948.5,827.1,754.0,719.4,699.7,676.2,0.0,0.0,0.0,0.0,0.0,0.0,0.0,904.5,751.9,673.9,629.1,604.0,585.1,556.4,0.0,0.0,0.0,0.0,0.0,0.0,0.0,1172.4,894.6,752.2,669.1,626.8,591.1,525.7,43.4,41.5,39.9,38.5,38.2,38.4,39.7,148.0,152.3,157.7,164.6,174.5,177.2,176.3,1179.8,985.0,885.1,833.6,819.4,815.6,826.8,775.0,665.6,619.3,597.0,587.1,582.9,580.2,736.5,643.0,605.3,583.9,570.9,565.4,558.4,715.7,632.2,594.6,569.8,550.9,537.9,523.7,727.4,635.1,587.3,559.5,542.3,521.8,491.5,742.8,631.0,582.3,546.8,515.9,487.5,449.9,768.9,645.4,591.0,554.5,520.8,486.8,420.0,858.2,702.4,617.4,576.5,542.3,509.5,435.1,1010.1,791.6,672.0,607.5,571.4,539.6,476.0,1166.4,912.1,769.2,674.4,619.4,583.8,525.7,0.7244,0.9259,1.0361,0.5656,0.7634,0.8623,0.0,0.0000,2026,0.8499,706.0,03020004U6O,6.473,1802,12.0,16.0,18.8,35.3,0.0,828.3,648.0,579.1,1060.8,786.0,695.8,703.1,661.6,0.8534,0.9069,665.7,536.7,501.4,42.7,160.4,868.6,587.5,560.7,516.7,473.5,422.5,372.2,343.4,403.2,462.8,1688.9,1267.3,1692.8,46.3,135.7,1650.8,1049.3,974.7,929.0,954.1,1025.8,1068.0,1222.9,1495.7,1727.1
AUS,2016,2016,AUS 4793,Innamincka,J-24,J-BOATS,JOHNSTONE,1977,NSW 2000,,,,ORC,CLUB,S,400,07 07 2026 07:01:14,7.318,6.529,1.225,2.69,1269.,0.0,0.00,728.9,0.7568,792.8,0.9216,651.1,1173.1,948.5,827.1,754.0,719.4,699.7,676.2,0.0,0.0,0.0,0.0,0.0,0.0,0.0,904.5,751.9,673.9,629.1,604.0,585.1,556.4,0.0,0.0,0.0,0.0,0.0,0.0,0.0,1172.4,894.6,752.2,669.1,626.8,591.1,525.7,43.4,41.5,39.9,38.5,38.2,38.4,39.7,148.0,152.3,157.7,164.6,174.5,177.2,176.3,1179.8,985.0,885.1,833.6,819.4,815.6,826.8,775.0,665.6,619.3,597.0,587.1,582.9,580.2,736.5,643.0,605.3,583.9,570.9,565.4,558.4,715.7,632.2,594.6,569.8,550.9,537.9,523.7,727.4,635.1,587.3,559.5,542.3,521.8,491.5,742.8,631.0,582.3,546.8,515.9,487.5,449.9,768.9,645.4,591.0,554.5,520.8,486.8,420.0,858.2,702.4,617.4,576.5,542.3,509.5,435.1,1010.1,791.6,672.0,607.5,571.4,539.6,476.0,1166.4,912.1,769.2,674.4,619.4,583.8,525.7,0.7244,0.9259,1.0361,0.5656,0.7634,0.8623,0.0,0.0000,2026,0.8499,706.0,03020004USS,6.473,1802,12.0,16.0,18.8,35.3,0.0,828.3,648.0,579.1,1060.8,786.0,695.8,703.1,661.6,0.8534,0.9069,665.7,536.7,501.4,42.7,160.4,868.6,587.5,560.7,516.7,473.5,422.5,372.2,343.4,403.2,462.8,1688.9,1267.3,1692.8,46.3,135.7,1650.8,1049.3,974.7,929.0,954.1,1025.8,1068.0,1222.9,1495.7,1727.1
AUS,2670,2670,AUS 5299,PORCO ROSSO,COOKSON 50,COOKSON BOATS,FARR,2004,MHYC,,,,ORC,INTL,R,1080,28 08 2026 06:11:40,15.220,14.373,3.545,4.25,7526.,121.0,0.00,443.6,1.2054,497.8,1.5193,394.9,723.4,587.0,519.8,483.8,457.1,431.4,384.9,0.0,0.0,0.0,0.0,0.0,0.0,0.0,555.0,461.7,415.0,385.3,362.7,343.1,311.0,0.0,0.0,0.0,0.0,0.0,0.0,0.0,723.1,552.9,468.0,414.3,378.6,345.7,292.2,42.8,41.3,38.6,37.4,36.7,36.5,36.3,141.1,142.4,147.8,152.1,148.5,142.4,142.1,727.1,605.4,551.3,528.8,515.9,507.3,496.5,478.0,410.6,385.8,372.3,362.4,354.9,343.7,452.4,396.8,370.6,355.4,344.7,336.4,323.9,435.4,387.4,355.5,333.1,319.8,308.6,291.8,440.5,384.0,355.2,326.7,302.0,286.6,264.1,450.6,388.1,346.7,313.1,291.3,274.3,242.7,473.2,394.0,347.7,312.1,285.6,261.3,231.2,521.7,419.1,372.8,332.7,293.1,259.1,215.5,623.3,492.4,422.8,380.5,344.9,307.9,236.7,719.7,568.5,488.3,438.7,398.3,355.6,273.4,1.1803,1.5155,1.7858,0.9158,1.2055,1.4272,0.0,0.0000,2026,1.3894,431.8,03020004WR5,15.159,9146,42.9,96.8,66.6,0.0,267.5,508.3,395.9,336.0,655.2,497.7,420.4,431.6,399.9,1.3901,1.5005,356.0,290.8,272.0,37.1,147.2,498.8,340.4,318.4,283.0,249.9,216.9,211.1,183.2,184.6,213.2,1037.0,779.2,1038.2,45.3,139.7,1025.6,655.8,607.9,571.8,582.3,619.2,662.3,755.7,908.0,1048.5
AUS,3082,3082,AUS 61,Tigris,Flying Tiger 10,Hansheng Yachts,Bob Perry,2007,,,,,ORC,CLUB,C,565,07 08 2026 04:53:29,9.940,9.241,2.276,2.79,2243.,0.0,0.01,572.0,0.9500,631.6,1.1710,512.4,908.5,736.1,653.3,613.1,585.2,557.3,503.9,0.0,0.0,0.0,0.0,0.0,0.0,0.0,701.7,585.7,531.3,500.4,477.6,456.9,422.4,0.0,0.0,0.0,0.0,0.0,0.0,0.0,904.7,694.6,593.1,534.0,496.3,461.2,401.5,42.5,40.4,37.9,37.3,36.9,36.7,37.0,142.1,145.9,151.6,152.4,149.5,145.6,145.2,946.7,780.2,710.0,685.9,673.6,666.0,660.6,624.8,534.9,502.6,490.2,482.7,477.2,471.0,593.7,519.1,488.6,473.9,464.9,458.6,450.8,573.2,508.7,475.7,452.3,439.2,430.1,417.8,577.6,507.2,476.0,445.7,421.5,404.4,383.1,559.0,486.3,448.2,424.6,404.4,386.3,355.5,569.6,488.7,442.7,407.8,383.9,362.5,325.2,632.1,517.7,466.0,421.9,379.0,337.7,286.0,753.7,599.2,517.4,469.1,430.2,388.5,300.8,870.3,691.9,596.6,540.2,496.7,448.6,347.3,0.9322,1.1716,1.3358,0.7297,0.9528,1.1024,0.0,0.0000,2026,1.0793,555.9,03020004W5R,9.360,3013,19.5,35.0,22.0,0.0,99.7,643.6,512.1,449.2,822.3,629.7,544.3,561.6,508.7,1.0684,1.1794,472.2,401.1,378.4,38.7,148.5,677.4,473.8,451.3,413.2,370.0,320.0,296.1,250.8,231.2,267.0,1304.5,991.4,1300.0,44.9,139.4,1349.4,865.2,807.0,767.9,790.9,777.2,805.6,902.8,1090.8,1259.6
AUS,2763,2763,AUS 615,MERCURY,FARR 40 OD - MOD,,FARR,1996,NSW 210,,,,ORC,INTL,R,760,14 08 2026 05:35:28,12.415,11.380,2.480,3.96,5621.,127.1,0.00,539.5,1.0138,591.8,1.2433,482.6,863.7,698.1,614.1,569.9,542.5,522.4,486.7,0.0,0.0,0.0,0.0,0.0,0.0,0.0,666.2,552.4,499.3,469.5,449.0,432.6,405.4,0.0,0.0,0.0,0.0,0.0,0.0,0.0,862.4,658.6,557.8,500.6,465.8,435.8,386.6,42.7,40.4,38.2,37.1,36.9,36.6,36.4,143.0,146.4,150.9,157.1,163.7,163.9,150.9,877.0,722.1,657.2,631.4,616.8,607.6,598.5,577.9,493.6,463.6,451.7,444.5,439.4,432.9,549.3,478.4,451.8,439.0,431.1,425.1,417.4,530.5,468.8,441.7,423.7,411.7,403.7,391.9,540.6,471.2,441.6,419.2,400.7,386.5,367.1,545.7,462.7,426.2,399.5,381.1,366.3,343.7,558.1,468.0,430.4,399.6,372.3,347.9,315.9,619.5,501.4,448.9,415.3,384.5,353.9,298.6,736.5,583.8,494.7,447.9,416.3,386.4,324.8,850.4,674.2,570.9,508.4,468.2,437.2,374.8,0.9847,1.2469,1.4069,0.7683,1.0196,1.1673,0.0,0.0000,2026,1.1453,523.9,03020004WDC,11.283,6704,31.1,57.8,40.6,154.8,119.0,609.3,481.2,426.5,780.9,588.5,514.0,523.5,487.2,1.1462,1.2316,454.7,383.6,364.2,37.6,148.1,607.0,432.4,415.0,386.4,354.3,323.4,289.9,249.9,261.9,302.5,1243.4,939.4,1243.2,45.4,139.5,1245.3,795.6,739.0,700.9,720.3,760.3,787.6,889.1,1075.1,1241.4
AUS,2302,2302,AUS 8884,EXILE,FARR 40 OD,CARROLL,FARR,1997,,,,,ORC,CLUB,R,760,13 07 2026 03:37:47,12.415,11.221,2.593,3.96,4966.,0.0,0.00,526.5,1.0340,580.3,1.2663,473.8,820.6,673.0,603.0,562.5,536.5,515.4,475.0,0.0,0.0,0.0,0.0,0.0,0.0,0.0,633.6,534.7,490.4,463.5,444.3,427.4,398.2,0.0,0.0,0.0,0.0,0.0,0.0,0.0,820.6,635.5,547.4,493.7,460.9,431.9,382.5,42.3,39.5,37.7,37.3,36.8,36.5,36.6,142.6,143.4,150.9,157.3,161.4,158.6,148.5,820.9,693.6,648.8,627.3,614.4,605.6,599.4,544.5,479.2,459.2,449.1,442.3,437.0,430.6,518.9,464.7,445.8,435.5,427.7,421.7,414.1,502.4,454.6,431.1,416.6,406.5,398.3,387.2,509.3,456.1,427.9,405.9,389.8,377.6,358.8,527.6,455.9,426.0,407.7,392.0,373.6,333.4,539.3,458.0,421.8,394.8,375.8,358.3,327.4,596.4,486.1,438.6,402.9,369.5,336.8,291.0,710.4,564.9,482.8,438.0,404.0,371.0,303.6,820.3,652.3,557.1,497.8,458.7,425.2,350.5,1.0271,1.2668,1.4263,0.8034,1.0368,1.1869,0.0,0.0000,2026,1.1680,513.7,03020004V4P,11.278,6045,29.8,65.0,43.2,162.0,0.0,584.2,473.6,420.7,746.8,578.7,505.5,513.1,473.9,1.1695,1.2661,444.4,378.4,360.8,38.0,149.0,611.7,432.3,413.3,382.5,346.6,305.1,301.3,260.4,239.9,277.0,1170.5,883.5,1172.6,45.2,139.3,1150.0,737.4,685.4,649.0,663.5,729.9,757.6,852.4,1031.4,1191.0
AUS,2886,2886,AUS 932,Karabos,Etchells,PETTICROW,ETCHELLS,1967,,,,,ORC,CLUB,R,285,11 06 2026 02:12:24,9.300,7.132,1.389,2.09,1514.,0.0,0.18,695.8,0.7870,762.3,0.9663,620.9,1137.0,909.3,791.9,729.5,693.9,670.6,629.6,0.0,0.0,0.0,0.0,0.0,0.0,0.0,869.4,714.2,640.6,601.7,577.2,557.6,523.6,0.0,0.0,0.0,0.0,0.0,0.0,0.0,1133.1,854.8,717.4,641.4,598.4,561.7,499.1,43.6,41.0,39.3,38.4,38.2,38.2,38.5,144.9,149.6,154.6,160.4,168.5,170.8,155.0,1176.1,962.7,864.2,828.6,811.6,801.7,793.8,769.2,650.5,600.8,582.6,573.7,568.1,561.4,728.7,625.1,582.6,565.2,556.5,550.3,542.7,704.7,606.9,566.5,545.3,532.5,524.0,511.5,684.7,591.9,562.0,536.0,515.8,499.8,475.5,677.2,577.9,538.6,513.7,494.3,476.8,444.1,704.2,588.9,540.4,505.8,476.0,447.8,407.4,796.8,644.3,565.5,524.5,485.0,444.7,366.6,950.9,741.3,625.2,559.8,521.9,485.2,405.4,1098.0,855.9,719.7,630.4,576.2,539.4,465.4,0.7578,0.9710,1.0914,0.5864,0.7932,0.9077,0.0,0.0000,2026,0.8891,674.8,03020004SQ4,6.814,1922,13.0,21.6,9.8,43.2,0.0,791.8,617.9,549.8,1023.2,756.4,661.0,679.5,619.7,0.8829,0.9682,592.1,498.1,471.8,40.4,147.9,815.0,563.2,541.4,505.5,459.2,410.1,377.0,316.8,319.7,369.2,1653.8,1242.8,1649.8,45.8,136.0,1692.9,1080.7,1005.7,958.2,951.7,950.5,991.7,1147.2,1398.2,1614.6
AUS,216720,216720,AUS0103,THE EDGE,DUNNING 44,McConaghy,Dunning,2019,,,,,ORC,INTL,R,900,24 07 2026 07:13:31,13.550,13.411,3.164,4.29,5123.,131.9,0.00,462.0,1.1619,516.4,1.4574,411.7,749.0,608.5,542.5,502.8,471.0,443.7,403.3,0.0,0.0,0.0,0.0,0.0,0.0,0.0,575.9,480.0,432.7,401.9,377.9,358.0,328.1,0.0,0.0,0.0,0.0,0.0,0.0,0.0,748.1,573.4,488.1,431.5,393.4,360.8,309.8,42.9,40.3,38.5,37.8,37.2,36.7,36.7,141.1,142.4,147.8,148.3,145.9,146.2,145.9,758.3,634.2,585.7,561.0,546.1,535.6,524.4,498.4,431.3,406.9,392.4,381.5,372.9,361.3,471.6,415.3,389.5,373.4,361.8,352.6,340.3,452.9,402.8,369.8,348.6,335.0,323.9,307.6,458.7,405.8,368.4,338.0,316.4,301.8,279.4,475.9,404.8,364.9,340.0,319.2,299.1,257.8,486.4,407.0,359.4,326.2,303.6,284.7,254.9,535.4,429.3,378.8,335.1,297.4,267.6,231.0,640.7,504.7,432.4,385.0,342.9,304.8,244.5,739.8,582.8,499.3,444.6,396.0,351.9,282.3,1.1365,1.4540,1.7057,0.8840,1.1608,1.3780,0.0,0.0000,2026,1.3355,449.3,03020004VLD,13.792,6470,36.3,78.9,52.3,0.0,219.0,527.9,412.7,351.8,678.7,516.9,435.4,451.7,411.0,1.3284,1.4597,372.1,306.2,286.8,37.4,148.7,523.8,356.6,333.4,297.0,264.5,230.2,228.1,200.6,190.9,220.5,1075.7,812.0,1076.3,45.4,139.6,1070.7,684.7,634.1,596.2,609.6,669.0,692.9,777.6,936.0,1080.8
AUS,3034,3034,AUS081,NANOOK,J 99,JBOATS,JBOATS,2018,,,,,ORC,CLUB,C,500,29 06 2026 03:40:38,9.950,9.067,1.998,3.41,3976.,0.0,0.18,613.6,0.8888,675.1,1.0922,549.4,985.1,797.2,696.4,646.5,620.4,601.5,572.9,0.0,0.0,0.0,0.0,0.0,0.0,0.0,757.0,627.9,564.9,532.5,513.1,497.8,472.0,0.0,0.0,0.0,0.0,0.0,0.0,0.0,979.7,749.7,631.5,566.8,531.9,502.5,453.1,43.2,40.8,38.9,37.5,37.3,37.1,37.3,143.1,147.6,150.3,153.4,158.3,161.0,147.3,1039.0,852.1,756.3,714.7,698.4,689.1,682.2,682.9,578.4,531.2,511.2,502.5,497.5,492.2,649.1,558.1,518.5,499.5,489.6,484.2,477.6,618.4,534.3,504.6,488.3,474.5,465.1,454.2,593.2,518.8,488.3,470.9,460.0,451.4,432.3,599.1,513.6,478.5,455.1,438.2,420.7,388.8,612.6,520.0,481.3,453.2,428.0,405.0,370.0,680.3,557.2,502.4,470.1,441.0,412.2,349.8,806.5,642.8,551.5,504.1,476.3,451.6,401.5,931.2,742.2,636.6,578.3,542.4,514.0,463.6,0.8665,1.0981,1.2197,0.6733,0.8966,1.0075,0.0,0.0000,2026,1.0060,596.4,03020004UAL,8.898,4678,22.7,32.9,26.4,0.0,99.0,692.4,546.4,491.9,891.1,669.2,595.5,597.0,552.4,1.0051,1.0862,530.5,444.1,423.7,38.5,142.1,690.4,492.1,476.3,449.0,418.3,366.6,331.0,289.4,320.9,370.6,1410.5,1063.8,1403.9,46.0,139.5,1477.0,942.0,877.4,836.3,795.7,827.5,854.2,963.0,1163.9,1344.0
AUS,2204,2204,AUS115,AZZURRO,J 99,J Boats,Alan jonhstone,2017,,,,,ORC,CLUB,C,557,18 08 2026 02:53:13,9.940,9.060,1.993,3.41,3898.,0.0,0.14,613.6,0.8966,669.2,1.0943,548.3,989.9,799.1,695.8,639.5,609.1,589.2,560.2,0.0,0.0,0.0,0.0,0.0,0.0,0.0,762.4,630.0,565.4,530.9,510.1,494.0,468.1,0.0,0.0,0.0,0.0,0.0,0.0,0.0,984.8,751.7,631.6,565.0,528.8,498.4,448.7,43.3,41.1,39.1,37.8,37.3,37.1,37.3,143.1,147.3,153.0,159.7,166.8,170.0,165.6,1041.0,851.5,754.5,712.8,696.6,687.7,681.6,682.8,576.9,529.7,509.9,501.3,496.5,491.5,648.4,556.6,517.2,498.3,488.4,483.2,476.7,628.6,544.2,507.9,487.2,473.2,463.7,452.9,614.4,525.9,495.5,481.4,467.5,452.3,430.2,600.3,513.3,477.8,453.9,436.3,422.2,397.3,614.3,520.2,480.8,452.1,426.5,402.9,370.3,685.0,558.6,502.6,469.9,440.3,411.1,347.7,813.0,646.6,553.2,503.3,472.6,444.7,388.8,938.8,746.7,637.1,566.3,521.6,490.8,438.7,0.8619,1.1000,1.2288,0.6708,0.9037,1.0286,0.0,0.0000,2026,1.0084,595.0,03020004WHF,8.919,4665,22.7,33.5,27.8,100.9,100.1,696.1,545.5,488.3,894.5,663.9,583.3,596.6,550.3,1.0056,1.0903,528.7,444.2,425.3,38.5,142.1,689.9,491.5,475.4,447.4,416.2,376.1,342.3,286.0,318.3,367.6,1420.5,1076.7,1414.2,46.0,139.4,1482.8,944.8,879.6,838.3,855.6,833.9,860.2,972.4,1176.1,1358.1
AUS,2118,2118,AUS131,BLUETACK,FARR 40 OD,CARROLL,FARR,1997,NSW 208,,,,ORC,CLUB,R,760,07 07 2026 00:09:43,12.415,11.245,2.597,3.96,5056.,0.0,0.00,528.9,1.0314,581.7,1.2617,475.5,828.4,677.0,604.4,563.3,536.7,515.7,476.1,0.0,0.0,0.0,0.0,0.0,0.0,0.0,639.5,537.8,492.0,464.8,445.3,428.8,399.8,0.0,0.0,0.0,0.0,0.0,0.0,0.0,828.1,639.3,549.0,494.8,461.8,433.2,384.4,42.4,39.6,37.6,37.1,36.5,36.2,36.2,142.6,143.5,151.1,157.3,162.6,159.9,148.8,830.9,697.7,649.2,626.6,612.6,603.5,596.7,550.8,481.6,460.1,449.8,442.7,437.4,431.0,524.7,467.2,446.9,436.5,428.6,422.6,415.0,507.8,457.5,433.3,418.0,408.1,400.0,389.0,515.5,459.4,431.0,408.6,392.1,380.0,361.6,530.2,457.3,427.0,408.8,393.3,378.0,337.5,542.3,459.8,423.5,396.3,377.3,360.0,329.4,600.5,489.0,440.8,405.5,372.5,339.9,293.2,715.3,568.4,485.0,440.2,406.7,374.3,307.8,825.9,656.3,559.6,500.0,460.8,427.9,355.4,1.0193,1.2629,1.4216,0.7971,1.0348,1.1855,0.0,0.0000,2026,1.1639,515.5,03020004USE,11.302,6134,29.9,64.4,41.8,159.1,0.0,588.6,475.1,422.1,752.7,579.8,506.1,514.6,476.4,1.1660,1.2594,444.9,379.8,362.9,37.5,148.8,607.9,432.4,414.0,384.1,349.7,309.8,304.5,262.5,244.1,281.9,1184.0,894.1,1185.7,45.1,139.3,1167.9,748.9,696.4,660.2,675.9,734.3,762.4,858.8,1039.4,1200.2
AUS,7049,7049,AUS138,Crazy Diamond,Melges 32,Melges,REICHEL/PUGH,2005,,,,,ORC,CLUB,R,637,12 07 2026 03:41:41,9.685,9.161,2.143,2.94,1756.,0.0,0.00,535.1,1.0098,594.2,1.2471,481.1,826.5,683.9,624.0,583.5,548.4,516.4,466.5,0.0,0.0,0.0,0.0,0.0,0.0,0.0,643.0,549.3,504.5,472.7,446.8,424.5,389.8,0.0,0.0,0.0,0.0,0.0,0.0,0.0,823.6,646.8,564.9,506.5,464.8,427.6,368.3,42.1,38.7,37.2,36.5,36.3,36.1,36.6,141.9,147.3,152.9,149.8,144.7,143.4,147.9,855.2,723.0,681.9,663.4,653.1,645.7,643.6,568.4,506.9,486.1,473.6,464.7,457.6,449.8,544.3,492.0,467.8,453.9,444.0,435.9,425.9,529.5,480.0,445.4,426.6,412.8,401.3,385.4,536.5,482.4,441.6,407.9,385.8,369.7,345.8,524.6,464.1,430.3,402.8,378.8,355.8,307.1,532.5,461.7,415.2,384.1,357.2,334.3,297.1,581.3,487.9,430.5,377.4,334.1,304.6,260.3,690.9,558.4,491.6,436.1,384.3,335.2,250.6,797.8,644.7,566.0,503.6,443.7,387.1,289.4,1.0065,1.2417,1.4386,0.7945,1.0058,1.1865,0.0,0.0000,2026,1.1498,521.8,03020004V43,9.647,2594,18.5,41.7,22.2,0.0,122.3,596.1,483.2,417.1,755.2,596.5,505.7,531.5,471.5,1.1288,1.2726,443.1,372.3,347.3,38.0,152.1,656.0,452.7,425.9,377.8,330.9,280.9,263.3,227.4,201.8,230.2,1174.0,892.0,1171.0,44.9,139.8,1203.7,772.9,719.5,681.9,697.7,714.3,739.3,824.3,991.0,1144.3
AUS,2885,2885,AUS1449,2107 RACING,Etchells,PETTICROW,ETCHELLS,1967,2107,,,,ORC,CLUB,R,285,29 06 2026 00:20:32,9.300,7.132,1.389,2.09,1514.,0.0,0.18,695.4,0.7870,762.4,0.9668,620.6,1136.0,908.8,791.7,729.6,694.2,671.0,630.3,0.0,0.0,0.0,0.0,0.0,0.0,0.0,868.5,713.6,640.2,601.4,577.1,557.6,523.6,0.0,0.0,0.0,0.0,0.0,0.0,0.0,1132.1,854.3,717.0,641.2,598.3,561.5,498.9,43.6,41.1,39.3,38.5,38.4,38.3,38.7,144.9,149.6,154.6,160.4,168.5,170.8,155.0,1175.5,962.8,864.7,829.6,813.0,803.3,795.8,768.6,650.1,600.5,582.3,573.5,567.9,561.3,728.0,624.5,582.1,564.8,556.1,550.0,542.4,703.9,606.2,565.8,544.8,532.0,523.4,511.0,683.9,591.2,561.3,535.3,515.2,499.2,474.9,676.4,577.2,537.9,513.1,493.7,476.2,443.6,703.3,588.1,539.8,505.2,475.4,447.2,406.9,795.8,643.5,564.8,523.8,484.4,444.2,366.2,949.7,740.3,624.4,559.1,521.3,484.6,404.8,1096.6,854.8,718.8,629.6,575.5,538.7,464.8,0.7585,0.9715,1.0915,0.5868,0.7932,0.9070,0.0,0.0000,2026,0.8895,674.6,03020004U9U,6.806,1922,13.0,21.6,9.8,43.2,0.0,791.0,617.6,549.7,1022.5,756.4,661.5,679.5,619.1,0.8831,0.9691,593.2,498.4,471.7,40.7,147.9,817.7,563.3,541.2,505.1,458.6,409.6,376.6,316.4,319.3,368.7,1652.3,1241.6,1648.4,45.8,136.0,1692.2,1079.9,1004.8,957.2,950.4,949.3,990.4,1145.7,1396.5,1612.5
AUS,3314,3314,AUS185,THE MENACE,FarEAST 28R,Shanghai Far East,Simonis & Voogd,2015,,,,,ORC,CLUB,S,415,29 06 2026 04:03:50,8.520,8.368,1.716,2.79,1309.,0.0,0.00,589.9,0.9103,659.1,1.1421,525.4,960.1,772.1,685.3,640.2,606.8,576.5,514.9,0.0,0.0,0.0,0.0,0.0,0.0,0.0,739.0,610.5,548.9,511.8,484.3,461.3,421.2,0.0,0.0,0.0,0.0,0.0,0.0,0.0,956.1,727.4,617.7,549.3,504.2,464.4,394.2,43.9,41.1,39.1,39.0,38.9,38.9,39.6,142.2,146.0,151.2,150.4,147.1,145.8,143.8,1000.2,818.3,748.5,725.7,714.7,709.0,706.2,652.5,555.4,519.2,505.0,495.8,489.6,482.2,618.3,537.4,500.3,481.7,470.7,463.0,454.3,596.8,525.6,482.2,451.1,435.6,423.9,409.0,606.7,522.4,483.3,442.3,410.0,390.5,365.5,587.4,500.7,447.1,416.8,392.2,371.3,332.6,599.7,505.5,445.1,398.5,369.6,346.6,305.9,668.4,541.9,478.0,422.8,372.0,325.9,265.0,796.8,628.7,539.2,480.6,432.1,384.5,280.3,920.0,726.0,622.0,554.8,499.0,444.0,323.6,0.8892,1.1417,1.3274,0.6927,0.9120,1.0695,0.0,0.0000,2026,1.0479,572.6,03020004UAP,8.419,1870,15.9,26.6,18.9,0.0,75.8,674.8,525.5,452.0,866.2,657.9,561.0,582.2,520.5,1.0306,1.1526,488.2,401.2,371.1,41.1,148.4,722.9,485.7,454.2,401.9,350.1,293.5,271.5,232.1,219.6,253.5,1388.5,1052.5,1383.9,46.0,139.7,1434.9,913.4,848.3,805.9,831.9,829.1,856.2,962.5,1162.4,1342.2
AUS,2883,2883,AUS204,Force 8,11 Metre,Technology Yachts,Holland,1991,NSW 2107,,,,ORC,CLUB,R,350,29 06 2026 02:01:24,10.305,8.524,1.709,2.52,1671.,0.0,0.09,606.3,0.8950,670.4,1.1018,544.6,954.8,775.7,694.8,651.0,620.8,593.3,546.2,0.0,0.0,0.0,0.0,0.0,0.0,0.0,737.1,615.0,562.8,532.4,510.1,489.9,458.9,0.0,0.0,0.0,0.0,0.0,0.0,0.0,950.2,730.8,629.3,569.3,530.2,494.9,436.8,43.4,40.7,39.3,39.0,39.3,39.3,40.3,143.5,147.0,153.2,157.0,157.0,148.5,149.1,1001.2,829.9,775.5,753.6,741.1,732.9,739.0,656.1,562.4,534.8,522.8,515.4,510.3,508.0,621.5,541.3,515.8,504.2,496.3,490.5,485.5,596.8,526.9,495.2,479.1,468.0,459.8,449.9,609.3,527.7,490.1,462.0,444.2,431.8,414.9,588.3,513.5,486.1,464.6,446.3,417.5,374.4,597.6,511.2,472.4,447.2,425.4,405.6,370.6,663.0,539.7,483.2,438.3,398.7,367.9,322.1,786.8,624.8,533.9,480.3,437.0,393.0,306.1,908.5,721.5,614.2,548.5,500.5,453.8,353.4,0.8875,1.1033,1.2414,0.6934,0.8976,1.0300,0.0,0.0000,2026,1.0151,591.1,03020004UA8,8.189,2178,15.3,29.4,14.0,74.3,0.0,676.1,543.8,483.3,865.3,668.4,582.5,598.6,531.9,1.0024,1.1280,527.9,446.2,416.6,43.0,152.5,778.4,518.0,491.4,449.2,404.9,351.4,331.2,289.5,244.0,277.3,1381.8,1046.9,1376.4,45.8,140.3,1435.0,914.8,850.2,807.1,831.9,816.3,844.6,954.0,1150.6,1328.6
AUS,2881,2881,AUS219,Ultimate Tune,11 Metre,Technology Yachts,Holland,1991,2107NSW Australia,,,,ORC,CLUB,R,350,17 06 2026 04:04:56,10.305,8.524,1.709,2.52,1671.,0.0,0.09,606.3,0.8950,670.4,1.1018,544.6,954.8,775.7,694.8,651.0,620.8,593.3,546.2,0.0,0.0,0.0,0.0,0.0,0.0,0.0,737.1,615.0,562.8,532.4,510.1,489.9,458.9,0.0,0.0,0.0,0.0,0.0,0.0,0.0,950.2,730.8,629.3,569.3,530.2,494.9,436.8,43.4,40.7,39.3,39.0,39.3,39.3,40.3,143.5,147.0,153.2,157.0,157.0,148.5,149.1,1001.2,829.9,775.5,753.6,741.1,732.9,739.0,656.1,562.4,534.8,522.8,515.4,510.3,508.0,621.5,541.3,515.8,504.2,496.3,490.5,485.5,596.8,526.9,495.2,479.1,468.0,459.8,449.9,609.3,527.7,490.1,462.0,444.2,431.8,414.9,588.3,513.5,486.1,464.6,446.3,417.5,374.4,597.6,511.2,472.4,447.2,425.4,405.6,370.6,663.0,539.7,483.2,438.3,398.7,367.9,322.1,786.8,624.8,533.9,480.3,437.0,393.0,306.1,908.5,721.5,614.2,548.5,500.5,453.8,353.4,0.8875,1.1033,1.2414,0.6934,0.8976,1.0300,0.0,0.0000,2026,1.0151,591.1,03020004TBM,8.189,2178,15.3,29.4,14.0,74.3,0.0,676.1,543.8,483.3,865.3,668.4,582.5,598.6,531.9,1.0024,1.1280,527.9,446.2,416.6,43.0,152.5,778.4,518.0,491.4,449.2,404.9,351.4,331.2,289.5,244.0,277.3,1381.8,1046.9,1376.4,45.8,140.3,1435.0,914.8,850.2,807.1,831.9,816.3,844.6,954.0,1150.6,1328.6
AUS,2868,2868,Aus223,Pacesetter,11 Metre,Pacesetter Yachts,Holland,1991,0418616393,,,,ORC,CLUB,R,350,16 07 2026 23:28:49,10.305,8.524,1.709,2.52,1671.,0.0,0.09,606.3,0.8950,670.4,1.1018,544.6,954.8,775.7,694.8,651.0,620.8,593.3,546.2,0.0,0.0,0.0,0.0,0.0,0.0,0.0,737.1,615.0,562.8,532.4,510.1,489.9,458.9,0.0,0.0,0.0,0.0,0.0,0.0,0.0,950.2,730.8,629.3,569.3,530.2,494.9,436.8,43.4,40.7,39.3,39.0,39.3,39.3,40.3,143.5,147.0,153.2,157.0,157.0,148.5,149.1,1001.2,829.9,775.5,753.6,741.1,732.9,739.0,656.1,562.4,534.8,522.8,515.4,510.3,508.0,621.5,541.3,515.8,504.2,496.3,490.5,485.5,596.8,526.9,495.2,479.1,468.0,459.8,449.9,609.3,527.7,490.1,462.0,444.2,431.8,414.9,588.3,513.5,486.1,464.6,446.3,417.5,374.4,597.6,511.2,472.4,447.2,425.4,405.6,370.6,663.0,539.7,483.2,438.3,398.7,367.9,322.1,786.8,624.8,533.9,480.3,437.0,393.0,306.1,908.5,721.5,614.2,548.5,500.5,453.8,353.4,0.8875,1.1033,1.2414,0.6934,0.8976,1.0300,0.0,0.0000,2026,1.0151,591.1,03020004VBN,8.189,2178,15.3,29.4,14.0,74.3,0.0,676.1,543.8,483.3,865.3,668.4,582.5,598.6,531.9,1.0024,1.1280,527.9,446.2,416.6,43.0,152.5,778.4,518.0,491.4,449.2,404.9,351.4,331.2,289.5,244.0,277.3,1381.8,1046.9,1376.4,45.8,140.3,1435.0,914.8,850.2,807.1,831.9,816.3,844.6,954.0,1150.6,1328.6
AUS,3407,3407,AUS231,Valkyrie,Fareast 28R,Fareast Boats,Simonis Voogd,2015,,,,,ORC,CLUB,S,425,03 08 2026 22:49:54,8.520,8.376,1.714,2.79,1318.,0.0,0.00,589.9,0.9083,660.6,1.1417,525.5,958.5,772.5,688.9,643.0,605.8,574.8,521.1,0.0,0.0,0.0,0.0,0.0,0.0,0.0,738.2,610.5,549.3,512.0,483.6,461.1,425.6,0.0,0.0,0.0,0.0,0.0,0.0,0.0,953.9,727.5,619.5,550.7,503.8,463.9,397.6,43.9,41.2,39.5,39.7,39.6,39.7,40.4,142.4,145.9,151.2,149.5,145.8,144.9,144.7,1004.1,824.0,760.6,739.3,728.6,723.1,721.7,655.3,557.0,523.7,510.8,502.4,496.4,489.7,620.5,537.7,502.6,486.4,475.5,467.9,459.7,597.7,524.4,479.2,452.2,437.3,425.7,412.3,606.8,526.6,478.3,435.0,407.0,390.2,366.9,585.7,497.9,447.6,417.2,391.8,370.5,329.9,597.2,501.4,438.5,396.3,368.5,345.4,309.0,664.2,537.9,470.3,409.8,358.8,318.8,270.2,790.6,624.5,535.0,473.5,418.3,369.3,277.6,912.9,721.1,617.2,546.8,483.0,426.5,320.6,0.8898,1.1417,1.3233,0.6932,0.9094,1.0669,0.0,0.0000,2026,1.0467,573.2,03020004W1B,8.268,1893,16.2,27.5,19.6,0.0,79.5,674.3,525.5,453.4,865.6,659.8,562.4,585.5,515.7,1.0247,1.1635,497.6,408.7,376.8,42.2,149.3,743.6,495.6,461.6,406.1,352.5,302.3,278.5,236.5,217.9,251.6,1381.1,1048.0,1375.7,46.1,139.8,1435.3,913.5,848.7,806.6,832.0,823.9,850.1,952.6,1149.2,1327.0
AUS,2840,2840,AUS32,SKAGERAK,International 5.5,LARS HALVORSEN & S,LUDERS,1970,,,,,ORC,CLUB,R,250,29 06 2026 03:32:44,9.070,7.891,1.350,1.90,2026.,0.0,0.23,698.0,0.7847,764.6,0.9620,623.7,1136.6,909.9,794.3,732.1,695.8,672.0,638.9,0.0,0.0,0.0,0.0,0.0,0.0,0.0,869.0,713.8,640.8,603.6,581.4,564.9,537.3,0.0,0.0,0.0,0.0,0.0,0.0,0.0,1131.1,854.6,718.4,643.7,602.7,570.0,516.1,43.6,41.3,40.1,39.7,39.4,39.2,39.2,144.6,149.2,151.6,159.7,168.5,173.9,170.5,1191.6,975.9,878.6,842.2,822.5,809.2,798.2,779.5,656.0,601.5,582.3,572.7,566.1,559.3,737.1,628.4,581.3,563.5,554.9,548.9,542.0,709.0,608.6,565.1,544.9,533.5,526.3,516.4,686.1,592.9,562.7,537.2,520.2,508.2,491.7,671.3,573.5,538.7,521.0,507.5,495.7,475.8,693.8,581.5,537.6,511.2,491.4,477.0,448.3,783.7,633.1,556.8,520.8,490.8,463.7,394.2,936.6,730.9,615.7,551.9,518.4,488.6,424.1,1081.5,844.0,710.0,621.9,569.2,534.9,479.7,0.7581,0.9683,1.0740,0.5864,0.7910,0.9015,0.0,0.0000,2026,0.8850,678.0,03020004UAK,7.089,2410,14.5,22.1,9.8,48.4,0.0,791.5,619.6,558.7,1023.2,758.5,665.6,683.1,618.5,0.8783,0.9700,607.1,516.4,492.0,40.8,149.8,819.0,560.9,540.8,512.0,482.1,450.2,418.8,356.9,342.3,395.3,1656.4,1243.1,1650.0,46.3,136.3,1720.5,1094.1,1015.5,967.8,944.3,939.3,978.8,1132.5,1378.9,1592.3
AUS,2842,2842,AUS35,RHAPSODY,International 5.5,Neville Fisher,LUDERS,1970,2103,,,,ORC,CLUB,R,250,28 06 2026 21:50:41,9.070,7.862,1.352,1.90,2047.,0.0,0.23,696.0,0.7884,761.1,0.9646,622.0,1130.0,905.4,790.4,728.9,692.9,669.1,635.3,0.0,0.0,0.0,0.0,0.0,0.0,0.0,866.2,711.6,639.1,602.2,580.0,563.4,535.5,0.0,0.0,0.0,0.0,0.0,0.0,0.0,1123.7,850.6,715.6,641.8,601.2,568.8,514.9,43.5,41.2,40.1,39.6,39.2,38.9,38.9,144.6,149.2,153.9,159.9,168.3,173.0,165.3,1192.9,976.2,877.1,839.5,819.0,805.2,793.5,780.6,656.7,601.3,581.7,571.9,565.3,558.2,738.4,629.4,581.3,563.2,554.5,548.3,541.3,710.4,609.7,565.6,545.0,533.5,526.1,516.2,685.7,594.5,563.6,537.8,520.6,508.6,492.0,668.1,572.2,538.6,521.9,508.5,496.8,477.0,690.7,578.8,536.2,510.8,492.4,478.1,449.3,782.9,627.2,553.7,518.3,488.5,460.8,394.3,924.2,722.9,610.7,548.9,515.6,485.9,418.2,1067.2,834.7,703.8,618.3,566.8,533.0,477.2,0.7606,0.9708,1.0771,0.5895,0.7946,0.9058,0.0,0.0000,2026,0.8879,675.8,03020004U9P,7.095,2431,14.5,22.1,9.8,52.0,0.0,788.9,618.0,557.1,1017.8,755.1,662.4,681.7,615.7,0.8802,0.9745,600.8,513.8,490.3,40.4,149.6,812.6,559.4,539.9,511.7,482.3,450.7,420.1,357.9,336.8,388.9,1648.7,1239.4,1641.4,46.2,140.4,1721.5,1095.2,1017.0,969.7,941.6,937.0,976.5,1129.5,1364.8,1575.9
AUS,210040,210040,AUS38011,GINGER,MC38,McConaghy,Harry Dunning,2011,,,,,ORC,CLUB,R,600,22 06 2026 23:19:32,11.275,10.963,2.797,3.50,3322.,0.0,0.00,507.7,1.0593,566.4,1.3138,456.7,787.7,655.4,594.3,554.6,523.0,494.4,444.2,0.0,0.0,0.0,0.0,0.0,0.0,0.0,609.8,519.8,477.0,448.2,425.4,405.6,374.7,0.0,0.0,0.0,0.0,0.0,0.0,0.0,786.4,617.9,535.9,480.6,443.1,410.0,356.3,42.2,39.3,37.9,37.7,37.2,36.8,37.1,141.4,145.3,150.1,150.3,146.4,142.5,147.3,800.0,692.3,651.9,629.0,613.9,604.5,599.7,530.6,475.1,456.0,444.3,435.1,428.4,422.2,505.7,457.1,439.1,426.2,416.2,409.0,401.6,490.6,439.1,415.7,400.6,389.3,380.8,370.1,497.4,442.8,402.9,382.1,367.6,356.0,339.7,504.1,439.9,408.9,384.4,362.2,335.0,304.5,514.0,436.9,395.5,369.0,346.8,327.7,296.5,562.5,462.1,410.2,362.6,325.2,302.0,263.8,671.5,535.6,464.9,415.9,374.2,332.8,250.0,775.4,618.4,536.7,480.1,432.1,384.2,288.6,1.0623,1.3099,1.5039,0.8316,1.0558,1.2430,0.0,0.0000,2026,1.2066,497.3,03020004TRU,11.118,4200,28.4,59.6,38.8,0.0,167.6,564.8,458.1,399.0,721.5,568.3,482.7,502.4,449.9,1.1942,1.3337,417.7,357.6,337.1,37.9,152.1,608.2,424.7,402.4,366.3,328.3,285.5,269.0,229.1,200.9,227.2,1123.6,850.7,1123.6,44.9,139.6,1123.5,721.0,670.7,634.3,647.9,696.9,721.9,808.1,973.2,1123.7
AUS,2020,2020,AUS39,CONDOR,KER 40+,McConaghy,Jason Ker,2015,,,,,ORC,INTL,R,825,29 06 2026 05:20:20,12.544,12.147,2.998,4.19,4278.,133.5,0.00,483.6,1.1166,537.4,1.3885,432.1,772.8,629.0,562.2,523.3,493.6,466.4,420.5,0.0,0.0,0.0,0.0,0.0,0.0,0.0,595.9,499.6,452.8,422.6,399.1,378.9,346.3,0.0,0.0,0.0,0.0,0.0,0.0,0.0,771.6,593.8,508.2,452.2,415.1,381.9,327.9,42.6,39.9,38.1,37.0,36.4,36.1,35.8,141.2,144.5,149.2,151.2,147.8,146.6,145.7,785.3,655.5,604.6,580.9,567.0,557.9,547.4,518.0,450.7,425.6,411.7,401.5,394.0,383.4,492.0,436.6,410.5,394.2,383.0,374.5,362.8,474.8,426.5,395.2,372.3,357.2,346.0,329.3,481.5,429.7,395.6,366.3,342.2,323.7,299.8,490.1,422.8,384.0,359.9,339.2,321.4,282.7,500.0,424.4,379.2,345.3,322.4,303.0,270.9,550.5,446.1,398.2,356.1,317.5,285.1,241.3,658.5,521.7,450.2,403.5,364.0,324.7,254.3,760.3,602.4,519.8,465.6,420.3,375.0,293.7,1.0953,1.3850,1.6141,0.8561,1.1160,1.3157,0.0,0.0000,2026,1.2766,470.0,03020004UAV,12.682,5466,30.8,63.8,43.7,0.0,189.2,547.8,433.2,371.7,700.9,537.6,456.0,472.7,431.8,1.2694,1.3894,390.6,324.1,304.7,37.2,148.9,551.4,379.5,356.8,318.7,283.0,247.4,243.6,209.9,199.0,229.8,1109.7,839.1,1109.6,45.3,139.5,1110.8,710.8,659.2,622.8,639.1,686.1,711.3,796.7,960.0,1108.5
AUS,210043,210043,AUS4770,KAOTIC,J-24,J-BOATS,JOHNSTONE,1977,,,,,ORC,CLUB,S,400,06 07 2026 23:04:03,7.318,6.529,1.225,2.69,1269.,0.0,0.00,728.9,0.7568,792.8,0.9216,651.1,1173.1,948.5,827.1,754.0,719.4,699.7,676.2,0.0,0.0,0.0,0.0,0.0,0.0,0.0,904.5,751.9,673.9,629.1,604.0,585.1,556.4,0.0,0.0,0.0,0.0,0.0,0.0,0.0,1172.4,894.6,752.2,669.1,626.8,591.1,525.7,43.4,41.5,39.9,38.5,38.2,38.4,39.7,148.0,152.3,157.7,164.6,174.5,177.2,176.3,1179.8,985.0,885.1,833.6,819.4,815.6,826.8,775.0,665.6,619.3,597.0,587.1,582.9,580.2,736.5,643.0,605.3,583.9,570.9,565.4,558.4,715.7,632.2,594.6,569.8,550.9,537.9,523.7,727.4,635.1,587.3,559.5,542.3,521.8,491.5,742.8,631.0,582.3,546.8,515.9,487.5,449.9,768.9,645.4,591.0,554.5,520.8,486.8,420.0,858.2,702.4,617.4,576.5,542.3,509.5,435.1,1010.1,791.6,672.0,607.5,571.4,539.6,476.0,1166.4,912.1,769.2,674.4,619.4,583.8,525.7,0.7244,0.9259,1.0361,0.5656,0.7634,0.8623,0.0,0.0000,2026,0.8499,706.0,03020004USC,6.473,1802,12.0,16.0,18.8,35.3,0.0,828.3,648.0,579.1,1060.8,786.0,695.8,703.1,661.6,0.8534,0.9069,665.7,536.7,501.4,42.7,160.4,868.6,587.5,560.7,516.7,473.5,422.5,372.2,343.4,403.2,462.8,1688.9,1267.3,1692.8,46.3,135.7,1650.8,1049.3,974.7,929.0,954.1,1025.8,1068.0,1222.9,1495.7,1727.1
AUS,J24,210045,AUS4787,BIRUBI,J-24,J-BOATS,JOHNSTONE,1977,,,,,ORC,CLUB,S,400,14 07 2026 02:38:38,7.318,6.529,1.225,2.69,1269.,0.0,0.00,728.9,0.7568,792.8,0.9216,651.1,1173.1,948.5,827.1,754.0,719.4,699.7,676.2,0.0,0.0,0.0,0.0,0.0,0.0,0.0,904.5,751.9,673.9,629.1,604.0,585.1,556.4,0.0,0.0,0.0,0.0,0.0,0.0,0.0,1172.4,894.6,752.2,669.1,626.8,591.1,525.7,43.4,41.5,39.9,38.5,38.2,38.4,39.7,148.0,152.3,157.7,164.6,174.5,177.2,176.3,1179.8,985.0,885.1,833.6,819.4,815.6,826.8,775.0,665.6,619.3,597.0,587.1,582.9,580.2,736.5,643.0,605.3,583.9,570.9,565.4,558.4,715.7,632.2,594.6,569.8,550.9,537.9,523.7,727.4,635.1,587.3,559.5,542.3,521.8,491.5,742.8,631.0,582.3,546.8,515.9,487.5,449.9,768.9,645.4,591.0,554.5,520.8,486.8,420.0,858.2,702.4,617.4,576.5,542.3,509.5,435.1,1010.1,791.6,672.0,607.5,571.4,539.6,476.0,1166.4,912.1,769.2,674.4,619.4,583.8,525.7,0.7244,0.9259,1.0361,0.5656,0.7634,0.8623,0.0,0.0000,2026,0.8499,706.0,03020004V74,6.473,1802,12.0,16.0,18.8,35.3,0.0,828.3,648.0,579.1,1060.8,786.0,695.8,703.1,661.6,0.8534,0.9069,665.7,536.7,501.4,42.7,160.4,868.6,587.5,560.7,516.7,473.5,422.5,372.2,343.4,403.2,462.8,1688.9,1267.3,1692.8,46.3,135.7,1650.8,1049.3,974.7,929.0,954.1,1025.8,1068.0,1222.9,1495.7,1727.1
AUS,2986,2986,AUS64221,ZEN,FARR 40 OD,CARROLL,FARR,1997,,,,,ORC,INTL,R,760,17 07 2026 02:22:49,12.415,11.219,2.593,3.96,4965.,127.0,0.00,529.3,1.0289,583.2,1.2612,475.8,830.4,678.0,605.2,564.7,538.5,517.6,478.6,0.0,0.0,0.0,0.0,0.0,0.0,0.0,640.4,538.2,492.1,464.9,445.6,429.0,399.8,0.0,0.0,0.0,0.0,0.0,0.0,0.0,830.4,640.2,549.5,495.2,462.1,433.2,383.9,42.4,39.7,37.7,37.3,36.8,36.5,36.7,142.4,144.0,151.4,157.5,162.8,160.4,148.7,829.9,697.1,649.5,627.8,615.1,606.3,600.4,550.1,481.0,459.7,449.5,442.7,437.5,431.1,524.0,466.6,446.3,435.8,428.1,422.1,414.6,507.0,456.9,432.4,416.8,406.8,398.7,387.6,514.3,458.7,430.0,407.2,390.2,377.9,359.2,531.0,457.3,425.7,407.3,391.7,375.9,334.0,543.9,460.5,423.6,395.6,375.5,358.0,327.1,603.4,491.0,442.0,406.5,373.2,340.2,290.9,719.5,570.6,486.3,441.7,408.0,375.6,308.9,830.8,658.8,560.9,501.5,462.0,428.9,356.7,1.0182,1.2624,1.4212,0.7956,1.0325,1.1806,0.0,0.0000,2026,1.1628,516.0,03020004VC1,11.266,6039,29.8,64.3,41.0,152.2,0.0,589.3,475.3,422.2,754.1,581.1,508.2,514.9,477.1,1.1653,1.2575,447.9,380.0,362.4,38.0,148.4,612.8,432.9,413.8,382.9,347.0,305.7,301.9,260.4,245.1,283.1,1187.1,895.4,1189.2,45.1,139.0,1166.1,747.6,695.0,658.5,673.9,735.5,764.7,863.7,1046.2,1208.1
AUS,2102,2102,AUS6530,Indi,FARR 40 OD,CARROLL,FARR,1997,,,,,ORC,INTL,R,760,22 06 2026 03:52:37,12.415,11.220,2.593,3.96,4966.,127.0,0.00,527.9,1.0321,581.3,1.2639,474.7,825.6,675.2,603.8,563.2,537.2,516.0,475.8,0.0,0.0,0.0,0.0,0.0,0.0,0.0,637.5,536.5,491.3,464.1,444.8,428.0,398.8,0.0,0.0,0.0,0.0,0.0,0.0,0.0,825.2,637.6,548.3,494.3,461.4,432.4,383.0,42.4,39.7,37.7,37.3,36.8,36.5,36.7,142.6,143.4,150.9,157.3,161.4,158.6,148.5,829.9,697.3,649.7,628.0,615.2,606.4,600.7,550.1,481.1,459.8,449.5,442.8,437.5,431.2,524.0,466.6,446.4,435.9,428.2,422.2,414.6,506.9,456.9,432.4,416.9,406.9,398.7,387.6,514.3,458.6,429.9,407.2,390.3,377.9,359.3,528.3,456.4,426.5,408.1,392.5,375.7,333.9,539.9,458.5,422.3,395.2,376.2,358.7,327.8,597.2,486.7,439.1,403.4,369.9,337.2,291.3,711.3,565.6,483.4,438.5,404.4,371.4,303.9,821.3,653.1,557.8,498.4,459.2,425.7,350.9,1.0221,1.2648,1.4243,0.7996,1.0353,1.1852,0.0,0.0000,2026,1.1658,514.7,03020004TNN,11.264,6042,29.8,64.8,40.6,162.0,0.0,587.0,474.4,421.3,750.4,579.5,506.2,514.2,474.7,1.1668,1.2639,445.2,379.0,361.4,38.0,149.0,613.1,433.1,413.9,383.0,347.1,305.6,301.6,260.7,240.2,277.3,1179.3,890.7,1180.6,45.1,139.3,1165.9,747.5,694.9,658.4,673.7,730.9,758.6,853.6,1032.9,1192.6
AUS,6006,6006,AUS6671,PROBLEM CHILD,FARR 30 (MUMM 30),DK YACHTS,FARR,1995,,,,,ORC,INTL,R,580,08 07 2026 03:16:10,9.435,8.936,2.137,3.04,2315.,0.0,0.00,596.7,0.9221,650.7,1.1212,535.2,940.1,763.2,673.4,628.0,599.7,577.5,532.6,0.0,0.0,0.0,0.0,0.0,0.0,0.0,728.2,609.6,553.7,522.1,499.6,480.8,447.8,0.0,0.0,0.0,0.0,0.0,0.0,0.0,937.8,721.3,614.7,554.9,517.7,485.3,429.3,42.0,39.6,37.2,36.1,35.9,35.6,35.6,143.0,147.8,154.1,160.8,165.3,162.9,147.8,963.4,797.5,725.8,699.1,685.3,676.8,669.6,638.2,552.6,520.9,507.0,499.0,493.2,486.2,609.0,537.5,508.8,492.7,483.3,476.3,467.5,592.7,527.4,497.9,475.6,460.2,450.3,435.9,603.2,530.1,497.2,470.5,447.5,429.5,404.1,587.7,512.9,477.9,455.4,437.6,421.3,387.6,602.0,517.1,476.4,443.5,417.6,397.5,363.1,670.5,548.6,497.5,456.9,417.5,379.3,320.1,794.0,631.1,540.8,494.4,457.0,419.9,342.7,916.9,728.8,621.0,556.9,514.2,478.1,395.7,0.8970,1.1229,1.2681,0.7045,0.9269,1.0596,0.0,0.0000,2026,1.0361,579.1,03020004UVP,9.030,3096,18.0,32.5,20.1,86.5,0.0,668.9,534.3,473.1,851.7,647.3,566.3,581.3,535.7,1.0321,1.1200,493.0,422.3,402.9,37.0,148.6,680.8,486.1,465.1,429.2,388.4,351.8,335.6,283.2,264.4,305.3,1352.7,1026.8,1351.0,45.2,140.3,1368.9,879.7,823.6,788.3,813.8,816.2,845.2,958.9,1157.3,1336.4
AUS,2861,2861,AUS768,BULLWINKLE 400,FARR 400 One Desig,PREMIER COMPOSITES,FARR,2011,NSW 2106,,,,ORC,INTL,R,760,14 07 2026 22:35:01,11.800,11.436,2.893,3.41,3942.,137.9,0.00,509.6,1.0556,568.4,1.3113,457.5,800.1,658.6,594.0,554.5,524.8,496.9,454.4,0.0,0.0,0.0,0.0,0.0,0.0,0.0,617.4,521.2,476.9,448.0,426.0,406.7,377.9,0.0,0.0,0.0,0.0,0.0,0.0,0.0,798.3,620.8,535.9,480.4,443.6,410.4,357.9,42.4,39.9,38.7,38.7,38.3,38.2,38.7,141.3,144.9,148.5,151.2,147.2,146.0,147.2,818.1,695.7,653.4,632.5,619.6,611.2,609.7,541.1,474.2,453.2,442.1,434.7,428.9,423.4,514.0,456.6,436.8,424.6,415.8,409.0,401.5,495.5,443.1,415.5,399.5,388.0,379.1,367.7,502.1,446.0,410.5,383.9,366.7,354.1,335.6,503.9,437.9,407.1,383.2,363.5,341.8,301.8,512.3,436.7,393.7,367.5,345.4,326.1,294.6,566.1,457.5,408.2,364.5,326.3,299.4,262.4,677.3,538.2,463.0,413.1,372.4,331.4,259.1,782.1,621.5,534.7,476.5,430.1,382.6,299.2,1.0539,1.3094,1.4972,0.8226,1.0546,1.2296,0.0,0.0000,2026,1.2049,498.0,03020004V8B,11.293,5018,29.0,64.5,36.3,0.0,181.6,569.3,458.2,400.7,729.4,568.9,488.0,503.4,449.5,1.1919,1.3348,429.3,361.0,338.4,40.2,150.9,623.6,426.4,402.2,364.0,323.6,278.2,267.4,231.6,204.0,235.1,1141.2,863.6,1140.5,45.2,139.3,1148.2,736.1,684.4,647.0,663.7,697.4,725.4,813.6,982.3,1134.3
AUS,2695,2695,AUS8362,DIRTY DEEDS,GP42,Kings Marine,Botin & Carkeek,2007,NSW 2283,,,,ORC,CLUB,R,935,04 08 2026 00:01:35,12.800,12.528,2.610,3.90,4548.,0.0,0.00,498.2,1.0813,554.9,1.3503,444.4,809.0,652.8,580.0,539.2,508.1,479.2,436.9,0.0,0.0,0.0,0.0,0.0,0.0,0.0,621.1,513.3,463.8,433.5,410.4,390.3,360.7,0.0,0.0,0.0,0.0,0.0,0.0,0.0,807.2,614.7,522.4,465.0,427.4,393.7,341.6,43.3,40.8,39.0,38.0,37.9,37.6,37.7,140.9,143.5,147.6,150.7,146.2,145.2,145.7,827.0,681.8,629.4,605.2,591.2,581.3,574.7,541.4,461.0,436.6,424.5,416.5,410.1,402.3,512.0,443.6,420.6,407.7,398.4,391.0,381.7,491.0,431.7,401.2,383.5,371.6,362.2,349.2,499.6,435.1,398.5,369.5,350.9,338.1,318.4,503.4,427.4,391.9,367.4,346.9,327.4,286.6,515.0,429.1,382.8,352.4,329.3,309.3,276.9,571.5,455.5,403.2,358.2,318.2,286.7,249.6,685.0,540.3,459.6,410.1,368.2,326.5,259.2,791.0,623.9,530.7,473.3,425.1,377.0,299.2,1.0579,1.3498,1.5615,0.8209,1.0820,1.2750,0.0,0.0000,2026,1.2381,484.6,03020004W1J,12.352,5866,32.5,66.0,42.5,0.0,179.4,567.2,444.5,384.2,730.9,554.5,470.6,487.4,441.0,1.2311,1.3607,411.7,344.1,322.9,38.9,149.1,586.4,405.3,381.8,344.7,306.0,265.1,253.3,221.3,205.2,237.0,1167.1,881.5,1165.6,45.5,139.2,1182.4,754.2,697.5,657.5,675.0,709.3,736.6,825.7,997.5,1151.8
AUS,2032,2032,AUS888,SPARROW,Fareast 28R,Shanghai Far East,Simonis & Voogd,2015,,,,,ORC,CLUB,S,511,02 07 2026 01:23:20,8.520,8.445,1.717,2.79,1329.,0.0,0.00,589.1,0.9138,656.6,1.1458,523.7,967.0,777.2,684.4,636.1,601.2,570.3,512.1,0.0,0.0,0.0,0.0,0.0,0.0,0.0,743.3,612.9,548.2,509.2,480.6,457.2,418.9,0.0,0.0,0.0,0.0,0.0,0.0,0.0,962.5,731.6,617.0,546.3,500.4,460.3,391.9,43.8,41.4,39.0,38.7,38.5,38.5,39.3,142.4,146.0,149.6,149.9,146.7,145.6,143.8,1011.8,825.5,745.4,720.5,708.6,701.9,700.4,659.7,559.0,519.1,502.9,492.8,485.9,478.4,624.8,540.2,501.1,479.6,467.7,459.4,449.7,604.5,527.9,484.7,450.2,432.5,420.2,404.5,605.9,522.4,485.3,444.0,408.7,387.6,362.1,585.4,498.8,445.8,415.8,390.8,369.7,332.8,597.5,503.1,441.8,396.4,368.3,345.1,306.6,670.2,540.7,474.7,418.0,367.4,323.0,266.8,798.7,631.3,539.8,477.7,427.6,380.0,280.4,922.3,728.9,623.3,551.6,493.7,438.8,323.8,0.8848,1.1457,1.3372,0.6880,0.9158,1.0788,0.0,0.0000,2026,1.0505,571.1,03020004UKH,8.518,1990,16.4,27.2,18.9,0.0,82.7,678.1,523.7,448.7,872.1,655.2,556.2,581.0,518.8,1.0328,1.1564,482.7,397.5,368.1,40.6,148.5,712.7,479.8,448.2,396.5,346.3,295.4,273.3,232.9,218.8,252.7,1394.5,1057.9,1389.2,46.0,139.5,1447.8,922.5,857.9,816.4,842.8,827.3,854.1,961.3,1161.6,1341.3
AUS,2504,2504,AUS8888,Team Hollywood,Botin 40,,Botin Partners,2013,,,,,ORC,CLUB,R,935,06 08 2026 03:59:09,12.600,12.455,3.004,3.91,4186.,0.0,0.00,470.4,1.1531,520.3,1.4273,420.4,753.8,609.3,546.1,508.1,475.5,446.7,405.9,0.0,0.0,0.0,0.0,0.0,0.0,0.0,580.9,484.4,439.8,411.4,388.5,368.3,339.8,0.0,0.0,0.0,0.0,0.0,0.0,0.0,752.8,575.6,493.5,440.4,404.0,372.2,323.8,42.7,39.5,36.9,35.7,35.1,34.8,34.6,141.1,144.4,148.6,149.6,143.5,144.9,148.1,763.0,629.2,582.7,561.5,549.1,540.1,531.5,502.6,436.4,415.4,403.0,394.5,387.7,379.5,478.0,422.8,400.2,387.7,379.0,371.9,362.4,462.5,413.5,382.1,367.1,356.2,347.0,334.9,467.8,417.1,379.6,352.7,336.7,324.1,305.4,477.9,409.7,377.8,355.3,335.5,308.8,275.8,488.7,412.9,368.1,341.8,319.4,299.8,266.7,539.1,436.5,386.4,340.4,303.6,277.8,237.3,644.8,510.4,441.2,393.7,348.1,306.0,242.8,744.6,589.4,509.4,454.6,401.9,353.3,280.4,1.1264,1.4245,1.6546,0.8804,1.1516,1.3679,0.0,0.0000,2026,1.3125,457.1,03020004W4C,13.300,5505,31.9,65.7,42.9,0.0,191.4,532.7,421.2,362.6,681.5,521.0,438.6,458.6,419.0,1.3082,1.4322,380.1,320.7,303.7,35.3,150.3,535.5,379.2,360.5,327.6,292.8,243.5,238.3,207.2,194.6,224.6,1086.5,821.2,1086.6,45.2,139.7,1085.0,694.8,644.1,607.8,622.1,673.4,697.4,782.9,942.3,1088.0
AUS,210051,210051,AUS9999,Assassin,MC 38,McConaghy,Harry Dunning,2011,,,,,ORC,CLUB,R,650,28 07 2026 04:53:37,11.275,11.063,2.560,3.50,3295.,0.0,0.00,505.1,1.0628,564.6,1.3218,453.9,787.7,655.9,593.8,552.2,519.8,491.0,442.0,0.0,0.0,0.0,0.0,0.0,0.0,0.0,608.5,518.7,475.1,445.1,421.6,401.8,371.4,0.0,0.0,0.0,0.0,0.0,0.0,0.0,786.7,617.9,534.7,477.7,439.5,406.0,352.3,42.6,39.7,38.3,38.2,37.5,37.2,37.5,141.4,145.1,149.2,150.2,146.9,142.1,147.2,797.7,692.4,651.4,627.7,612.5,603.2,598.6,527.2,473.3,453.8,441.4,431.9,425.1,418.8,501.7,454.9,436.5,422.5,412.3,405.0,397.9,486.2,436.0,412.5,396.4,384.8,376.3,366.2,492.6,438.7,398.9,378.0,362.8,351.1,334.1,504.2,438.2,406.2,381.0,356.1,330.1,299.1,513.5,435.2,392.5,365.3,342.6,323.1,291.4,563.7,460.0,407.1,358.6,321.1,297.7,259.8,673.4,536.4,464.4,413.0,369.9,328.0,247.2,777.6,619.3,536.2,476.7,427.1,378.7,285.5,1.0646,1.3176,1.5177,0.8313,1.0589,1.2505,0.0,0.0000,2026,1.2125,494.8,03020004VOV,11.192,4237,29.1,58.9,39.1,0.0,176.0,563.6,455.4,395.3,721.8,566.6,479.8,500.0,446.9,1.1999,1.3427,415.5,353.9,333.0,38.2,152.1,605.8,420.8,398.2,361.0,321.9,279.9,264.3,225.8,198.9,225.3,1124.5,849.5,1124.9,45.2,139.5,1121.4,717.3,664.9,626.7,639.1,699.5,724.9,810.4,976.6,1127.7
AUS,3269,3269,B10,CARTOUCHE,BENETEAU FIRST 50,BENETEAU,BRIAND,2006,VICTORIA 3186,,,,ORC,CLUB,C,850,19 06 2026 05:10:42,14.975,13.570,2.411,4.37,14436.,0.0,0.26,560.9,0.9739,616.1,1.2106,495.6,959.0,761.9,650.5,584.3,547.1,523.4,495.8,0.0,0.0,0.0,0.0,0.0,0.0,0.0,729.1,589.7,515.3,474.6,451.5,436.6,416.3,0.0,0.0,0.0,0.0,0.0,0.0,0.0,955.3,713.8,583.4,507.4,468.8,441.1,398.8,44.7,42.3,40.8,39.9,39.1,38.5,38.2,141.5,145.3,148.5,154.4,160.4,166.4,173.7,996.0,801.2,698.3,644.0,618.2,604.6,592.0,643.2,531.8,473.3,445.2,432.4,426.3,419.8,604.9,506.9,456.7,432.4,420.6,414.3,407.8,579.3,487.9,443.6,422.8,409.5,400.6,390.3,558.7,469.1,428.9,409.9,398.6,391.0,377.6,576.3,472.8,425.9,402.7,386.0,373.3,353.9,593.3,484.1,432.3,406.5,387.5,370.9,342.4,666.7,533.8,460.9,423.0,400.1,381.3,346.3,798.5,625.8,521.9,457.7,423.4,401.7,365.4,922.1,722.6,602.6,524.6,475.9,442.1,399.6,0.9099,1.2196,1.3866,0.6973,0.9806,1.1561,0.0,0.0000,2026,1.1062,542.4,03020004TI2,12.161,15729,48.7,69.6,51.7,180.0,157.4,659.4,492.0,432.7,860.5,611.9,519.0,538.5,504.8,1.1142,1.1885,478.2,401.0,384.0,38.4,170.4,589.7,417.3,404.8,384.6,366.6,336.9,323.2,311.2,330.3,366.7,1406.5,1049.5,1401.9,47.5,139.1,1452.1,912.4,839.0,788.9,770.0,803.4,845.1,971.1,1178.5,1360.8
AUS,3333,3333,B1347,SHIRAZ,FIRST 34.7,BENETEAU,FARR,2005,VIC 3199,,,,ORC,CLUB,C,540,24 06 2026 00:02:50,9.982,9.105,1.987,3.37,4565.,0.0,0.18,631.4,0.8686,690.8,1.0629,564.5,1016.7,823.3,718.5,661.4,628.0,607.4,583.7,0.0,0.0,0.0,0.0,0.0,0.0,0.0,783.0,648.4,581.7,546.0,524.9,509.9,488.2,0.0,0.0,0.0,0.0,0.0,0.0,0.0,1013.2,774.7,651.1,581.6,544.8,515.5,465.8,43.4,41.2,39.3,38.0,37.6,37.9,38.4,143.4,147.8,150.2,160.6,167.3,176.3,177.2,1051.7,867.7,772.2,728.8,712.9,705.6,703.9,689.5,586.9,539.8,518.6,509.3,504.9,501.7,654.6,565.7,526.6,506.8,496.1,491.1,486.6,632.8,551.9,516.8,496.3,482.1,472.2,462.9,628.7,539.1,502.9,483.6,473.0,462.6,441.6,629.1,532.8,494.1,468.5,447.0,429.6,408.3,646.1,542.6,500.0,472.6,448.0,425.3,386.0,717.7,585.7,523.1,491.0,465.2,440.3,391.5,850.1,674.4,575.9,524.0,495.5,471.9,426.3,981.6,778.8,664.8,594.0,543.0,509.2,463.4,0.8384,1.0692,1.1869,0.6522,0.8752,0.9940,0.0,0.0000,2026,0.9782,613.4,03020004TV5,8.751,5314,23.7,34.3,28.8,73.6,76.8,715.6,561.2,505.5,920.0,685.6,603.6,611.1,570.9,0.9819,1.0510,570.3,472.4,449.2,39.9,171.8,718.5,502.9,486.9,458.4,430.4,391.1,357.1,330.2,380.4,422.2,1457.3,1100.7,1454.3,46.3,139.7,1487.6,945.1,877.9,834.6,858.7,866.8,899.3,1022.7,1235.9,1427.1
AUS,3160,3160,b196,PHANTOM,ELLIOTT 9.6,NEW YACHTS,ELLIOTT,1994,0415 559 639,,,,ORC,CLUB,R,450,15 06 2026 00:19:50,9.641,8.842,1.834,3.29,2689.,0.0,0.00,618.4,0.8837,679.0,1.0847,553.1,998.2,803.4,703.7,650.7,620.8,600.8,570.7,0.0,0.0,0.0,0.0,0.0,0.0,0.0,765.0,633.1,570.5,536.6,515.2,498.7,471.0,0.0,0.0,0.0,0.0,0.0,0.0,0.0,999.5,757.8,638.5,571.9,534.6,502.3,447.9,42.8,40.4,38.4,37.6,37.8,37.8,38.4,138.5,148.8,151.2,158.6,166.8,169.1,161.5,985.0,814.4,743.3,719.9,709.7,704.1,704.1,648.7,558.0,524.9,512.8,506.8,502.9,499.3,617.7,541.4,511.9,498.4,491.5,486.6,480.9,598.1,530.5,500.5,481.2,469.0,461.7,450.6,610.6,533.6,499.7,475.2,456.0,441.3,419.7,626.4,529.6,489.5,461.6,440.5,425.0,396.7,647.1,540.5,494.9,461.2,432.7,404.9,365.7,727.0,586.4,519.2,481.0,447.3,414.0,343.5,875.9,686.2,575.5,514.9,479.8,448.2,381.9,1011.4,792.4,664.0,581.6,531.9,497.4,437.2,0.8583,1.0897,1.2184,0.6661,0.8907,1.0093,0.0,0.0000,2026,0.9984,601.0,03020004T4T,8.724,3328,19.2,32.8,26.1,69.0,0.0,699.1,550.6,492.4,900.8,673.6,594.5,597.7,560.8,1.0039,1.0698,540.1,447.9,424.5,40.4,144.8,725.9,502.3,481.3,445.7,405.4,368.0,337.6,280.3,306.9,354.4,1430.2,1075.2,1433.9,45.4,138.1,1392.7,888.2,826.5,786.6,811.0,876.3,911.0,1049.9,1271.0,1467.6
AUS,3299,3299,B2,BKT JAMHU,HICK 39,HICK MARINE,ROBERT HICK,2005,,,,,ORC,CLUB,C,760,22 06 2026 02:31:19,11.980,11.267,2.641,3.59,6203.,0.0,0.11,560.3,0.9769,614.2,1.1987,500.5,903.4,729.0,638.9,590.4,559.8,539.0,507.2,0.0,0.0,0.0,0.0,0.0,0.0,0.0,696.1,574.2,517.2,486.0,465.1,449.2,423.0,0.0,0.0,0.0,0.0,0.0,0.0,0.0,900.6,686.4,579.1,517.9,482.2,453.3,406.1,42.4,40.3,38.6,37.4,36.8,36.8,36.6,141.5,145.1,149.6,157.3,164.6,168.0,163.1,931.7,763.5,686.6,653.7,636.1,625.1,612.9,614.9,519.7,480.7,464.5,456.3,450.6,443.6,584.6,501.7,467.9,452.1,443.5,437.3,428.9,564.9,490.1,458.7,439.8,426.3,417.2,405.0,568.0,484.5,457.2,437.6,419.3,404.4,384.0,554.8,471.5,436.9,413.8,398.8,386.0,364.1,568.9,476.6,439.0,410.4,386.3,369.4,341.7,633.4,513.7,460.2,428.8,400.4,373.0,315.5,757.9,601.4,512.0,463.8,434.1,406.8,352.2,875.2,694.4,591.3,527.1,483.5,452.8,401.4,0.9447,1.2036,1.3534,0.7351,0.9828,1.1273,0.0,0.0000,2026,1.1032,543.9,03020004TNF,10.851,7273,32.2,54.8,36.7,136.2,137.4,635.1,498.5,443.3,816.2,610.5,532.2,543.3,504.8,1.1045,1.1886,476.4,401.8,384.5,37.4,143.9,614.8,441.0,425.1,398.1,371.3,348.0,317.5,274.6,292.7,338.0,1301.8,985.9,1298.7,45.6,138.5,1333.1,851.9,793.7,755.7,780.7,771.8,801.6,907.0,1100.3,1270.6
AUS,4081,4081,B247,Amaya II,Farr 11.6 Mod,Binks,Farr,1978,Qld  4013,,,,ORC,INTL,R,686,22 07 2026 22:46:47,11.643,10.211,1.981,3.64,5825.,0.0,0.21,610.0,0.9054,662.7,1.1056,542.7,1004.3,805.0,693.0,629.8,597.2,576.2,547.8,0.0,0.0,0.0,0.0,0.0,0.0,0.0,771.4,631.1,560.5,522.5,501.5,486.5,463.9,0.0,0.0,0.0,0.0,0.0,0.0,0.0,1000.5,756.9,627.9,555.9,519.6,491.3,446.8,43.9,41.9,40.0,38.4,37.6,37.2,37.3,139.2,148.7,150.1,157.6,165.3,170.2,170.8,1042.4,849.2,748.4,700.6,681.3,670.6,660.4,677.6,569.1,518.5,497.0,487.9,482.8,476.8,640.2,546.3,504.9,485.4,475.5,470.2,463.5,618.3,532.2,494.9,474.7,461.2,452.2,442.5,631.4,530.2,493.8,472.4,455.5,441.9,423.1,613.5,514.2,475.8,454.6,440.7,429.7,410.8,628.6,522.4,478.3,451.9,431.0,413.9,390.0,700.0,563.7,497.9,464.8,438.7,414.7,367.3,836.8,658.9,552.3,493.7,463.8,439.2,392.4,966.3,760.8,637.7,559.0,513.1,481.9,435.3,0.8556,1.1132,1.2453,0.6632,0.9128,1.0511,0.0,0.0000,2026,1.0169,590.0,03020004VK1,9.649,6783,29.5,42.7,35.0,119.9,0.0,701.3,539.0,481.8,904.7,657.3,570.8,588.8,547.4,1.0191,1.0961,525.3,445.3,428.8,37.9,158.3,661.4,474.6,460.4,436.4,412.0,395.0,369.7,320.5,338.5,389.3,1448.5,1094.2,1443.9,46.4,139.8,1495.0,946.7,875.2,829.6,856.8,861.8,888.0,1009.4,1214.2,1402.1
AUS,3265,3265,B25,FLYING FOX,Flying 25,Paul Woodman,Uffa Fox UK,1949,,,,,ORC,CLUB,R,470,31 08 2026 00:58:13,10.030,8.551,1.925,2.39,1379.,0.0,0.15,607.5,0.9000,666.7,1.1101,540.5,995.1,797.4,695.1,641.2,608.2,581.9,519.5,0.0,0.0,0.0,0.0,0.0,0.0,0.0,765.3,628.1,562.4,524.9,499.4,478.2,434.9,0.0,0.0,0.0,0.0,0.0,0.0,0.0,991.4,750.9,629.5,559.8,518.5,482.6,415.3,43.1,41.2,39.3,38.0,37.5,37.2,37.1,141.3,147.1,152.5,156.3,158.4,154.6,145.6,1031.3,839.0,752.8,719.0,702.5,691.8,679.3,672.6,565.9,525.5,508.9,499.5,492.6,482.7,636.1,545.6,510.1,491.6,481.1,473.2,461.9,613.9,532.5,496.3,469.8,454.4,443.3,426.9,628.0,537.8,496.2,463.2,436.7,416.9,391.8,608.8,516.8,477.9,455.0,435.0,417.0,366.5,623.8,521.2,472.3,437.9,413.4,391.6,345.5,698.6,559.0,496.3,449.6,406.0,365.2,294.8,830.3,654.5,552.7,492.7,450.3,410.2,311.4,958.8,755.8,637.4,563.3,513.9,472.0,359.6,0.8611,1.1119,1.2840,0.6695,0.9037,1.0618,0.0,0.0000,2026,1.0199,588.3,03020004WTS,8.589,2001,15.3,25.5,15.4,65.7,0.0,696.8,539.6,467.3,896.2,663.9,565.1,591.3,539.9,1.0147,1.1113,480.1,405.7,384.8,37.8,148.5,683.6,480.1,456.8,417.2,374.0,307.1,303.3,257.7,239.5,276.6,1450.5,1099.0,1446.3,45.6,140.8,1491.9,952.0,884.6,839.8,868.6,866.9,895.3,1015.1,1220.3,1409.1
AUS,3378,3378,B34,ELEMENT 22,ELAN S4,Elan,Humphreys Yacht De,2001,VIC 3943,,,,ORC,CLUB,C,681,29 06 2026 05:45:54,10.588,10.147,2.126,3.54,5108.,0.0,0.21,605.6,0.8954,670.1,1.1119,539.6,996.2,802.2,695.3,638.5,610.3,591.0,564.9,0.0,0.0,0.0,0.0,0.0,0.0,0.0,760.4,625.3,557.2,520.8,499.5,484.5,461.0,0.0,0.0,0.0,0.0,0.0,0.0,0.0,990.5,752.6,627.3,556.0,518.4,488.1,440.7,43.7,41.6,40.0,38.7,38.2,38.0,38.5,143.1,147.3,149.2,152.3,156.5,160.1,157.0,1053.3,859.1,757.3,708.4,689.0,679.2,673.9,687.2,576.6,522.8,498.2,486.8,481.6,476.6,650.6,552.4,507.8,485.5,473.3,467.2,460.7,602.1,519.0,485.6,470.0,458.6,446.9,434.6,585.5,506.4,472.9,451.5,436.2,426.7,413.5,600.0,504.5,465.3,438.8,419.0,406.4,374.3,613.6,512.4,469.5,440.1,414.6,391.7,360.8,685.5,554.6,492.5,459.5,430.8,404.6,347.9,813.3,645.4,548.5,494.4,465.5,441.3,396.3,939.1,745.3,633.4,568.7,531.6,502.8,455.9,0.8660,1.1187,1.2515,0.6673,0.9035,1.0238,0.0,0.0000,2026,1.0201,588.2,03020004UB2,9.517,6047,26.7,36.8,31.2,0.0,111.5,692.8,536.3,479.4,899.1,664.1,586.1,588.5,544.1,1.0195,1.1028,533.0,437.7,417.4,39.7,141.8,683.0,477.0,459.7,428.6,400.0,351.8,331.0,287.5,331.6,382.9,1432.2,1073.1,1425.1,46.4,139.6,1503.3,953.9,885.2,808.3,782.8,830.6,862.7,975.4,1178.8,1361.2
AUS,210050,210050,B363,WAZZA RED BOAT,Adams 10,,Joe Adams,1971,,,,,ORC,CLUB,R,607,28 07 2026 04:16:37,9.990,9.358,1.796,2.74,3021.,0.0,0.16,622.3,0.8861,677.1,1.0839,553.6,1021.5,818.5,705.9,645.2,612.6,590.8,556.7,0.0,0.0,0.0,0.0,0.0,0.0,0.0,786.7,643.9,572.8,534.3,511.3,494.3,466.1,0.0,0.0,0.0,0.0,0.0,0.0,0.0,1018.9,770.6,640.6,568.4,529.9,498.9,448.2,43.4,41.2,39.0,37.4,36.8,36.6,36.7,139.4,148.9,150.7,157.0,165.3,166.6,163.4,1048.1,855.3,755.0,713.7,696.7,687.2,677.9,686.6,577.6,529.7,509.9,501.7,496.7,490.1,652.1,556.6,517.0,497.2,487.7,482.0,473.7,633.2,544.0,507.3,484.5,468.4,459.0,446.5,645.2,544.5,507.7,482.1,460.5,443.4,422.4,630.8,528.4,487.9,463.4,447.1,433.3,410.1,648.0,537.6,490.6,457.6,432.4,413.6,382.9,722.2,581.7,513.3,475.1,440.6,409.8,342.8,861.7,677.0,569.1,508.8,474.1,442.4,382.0,995.0,781.7,656.9,576.7,528.5,494.5,435.5,0.8388,1.0899,1.2295,0.6522,0.8932,1.0283,0.0,0.0000,2026,0.9974,601.6,03020004VOU,9.056,3850,20.7,28.7,27.4,83.8,0.0,715.3,550.5,488.0,920.0,671.7,583.5,600.6,559.5,0.9990,1.0724,515.8,439.8,421.4,37.3,145.9,680.4,488.2,470.3,439.1,409.2,387.2,353.5,298.4,304.1,351.1,1465.4,1110.5,1462.9,45.9,140.3,1490.5,950.3,885.5,846.0,876.1,884.2,911.7,1037.6,1247.3,1440.2
AUS,3340,3340,b5,PENDING,FIRST 34.7,BENETEAU,BENETEAU,2005,0419597083,,,,ORC,CLUB,C,520,01 09 2026 05:11:14,9.982,9.081,1.983,3.37,4501.,0.0,0.13,629.1,0.8738,686.7,1.0665,562.6,1009.3,818.2,714.1,656.5,624.9,605.4,581.7,0.0,0.0,0.0,0.0,0.0,0.0,0.0,779.1,645.7,579.6,544.1,523.6,508.6,486.9,0.0,0.0,0.0,0.0,0.0,0.0,0.0,1006.3,770.5,648.0,579.3,543.1,514.0,464.5,42.9,41.1,39.3,38.0,38.0,37.9,38.4,143.4,147.8,153.7,160.6,167.8,174.9,176.3,1039.9,859.7,767.5,726.9,712.2,705.3,704.2,682.8,582.6,537.5,517.5,509.0,504.9,501.4,648.9,562.5,524.8,506.0,495.8,491.2,486.4,627.5,549.6,515.5,495.4,481.7,472.2,462.7,637.6,542.1,503.7,483.9,473.5,462.0,441.5,628.1,532.3,493.8,468.1,446.7,429.4,408.2,644.9,542.0,499.5,472.0,447.2,424.5,385.1,715.9,584.5,522.5,490.3,464.3,439.1,389.6,847.6,672.7,574.6,521.3,491.0,466.5,419.5,978.8,776.7,660.7,586.1,537.7,505.4,459.2,0.8422,1.0728,1.1900,0.6566,0.8807,0.9977,0.0,0.0000,2026,0.9823,610.8,03020004WVL,8.760,5231,23.5,33.5,31.6,83.5,74.8,712.4,559.3,504.2,913.8,681.3,601.4,609.0,568.5,0.9852,1.0553,568.1,471.3,448.2,40.0,167.6,719.8,503.1,486.4,457.8,430.1,394.9,359.8,326.4,370.5,416.3,1444.8,1091.5,1442.5,46.3,139.7,1467.4,932.4,866.6,824.1,848.2,868.2,897.1,1019.4,1231.7,1422.2
AUS,3081,3081,B71,Another Chapter,First 44.7,Beneteau,Farr,2003,,,,,ORC,CLUB,C,852,24 07 2026 07:09:30,13.352,11.925,2.631,3.97,9596.,0.0,0.15,557.0,0.9833,610.2,1.2074,496.9,905.9,732.6,636.7,583.9,553.5,531.9,504.7,0.0,0.0,0.0,0.0,0.0,0.0,0.0,696.0,574.3,512.8,480.1,461.0,446.9,425.0,0.0,0.0,0.0,0.0,0.0,0.0,0.0,901.8,688.5,575.6,511.5,477.9,451.3,409.2,42.8,40.7,39.2,37.8,37.1,37.1,37.0,143.1,145.8,148.9,155.4,163.5,175.4,177.2,946.6,774.9,686.1,643.4,625.1,614.6,603.8,621.6,524.0,477.3,456.7,447.5,442.2,436.3,589.2,503.6,464.3,445.6,435.9,430.6,424.0,567.3,490.2,455.3,436.1,423.4,414.7,405.4,552.0,474.2,441.7,424.9,415.0,407.0,388.7,552.9,467.5,432.4,411.6,398.0,385.7,362.1,565.4,473.2,435.3,411.4,391.5,374.4,350.8,629.3,509.9,455.3,426.7,403.6,381.8,338.2,749.3,597.7,508.6,458.4,431.3,409.6,368.2,865.2,690.2,587.3,524.5,482.0,449.2,405.7,0.9447,1.2144,1.3569,0.7324,0.9896,1.1383,0.0,0.0000,2026,1.1097,540.7,03020004VLC,11.350,10804,38.2,64.9,41.1,0.0,168.2,635.1,494.1,442.2,819.2,606.3,527.1,538.9,501.9,1.1133,1.1954,486.0,407.4,390.8,37.7,174.8,604.5,434.2,421.2,400.2,378.2,345.2,320.9,289.8,324.4,367.6,1303.0,982.3,1298.1,46.2,138.8,1352.0,859.7,797.3,754.2,747.4,766.3,794.5,896.4,1086.0,1254.0
AUS,3395,3395,B8888,ADMIRAL,BEN FIRST 44 PERFO,Beneteau,Biscontini Design,2026,VIC 3122,,,,ORC,INTL,C,877,16 07 2026 01:49:44,13.165,12.190,2.479,4.25,10776.,117.5,0.10,551.5,0.9828,610.5,1.2167,493.1,888.6,720.4,631.7,584.7,559.9,542.9,519.6,0.0,0.0,0.0,0.0,0.0,0.0,0.0,683.9,565.4,507.4,476.9,459.3,446.5,426.8,0.0,0.0,0.0,0.0,0.0,0.0,0.0,884.7,677.2,570.2,509.2,476.2,450.4,408.9,43.4,41.2,39.9,39.3,38.9,38.8,39.4,142.6,146.1,148.8,152.3,154.9,159.2,159.2,927.2,764.5,688.8,654.5,637.5,628.1,620.0,605.9,514.6,473.2,453.2,444.2,439.1,433.8,574.1,494.1,458.0,440.0,430.8,425.9,420.3,553.3,480.4,447.1,429.1,416.9,408.4,399.1,551.5,472.2,437.6,418.9,406.5,398.5,381.6,548.2,462.2,426.4,404.8,392.2,380.6,355.4,557.8,465.5,427.2,403.5,383.3,368.2,348.0,619.1,499.7,445.4,417.0,394.4,373.2,332.8,736.1,585.8,497.6,447.8,421.9,402.4,366.2,850.0,676.4,574.6,515.0,482.3,457.7,419.2,0.9606,1.2243,1.3565,0.7458,0.9909,1.1144,0.0,0.0000,2026,1.1184,536.5,03020004V9S,11.300,12062,40.8,58.5,58.7,0.0,197.9,624.6,490.1,442.3,804.5,605.5,538.4,536.2,495.3,1.1190,1.2113,501.7,411.9,393.1,40.7,143.8,628.0,434.0,420.2,394.9,372.2,339.5,323.0,291.0,325.1,375.4,1275.3,963.9,1270.9,46.1,139.4,1319.3,835.6,772.3,730.3,749.3,763.6,787.4,882.3,1066.3,1231.3
AUS,6122,6122,F1245,Obsession,MAT1245,MAT,Mills,2006,,,,,ORC,INTL,C,759,19 06 2026 02:57:37,12.450,11.193,2.658,3.78,7152.,145.6,0.07,551.3,0.9923,604.6,1.2167,493.1,887.9,716.2,624.9,578.6,554.6,537.2,508.2,0.0,0.0,0.0,0.0,0.0,0.0,0.0,682.1,564.2,507.8,478.1,460.1,445.8,420.4,0.0,0.0,0.0,0.0,0.0,0.0,0.0,884.9,674.3,567.3,508.3,476.6,450.3,405.1,42.7,40.7,38.5,37.0,36.3,35.9,35.6,141.7,145.3,149.6,153.4,156.9,160.1,146.2,917.8,750.5,668.1,631.8,615.3,605.8,596.2,604.1,510.9,472.9,456.4,448.2,443.1,437.4,573.8,494.6,462.6,446.6,436.9,431.2,424.4,554.2,484.6,455.6,437.6,424.4,414.6,403.6,540.3,470.9,442.7,425.3,413.3,404.7,384.7,545.6,466.6,434.3,412.1,398.0,381.1,348.8,557.8,471.1,436.6,411.1,388.3,368.6,336.0,621.8,503.3,455.3,427.1,401.1,374.9,318.6,743.0,590.6,503.7,458.3,432.9,410.6,363.9,858.0,681.9,581.7,525.4,493.9,468.6,420.2,0.9628,1.2228,1.3641,0.7481,1.0008,1.1306,0.0,0.0000,2026,1.1209,535.3,03020004THV,11.182,8224,33.4,55.8,40.9,0.0,158.1,623.2,490.7,439.9,802.0,599.5,530.7,532.3,499.4,1.1273,1.2015,470.1,394.7,377.3,36.4,142.8,598.3,435.4,421.5,397.1,370.3,326.4,297.1,269.1,296.1,341.9,1276.7,963.6,1273.4,45.5,138.7,1309.7,835.3,776.5,737.4,733.0,760.3,788.7,888.7,1077.1,1243.8
AUS,259200,2592,G1181,AZZURA,GRAND SOLEIL 38,CANTIERE DEL PRADO,FINOT,1991,Vic 3220,,,,ORC,CLUB,C,645,12 07 2026 23:46:34,11.480,9.770,2.268,3.73,6792.,0.0,0.37,649.6,0.8529,703.5,1.0413,576.2,1077.1,859.4,741.8,669.9,626.7,602.1,575.9,0.0,0.0,0.0,0.0,0.0,0.0,0.0,831.1,676.8,597.8,553.7,528.1,511.7,489.9,0.0,0.0,0.0,0.0,0.0,0.0,0.0,1074.7,809.1,670.9,589.5,547.5,517.8,471.4,43.7,41.2,39.8,38.5,37.4,36.9,36.8,145.8,150.1,153.1,158.3,165.3,172.3,178.1,1100.9,899.5,794.8,734.5,703.1,689.7,681.2,720.3,605.6,548.5,520.6,506.0,498.2,492.5,683.4,580.7,532.6,508.8,495.2,486.8,479.8,662.1,564.8,521.3,499.0,484.5,474.0,460.0,677.0,568.2,516.3,492.5,480.8,468.8,447.0,673.4,556.9,507.5,482.2,463.9,448.2,426.8,697.7,572.5,514.1,485.3,464.7,446.0,412.4,776.8,623.2,541.5,501.2,477.1,456.7,416.0,912.1,709.7,598.6,533.4,498.9,476.6,438.0,1053.3,819.3,688.8,605.3,550.3,514.5,470.7,0.7958,1.0485,1.1820,0.6197,0.8585,1.0026,0.0,0.0000,2026,0.9577,626.5,03020004V4H,9.018,7693,29.5,33.6,35.8,88.5,0.0,754.0,572.2,507.6,968.2,698.9,598.4,621.9,587.8,0.9648,1.0208,561.9,476.5,456.9,37.5,176.3,688.6,493.0,478.8,454.7,431.3,412.9,394.5,383.1,399.5,435.2,1578.3,1191.9,1577.4,46.4,142.6,1587.1,1009.5,938.1,893.6,924.2,950.7,989.6,1134.8,1359.2,1569.4
AUS,3016,3016,G347,Dynamic,First 34.7,Beneteau,Farr,2005,VIC 3216,,,,ORC,CLUB,C,595,16 07 2026 05:16:08,9.982,9.124,1.987,3.37,4565.,0.0,0.05,622.7,0.8769,684.3,1.0747,558.3,990.1,804.8,705.0,655.4,629.7,612.2,589.8,0.0,0.0,0.0,0.0,0.0,0.0,0.0,764.8,635.8,572.9,541.0,522.1,507.9,487.2,0.0,0.0,0.0,0.0,0.0,0.0,0.0,986.9,758.2,640.0,575.7,541.8,513.1,466.1,42.8,40.8,39.1,37.8,37.8,37.7,38.1,143.4,147.8,149.8,153.4,158.8,162.7,161.3,1022.4,846.5,757.3,719.8,705.7,699.2,697.5,672.2,575.0,532.7,514.1,506.4,502.5,499.0,639.4,556.4,520.9,503.0,493.6,489.2,484.2,619.6,544.8,512.5,492.9,479.4,470.4,461.0,629.4,536.9,501.3,485.0,474.3,459.8,439.9,614.1,524.5,488.3,463.4,443.7,430.3,409.6,628.7,531.7,492.8,465.7,441.2,419.3,387.1,700.6,571.4,513.7,483.5,457.0,431.6,381.2,829.4,660.9,565.2,515.3,488.8,466.8,423.8,957.7,763.1,652.6,591.0,553.6,525.1,482.1,0.8567,1.0815,1.1912,0.6686,0.8850,0.9866,0.0,0.0000,2026,0.9907,605.7,03020004V9W,8.865,5384,23.8,34.0,33.9,0.0,99.8,700.4,554.8,503.7,897.4,678.0,608.1,603.5,564.8,0.9943,1.0624,569.7,469.1,448.5,39.5,140.9,711.4,500.3,484.1,455.7,428.6,392.7,363.1,316.9,370.7,428.0,1411.8,1068.2,1409.2,46.3,139.5,1438.3,914.7,850.9,810.4,834.0,851.6,877.7,992.6,1199.7,1385.3
AUS,3247,3247,G4646R,Nizam,DK 46,DK Yachts,Mark Mills,2003,Vic 3144,,,,ORC,INTL,R,1105,14 07 2026 01:14:48,14.100,12.792,3.003,4.11,8801.,136.5,0.00,512.1,1.0666,562.5,1.3051,459.7,812.5,660.1,584.3,542.4,515.9,497.2,468.1,0.0,0.0,0.0,0.0,0.0,0.0,0.0,623.9,521.2,474.2,448.2,430.1,415.6,391.0,0.0,0.0,0.0,0.0,0.0,0.0,0.0,811.8,622.4,530.2,477.0,445.9,420.1,375.8,42.5,40.1,37.9,36.7,36.3,35.9,35.5,140.8,144.0,149.6,156.9,164.2,167.3,161.4,818.9,679.9,620.6,595.1,580.5,571.0,560.1,541.2,466.3,439.4,428.2,421.5,416.8,410.5,514.7,452.1,428.7,417.2,410.3,405.1,398.0,496.4,443.3,419.9,405.1,394.8,387.8,377.4,494.2,437.2,414.1,400.8,386.7,374.8,357.9,506.9,438.0,407.5,387.4,371.1,355.5,331.2,524.4,442.2,408.9,384.1,362.8,346.4,313.0,581.6,472.4,427.3,400.1,374.8,349.2,297.2,698.1,554.5,474.6,431.4,404.5,379.9,329.0,806.1,640.3,548.0,489.8,451.3,423.5,376.1,1.0479,1.3089,1.4634,0.8149,1.0722,1.2220,0.0,0.0000,2026,1.2021,499.1,03020004V70,12.692,10336,40.0,76.5,54.1,186.4,180.9,572.6,458.4,410.0,736.3,559.6,491.0,495.7,465.3,1.2104,1.2895,440.9,372.1,355.0,36.3,148.9,563.9,408.6,394.8,371.8,346.1,316.9,285.4,258.2,275.3,317.9,1164.2,876.1,1164.8,45.4,138.4,1158.5,740.8,687.7,651.4,662.2,693.3,739.5,835.2,1013.2,1170.0
AUS,2847,2847,G5593,Kestrel,Adams 10.6,Adams Factory,JoeAdams,1974,,,,,ORC,CLUB,C,540,24 08 2026 02:45:34,10.600,9.886,1.824,2.78,3241.,0.0,0.00,599.6,0.9091,660.0,1.1194,536.0,969.3,781.9,686.1,633.4,602.8,581.2,548.1,0.0,0.0,0.0,0.0,0.0,0.0,0.0,743.8,614.1,553.2,519.9,498.8,482.5,455.5,0.0,0.0,0.0,0.0,0.0,0.0,0.0,970.1,736.8,620.8,554.4,517.3,486.5,436.8,42.9,40.8,39.0,38.2,37.9,37.7,37.7,139.6,147.8,149.7,156.2,164.6,165.9,162.2,960.9,793.8,728.2,703.1,690.4,682.0,676.0,632.4,539.7,507.9,496.5,490.3,485.7,480.9,601.2,522.4,493.7,482.2,475.5,470.4,464.2,581.0,511.8,481.8,464.4,454.2,446.4,435.4,592.8,514.9,480.7,456.7,438.6,425.4,408.3,613.0,513.4,473.5,449.3,433.3,419.4,392.2,630.5,522.1,476.2,443.7,418.0,399.8,370.6,706.9,566.9,498.9,460.6,426.5,395.8,330.0,846.7,666.9,557.7,495.8,460.5,428.3,368.3,977.7,770.0,643.9,563.8,515.1,480.4,420.1,0.8837,1.1245,1.2593,0.6852,0.9151,1.0450,0.0,0.0000,2026,1.0291,583.1,03020004WMQ,9.454,4013,21.8,34.1,31.9,82.9,0.0,679.0,533.6,476.5,875.7,655.7,574.2,579.3,542.0,1.0357,1.1071,514.6,433.7,414.0,39.1,147.8,692.0,482.9,463.9,430.9,397.2,366.0,345.7,288.5,292.0,337.2,1391.3,1047.3,1394.6,45.6,138.9,1357.9,865.3,804.4,765.3,790.1,860.3,891.3,1021.0,1233.7,1424.6
AUS,3130,3130,G6276,BUCK 38,Sydney 38,Syney yachts,Murray burns Dovell,1990,,,,,ORC,CLUB,C,739,03 08 2026 23:09:48,11.795,10.826,2.591,3.71,5548.,0.0,0.02,569.8,0.9637,622.6,1.1796,508.7,923.0,742.8,647.7,597.1,566.0,545.2,515.7,0.0,0.0,0.0,0.0,0.0,0.0,0.0,710.1,586.0,525.4,492.9,471.8,456.3,432.1,0.0,0.0,0.0,0.0,0.0,0.0,0.0,924.1,700.9,587.9,524.8,489.3,460.1,413.9,42.2,39.9,38.0,36.7,36.6,36.3,36.3,142.2,147.6,151.8,157.4,165.5,170.4,169.1,911.2,752.2,677.6,649.1,634.8,625.9,617.1,604.5,516.4,480.1,466.4,459.3,454.6,448.7,576.6,500.6,468.8,454.2,446.8,441.3,434.2,558.8,490.7,460.6,441.4,428.7,421.1,410.3,569.7,494.6,461.3,439.2,420.3,405.9,387.6,584.1,490.3,451.4,425.7,407.3,394.9,375.1,603.1,501.2,457.6,428.4,402.7,380.6,350.8,678.4,546.7,482.3,448.3,419.9,393.1,338.0,809.5,635.2,535.8,480.0,448.2,421.5,369.8,934.7,733.5,617.7,545.1,497.1,464.4,414.4,0.9258,1.1852,1.3301,0.7204,0.9704,1.1125,0.0,0.0000,2026,1.0857,552.6,03020004W1E,10.706,6572,29.9,52.7,35.3,104.4,0.0,648.1,506.2,451.1,832.9,618.3,539.3,547.1,520.4,1.0966,1.1529,494.5,413.3,396.4,37.4,158.2,625.3,448.3,432.2,405.3,376.8,349.4,329.8,286.2,316.6,363.7,1327.9,1000.0,1332.0,44.9,139.3,1287.8,825.9,771.0,734.8,756.3,815.1,849.7,978.9,1184.8,1368.1
AUS,3411,3411,G6432,Perception,Sydney 32,Sydney Yachts,,2005,3199,,,,ORC,CLUB,C,575,16 07 2026 06:41:52,9.695,9.059,2.061,3.10,3391.,0.0,0.18,632.2,0.8736,686.8,1.0654,563.2,1031.2,826.7,715.5,654.7,621.9,601.0,572.2,0.0,0.0,0.0,0.0,0.0,0.0,0.0,795.3,652.4,582.0,544.0,521.0,504.2,478.8,0.0,0.0,0.0,0.0,0.0,0.0,0.0,1028.2,778.5,649.8,578.7,540.2,508.7,458.2,43.3,40.9,38.9,37.4,36.9,36.7,37.3,145.1,149.4,153.4,160.1,167.3,171.8,170.0,1061.2,869.4,769.8,723.6,706.9,698.2,693.2,696.6,589.0,540.6,518.7,509.3,504.1,498.9,661.9,567.7,527.4,506.6,495.3,489.5,482.6,641.3,553.9,517.3,494.9,478.0,466.8,455.1,645.4,546.6,508.1,491.3,472.2,454.3,431.2,638.4,537.1,496.5,468.2,447.0,433.2,411.0,658.7,548.7,502.3,470.6,442.9,418.6,385.4,734.9,593.1,526.1,490.1,459.4,431.0,371.6,867.0,679.0,575.0,520.3,487.8,459.2,404.7,1001.1,784.0,661.1,585.8,536.9,503.8,451.1,0.8289,1.0715,1.2027,0.6459,0.8810,1.0077,0.0,0.0000,2026,0.9818,611.1,03020004VA5,8.788,4169,21.5,31.2,23.3,69.2,0.0,723.9,560.0,498.9,928.9,681.0,595.4,610.6,570.1,0.9826,1.0525,550.8,459.7,439.3,38.7,157.3,704.6,499.7,483.0,450.6,419.2,397.7,360.5,308.2,344.3,397.1,1494.2,1130.3,1492.0,45.8,140.9,1517.1,968.2,901.9,859.8,887.0,892.2,925.1,1060.9,1274.3,1471.4
AUS,3280,3280,G6525,THE USUAL SUSPECTS,Sydney 32 OD,Sydney Yachts,Murray/Burns/Dovel,2005,3216 VIC,,,,ORC,CLUB,C,540,07 07 2026 23:38:21,9.695,9.145,2.091,3.10,3784.,0.0,0.18,637.5,0.8669,692.1,1.0577,567.3,1049.2,839.0,723.0,657.7,624.1,603.0,575.0,0.0,0.0,0.0,0.0,0.0,0.0,0.0,805.8,659.3,586.0,546.8,524.1,508.0,483.9,0.0,0.0,0.0,0.0,0.0,0.0,0.0,1047.0,789.6,655.7,581.6,543.4,512.8,464.2,43.2,40.8,39.1,37.6,37.0,36.8,37.3,145.1,149.6,151.2,158.4,167.3,173.6,174.1,1070.7,875.9,773.9,727.1,709.3,700.0,693.9,703.5,593.1,542.2,520.0,510.5,505.4,500.2,668.3,571.3,529.0,508.1,497.1,491.6,485.1,647.8,557.5,519.3,497.3,481.5,470.7,459.7,653.9,550.9,511.6,495.8,477.1,460.3,438.2,642.9,539.6,499.1,472.8,453.0,441.0,420.5,662.9,551.0,504.4,474.5,448.9,426.6,396.5,739.0,597.6,527.0,491.9,463.0,436.4,380.6,889.9,694.7,582.6,521.6,490.0,463.2,412.0,1027.6,802.2,672.2,588.3,538.8,506.0,456.2,0.8190,1.0647,1.1929,0.6355,0.8744,1.0037,0.0,0.0000,2026,0.9734,616.4,03020004UVL,8.791,4529,21.9,31.6,24.1,80.5,0.0,732.6,563.5,503.0,944.1,686.2,597.8,614.4,574.9,0.9766,1.0436,554.5,464.5,445.7,38.5,158.2,702.6,500.2,483.9,454.6,426.4,403.3,372.9,318.9,352.8,406.5,1512.8,1143.3,1510.8,45.9,137.4,1533.2,978.7,912.1,870.4,899.4,900.2,931.9,1066.8,1292.5,1492.5
AUS,3408,3408,G7001,MOONRAKER,S80,Swarbrick,Swarbrick,1978,,,,,ORC,CLUB,S,400,22 06 2026 03:30:56,8.030,7.333,1.424,2.77,1847.,0.0,0.27,732.5,0.7484,801.7,0.9252,648.5,1225.5,981.2,847.1,760.0,713.5,689.8,664.8,0.0,0.0,0.0,0.0,0.0,0.0,0.0,941.3,767.8,677.5,622.5,590.7,570.5,544.0,0.0,0.0,0.0,0.0,0.0,0.0,0.0,1221.3,921.2,763.0,664.9,613.8,576.3,512.1,44.5,42.9,41.4,39.8,39.1,39.1,40.3,148.0,151.6,154.6,161.4,168.4,175.8,176.3,1267.8,1042.3,923.2,848.5,818.3,811.7,823.8,822.5,689.4,625.7,590.0,572.3,566.7,564.5,777.6,658.5,604.2,574.1,554.9,546.8,540.8,752.4,640.4,588.0,558.6,534.6,516.7,502.8,754.9,627.8,571.0,539.4,522.6,505.4,473.3,748.1,622.0,564.6,526.3,494.1,468.9,439.7,777.1,640.0,574.2,534.5,500.1,469.6,412.9,874.1,704.8,608.2,560.2,523.3,490.4,424.5,1024.7,797.9,671.3,596.3,554.9,520.7,460.7,1183.3,920.1,771.1,671.4,608.8,567.9,505.9,0.7021,0.9302,1.0607,0.5438,0.7539,0.8742,0.0,0.0000,2026,0.8488,706.8,03020004TNL,6.764,2396,15.9,20.0,17.8,41.3,0.0,854.6,645.0,565.7,1103.3,795.9,686.3,707.2,657.2,0.8484,0.9130,655.6,527.5,491.4,44.5,162.9,860.7,568.8,540.7,497.0,459.0,417.6,374.7,348.3,396.3,450.6,1787.9,1344.4,1785.4,47.3,143.8,1812.2,1147.5,1064.7,1015.1,1044.1,1045.6,1093.0,1257.9,1527.3,1763.5
AUS,6042,6042,GB53,Jean Genie,Jeanneau 53,Jeanneau,P Briand,2008,,,,,ORC,CLUB,C,1151,23 06 2026 00:44:00,15.726,14.494,2.235,4.77,15851.,0.0,0.29,559.2,0.9713,617.7,1.2190,492.2,973.8,768.3,653.8,584.8,545.8,521.2,494.4,0.0,0.0,0.0,0.0,0.0,0.0,0.0,738.6,592.8,514.0,469.7,445.0,428.8,408.3,0.0,0.0,0.0,0.0,0.0,0.0,0.0,969.3,719.3,584.3,503.7,462.7,432.9,387.7,46.1,44.2,42.6,41.2,40.7,40.2,40.1,141.7,145.1,149.8,153.4,158.3,164.2,171.1,1019.0,814.2,704.2,644.1,617.8,604.9,596.5,647.5,528.7,468.0,436.8,422.2,415.9,410.9,600.8,499.8,448.4,421.8,408.5,402.3,397.0,570.2,480.6,434.9,410.9,396.5,386.8,377.1,582.2,485.3,430.4,404.6,392.9,381.1,361.6,581.5,471.6,418.2,392.0,373.2,358.2,339.6,597.2,482.5,425.0,396.1,375.6,357.4,326.1,671.6,532.6,457.1,415.6,391.3,371.5,335.0,804.2,625.6,522.5,457.0,417.9,394.0,357.0,928.6,722.4,603.4,525.4,473.8,437.5,392.3,0.9013,1.2281,1.4112,0.6888,0.9783,1.1599,0.0,0.0000,2026,1.1113,539.9,03020004TS8,12.622,17595,54.9,66.0,70.8,195.3,184.0,665.7,488.6,425.2,871.1,613.3,517.3,536.8,502.3,1.1177,1.1946,480.4,395.2,373.7,40.8,168.9,602.0,410.4,395.7,372.1,351.3,325.6,305.0,297.0,321.7,358.7,1439.5,1074.0,1433.8,48.4,138.9,1496.9,933.6,845.1,784.8,808.5,833.8,860.3,987.5,1196.9,1382.1
AUS,210034,210034,GBR5040L,Mittere,IC-37,Melges,Mills,2017,NSW 2062,,,,ORC,CLUB,R,686,08 07 2026 04:27:58,11.300,10.847,2.512,3.65,3533.,0.0,0.00,527.4,1.0217,587.3,1.2741,470.9,850.4,686.1,610.2,569.6,541.8,515.1,466.8,0.0,0.0,0.0,0.0,0.0,0.0,0.0,654.4,542.0,490.2,459.3,436.6,416.6,384.0,0.0,0.0,0.0,0.0,0.0,0.0,0.0,848.1,646.7,550.9,491.7,454.1,419.9,362.7,43.2,40.8,38.9,38.7,38.4,38.2,38.4,141.2,144.7,149.2,152.2,149.5,146.9,144.3,873.8,720.3,663.3,640.0,627.3,619.2,613.4,573.2,488.8,460.1,448.2,440.0,433.9,427.0,543.5,472.6,444.4,430.3,420.6,413.4,404.9,523.6,462.5,429.2,406.2,393.3,383.5,370.5,533.2,465.4,430.3,399.1,374.8,358.3,336.4,527.4,450.1,408.6,384.4,364.0,346.1,312.9,538.1,452.7,405.5,368.9,345.6,325.5,292.3,598.2,479.9,429.3,387.2,345.8,308.3,258.8,716.2,564.6,482.5,433.3,395.2,355.9,277.3,827.0,651.9,557.1,499.1,456.3,411.0,320.2,1.0030,1.2744,1.4656,0.7810,1.0241,1.1913,0.0,0.0000,2026,1.1708,512.5,03020004UVS,10.867,4502,27.8,50.7,35.7,0.0,149.9,598.2,470.8,409.4,768.2,585.9,503.7,516.9,468.7,1.1609,1.2803,435.6,362.7,339.9,39.7,147.9,622.7,426.9,402.7,363.6,322.2,279.8,264.7,226.5,215.1,248.4,1230.5,931.5,1228.3,45.5,139.3,1252.9,799.5,742.2,703.5,724.7,744.7,772.3,865.6,1046.3,1208.2
AUS,2942,2942,GS43,Wahoo,GS43F,Cantiere del Pardo,Claudio Maletto,2012,2107 WHALE BEACH Australia,,,,ORC,CLUB,C,600,22 06 2026 01:44:01,12.890,12.019,2.417,3.98,9086.,0.0,0.21,570.0,0.9580,626.3,1.1861,505.9,949.0,761.3,654.7,596.9,564.4,541.8,513.2,0.0,0.0,0.0,0.0,0.0,0.0,0.0,728.5,593.9,522.9,486.6,465.3,450.2,428.4,0.0,0.0,0.0,0.0,0.0,0.0,0.0,943.4,714.2,589.5,519.7,482.9,454.1,410.2,44.1,41.9,40.7,39.4,38.8,38.5,38.5,142.6,146.2,148.7,154.1,160.8,171.8,175.4,1004.6,814.1,708.7,660.4,641.3,630.7,621.5,652.9,543.1,483.0,459.1,450.0,444.8,439.5,616.2,519.3,468.0,446.2,436.8,431.9,426.1,591.7,503.7,458.9,435.8,422.7,414.4,405.2,587.6,486.8,449.3,435.2,418.9,404.9,387.0,571.7,474.8,432.5,409.8,396.2,385.3,367.5,584.5,482.8,437.3,409.9,387.9,371.1,348.5,650.2,525.6,461.7,428.3,402.2,378.6,332.6,773.7,613.6,520.1,464.4,433.1,409.1,364.9,893.4,708.6,600.6,533.4,487.6,452.9,404.8,0.9074,1.1944,1.3459,0.7016,0.9650,1.1179,0.0,0.0000,2026,1.0871,551.9,03020004TN9,11.122,10018,38.0,54.5,45.3,0.0,157.4,661.2,502.3,445.8,855.2,621.8,536.7,551.9,511.1,1.0871,1.1739,494.5,412.4,394.5,39.3,173.0,624.5,438.6,424.5,400.4,376.8,354.6,328.7,287.7,319.5,364.5,1368.6,1033.1,1361.4,47.4,138.5,1440.7,909.5,839.5,791.6,814.4,796.5,821.7,926.6,1122.8,1296.4
AUS,3036,3036,H1010,IKON,First 45,Beneteau,Beneteau,2007,3016 Vic Australia,,,,ORC,CLUB,C,865,29 06 2026 05:06:12,13.665,12.152,2.724,4.20,10206.,0.0,0.15,550.5,0.9991,600.5,1.2250,489.8,903.1,725.5,627.7,573.3,542.2,521.4,494.1,0.0,0.0,0.0,0.0,0.0,0.0,0.0,695.1,570.1,506.3,472.4,452.3,438.1,415.8,0.0,0.0,0.0,0.0,0.0,0.0,0.0,901.1,682.7,568.0,503.2,469.2,442.7,399.8,42.6,40.6,38.9,37.4,37.2,36.8,36.6,142.6,147.8,151.4,156.3,163.3,168.2,169.1,922.4,754.0,667.0,626.8,609.2,598.4,586.9,607.7,511.8,466.1,446.3,437.8,432.7,426.7,577.7,493.5,454.5,436.0,426.7,421.5,414.8,558.9,482.2,446.8,427.7,414.7,406.0,396.6,547.6,468.1,433.9,415.6,404.0,396.6,380.6,566.7,471.6,431.1,407.7,389.7,377.3,352.8,581.3,481.1,437.0,411.7,390.5,371.1,340.2,646.7,522.4,458.7,426.6,402.8,381.0,338.1,765.3,603.7,510.0,456.3,426.6,404.0,361.5,883.7,697.1,588.4,519.9,475.3,444.5,401.4,0.9484,1.2325,1.3847,0.7368,1.0061,1.1619,0.0,0.0000,2026,1.1258,533.0,03020004UAT,11.752,11450,41.0,62.1,51.4,176.7,142.8,632.6,486.8,433.3,814.3,596.4,516.4,528.8,498.8,1.1347,1.2029,474.1,398.3,382.0,37.2,162.7,586.8,424.6,412.1,391.5,370.0,334.4,313.5,293.3,317.6,361.5,1303.0,981.8,1302.0,45.3,140.2,1312.5,837.7,779.3,740.8,743.3,777.9,818.3,928.7,1120.1,1293.4
AUS,3399,3399,H1020,ENCORE,FARR 1020,Sea Nymph Boats,Bruce Farr,1981,VIC 3016,,,,ORC,CLUB,C,583,18 08 2026 02:38:41,10.380,9.109,1.808,3.22,4330.,0.0,0.25,654.1,0.8450,710.1,1.0334,580.6,1086.3,867.5,745.6,673.4,636.1,613.4,586.7,0.0,0.0,0.0,0.0,0.0,0.0,0.0,834.5,680.4,601.0,557.7,534.1,517.7,494.9,0.0,0.0,0.0,0.0,0.0,0.0,0.0,1084.3,816.0,674.4,593.6,554.0,523.4,473.9,43.6,41.7,40.1,38.4,37.7,37.4,37.8,145.8,150.5,152.3,159.5,166.8,175.4,177.2,1106.0,904.8,795.7,740.3,719.7,709.5,703.3,722.7,606.4,551.0,526.1,515.0,509.8,504.5,684.6,582.1,536.5,514.3,502.2,496.3,489.7,662.7,568.0,526.1,504.0,488.4,477.3,466.6,676.5,564.8,518.3,497.3,484.1,469.0,447.0,670.9,557.6,510.4,484.0,463.2,447.2,427.1,694.4,573.1,518.0,487.7,463.8,442.3,405.8,774.8,624.9,544.3,505.7,478.6,454.1,406.9,923.7,719.3,603.5,536.9,503.2,478.1,432.8,1066.6,830.3,695.6,606.4,552.5,517.2,470.1,0.7921,1.0408,1.1689,0.6142,0.8519,0.9851,0.0,0.0000,2026,0.9499,631.7,03020004WHC,8.623,5128,24.2,32.8,28.5,72.5,0.0,757.5,576.5,513.3,976.9,704.3,609.1,627.4,591.1,0.9563,1.0150,569.7,477.9,457.3,38.8,172.8,710.2,503.7,487.4,460.4,434.8,410.8,383.8,353.2,385.9,429.1,1577.8,1186.3,1577.4,46.5,137.3,1581.7,1003.3,930.3,884.8,912.9,938.8,976.3,1121.6,1363.0,1573.9
AUS,3304,3304,H20,Minna,Cole 43,East Coast Yachts,Peter Cole,1970,Vic 3185,,,,ORC,CLUB,C,707,24 07 2026 06:14:55,13.270,10.471,2.028,3.30,9273.,0.0,0.54,662.7,0.8291,723.7,1.0253,585.2,1123.3,890.6,764.5,686.9,643.4,615.6,585.7,0.0,0.0,0.0,0.0,0.0,0.0,0.0,863.0,697.7,609.4,559.2,531.9,515.2,495.5,0.0,0.0,0.0,0.0,0.0,0.0,0.0,1119.1,837.0,687.7,597.9,552.1,520.0,474.4,44.9,42.5,40.8,40.0,39.9,39.6,39.3,146.2,149.8,150.7,155.4,161.7,166.8,177.7,1164.7,943.0,829.8,766.6,737.8,721.7,709.0,751.5,627.0,562.0,526.6,509.3,501.7,495.0,709.0,598.5,540.5,510.0,493.7,486.3,479.8,685.6,579.8,524.7,496.1,479.7,469.9,460.9,702.1,587.7,525.4,493.4,474.5,462.1,446.1,688.7,565.5,505.1,475.6,459.4,449.1,435.0,713.5,579.2,510.3,476.1,456.4,441.5,419.7,795.3,631.8,540.1,491.8,465.4,446.8,414.1,936.9,725.8,605.8,530.7,489.7,465.6,431.4,1081.9,838.1,699.2,607.2,549.1,509.6,462.4,0.7689,1.0333,1.1720,0.5959,0.8347,0.9814,0.0,0.0000,2026,0.9401,638.2,03020004VL6,9.030,10292,32.3,30.9,43.2,101.4,0.0,780.3,580.7,511.9,1006.9,718.8,611.4,637.8,593.1,0.9408,1.0116,571.1,484.2,462.4,39.7,177.4,710.7,493.3,477.2,456.0,436.9,430.4,406.2,386.6,399.6,431.5,1657.8,1249.8,1653.9,47.4,143.3,1696.4,1067.8,985.8,937.0,972.5,986.9,1025.7,1168.5,1402.3,1619.3
AUS,3383,3383,H2621,De Ja Blue,Northshore 33,Northshore Yachrts,,1987,,,,,ORC,CLUB,C,550,13 07 2026 02:28:40,9.585,8.510,1.648,3.07,4313.,0.0,0.20,682.9,0.8070,743.5,0.9875,607.6,1124.1,903.6,779.5,706.0,668.5,645.7,619.3,0.0,0.0,0.0,0.0,0.0,0.0,0.0,862.8,709.0,627.8,584.2,560.9,544.7,522.6,0.0,0.0,0.0,0.0,0.0,0.0,0.0,1122.2,849.9,704.8,622.3,581.7,550.4,499.8,43.7,41.9,40.6,39.4,38.9,38.5,38.5,147.1,151.6,152.3,161.0,168.2,176.8,177.7,1142.4,944.3,836.4,784.3,764.5,754.6,749.3,745.0,631.2,575.6,551.2,541.4,536.5,531.6,704.8,605.3,560.0,538.3,527.4,522.4,516.3,682.1,589.4,548.4,526.4,512.3,502.9,492.7,694.5,589.9,541.3,519.9,505.7,491.4,471.1,694.3,580.9,533.1,506.4,486.0,469.4,449.1,719.7,596.5,540.2,509.9,485.5,464.1,429.3,808.2,654.3,566.3,526.9,499.9,475.2,430.3,957.5,748.4,627.1,557.8,523.8,498.7,453.4,1105.7,862.9,722.7,627.8,572.5,536.7,489.4,0.7635,0.9946,1.1101,0.5918,0.8134,0.9353,0.0,0.0000,2026,0.9074,661.2,03020004V4M,7.881,5067,23.2,31.6,30.8,69.9,0.0,785.9,603.3,540.5,1013.9,737.6,641.5,658.0,616.7,0.9119,0.9729,604.0,508.7,485.5,39.5,176.5,759.3,531.6,514.7,486.8,459.2,434.1,412.2,391.6,411.4,448.7,1624.9,1217.0,1625.8,46.7,135.0,1616.7,1023.0,945.5,897.4,923.6,964.1,1003.9,1154.9,1414.4,1633.2
AUS,3116,3116,H2926,LANNCOORIE,Defiance 30,Duncanson,JJ Savage and Sons,1972,,,,,ORC,CLUB,C,250,23 06 2026 00:56:28,9.040,7.044,1.595,3.04,3696.,0.0,0.56,741.2,0.7422,808.5,0.9048,663.1,1176.6,962.2,842.8,772.1,735.7,714.5,692.3,0.0,0.0,0.0,0.0,0.0,0.0,0.0,916.3,763.3,682.8,639.8,616.2,600.8,582.8,0.0,0.0,0.0,0.0,0.0,0.0,0.0,1168.9,905.4,763.7,682.0,639.1,605.8,555.2,43.6,41.5,40.8,40.2,40.1,40.2,41.0,148.4,152.3,155.7,162.3,169.1,176.8,177.2,1253.7,1049.6,940.8,883.8,864.3,856.4,861.0,823.1,705.0,642.2,611.1,598.5,594.3,595.4,782.5,675.9,621.2,594.3,581.8,576.7,573.0,757.1,656.0,605.5,579.5,564.4,554.3,545.1,758.2,641.8,592.3,575.4,557.2,542.1,520.0,735.6,624.9,575.9,550.5,531.6,519.4,501.7,756.6,636.1,579.9,549.5,525.1,504.1,483.0,825.3,679.3,600.9,562.9,534.8,509.2,471.2,952.1,759.5,650.9,591.0,558.5,532.2,486.9,1099.4,874.8,744.9,660.5,607.1,572.5,523.6,0.7145,0.9111,1.0035,0.5611,0.7477,0.8433,0.0,0.0000,2026,0.8347,718.8,03020004TSB,6.377,4085,18.5,20.0,26.3,67.7,0.0,839.7,658.5,597.9,1069.3,802.5,711.5,725.7,659.5,0.8268,0.9098,685.6,576.9,545.6,42.4,177.7,887.1,597.9,574.5,541.5,508.6,499.9,470.8,445.8,454.1,484.1,1677.3,1273.6,1669.5,46.4,143.3,1754.5,1113.4,1034.1,985.9,1012.3,997.9,1031.5,1162.2,1385.7,1600.0
AUS,3037,3037,H35,ONYX,Sydney 32,Sydney Yachts,"Murray, Burns & Do",2002,,,,,ORC,CLUB,C,595,04 09 2026 06:41:49,9.695,9.117,2.073,3.10,3529.,0.0,0.18,635.1,0.8697,689.9,1.0618,565.1,1043.8,835.0,720.6,656.6,622.2,600.6,572.1,0.0,0.0,0.0,0.0,0.0,0.0,0.0,802.4,656.8,584.3,545.1,521.9,505.1,480.0,0.0,0.0,0.0,0.0,0.0,0.0,0.0,1042.4,786.2,653.7,579.8,541.3,510.1,459.1,43.3,41.0,39.0,37.3,36.7,36.8,37.1,144.8,149.6,152.8,159.7,167.5,175.4,175.4,1057.8,866.1,765.7,719.3,702.1,693.1,686.8,693.6,585.7,537.5,516.3,507.1,501.8,496.3,658.1,564.2,524.6,504.3,493.4,487.6,480.6,636.5,550.7,514.9,493.0,476.7,465.9,454.4,650.1,548.3,508.2,489.3,472.0,454.6,431.8,646.8,541.6,499.8,471.6,449.0,433.3,411.4,669.4,555.6,506.8,475.9,449.2,425.0,386.5,749.5,604.7,532.4,495.9,466.8,439.6,382.9,891.9,696.2,586.6,526.7,493.9,466.6,415.4,1029.8,803.9,675.5,593.8,542.2,508.1,457.4,0.8224,1.0683,1.2003,0.6387,0.8770,1.0079,0.0,0.0000,2026,0.9772,614.0,0302000503L,8.868,4332,21.7,31.9,23.7,68.6,0.0,729.6,561.6,499.9,939.4,684.2,595.3,610.2,575.7,0.9832,1.0422,552.1,461.2,440.3,38.2,162.2,695.4,496.3,479.2,449.3,419.7,399.5,361.2,319.5,358.2,408.9,1513.2,1139.3,1513.5,45.8,138.9,1510.4,962.6,895.0,850.4,876.3,904.8,941.2,1084.8,1312.9,1516.0
AUS,3056,3056,H374,Pompette,Cavalier 350,Cavalier yachts,Laurie Davidson,1993,,,,,ORC,CLUB,C,576,25 06 2026 01:12:54,10.650,9.133,2.093,3.31,5130.,0.0,0.00,630.8,0.8728,687.4,1.0616,565.2,1005.4,814.9,714.5,658.9,626.8,606.7,581.6,0.0,0.0,0.0,0.0,0.0,0.0,0.0,775.6,645.0,581.4,547.6,527.4,513.0,491.1,0.0,0.0,0.0,0.0,0.0,0.0,0.0,1006.1,768.9,649.3,582.6,547.0,518.8,470.8,42.2,40.2,38.6,37.7,37.2,37.1,37.5,144.8,150.1,153.9,161.2,168.7,177.2,178.1,998.9,833.7,756.4,724.9,711.2,704.2,698.7,662.8,571.9,534.6,518.7,511.9,508.0,503.4,632.9,554.7,522.6,507.3,499.7,495.4,489.8,614.2,543.6,513.6,496.4,484.8,477.2,467.6,624.5,541.6,506.0,485.3,471.8,462.3,446.0,638.5,540.6,501.3,477.0,455.5,436.2,409.5,660.9,554.2,508.7,482.5,459.6,437.5,399.2,739.5,602.3,533.3,499.1,474.6,451.5,407.6,876.3,689.6,585.1,527.9,497.2,473.9,429.9,1011.9,796.1,672.5,593.0,542.4,509.2,464.5,0.8447,1.0677,1.1802,0.6592,0.8792,0.9962,0.0,0.0000,2026,0.9784,613.2,03020004U35,8.810,5926,24.8,41.6,33.2,79.5,60.9,710.3,562.0,508.4,910.2,682.4,602.3,607.8,574.9,0.9872,1.0437,565.4,476.1,453.7,38.5,176.3,706.6,502.8,487.8,461.8,434.4,394.4,372.0,369.0,388.3,424.3,1436.1,1080.2,1440.3,45.8,139.5,1394.8,891.3,831.6,793.5,814.5,877.8,915.8,1058.6,1279.6,1477.5
AUS,3385,3385,H74,RAGE,Adams 10,Adams,Joe Adams,1987,,,,,ORC,CLUB,R,460,07 07 2026 07:36:31,9.990,9.296,1.787,2.74,2898.,0.0,0.19,634.2,0.8626,695.5,1.0645,563.7,1055.3,841.2,725.7,663.2,627.5,604.5,571.9,0.0,0.0,0.0,0.0,0.0,0.0,0.0,805.2,657.0,583.1,543.8,519.7,502.4,475.5,0.0,0.0,0.0,0.0,0.0,0.0,0.0,1057.4,791.9,655.8,580.0,539.4,506.7,453.3,43.5,40.8,38.9,37.9,37.4,37.3,37.3,136.8,149.2,150.5,156.3,165.1,170.0,168.4,1034.1,846.6,756.3,724.4,709.5,701.1,693.6,677.4,573.7,529.3,513.6,506.3,501.7,496.0,642.8,553.5,515.5,499.1,491.5,486.3,479.2,622.9,540.5,505.3,484.1,470.4,462.6,450.7,638.7,544.7,505.0,479.9,459.2,444.1,425.3,656.0,541.9,495.1,464.5,441.6,425.9,401.8,680.3,557.3,502.5,467.7,438.2,413.8,374.9,766.1,615.2,534.7,492.8,459.5,428.8,365.8,932.3,723.7,602.1,529.1,491.3,460.2,403.9,1076.5,835.7,695.1,602.1,545.5,507.9,450.1,0.8207,1.0709,1.2082,0.6328,0.8696,1.0033,0.0,0.0000,2026,0.9762,614.6,03020004USV,8.898,3558,20.0,28.6,26.7,58.0,0.0,731.1,560.3,496.6,948.2,690.0,598.0,608.2,577.7,0.9866,1.0387,543.1,452.1,429.6,38.2,146.7,701.1,495.6,477.3,444.8,413.1,387.8,342.9,296.5,333.4,385.0,1521.2,1141.6,1526.1,46.0,136.3,1472.1,937.7,873.0,832.9,862.3,926.5,965.6,1117.0,1360.0,1570.4
AUS,330300,3303,H8118,Merlion,Ben First 40.7,,,1997,Vic  3016,,,,ORC,CLUB,C,717,22 06 2026 23:46:04,11.924,10.607,2.408,3.77,7016.,0.0,0.00,586.8,0.9383,639.4,1.1435,524.7,943.4,761.1,664.2,612.5,582.1,562.6,537.1,0.0,0.0,0.0,0.0,0.0,0.0,0.0,727.9,601.8,539.6,507.6,488.4,475.0,455.0,0.0,0.0,0.0,0.0,0.0,0.0,0.0,943.7,718.0,603.2,540.0,506.2,479.4,437.7,42.5,40.4,38.6,37.5,37.1,37.3,37.4,144.2,148.5,151.8,157.8,165.1,170.9,173.6,940.6,779.4,702.2,672.0,658.3,650.9,644.3,622.6,532.6,494.3,479.2,472.8,469.0,464.7,593.7,516.0,482.7,467.9,461.1,457.0,451.7,575.6,505.7,474.8,457.4,446.4,440.2,431.7,586.3,509.2,474.7,454.7,439.4,427.5,412.2,602.9,505.5,465.8,444.0,429.3,419.0,401.8,619.4,515.1,470.2,444.3,423.2,405.6,383.2,690.9,557.8,491.5,458.4,434.0,411.3,368.6,819.5,643.2,543.1,487.6,457.6,434.5,391.1,946.3,742.7,626.2,553.0,506.0,474.2,429.9,0.9025,1.1509,1.2743,0.7040,0.9456,1.0754,0.0,0.0000,2026,1.0538,569.4,03020004TS1,10.241,8031,31.6,49.0,46.4,121.9,0.0,664.8,521.3,470.8,852.3,634.5,557.9,564.4,533.5,1.0631,1.1246,520.9,440.2,423.6,38.4,166.9,651.7,464.3,451.2,427.1,402.7,386.9,365.7,324.2,346.4,390.1,1354.4,1022.1,1357.4,45.4,140.5,1325.2,846.9,789.3,752.6,775.3,842.1,870.9,995.1,1198.3,1383.7
AUS,2150,2150,HI100,AMMONITE,RP 52,,Reichel Pugh,2023,,,,,ORC,INTL,R,1271,29 06 2026 01:14:49,15.862,15.655,3.788,4.77,8098.,0.0,0.00,448.8,1.1968,501.4,1.5057,398.5,745.8,595.3,523.9,485.4,457.3,430.9,391.8,0.0,0.0,0.0,0.0,0.0,0.0,0.0,570.2,465.4,416.4,387.5,366.0,347.2,319.4,0.0,0.0,0.0,0.0,0.0,0.0,0.0,745.5,560.0,470.7,416.0,381.2,350.2,302.5,43.6,41.2,39.4,38.5,38.4,37.9,37.7,140.8,141.1,145.8,151.4,147.8,144.9,144.9,749.3,613.9,562.0,537.9,522.8,512.4,502.1,487.9,411.7,386.1,373.7,364.8,357.7,348.4,459.6,394.3,370.7,357.5,347.3,339.7,329.7,439.5,383.1,353.1,335.3,323.4,314.2,301.6,446.8,387.0,353.0,324.9,306.9,294.4,276.1,471.6,389.8,350.9,327.8,308.9,290.0,252.8,483.7,393.7,348.3,315.3,294.5,276.7,248.5,536.1,420.2,368.9,329.0,292.1,262.5,226.4,642.9,499.4,420.7,375.2,339.3,302.6,243.7,742.4,576.7,485.8,432.8,391.8,349.4,281.4,1.1588,1.5066,1.7570,0.8948,1.1991,1.4190,0.0,0.0000,2026,1.3776,435.5,03020004UA4,15.534,10015,49.8,101.1,64.0,0.0,269.6,517.8,398.2,341.5,670.5,500.4,422.8,434.9,400.3,1.3796,1.4988,364.5,301.4,283.4,38.2,147.1,503.3,346.5,326.4,295.6,264.1,231.6,226.2,201.6,195.5,225.7,1085.8,817.4,1086.7,46.0,139.1,1076.3,685.2,632.3,593.0,607.8,675.2,701.0,786.1,948.5,1095.3
AUS,2015,2015,HKG 1088,CORUM,Mumm 36 Modified,Cookson,Farr,1993,,,,,ORC,INTL,R,626,09 06 2026 06:41:29,10.910,9.780,2.410,3.59,3667.,116.2,0.00,576.6,0.9492,632.1,1.1625,516.1,920.8,743.7,654.7,608.7,579.9,559.4,524.0,0.0,0.0,0.0,0.0,0.0,0.0,0.0,710.6,588.9,533.1,502.3,481.1,464.0,435.1,0.0,0.0,0.0,0.0,0.0,0.0,0.0,918.6,701.5,595.0,535.1,498.7,468.0,416.8,42.3,40.1,37.8,36.9,36.5,36.2,36.2,141.9,145.6,150.5,159.2,165.9,166.0,154.1,943.0,773.5,699.4,673.0,659.3,651.1,643.5,624.1,531.3,497.4,484.8,477.7,472.8,466.6,595.1,515.9,485.5,471.5,463.6,457.8,450.4,577.7,506.5,475.8,455.9,443.0,434.9,423.3,580.2,500.2,475.2,451.8,431.6,416.4,396.2,570.1,488.6,451.9,426.8,409.6,393.8,367.9,585.6,494.9,454.3,421.9,394.1,372.6,340.2,651.3,531.6,479.2,442.8,408.8,373.7,308.9,778.3,618.4,528.6,482.2,448.2,416.4,351.3,898.7,714.0,610.1,544.5,500.6,467.6,404.5,0.9234,1.1662,1.3116,0.7209,0.9552,1.0884,0.0,0.0000,2026,1.0716,559.9,03020004SJ3,9.814,4530,24.0,41.8,29.9,103.1,104.4,649.8,514.5,457.5,832.3,628.1,551.3,560.2,519.7,1.0711,1.1544,484.6,411.4,391.8,37.4,144.2,654.0,466.8,448.5,418.1,383.3,350.5,315.0,264.0,273.1,315.3,1321.2,1002.0,1319.3,44.9,138.6,1340.7,860.5,804.4,768.6,793.0,791.2,821.3,929.5,1127.4,1301.8
AUS,7204,7204,HKG1943,Zephyr,Farr 41 MX,MC DELL MARINE,Bruce Farr,1995,,,,,ORC,CLUB,C,746,04 08 2026 00:37:59,12.630,10.829,2.662,3.81,7386.,0.0,0.13,592.2,0.9284,646.3,1.1378,527.3,970.2,779.9,676.7,617.5,582.6,560.1,532.8,0.0,0.0,0.0,0.0,0.0,0.0,0.0,746.0,612.2,544.7,508.6,487.5,472.5,450.9,0.0,0.0,0.0,0.0,0.0,0.0,0.0,971.0,734.8,612.0,541.7,505.8,478.0,432.9,42.3,40.2,38.6,37.1,36.4,36.3,36.3,141.9,146.4,148.8,157.2,164.4,176.3,178.6,962.1,791.2,704.2,664.1,647.5,638.5,629.3,637.0,539.9,496.0,477.4,469.4,464.9,459.7,607.3,521.9,484.6,467.3,458.4,453.8,448.0,589.0,510.9,476.6,458.1,446.3,438.4,429.4,602.3,512.0,470.6,450.8,440.5,429.0,411.6,608.3,505.7,463.4,439.7,420.6,404.5,383.5,628.1,518.1,470.2,444.2,422.7,402.8,366.9,708.6,569.8,498.3,462.9,439.2,417.6,375.5,847.3,665.7,562.2,500.6,466.4,443.4,402.8,978.4,768.7,649.2,570.9,517.6,481.7,436.4,0.8835,1.1450,1.2816,0.6857,0.9345,1.0801,0.0,0.0000,2026,1.0451,574.1,03020004W1K,10.471,8440,33.1,49.3,44.6,101.3,103.9,679.1,524.0,468.2,875.0,642.1,555.5,565.9,541.7,1.0603,1.1076,514.8,434.5,416.6,36.8,178.1,630.4,458.0,445.4,423.7,400.9,367.7,343.7,329.6,362.0,399.3,1403.8,1056.9,1407.4,45.2,138.3,1367.9,875.5,817.2,780.7,807.3,854.4,888.7,1025.9,1246.8,1439.7
AUS,6037,6037,HY68,PERLE,Beneteau Oceanis 34,Beneteau,Finot-Conq,2008,WA 6023,,,,ORC,CLUB,C,597,31 08 2026 02:41:53,9.990,9.242,1.904,3.65,5614.,0.0,0.37,684.4,0.8043,746.0,0.9923,604.7,1157.0,923.2,795.5,712.4,656.4,621.7,590.6,0.0,0.0,0.0,0.0,0.0,0.0,0.0,888.4,721.1,633.1,581.1,547.8,526.0,501.2,0.0,0.0,0.0,0.0,0.0,0.0,0.0,1147.9,864.8,714.3,621.3,568.2,531.9,482.1,44.6,43.0,41.9,40.8,39.3,38.2,38.2,146.7,150.7,153.2,158.8,165.4,172.3,177.7,1247.9,1013.6,889.8,809.6,752.7,719.6,702.0,807.9,668.9,596.1,554.0,529.2,513.9,502.1,762.4,637.6,572.4,537.3,516.5,502.7,488.5,735.9,618.7,556.1,524.2,505.2,491.4,470.9,703.4,582.1,525.9,499.9,486.4,478.9,463.4,687.1,569.1,516.8,490.1,469.9,452.8,430.6,708.7,584.0,523.9,493.7,472.1,452.5,418.4,783.4,634.6,552.4,510.9,485.9,464.3,424.2,923.2,721.5,609.4,543.1,508.0,485.1,445.5,1066.0,832.7,701.3,615.3,560.0,523.8,479.1,0.7456,0.9971,1.1491,0.5769,0.8068,0.9698,0.0,0.0000,2026,0.9093,659.8,03020004WTV,8.023,6427,25.5,27.8,24.8,79.9,0.0,804.7,601.7,522.1,1040.0,743.7,618.7,662.9,607.3,0.9051,0.9880,576.7,486.8,465.8,39.3,177.2,710.0,501.3,486.0,460.6,443.7,417.3,397.0,388.9,409.2,443.4,1704.9,1284.0,1692.8,47.0,142.8,1826.2,1154.2,1067.0,1015.2,991.1,963.3,996.8,1132.7,1371.4,1583.6
AUS,6005,6005,HY705,VOLANT,VIKING 30,Lexcen,Voyager Yachts,1991,Australia,,,,ORC,CLUB,C,431,16 07 2026 06:49:14,9.340,7.407,1.526,3.20,3694.,0.0,0.51,739.4,0.7438,806.6,0.9130,657.2,1214.3,980.2,850.4,768.4,721.0,695.1,671.9,0.0,0.0,0.0,0.0,0.0,0.0,0.0,937.4,769.6,682.0,632.3,603.2,584.6,562.8,0.0,0.0,0.0,0.0,0.0,0.0,0.0,1205.9,919.8,766.6,675.0,625.8,590.7,537.1,44.9,43.2,42.2,41.0,40.1,39.8,40.9,147.9,151.8,153.4,161.7,167.3,175.8,177.2,1297.7,1070.8,950.4,878.5,837.7,821.4,821.3,837.5,704.4,637.1,601.7,581.5,570.7,566.4,789.7,670.7,613.9,583.6,566.0,555.2,548.2,762.0,650.4,596.4,568.5,551.3,538.2,520.5,766.1,638.5,582.2,557.1,545.2,534.6,507.8,740.6,620.3,568.5,541.3,519.4,500.4,480.1,766.3,633.1,573.4,542.9,518.2,494.6,463.6,842.1,684.1,596.7,557.1,530.6,505.0,462.3,979.4,771.8,652.2,586.5,553.5,529.2,482.4,1130.9,889.6,750.3,658.3,604.3,568.8,522.5,0.7030,0.9188,1.0325,0.5468,0.7486,0.8659,0.0,0.0000,2026,0.8390,715.1,03020004VA6,6.593,4292,18.9,16.9,26.0,65.9,0.0,853.5,653.0,581.1,1097.3,801.5,692.9,719.4,657.1,0.8340,0.9132,667.1,555.8,525.9,41.9,176.8,853.6,572.3,550.0,515.5,489.8,467.7,449.1,433.2,447.6,480.7,1766.6,1334.2,1757.1,47.9,144.2,1861.0,1170.7,1078.5,1021.1,1051.0,1033.2,1070.8,1205.9,1448.1,1672.1
AUS,7201,7201,J8800,Jiyuu,J 88,J Boats,Alan Johnstone,2014,TAS 7006,,,,ORC,CLUB,R,340,29 06 2026 03:51:05,8.957,8.441,1.979,2.85,2431.,0.0,0.00,618.0,0.8858,677.4,1.0810,555.1,969.4,786.3,696.5,654.7,630.1,607.8,554.8,0.0,0.0,0.0,0.0,0.0,0.0,0.0,752.4,627.3,570.7,541.3,521.6,503.8,469.5,0.0,0.0,0.0,0.0,0.0,0.0,0.0,964.6,742.2,634.7,575.8,541.0,509.3,450.5,42.2,40.0,37.9,37.0,36.9,36.8,37.1,143.3,147.6,150.6,153.4,151.8,147.1,144.3,1017.6,837.1,758.6,733.0,720.9,713.9,710.3,678.0,576.8,539.3,526.7,520.1,516.0,512.0,648.1,560.6,526.8,512.9,505.8,501.0,495.6,629.8,550.9,516.7,497.4,485.0,477.6,467.7,618.3,542.1,517.3,492.1,473.0,458.4,439.5,598.4,520.3,487.6,467.8,451.0,435.9,407.3,608.4,522.4,482.8,453.3,431.7,411.2,372.7,674.1,553.5,500.6,461.8,425.7,385.3,323.9,797.8,637.0,549.7,501.8,467.7,434.5,345.7,921.2,735.5,634.4,576.3,539.3,501.7,399.2,0.8698,1.0843,1.2112,0.6835,0.8909,1.0110,0.0,0.0000,2026,0.9988,600.8,03020004UAM,8.370,2936,17.5,27.0,20.6,0.0,90.1,689.8,553.4,495.4,877.8,673.5,593.5,605.1,551.0,0.9915,1.0889,517.5,447.1,425.3,38.9,147.3,732.2,515.6,498.2,463.9,428.0,381.9,341.7,286.0,262.2,302.8,1382.4,1055.2,1376.8,45.0,139.9,1438.1,926.5,869.5,835.4,852.5,826.2,851.2,952.8,1148.9,1326.6
AUS,2935,2935,M 38,ADDICTION,Bavaria 38 Match,Bavaria Yachtbau,Peterson & Jakopin,2003,NSW 2107,,,,ORC,CLUB,C,720,17 07 2026 02:53:19,11.390,10.798,2.191,3.77,6849.,0.0,0.32,618.5,0.8834,679.2,1.0944,548.3,1035.6,826.3,712.4,645.9,609.6,586.8,559.2,0.0,0.0,0.0,0.0,0.0,0.0,0.0,793.6,645.5,568.8,526.6,502.3,486.1,464.2,0.0,0.0,0.0,0.0,0.0,0.0,0.0,1034.2,776.9,641.6,562.0,521.3,491.8,444.9,44.0,41.8,40.1,38.5,37.7,37.3,37.3,142.8,147.0,148.9,150.7,154.7,160.2,177.1,1049.8,854.5,751.1,693.4,667.3,655.8,648.9,682.5,572.2,517.4,490.3,476.9,470.7,465.9,645.5,548.4,502.4,479.1,466.0,458.5,452.7,623.3,533.0,491.7,469.9,455.0,443.9,432.0,637.7,535.5,484.8,460.0,444.4,435.6,417.2,641.2,527.2,477.6,451.5,430.6,412.7,386.0,661.4,541.8,485.7,457.1,434.6,414.4,376.7,742.8,595.4,516.8,476.7,451.9,430.3,389.3,884.5,691.2,583.4,518.4,482.0,459.5,423.0,1021.3,798.1,673.7,598.3,552.0,517.8,469.5,0.8338,1.1019,1.2449,0.6445,0.8902,1.0307,0.0,0.0000,2026,1.0031,598.2,03020004VC2,10.037,7863,30.5,37.6,40.7,0.0,82.1,719.6,544.5,482.0,931.0,674.0,582.1,589.9,564.4,1.0172,1.0631,545.1,449.4,427.3,37.9,177.1,654.9,465.9,451.3,426.9,404.5,369.4,343.1,344.3,387.9,435.3,1513.4,1136.7,1513.6,47.0,139.3,1511.4,956.2,885.0,839.0,867.1,906.8,940.1,1083.9,1312.4,1515.4
AUS,2543,2543,M 4,ALLONS-Y,First  42 ST PTE,Beneteau,Farr,1993,NSW 2105,,,,ORC,CLUB,C,700,30 06 2026 22:00:50,12.688,11.075,1.790,4.13,8255.,0.0,0.34,628.0,0.8690,690.4,1.0808,555.1,1073.0,850.8,728.9,655.2,612.6,587.2,562.0,0.0,0.0,0.0,0.0,0.0,0.0,0.0,814.8,659.3,577.8,531.6,505.5,488.9,468.2,0.0,0.0,0.0,0.0,0.0,0.0,0.0,1070.4,797.6,654.0,568.9,525.1,494.0,446.2,46.0,44.2,42.7,41.2,40.5,40.2,40.4,145.3,149.4,152.8,156.6,163.3,169.1,178.1,1098.9,892.8,782.8,720.8,693.6,681.8,678.2,699.1,580.4,521.6,492.4,477.9,471.4,466.7,649.9,549.6,501.4,477.5,464.4,457.3,451.7,619.1,529.2,487.1,465.3,451.5,441.5,429.9,629.8,532.6,486.5,462.2,446.8,434.1,413.5,658.5,538.2,482.1,454.5,435.5,418.9,391.9,683.2,555.4,490.9,459.1,438.0,419.7,386.5,766.3,608.9,524.8,478.5,452.4,432.5,394.8,906.7,700.5,586.1,516.5,476.3,452.2,415.1,1047.0,808.9,675.1,589.6,531.6,492.5,445.8,0.8140,1.0887,1.2363,0.6238,0.8753,1.0272,0.0,0.0000,2026,0.9880,607.3,03020004UH7,9.829,9265,32.9,43.7,42.5,81.0,0.0,737.1,551.1,485.3,961.8,685.5,584.1,601.2,567.1,0.9980,1.0580,551.2,455.6,430.2,41.5,177.7,690.5,467.5,450.5,424.0,399.8,376.4,357.9,358.4,379.3,412.0,1578.5,1174.9,1577.4,48.7,142.2,1589.2,990.3,898.3,835.4,857.1,938.5,978.7,1127.9,1357.7,1567.8
AUS,2916,2916,M111,GINAN,J111,J Boats,Johnstone,2010,,,,,ORC,INTL,C,730,24 06 2026 00:24:16,11.121,10.481,2.197,3.30,4431.,122.7,0.16,569.2,0.9597,625.2,1.1799,508.5,922.4,740.2,644.9,599.1,575.1,555.7,515.1,0.0,0.0,0.0,0.0,0.0,0.0,0.0,708.3,582.6,523.4,493.3,474.5,458.3,428.4,0.0,0.0,0.0,0.0,0.0,0.0,0.0,918.2,696.4,584.9,525.0,492.2,463.5,411.2,42.8,40.8,38.5,37.1,36.7,36.4,36.3,142.3,145.8,149.6,153.3,153.4,150.7,144.2,964.9,783.0,695.7,662.4,647.0,637.8,628.8,632.8,531.1,490.8,475.4,468.1,463.3,457.6,600.3,513.2,479.1,463.4,455.3,449.9,443.0,580.8,500.6,470.4,451.0,437.6,429.3,418.5,558.5,484.6,456.0,439.9,428.9,415.3,395.1,562.9,479.2,445.3,423.5,404.4,386.0,358.0,574.7,482.8,444.7,415.9,391.9,373.8,334.7,639.9,516.0,464.8,430.6,399.3,367.5,306.9,762.0,604.0,514.5,466.9,437.4,410.3,347.6,879.9,697.4,594.1,535.7,503.2,473.6,401.4,0.9296,1.1855,1.3300,0.7217,0.9675,1.1002,0.0,0.0000,2026,1.0860,552.5,03020004TV7,10.322,5433,26.1,37.9,32.4,0.0,129.9,645.4,506.1,451.1,831.4,620.2,545.4,552.5,510.6,1.0859,1.1750,475.0,404.2,385.3,37.3,144.4,634.8,456.8,442.2,413.3,383.1,339.5,303.2,268.1,273.0,315.2,1332.1,1006.6,1326.9,45.8,139.3,1385.0,882.5,820.8,781.0,763.9,791.5,816.9,916.3,1107.9,1279.3
AUS,2996,2996,ME1500,VAMOS,Optio 9,Wauquiez,Berret,2014,,,,,ORC,CLUB,R,559,30 06 2026 02:46:37,9.000,8.807,2.222,2.54,2963.,0.0,0.00,643.0,0.8575,699.7,1.0472,572.9,1042.5,839.5,730.2,669.5,634.0,610.2,577.7,0.0,0.0,0.0,0.0,0.0,0.0,0.0,807.5,663.3,592.7,554.1,530.2,512.1,484.3,0.0,0.0,0.0,0.0,0.0,0.0,0.0,1038.7,790.6,662.5,589.6,549.8,516.9,465.1,42.3,40.0,38.4,37.0,36.3,36.0,35.8,143.5,147.6,149.5,157.7,170.0,177.2,176.3,1080.2,885.9,786.1,737.3,717.4,706.2,696.6,719.7,607.3,555.1,531.2,520.2,514.4,508.2,688.9,586.8,542.4,519.9,507.3,500.7,492.9,673.4,574.4,533.1,509.6,492.4,479.8,466.4,655.9,556.1,517.8,501.3,487.0,468.5,443.0,642.3,541.2,500.3,471.2,450.3,436.3,412.6,659.7,549.2,504.3,471.1,442.6,418.5,386.2,735.2,594.0,527.7,491.7,458.8,428.5,364.7,870.1,686.8,584.0,528.8,497.1,467.4,411.7,1004.7,793.1,674.4,601.8,550.6,514.2,458.8,0.8159,1.0525,1.1853,0.6376,0.8633,0.9934,0.0,0.0000,2026,0.9652,621.6,03020004UDA,8.506,3717,19.4,26.3,21.2,0.0,72.6,735.4,570.1,506.2,941.0,695.0,604.0,622.2,578.5,0.9643,1.0372,545.8,459.3,441.1,36.3,142.4,699.5,506.6,489.8,459.1,429.4,392.6,358.7,302.6,339.5,392.0,1510.4,1150.6,1506.4,44.7,139.7,1550.2,1002.4,943.6,911.5,917.5,901.2,929.4,1055.2,1273.6,1470.6
AUS,43089,43089,MEX952,M52,TP52,Green Marine,Reichel-Pugh,2005,,,,,ORC,INTL,R,1233,11 06 2026 22:30:33,15.846,15.428,3.302,4.30,7770.,143.7,0.00,452.5,1.1882,505.0,1.4905,402.6,746.1,596.8,527.6,489.7,461.7,435.2,393.6,0.0,0.0,0.0,0.0,0.0,0.0,0.0,570.2,467.5,420.6,392.2,371.0,351.9,322.7,0.0,0.0,0.0,0.0,0.0,0.0,0.0,745.1,561.4,474.6,420.9,386.4,355.3,306.2,43.7,41.3,39.3,38.6,37.8,37.4,37.1,140.4,141.7,146.7,151.6,148.3,143.8,144.9,756.3,620.4,568.1,542.9,527.3,516.4,506.1,491.8,416.3,391.8,379.3,370.5,363.2,353.6,462.6,399.3,376.7,363.3,353.5,345.6,335.3,441.7,387.7,359.1,341.3,329.7,320.5,307.4,447.7,390.2,357.3,330.5,312.4,300.2,280.6,467.6,390.9,356.4,334.1,315.3,295.0,255.7,479.7,394.2,351.2,321.7,300.8,282.6,252.9,531.1,419.3,370.7,331.4,295.2,265.2,230.0,637.3,496.4,421.9,378.4,343.1,306.6,243.4,735.8,573.2,487.2,436.4,396.2,354.0,281.1,1.1564,1.4902,1.7357,0.8936,1.1899,1.4077,0.0,0.0000,2026,1.3648,439.6,03020004T17,15.280,9593,45.5,95.2,60.4,0.0,247.7,518.9,402.6,345.7,671.4,504.2,426.2,439.3,403.1,1.3657,1.4885,369.1,305.7,287.3,37.8,148.0,510.6,353.0,332.4,300.0,268.1,234.1,228.1,205.4,197.1,227.6,1087.1,818.0,1086.8,46.0,139.3,1090.2,693.5,638.5,597.3,610.3,667.9,692.0,778.6,938.8,1084.0
AUS,271900,2719,MH 4,TOYBOX 2,XP44,X-Yachts,Jeppesen,2011,NSW 2092,,,,ORC,INTL,R,935,07 07 2026 06:47:10,13.289,12.127,2.421,4.05,8528.,125.6,0.00,540.0,1.0096,594.3,1.2425,482.9,872.3,702.9,616.4,570.7,543.0,524.2,497.4,0.0,0.0,0.0,0.0,0.0,0.0,0.0,669.6,552.3,496.9,468.4,450.1,436.0,413.8,0.0,0.0,0.0,0.0,0.0,0.0,0.0,870.0,661.4,557.4,499.7,467.1,440.1,395.5,43.4,41.2,39.4,38.5,38.0,38.2,38.3,143.4,147.0,150.7,156.3,163.9,167.8,164.2,895.2,733.5,664.0,637.1,623.0,614.7,607.7,585.8,495.3,459.7,447.0,440.3,436.0,431.5,555.3,477.7,446.4,434.1,427.8,423.4,418.1,535.2,466.8,437.0,420.9,411.2,405.0,396.2,527.9,456.3,427.9,413.9,402.2,390.6,375.6,538.8,457.2,421.6,399.7,384.0,368.8,346.4,558.0,464.1,425.2,399.3,377.5,359.7,328.8,620.4,501.9,445.2,414.6,388.9,364.8,317.8,735.5,582.3,492.8,443.6,415.2,390.6,341.6,849.3,672.4,568.8,504.4,463.0,433.8,387.2,0.9821,1.2492,1.3915,0.7618,1.0169,1.1563,0.0,0.0000,2026,1.1424,525.2,03020004USP,11.557,9849,37.6,64.6,49.4,181.7,153.2,610.9,480.3,431.2,787.6,590.0,518.9,524.0,486.5,1.1449,1.2333,477.7,398.4,378.2,39.8,149.2,621.3,432.9,419.3,392.6,366.9,332.3,302.0,274.0,289.4,334.2,1256.1,944.6,1254.4,46.0,139.8,1272.9,808.7,748.1,706.9,714.8,741.6,782.1,888.1,1073.3,1239.3
AUS,2058,2058,MH192,Artemis,Adams 10,,Joe Adams,1987,,,,,ORC,CLUB,R,625,14 07 2026 01:40:16,9.990,9.337,1.786,2.74,2891.,0.0,0.11,617.9,0.8924,672.3,1.0919,549.5,1015.2,815.3,701.6,639.5,607.9,586.6,552.7,0.0,0.0,0.0,0.0,0.0,0.0,0.0,781.6,640.3,569.1,530.1,507.2,490.2,461.7,0.0,0.0,0.0,0.0,0.0,0.0,0.0,1011.9,767.2,636.6,563.7,525.7,494.9,443.8,43.6,41.5,39.3,37.5,36.9,36.7,36.8,139.4,148.9,150.1,156.8,165.1,165.1,161.5,1048.4,854.4,752.6,708.8,692.4,683.8,676.1,685.4,575.1,527.4,506.9,498.6,493.8,487.8,650.3,553.7,514.6,494.4,484.4,478.8,470.9,630.3,541.2,504.8,481.7,465.1,455.4,443.2,641.7,541.6,505.2,479.4,457.4,439.9,418.4,623.9,523.8,484.5,460.6,444.4,430.3,406.5,639.9,531.5,485.9,453.1,428.3,410.1,378.1,714.2,573.9,507.6,469.1,434.3,402.8,332.7,850.5,672.1,563.5,503.3,468.3,436.2,373.1,982.1,776.1,650.5,570.3,523.5,489.4,429.3,0.8440,1.0978,1.2402,0.6556,0.8996,1.0359,0.0,0.0000,2026,1.0044,597.4,03020004V71,9.107,3740,20.4,28.2,28.2,88.7,0.0,710.9,546.5,483.8,915.2,667.0,579.2,596.9,554.3,1.0052,1.0824,508.5,434.8,415.7,37.6,146.5,680.3,486.6,468.1,436.0,405.3,382.0,347.0,292.2,291.6,336.7,1457.8,1105.0,1454.2,46.1,140.7,1493.8,951.1,885.1,843.8,872.1,877.6,903.5,1025.7,1231.3,1421.8
AUS,2131,2131,MH2,Contentious,Adams 10,Blueline Yachts,Joe Adams,1992,,,,,ORC,CLUB,R,540,22 06 2026 02:02:58,9.990,9.313,1.785,2.74,2872.,0.0,0.12,617.4,0.8914,673.1,1.0908,550.1,1007.0,810.2,699.9,642.3,611.4,590.1,555.4,0.0,0.0,0.0,0.0,0.0,0.0,0.0,775.7,637.5,568.2,531.7,509.5,492.9,464.3,0.0,0.0,0.0,0.0,0.0,0.0,0.0,1003.9,762.9,635.2,565.7,528.1,497.6,446.3,43.6,41.2,39.0,37.7,37.2,37.0,37.3,139.7,148.7,150.1,156.8,165.1,164.7,147.1,1038.8,848.1,752.1,716.0,700.7,692.5,685.0,679.1,573.0,527.1,509.6,502.2,497.6,491.7,644.2,552.4,514.1,496.0,487.6,482.4,474.8,624.2,539.3,504.3,481.9,467.0,458.5,446.4,639.1,542.8,503.9,478.5,457.0,440.9,420.9,620.4,523.5,485.5,463.7,447.5,433.5,409.9,636.0,529.9,485.5,453.8,429.9,413.1,381.9,710.0,570.7,505.9,467.0,432.5,401.4,332.5,844.6,668.8,561.0,501.7,466.3,434.0,368.7,975.3,772.3,647.7,568.6,522.1,487.7,425.7,0.8492,1.0967,1.2337,0.6603,0.8985,1.0303,0.0,0.0000,2026,1.0034,597.9,03020004TNB,9.006,3626,20.2,28.4,27.7,88.6,0.0,706.5,547.1,486.3,908.7,667.8,582.4,598.1,553.1,1.0032,1.0847,511.8,438.0,418.6,38.2,147.6,691.2,490.9,472.3,439.8,408.0,382.4,351.3,295.6,287.8,332.3,1446.2,1095.8,1443.0,46.1,140.9,1478.9,941.5,876.0,834.6,862.3,872.5,898.4,1019.7,1224.2,1413.6
AUS,3287,3287,MH20,Advanced Philosophy,Sydney 38 OD,Sydney Yachts,MBD,2000,,,,,ORC,CLUB,C,743,30 06 2026 22:22:47,11.795,10.811,2.595,3.71,5560.,0.0,0.00,564.3,0.9750,615.4,1.1890,504.6,904.0,730.1,638.5,591.0,562.0,542.1,511.8,0.0,0.0,0.0,0.0,0.0,0.0,0.0,699.1,578.6,520.2,489.6,469.7,454.6,429.8,0.0,0.0,0.0,0.0,0.0,0.0,0.0,903.2,689.1,580.6,520.7,486.5,458.8,413.3,42.2,40.0,38.0,36.8,36.7,36.4,36.3,142.8,147.6,151.8,157.8,165.3,168.7,163.1,912.4,752.4,677.9,650.0,635.8,627.1,618.3,605.5,516.5,480.0,466.7,459.7,455.0,449.3,577.8,500.8,468.6,454.4,447.2,441.8,434.9,560.2,491.2,460.6,441.5,429.3,421.9,411.1,571.4,495.3,461.6,439.4,420.7,406.5,388.5,572.5,483.9,447.8,426.4,412.4,400.1,378.9,587.0,491.4,451.1,422.5,399.3,382.9,355.9,654.5,530.5,471.5,438.5,409.6,381.6,326.0,775.7,612.9,519.6,469.4,438.7,411.3,355.8,895.7,707.8,599.1,532.0,488.1,457.1,405.2,0.9391,1.1947,1.3362,0.7343,0.9817,1.1200,0.0,0.0000,2026,1.0963,547.3,03020004UH8,10.683,6596,29.8,52.3,37.5,130.3,0.0,638.9,502.2,449.0,817.1,611.2,535.7,544.8,511.4,1.1013,1.1733,485.1,410.3,393.8,37.4,146.5,626.7,449.1,433.0,406.1,377.7,350.5,332.9,289.1,297.4,343.5,1298.4,982.3,1299.3,44.9,140.2,1289.6,827.4,772.9,737.4,759.6,795.2,824.3,937.9,1132.1,1307.2
AUS,3384,3384,MH3200,ATRAXIA,Sun fast 3200,Jeanneau Yachts,Andrieu Yachts,2007,,,,,ORC,INTL,C,572,29 06 2026 05:52:24,9.790,9.140,1.912,3.44,3577.,119.0,0.18,632.0,0.8700,689.7,1.0729,559.2,1061.0,844.3,726.0,654.8,615.7,592.7,563.2,0.0,0.0,0.0,0.0,0.0,0.0,0.0,814.6,661.7,583.8,538.1,510.1,490.7,461.2,0.0,0.0,0.0,0.0,0.0,0.0,0.0,1056.8,793.2,655.7,574.0,529.8,495.8,436.7,44.1,42.2,40.3,38.5,38.2,37.9,38.3,145.6,149.4,152.3,158.5,165.7,169.6,168.2,1103.5,895.2,785.4,723.5,696.5,685.3,681.1,716.6,598.0,540.8,511.3,495.8,488.5,482.2,677.2,573.1,524.9,499.1,482.0,471.3,462.6,654.1,557.7,513.9,488.2,467.0,450.2,432.5,653.6,545.3,497.6,468.6,449.2,437.6,411.0,647.5,537.4,489.8,456.4,427.5,401.4,365.8,667.4,550.7,498.4,464.1,433.8,404.1,345.4,745.4,597.8,524.4,485.2,453.3,423.9,361.4,882.1,687.1,578.6,517.6,482.8,453.3,398.2,1018.6,793.4,666.5,586.2,534.9,500.0,445.2,0.8129,1.0779,1.2384,0.6298,0.8765,1.0215,0.0,0.0000,2026,0.9849,609.2,03020004UB3,8.830,4358,23.6,31.7,26.4,82.2,68.1,738.1,556.6,484.5,952.7,684.5,587.4,608.6,568.1,0.9859,1.0562,541.8,439.0,412.2,39.7,156.6,693.3,483.4,461.7,425.1,391.5,341.1,304.4,291.8,339.7,390.3,1547.6,1168.8,1543.1,46.5,139.0,1591.9,1009.8,936.5,890.2,919.0,913.0,945.6,1082.0,1301.9,1503.3
AUS,2939,2939,MH36,No Friends,Adams 10,David Dylan,Joe adams,1993,,,,,ORC,CLUB,R,525,29 06 2026 06:15:29,9.990,9.301,1.782,2.74,2838.,0.0,0.06,615.6,0.8933,671.7,1.0929,549.0,1000.6,805.8,697.6,641.7,611.3,590.2,555.1,0.0,0.0,0.0,0.0,0.0,0.0,0.0,770.7,634.5,566.6,531.1,509.3,492.8,464.2,0.0,0.0,0.0,0.0,0.0,0.0,0.0,997.9,759.0,633.3,565.1,527.8,497.5,446.1,43.6,40.9,38.9,37.8,37.3,37.1,37.5,139.8,148.7,150.2,156.8,165.1,164.4,146.4,1028.2,840.6,748.4,715.3,700.9,693.3,687.0,672.1,568.9,525.1,509.0,501.9,497.6,492.2,637.7,549.2,512.2,495.2,487.4,482.4,475.2,618.2,536.6,502.5,480.8,466.6,458.6,446.6,633.4,541.4,502.6,477.3,456.2,440.7,421.3,619.6,523.3,485.6,463.8,447.6,433.6,409.9,634.7,529.5,485.3,453.7,429.8,413.0,381.5,708.7,569.6,505.4,466.5,431.9,400.7,331.0,842.7,667.6,560.2,501.3,465.7,433.2,366.5,973.1,770.9,646.8,568.2,521.7,487.2,423.2,0.8540,1.0987,1.2340,0.6643,0.9003,1.0303,0.0,0.0000,2026,1.0056,596.7,03020004UB9,9.008,3576,20.1,28.5,29.0,88.7,0.0,702.6,546.1,486.2,903.2,666.4,582.4,596.5,552.0,1.0059,1.0869,512.5,438.5,418.7,38.4,147.9,694.8,492.0,473.2,440.3,408.5,382.6,350.3,294.7,285.9,330.1,1436.3,1087.9,1433.8,46.1,141.0,1461.7,930.3,865.6,824.6,852.2,871.1,896.9,1017.8,1221.8,1410.9
AUS,7002,7002,MH461,Voetsak,Benteau 461,,,1998,,,,,ORC,CLUB,C,869,22 06 2026 00:45:59,14.000,12.168,1.712,4.12,9484.,0.0,0.31,614.5,0.8832,679.3,1.1112,539.9,1081.7,848.6,720.3,641.3,597.1,571.6,546.7,0.0,0.0,0.0,0.0,0.0,0.0,0.0,819.2,652.1,563.9,514.1,486.5,469.8,449.5,0.0,0.0,0.0,0.0,0.0,0.0,0.0,1074.2,792.7,642.1,551.9,505.7,473.9,425.1,47.1,45.4,43.7,42.3,41.7,41.4,41.6,142.6,146.1,150.1,154.3,160.1,165.7,174.5,1157.0,918.7,791.9,720.1,687.1,674.1,671.1,729.5,590.1,519.5,482.5,464.7,457.2,453.9,672.6,554.4,494.7,464.4,448.9,440.9,436.5,637.9,530.7,477.4,450.3,434.6,424.1,412.6,648.4,526.1,466.8,439.5,425.7,416.9,397.0,629.9,508.8,452.4,425.2,406.1,390.4,367.6,648.1,521.4,459.4,428.9,407.5,388.4,354.3,731.4,575.4,492.1,448.4,422.8,401.9,362.3,871.7,674.1,561.9,490.3,449.9,425.3,386.3,1006.5,778.4,648.7,562.5,507.2,469.1,422.2,0.8156,1.1209,1.2866,0.6217,0.8904,1.0552,0.0,0.0000,2026,1.0125,592.6,03020004TN2,10.384,10745,37.0,44.3,49.3,126.6,121.7,735.7,535.3,466.3,965.1,673.9,568.6,593.2,545.6,1.0115,1.0998,539.2,438.6,410.6,43.2,170.0,691.4,456.9,436.5,408.7,383.9,351.9,327.9,321.7,348.4,387.0,1608.4,1201.6,1597.9,49.0,139.9,1713.2,1065.2,961.2,894.9,921.8,910.7,940.0,1079.1,1302.2,1503.6
AUS,2684,2684,MH66,Jambo,King 40,M Mills,King Marine,2006,NSW 2066,,,,ORC,CLUB,C,850,25 06 2026 03:37:33,12.123,11.064,2.494,3.70,7023.,0.0,0.07,555.4,0.9848,609.3,1.2057,497.7,887.5,718.1,628.5,583.7,560.7,543.8,514.8,0.0,0.0,0.0,0.0,0.0,0.0,0.0,682.8,566.7,511.4,482.9,465.7,452.0,427.3,0.0,0.0,0.0,0.0,0.0,0.0,0.0,883.3,676.1,570.8,513.2,482.3,456.9,412.6,43.0,40.8,38.8,37.3,36.7,36.4,36.3,142.3,145.9,149.8,153.9,157.5,160.1,145.3,928.7,761.0,679.1,644.3,628.0,618.3,609.1,609.9,516.9,478.6,462.5,455.1,450.2,444.7,578.9,500.1,468.1,452.4,443.7,438.6,431.8,559.0,489.7,461.0,443.2,430.6,421.9,411.5,543.8,475.2,447.0,430.3,419.3,411.2,393.6,544.2,468.3,437.0,417.4,404.3,387.9,358.3,554.5,471.3,438.3,413.2,392.1,376.3,346.1,615.8,499.9,454.9,427.6,402.4,376.3,319.9,732.9,584.7,500.6,457.2,433.0,411.0,364.1,846.2,675.2,578.0,523.2,493.4,469.4,420.5,0.9604,1.2119,1.3448,0.7474,0.9932,1.1170,0.0,0.0000,2026,1.1114,539.8,03020004U39,10.904,8192,32.4,52.4,41.3,0.0,168.5,624.7,495.1,446.2,802.8,604.1,537.2,538.6,500.7,1.1140,1.1984,475.7,402.2,385.1,37.1,143.6,611.9,443.2,429.4,405.3,380.6,337.3,308.3,277.8,294.0,339.5,1271.5,961.3,1266.4,45.6,139.3,1321.6,841.4,781.2,741.1,736.0,756.6,782.5,875.1,1057.7,1221.4
AUS,210042,210042,MH777,LAZY DOG,MC38,McConaghy,Harry Dunning,2011,,,,,ORC,CLUB,R,600,02 07 2026 03:53:54,11.275,10.982,2.792,3.50,3263.,0.0,0.00,504.2,1.0691,561.2,1.3236,453.3,783.4,653.2,591.7,548.9,515.9,486.3,438.8,0.0,0.0,0.0,0.0,0.0,0.0,0.0,606.2,517.7,474.6,444.5,421.2,401.2,371.6,0.0,0.0,0.0,0.0,0.0,0.0,0.0,782.2,615.6,533.8,476.8,438.7,405.3,353.0,42.0,39.3,38.0,37.8,37.2,36.9,37.1,141.4,145.3,147.3,149.7,145.0,143.5,148.9,795.9,691.1,650.8,627.8,612.8,603.5,598.2,527.7,474.1,454.9,443.0,433.7,426.9,420.5,502.7,456.0,437.8,424.5,414.4,407.1,399.6,487.9,437.0,413.8,398.5,387.0,378.4,367.8,494.5,440.0,400.2,379.8,364.9,353.2,336.7,500.4,441.4,409.6,384.5,357.4,331.5,301.2,508.5,433.3,395.7,368.6,346.1,326.7,295.3,559.2,455.2,400.9,353.9,323.3,300.8,263.3,667.7,532.8,461.3,407.0,362.9,319.6,241.9,770.9,615.2,532.7,469.9,419.0,369.1,279.4,1.0677,1.3191,1.5187,0.8353,1.0646,1.2608,0.0,0.0000,2026,1.2155,493.6,03020004UKN,11.148,4146,28.4,59.3,39.8,0.0,188.0,562.0,454.9,395.1,718.3,563.6,475.9,499.8,444.2,1.2004,1.3506,414.3,355.2,334.6,37.9,153.4,606.7,423.1,400.5,363.8,325.2,282.3,266.2,229.2,200.9,221.8,1117.0,845.3,1117.0,44.9,139.4,1117.1,716.6,666.4,630.0,642.9,691.5,717.1,802.6,967.3,1117.0
AUS,4376,4376,MK8,Fontana,Swan 40MK1,Nautor Swan,G Frers,1992,,,,,ORC,INTL,C,718,21 05 2026 22:20:58,12.248,10.514,2.200,3.95,9827.,119.6,0.29,619.0,0.8911,673.3,1.0871,551.9,1004.1,810.7,705.0,643.6,607.7,584.8,559.1,0.0,0.0,0.0,0.0,0.0,0.0,0.0,775.3,639.7,569.8,532.2,510.6,496.1,476.5,0.0,0.0,0.0,0.0,0.0,0.0,0.0,1002.9,763.8,638.6,566.7,529.4,501.7,458.2,43.6,41.5,40.0,39.2,38.5,38.0,37.5,145.6,150.1,153.0,157.8,165.1,171.3,178.1,1015.8,842.2,751.1,706.6,686.3,674.4,664.6,665.6,567.3,519.8,498.9,488.6,483.2,478.1,632.7,545.8,506.5,488.0,477.8,472.0,466.2,613.0,532.8,497.1,478.6,467.1,458.7,448.8,624.2,537.4,497.0,475.8,462.0,451.2,434.0,641.6,534.4,488.3,465.5,449.8,436.6,419.6,660.6,547.2,493.7,467.1,448.7,432.3,403.3,732.2,593.0,518.0,480.7,458.4,439.8,403.9,859.4,675.0,572.4,511.5,479.0,458.2,422.6,992.3,779.3,658.9,580.7,529.2,495.2,453.6,0.8481,1.0943,1.2186,0.6612,0.8968,1.0329,0.0,0.0000,2026,1.0005,599.7,03020004QR0,9.723,10862,33.6,44.9,54.1,122.1,0.0,707.5,548.3,492.4,907.4,669.0,580.9,594.3,562.0,1.0096,1.0677,542.9,463.1,444.8,38.1,177.2,664.6,476.2,463.1,441.9,421.2,407.4,389.0,375.9,389.5,421.2,1446.1,1089.2,1447.7,46.5,140.6,1429.8,906.5,839.2,797.0,821.1,894.4,924.3,1055.9,1266.5,1462.4
AUS,6126,6126,N62,Saltwater Wine,JPK1080,,,2014,NSW 2300,,,,ORC,INTL,R,669,05 06 2026 06:12:42,10.877,10.136,2.156,3.66,4876.,120.5,0.00,594.0,0.9254,648.3,1.1369,527.8,979.1,785.3,679.0,617.5,584.2,562.8,533.8,0.0,0.0,0.0,0.0,0.0,0.0,0.0,753.6,616.4,547.7,509.1,485.9,468.9,442.3,0.0,0.0,0.0,0.0,0.0,0.0,0.0,974.9,738.2,614.2,542.4,504.4,473.3,422.2,43.4,41.2,39.3,37.7,37.4,37.1,37.1,140.8,146.4,149.2,157.5,165.1,168.9,166.4,1021.2,829.8,729.5,680.0,660.2,649.5,642.2,670.1,561.1,509.8,485.5,473.8,468.1,462.1,636.9,540.6,497.3,474.8,461.5,454.2,445.9,618.5,528.7,488.9,466.1,448.1,434.7,420.2,607.9,510.8,472.6,454.7,442.1,428.4,400.6,594.9,499.0,459.0,430.2,407.5,393.4,369.0,609.6,507.4,464.3,433.8,406.5,380.6,344.2,681.7,550.1,488.2,454.7,425.5,397.9,337.1,811.4,641.5,544.4,489.6,457.7,430.4,377.8,937.0,740.8,628.6,555.0,508.2,476.0,425.4,0.8760,1.1427,1.2954,0.6801,0.9322,1.0767,0.0,0.0000,2026,1.0451,574.1,03020004S80,9.891,5801,27.3,37.8,31.9,112.4,111.6,684.9,525.1,463.2,882.2,643.6,557.3,573.6,534.6,1.0460,1.1224,508.4,420.2,400.8,37.9,140.3,647.7,461.6,443.6,412.7,384.6,348.1,317.5,272.6,319.7,369.2,1414.4,1072.8,1409.3,46.0,140.6,1465.2,936.1,873.9,836.1,854.7,835.0,861.8,977.7,1180.9,1363.6
AUS,3422,3422,NX 1000,TWO WAY STREET,NOELEX CLASS 25F,AUSTRAL YACHTS,,1968,,,,,ORC,CLUB,S,378,30 06 2026 02:00:42,7.720,6.904,1.288,2.51,1315.,0.0,0.37,798.7,0.6833,878.1,0.8549,701.8,1394.6,1100.0,940.9,834.5,767.3,722.7,682.9,0.0,0.0,0.0,0.0,0.0,0.0,0.0,1061.0,850.5,739.6,672.7,629.9,599.2,561.8,0.0,0.0,0.0,0.0,0.0,0.0,0.0,1382.6,1027.1,840.1,722.5,655.0,604.9,532.5,45.1,43.9,43.4,42.7,41.3,39.8,40.3,149.6,153.2,155.6,161.2,170.0,177.7,177.7,1514.2,1218.1,1064.5,965.4,898.2,851.6,830.8,974.4,794.8,700.0,643.0,612.5,592.9,575.8,913.7,752.7,667.6,619.7,593.2,574.7,552.7,874.0,707.9,625.6,588.9,568.1,553.2,521.2,801.4,659.2,593.7,558.6,532.3,514.4,497.0,795.2,656.0,592.6,554.8,521.4,492.0,437.8,827.1,675.5,602.9,564.7,532.2,502.3,436.2,957.1,756.2,640.8,589.1,554.3,522.9,461.6,1104.2,853.2,712.0,625.5,582.7,550.6,493.6,1275.0,982.0,817.4,703.5,636.3,593.9,535.0,0.6278,0.8582,1.0121,0.4810,0.6855,0.8346,0.0,0.0000,2026,0.7800,769.2,03020004UD9,5.845,1818,12.5,14.9,6.9,24.9,0.0,955.7,699.1,592.8,1247.4,875.3,718.9,776.7,703.3,0.7725,0.8531,672.8,540.0,502.1,43.0,171.2,862.1,579.3,550.9,506.6,473.2,402.7,368.1,388.5,431.4,483.5,2085.4,1557.8,2068.6,47.1,146.6,2253.1,1423.8,1312.0,1238.0,1133.1,1123.4,1178.1,1411.4,1660.8,1917.7
AUS,3362,3362,NX981,MISTY BLUE,NOELEX CLASS 25F,AUSTRAL YACHTS,,1968,,,,,ORC,CLUB,S,378,11 08 2026 02:51:32,7.720,6.904,1.288,2.51,1315.,0.0,0.36,793.7,0.6880,872.1,0.8598,697.9,1380.2,1090.3,933.7,829.0,763.1,719.6,681.2,0.0,0.0,0.0,0.0,0.0,0.0,0.0,1051.4,843.8,734.9,669.2,627.2,597.0,560.3,0.0,0.0,0.0,0.0,0.0,0.0,0.0,1368.2,1018.2,834.1,718.4,651.9,602.5,531.0,45.0,43.8,43.3,42.6,41.1,39.6,40.2,149.3,153.0,155.0,161.0,169.3,177.2,177.2,1500.6,1208.5,1056.8,959.3,893.2,847.8,830.0,966.2,789.3,695.8,640.6,610.8,591.6,575.8,906.6,747.9,664.2,617.5,591.8,573.7,552.5,867.8,706.6,625.1,588.9,569.7,552.1,520.7,797.4,656.4,592.1,557.6,532.1,515.9,499.3,789.4,651.8,590.0,552.1,518.9,489.6,437.7,823.0,670.3,599.8,561.7,528.6,498.1,431.0,944.8,747.7,635.2,585.4,550.6,519.0,456.0,1091.1,844.3,705.5,621.0,579.3,547.2,489.7,1259.9,972.2,810.5,698.6,633.0,591.5,532.4,0.6332,0.8631,1.0156,0.4857,0.6903,0.8379,0.0,0.0000,2026,0.7850,764.4,03020004W8S,5.875,1819,12.5,14.8,7.3,27.1,0.0,947.6,695.2,590.8,1235.3,869.2,716.1,772.3,698.6,0.7769,0.8589,671.2,538.7,500.4,43.0,167.6,862.4,579.6,551.2,506.9,472.9,405.4,365.0,380.8,425.7,480.0,2060.4,1541.5,2043.6,47.0,146.2,2228.8,1408.7,1298.4,1226.5,1128.9,1117.2,1170.8,1389.5,1638.6,1892.1
AUS,4090,4090,PC27,Balancing Act,J 99 2.0,J Boats,Alan Johnstone,2018,,,,,ORC,INTL,C,559,19 06 2026 03:16:56,9.950,9.082,1.990,3.41,3876.,126.1,0.18,611.4,0.8996,667.0,1.1011,544.9,997.5,804.2,699.2,636.8,601.3,580.1,550.8,0.0,0.0,0.0,0.0,0.0,0.0,0.0,765.2,632.0,565.9,527.5,503.1,485.5,457.2,0.0,0.0,0.0,0.0,0.0,0.0,0.0,992.0,755.9,633.6,561.6,521.5,489.8,437.4,43.4,41.2,39.2,37.4,36.5,36.1,36.2,143.1,147.3,150.5,160.1,167.3,170.9,167.8,1052.6,859.5,757.1,702.2,677.2,666.2,658.6,689.4,580.8,531.4,506.9,493.6,486.5,479.9,654.2,559.7,518.7,496.6,482.3,473.1,464.9,621.6,534.2,500.0,482.8,470.1,456.7,439.9,596.3,519.4,486.5,464.5,448.4,437.2,420.7,605.2,516.0,478.4,450.9,427.1,407.2,370.4,620.0,524.2,483.7,453.9,426.0,397.5,349.4,687.8,562.8,506.3,473.5,444.3,415.4,350.7,816.2,648.5,555.6,507.8,476.8,449.5,395.0,942.5,748.8,641.3,571.3,525.4,494.0,443.0,0.8588,1.1052,1.2518,0.6660,0.9054,1.0446,0.0,0.0000,2026,1.0132,592.2,03020004THW,9.063,4641,22.9,33.8,25.9,93.0,92.1,698.6,542.9,479.3,900.9,662.7,574.4,592.2,550.3,1.0132,1.0903,517.8,428.2,407.9,37.1,140.4,662.9,478.2,461.6,431.7,399.2,337.7,307.1,275.3,322.7,372.7,1435.2,1081.0,1428.3,46.0,139.4,1504.2,958.1,891.3,848.6,804.8,838.3,865.3,978.5,1183.2,1366.2
AUS,2989,2989,PH36,JAZZ BAR,Adams 10,Blueline Yachts,Joe adams,1974,,,,,ORC,CLUB,R,633,24 07 2026 06:50:16,9.990,9.316,1.769,2.74,2827.,0.0,0.13,615.3,0.8916,672.9,1.1000,545.5,1027.3,822.4,705.4,638.9,605.8,582.3,543.8,0.0,0.0,0.0,0.0,0.0,0.0,0.0,786.9,642.7,568.5,525.5,500.1,480.3,448.7,0.0,0.0,0.0,0.0,0.0,0.0,0.0,1023.2,772.3,637.7,560.4,519.7,484.7,426.9,43.6,41.8,39.7,37.7,37.0,36.8,36.8,139.4,148.9,149.9,156.3,164.0,161.8,153.2,1068.2,868.7,760.4,707.8,689.0,678.9,670.6,698.4,582.3,529.7,505.6,494.9,488.9,482.2,662.7,559.4,516.0,492.9,479.4,472.3,463.2,640.3,542.3,506.0,480.1,459.8,446.6,432.5,612.5,523.4,485.9,463.6,449.7,432.2,404.8,627.9,524.0,480.1,444.1,417.4,398.3,367.1,643.9,532.1,483.5,446.6,413.8,384.4,340.7,717.6,575.5,506.6,464.5,425.5,390.2,326.0,854.2,672.2,563.3,502.1,463.8,428.1,361.7,986.4,776.2,650.5,570.0,522.6,485.7,416.9,0.8394,1.1044,1.2674,0.6488,0.8981,1.0458,0.0,0.0000,2026,1.0093,594.5,03020004VLA,9.108,3693,20.6,28.6,27.6,93.0,69.0,714.8,543.3,473.4,924.8,668.1,573.7,595.2,550.6,1.0080,1.0898,501.0,420.1,397.9,37.5,145.8,673.9,480.4,459.4,423.3,389.2,345.3,306.5,265.6,284.1,328.1,1473.4,1112.4,1468.5,45.9,140.9,1522.3,970.9,905.0,865.4,837.4,870.7,908.2,1028.8,1233.6,1424.4
AUS,3094,3094,R111,GODZILLA,HICK 31,ROBERT HICK,ROBERT HICK,2002,,,,,ORC,CLUB,R,509,11 06 2026 23:52:07,9.421,8.562,2.214,2.87,2428.,0.0,0.00,600.3,0.9182,653.5,1.1128,539.2,939.5,763.9,675.5,631.3,603.2,581.1,537.3,0.0,0.0,0.0,0.0,0.0,0.0,0.0,729.3,611.7,556.6,526.4,504.8,486.5,453.8,0.0,0.0,0.0,0.0,0.0,0.0,0.0,936.9,722.3,617.3,559.0,522.9,491.3,436.2,41.7,39.6,37.1,36.3,35.8,35.6,35.6,142.9,148.3,154.5,161.7,165.9,164.6,148.3,965.0,800.4,729.1,703.7,690.3,681.4,674.1,643.6,556.0,523.6,510.9,503.3,497.8,491.1,615.0,541.8,511.5,496.8,488.2,481.9,473.9,596.8,532.4,501.4,480.2,466.3,457.6,445.0,604.0,531.6,501.6,475.6,454.0,437.4,413.9,590.4,515.6,481.8,462.1,445.4,430.0,395.3,603.0,520.8,480.8,449.5,426.0,406.3,371.2,669.0,551.5,500.3,461.4,424.0,386.2,324.9,791.5,629.9,542.4,497.1,460.5,424.3,346.8,914.0,727.4,621.9,558.8,516.2,480.9,400.5,0.8948,1.1149,1.2531,0.7045,0.9230,1.0522,0.0,0.0000,2026,1.0293,582.9,03020004T19,8.784,3120,18.2,34.1,20.1,86.9,0.0,670.5,538.2,478.8,851.7,650.1,570.2,585.2,539.1,1.0254,1.1131,496.1,427.6,408.9,37.1,148.7,687.7,491.9,472.1,439.2,399.0,357.0,341.7,287.1,263.8,304.6,1341.2,1018.7,1339.4,44.9,140.1,1358.9,874.9,820.0,785.2,808.8,808.2,837.6,949.4,1146.1,1323.4
AUS,3215,3215,R1111,Toecutter 3,HICK 10,Robert Hick,Robert Hick,2023,,,,,ORC,CLUB,R,505,08 07 2026 03:50:23,10.140,9.184,2.189,3.40,2249.,0.0,0.00,561.8,0.9689,619.3,1.2052,497.9,927.8,748.4,650.3,595.2,564.5,531.1,468.5,0.0,0.0,0.0,0.0,0.0,0.0,0.0,716.2,590.4,524.3,483.2,455.6,428.4,384.3,0.0,0.0,0.0,0.0,0.0,0.0,0.0,923.2,704.3,588.0,515.6,473.2,432.1,362.3,42.7,40.5,38.9,37.2,36.3,36.0,36.0,142.4,146.4,149.6,151.6,149.6,142.8,140.2,973.7,795.1,699.6,652.2,633.5,622.6,614.5,641.7,541.8,493.7,463.6,448.6,440.3,431.7,611.3,524.4,481.9,449.4,430.4,421.5,411.0,593.7,514.5,474.9,440.7,410.8,393.4,376.3,583.0,493.0,456.4,435.3,415.6,384.0,338.9,565.3,480.6,428.1,393.9,371.9,350.5,309.5,576.4,486.3,434.5,388.2,350.0,323.2,280.5,641.9,521.1,464.3,420.0,371.2,316.5,246.5,763.8,607.7,520.5,466.9,429.1,380.7,279.3,881.9,701.7,601.0,538.1,495.5,439.6,322.5,0.9184,1.2025,1.4331,0.7159,0.9699,1.1628,0.0,0.0000,2026,1.1072,541.9,03020004UVR,9.834,3219,21.7,31.5,26.5,0.0,111.7,653.3,499.0,418.7,838.1,618.6,516.0,546.1,501.7,1.0988,1.1959,432.7,359.0,334.9,37.1,145.6,618.1,430.7,408.0,367.4,312.7,274.8,249.5,214.9,214.2,247.3,1329.4,1013.0,1323.7,45.4,139.5,1385.8,888.7,831.0,794.4,820.1,790.4,815.9,912.9,1102.4,1272.9
AUS,3027,3027,R1121,Executive Decision,Adams 10,Adams,Adams,1989,,,,,ORC,CLUB,C,598,28 08 2026 04:45:08,10.000,9.320,1.782,2.74,2838.,0.0,0.14,617.9,0.8928,672.1,1.0914,549.8,1012.3,813.6,700.9,640.0,608.5,586.8,550.7,0.0,0.0,0.0,0.0,0.0,0.0,0.0,780.1,639.6,569.3,530.8,507.9,490.6,461.2,0.0,0.0,0.0,0.0,0.0,0.0,0.0,1008.2,765.5,636.3,564.4,526.3,495.5,443.6,43.6,41.5,39.3,37.5,37.0,36.9,36.9,140.4,148.7,150.2,156.8,164.9,164.4,146.0,1053.6,858.1,756.0,712.3,695.5,686.4,678.3,688.8,577.7,529.6,508.9,500.4,495.3,489.1,653.6,556.3,516.8,496.3,486.1,480.2,472.1,634.0,543.6,506.9,483.6,466.8,456.7,444.3,639.0,541.6,507.4,481.3,459.2,441.5,419.4,619.4,522.4,484.5,462.5,446.2,432.0,408.1,634.5,528.7,484.4,452.4,428.5,411.5,379.4,708.9,569.4,505.0,466.0,431.0,399.4,329.8,840.9,666.0,559.4,500.8,465.3,432.9,366.5,971.0,769.0,645.9,567.7,521.5,487.1,423.2,0.8453,1.0969,1.2399,0.6572,0.8997,1.0368,0.0,0.0000,2026,1.0043,597.5,03020004WR2,9.054,3656,20.2,28.3,26.8,92.0,0.0,709.8,547.0,483.9,913.0,666.9,578.7,598.1,552.5,1.0031,1.0859,505.6,434.2,415.1,37.6,147.5,682.2,487.7,469.2,437.0,405.9,382.6,348.0,292.9,284.8,328.9,1456.5,1105.3,1451.8,46.0,140.8,1503.3,957.3,891.3,850.7,881.2,871.4,896.9,1017.2,1220.9,1409.7
AUS,3009,3009,R138,ADRENALIN,Sydney 38,Sydney Yachts,MB&D,2000,,,,,ORC,CLUB,C,741,07 07 2026 07:25:26,11.795,10.848,2.593,3.71,5627.,0.0,0.01,568.6,0.9662,621.0,1.1812,508.0,917.9,739.4,645.5,595.9,565.2,544.8,515.7,0.0,0.0,0.0,0.0,0.0,0.0,0.0,706.8,584.1,524.3,492.5,471.7,456.4,432.6,0.0,0.0,0.0,0.0,0.0,0.0,0.0,919.0,697.8,586.2,524.2,489.1,460.2,414.6,42.1,39.9,37.9,36.7,36.6,36.3,36.2,141.5,147.6,152.1,157.8,165.5,170.4,168.7,906.6,749.6,676.2,648.4,634.6,626.1,617.8,602.1,515.3,479.8,466.7,459.8,455.1,449.4,574.7,499.9,468.7,454.6,447.3,441.9,434.9,557.2,490.4,460.7,441.7,429.3,421.8,411.0,567.3,493.8,461.0,439.0,420.4,406.3,388.3,582.3,489.7,451.3,426.1,408.7,396.4,377.8,600.9,500.3,457.2,428.2,402.9,381.1,352.8,675.5,544.9,480.9,447.5,419.2,392.5,337.9,804.7,631.5,533.3,478.8,447.2,420.6,369.0,929.2,729.2,614.7,543.3,495.9,463.5,413.6,0.9296,1.1869,1.3294,0.7241,0.9729,1.1132,0.0,0.0000,2026,1.0878,551.6,03020004USU,10.727,6656,30.0,52.1,38.0,104.3,0.0,645.4,505.5,451.3,828.6,616.7,539.0,546.4,519.1,1.0981,1.1558,494.4,414.0,397.6,37.4,158.2,626.0,449.1,433.0,406.0,377.5,351.7,333.4,287.7,315.7,362.8,1319.9,994.1,1324.0,44.9,139.4,1278.8,820.4,766.1,730.6,751.5,811.5,845.7,974.1,1178.7,1361.1
AUS,3054,3054,R18,Laurelle,Northshore 38,Northshore Yachts,Hank Kaufmann,1980,VIC 3150,,,,ORC,CLUB,C,705,15 06 2026 00:12:53,11.620,10.322,1.941,3.31,6163.,0.0,0.25,626.5,0.8808,681.2,1.0793,555.9,1042.5,831.1,714.5,647.7,610.5,587.3,559.2,0.0,0.0,0.0,0.0,0.0,0.0,0.0,801.1,652.2,575.1,534.1,510.9,495.4,473.7,0.0,0.0,0.0,0.0,0.0,0.0,0.0,1039.6,781.7,645.8,569.1,529.8,500.4,455.1,44.1,42.0,40.4,39.0,38.1,37.7,37.4,144.9,149.4,152.7,157.6,165.1,171.3,176.3,1071.7,872.3,765.0,711.6,690.6,679.3,669.6,695.7,582.6,526.4,501.5,491.9,486.8,481.4,656.8,558.4,512.0,489.9,479.4,474.4,468.1,634.1,543.2,501.9,480.0,466.1,457.2,447.7,648.5,545.3,497.8,478.4,461.4,447.7,429.4,644.4,533.8,487.0,462.5,445.3,434.0,416.5,666.1,547.7,493.1,464.6,442.4,423.9,396.9,744.3,597.0,519.7,480.8,454.8,431.8,387.7,877.6,684.2,576.4,513.5,479.2,455.0,411.5,1013.3,790.0,663.9,583.8,530.4,495.2,448.8,0.8257,1.0874,1.2217,0.6405,0.8877,1.0299,0.0,0.0000,2026,0.9916,605.1,03020004T4S,9.565,7146,30.4,40.6,39.5,95.1,0.0,726.7,551.8,491.1,936.8,675.9,582.6,601.6,565.6,0.9974,1.0608,540.5,457.0,439.0,37.9,169.1,671.7,479.7,465.5,441.7,418.9,406.7,377.1,338.0,364.3,409.3,1524.0,1146.2,1522.1,47.1,140.4,1542.8,974.3,899.3,851.8,881.1,907.6,942.1,1083.9,1303.5,1505.2
AUS,311800,3118,R2001,LIBERATOR,39 CUSTOM,HART MARINE,JUTSON,1993,VIC 3228,,,,ORC,CLUB,R,692,20 07 2026 02:52:28,11.875,10.518,2.293,3.70,4947.,0.0,0.13,577.1,0.9520,630.2,1.1688,513.4,951.1,761.3,656.7,600.8,570.2,549.9,518.1,0.0,0.0,0.0,0.0,0.0,0.0,0.0,729.8,596.5,530.9,495.7,474.5,458.4,431.9,0.0,0.0,0.0,0.0,0.0,0.0,0.0,949.0,716.2,595.0,528.0,491.9,462.4,414.0,42.8,40.8,39.0,37.6,37.4,37.2,37.2,138.6,147.7,148.9,155.7,164.9,167.2,159.1,972.7,791.3,701.6,665.5,649.4,640.1,631.2,638.4,535.6,490.6,472.9,465.1,459.9,453.7,605.6,516.3,478.2,460.4,451.5,445.7,438.3,585.2,504.1,469.3,448.1,433.5,424.5,413.5,592.9,499.1,468.4,446.4,426.8,410.8,389.8,579.9,486.8,449.1,425.7,411.1,398.3,375.2,594.8,494.5,452.6,423.1,398.6,379.7,350.2,671.2,536.4,474.1,439.6,409.4,379.7,320.1,805.0,633.3,529.9,471.7,440.0,411.4,353.3,929.5,731.3,611.9,536.2,491.0,459.6,405.1,0.9048,1.1753,1.3260,0.7008,0.9597,1.1049,0.0,0.0000,2026,1.0740,558.6,03020004VDU,10.295,5907,28.2,47.5,30.0,127.9,0.0,663.1,510.5,452.5,856.2,625.2,543.0,557.2,519.1,1.0768,1.1560,486.3,410.3,392.0,38.2,145.4,637.8,452.6,435.9,408.2,377.5,351.2,325.2,279.1,290.0,334.8,1369.6,1035.1,1367.3,45.7,139.8,1392.2,888.1,826.3,785.4,809.4,816.2,846.1,966.4,1166.5,1347.0
AUS,7214,7214,R300,The Dog House,Clubman Super 30,,,1995,TAS 7052,,,,ORC,CLUB,R,525,11 08 2026 05:14:29,9.595,9.017,2.122,3.28,2473.,0.0,0.12,601.1,0.9091,660.0,1.1155,537.9,962.7,779.5,683.7,635.4,605.9,583.4,539.9,0.0,0.0,0.0,0.0,0.0,0.0,0.0,740.0,616.9,556.7,523.5,501.0,482.2,448.0,0.0,0.0,0.0,0.0,0.0,0.0,0.0,959.0,734.3,620.9,557.7,519.3,486.4,428.0,42.5,39.7,37.8,36.7,36.3,36.3,36.5,142.6,148.0,153.7,160.8,165.5,163.7,146.7,1000.1,824.0,742.5,710.6,695.1,686.3,678.9,662.0,565.8,526.7,510.2,501.8,496.3,490.0,631.0,547.9,513.9,495.9,486.0,479.3,471.4,599.9,528.8,503.5,479.6,462.9,453.2,440.8,578.8,514.1,482.0,461.9,448.9,434.3,412.7,590.2,509.9,468.7,439.1,420.1,399.3,366.5,606.1,516.3,472.4,435.0,404.6,381.5,339.7,672.9,552.1,499.9,460.1,422.3,384.2,305.7,801.3,636.4,544.2,497.6,460.2,425.1,347.3,925.3,734.9,625.0,560.2,516.8,480.6,401.0,0.8844,1.1179,1.2657,0.6888,0.9144,1.0476,0.0,0.0000,2026,1.0274,584.0,03020004W92,8.924,3198,18.9,30.8,21.2,85.9,72.9,678.4,536.7,474.0,871.1,656.2,572.7,587.9,539.1,1.0205,1.1129,499.6,423.0,400.2,38.0,144.9,692.3,490.4,470.1,435.8,400.0,346.3,304.6,260.5,265.8,307.0,1376.2,1038.9,1372.0,44.9,139.0,1418.2,912.1,854.1,809.5,775.8,814.0,844.5,954.1,1155.4,1334.2
AUS,3244,3244,R33,CHUTZPAH,CAPRICE 40,MAL HART,REICHEL PUGH,2007,VIC 3123,,,,ORC,INTL,R,850,15 06 2026 00:02:04,12.492,11.981,2.655,3.79,4514.,129.7,0.00,506.6,1.0649,563.4,1.3251,452.8,811.4,659.2,587.2,547.7,518.9,490.9,446.6,0.0,0.0,0.0,0.0,0.0,0.0,0.0,625.2,521.2,472.8,442.1,419.2,399.2,369.7,0.0,0.0,0.0,0.0,0.0,0.0,0.0,808.4,621.0,530.7,474.4,436.6,402.4,349.1,42.8,40.5,38.6,37.7,37.5,37.2,37.3,141.5,144.6,149.2,152.1,148.7,145.3,145.3,841.7,697.4,638.8,614.0,600.0,590.4,583.5,554.2,473.7,445.3,433.0,425.1,418.8,411.3,525.3,457.4,430.5,416.7,407.1,400.0,391.1,504.4,447.0,415.3,393.4,380.8,371.7,359.1,503.6,441.3,416.5,385.6,362.9,347.8,328.2,505.0,435.4,396.6,366.7,346.8,329.8,300.6,514.6,436.5,391.8,361.7,334.0,310.8,278.0,566.3,459.6,411.9,369.0,329.0,295.7,257.0,676.5,537.8,463.7,417.7,379.1,339.0,268.3,781.1,621.0,535.5,481.5,437.7,391.5,309.8,1.0467,1.3240,1.5263,0.8160,1.0658,1.2466,0.0,0.0000,2026,1.2169,493.0,03020004T4Q,11.906,5712,30.4,60.8,37.9,172.1,177.1,573.2,453.2,393.1,735.3,563.0,481.3,497.2,449.5,1.2067,1.3349,419.0,351.2,331.4,38.6,149.0,596.0,414.1,391.0,354.7,316.2,274.2,262.7,218.4,209.6,242.0,1159.9,878.7,1156.7,45.4,139.5,1191.5,761.6,706.7,668.5,685.1,694.5,725.9,810.9,977.1,1128.2
AUS,3416,3416,R36,Agent J,J-36,JBoats,Johnstone,2025,,,,,ORC,CLUB,C,672,29 06 2026 00:49:42,11.000,10.152,2.098,3.60,5443.,0.0,0.18,587.4,0.9297,645.4,1.1433,524.8,953.0,768.0,667.4,615.9,590.7,572.6,545.7,0.0,0.0,0.0,0.0,0.0,0.0,0.0,730.8,602.9,540.1,507.5,488.7,474.2,450.8,0.0,0.0,0.0,0.0,0.0,0.0,0.0,947.1,721.5,604.5,540.1,506.7,479.2,432.7,43.6,41.3,39.4,37.8,37.4,37.3,37.3,142.8,146.9,149.8,153.2,156.8,159.4,147.3,1012.2,824.8,727.5,682.7,665.1,655.2,647.6,661.3,556.1,507.6,486.6,477.4,472.4,467.1,626.5,535.0,494.9,475.3,465.0,459.7,453.2,601.7,515.0,485.7,465.3,450.9,441.1,431.4,569.7,495.1,466.1,451.9,441.9,432.4,411.8,575.4,490.2,455.8,433.5,417.8,402.7,379.0,586.6,494.9,457.6,430.8,408.4,389.9,357.8,652.3,529.6,476.9,446.6,419.6,393.4,338.5,774.1,616.0,526.0,478.6,452.2,429.3,384.3,893.9,711.3,607.4,549.0,516.2,490.0,443.7,0.8997,1.1503,1.2792,0.6972,0.9383,1.0582,0.0,0.0000,2026,1.0522,570.2,03020004UA0,9.860,6375,27.5,39.2,32.5,0.0,131.4,666.9,521.6,469.0,860.6,639.5,567.0,570.8,527.1,1.0512,1.1383,507.1,426.1,407.1,38.2,142.8,652.5,466.4,452.1,426.2,400.2,362.6,325.1,285.9,313.2,361.6,1371.7,1033.2,1363.9,46.2,139.6,1449.2,920.8,854.9,812.5,772.2,788.9,826.7,927.9,1120.8,1294.2
AUS,3410,3410,R360,ORA,SYDNEY 36 CR,SYDNEY YACHTS,Murray/Burns/Dovel,1995,,,,,ORC,CLUB,C,712,17 07 2026 05:56:16,10.970,10.430,2.384,3.41,5818.,0.0,0.21,600.1,0.9176,653.9,1.1215,535.0,978.0,789.1,685.0,623.7,590.2,568.7,540.5,0.0,0.0,0.0,0.0,0.0,0.0,0.0,751.1,619.2,553.3,516.6,495.2,480.2,456.4,0.0,0.0,0.0,0.0,0.0,0.0,0.0,974.5,741.9,620.2,549.7,513.2,485.1,439.7,43.1,40.4,39.0,37.4,36.5,36.0,35.8,142.4,146.7,149.3,158.1,165.7,171.8,175.4,1013.4,830.9,734.7,685.8,665.3,653.5,641.9,666.8,563.8,515.1,492.9,482.3,476.7,469.8,633.9,542.9,502.7,482.4,471.1,464.8,456.9,614.4,526.5,491.0,473.4,459.0,448.6,436.4,591.3,509.7,476.6,457.8,445.6,437.3,420.6,598.3,505.3,468.6,444.7,426.3,414.2,388.2,613.8,513.0,473.3,447.2,424.5,404.3,373.4,685.6,555.4,495.1,464.8,440.1,416.8,367.4,816.3,647.2,550.1,496.4,467.1,443.7,399.1,942.6,747.3,635.2,561.7,515.2,483.9,439.0,0.8757,1.1277,1.2630,0.6791,0.9237,1.0648,0.0,0.0000,2026,1.0317,581.6,03020004VCJ,9.956,6798,28.4,40.3,31.1,107.4,106.8,685.2,532.1,475.1,883.5,649.6,563.5,579.1,541.9,1.0361,1.1072,519.0,435.6,419.1,36.5,162.2,641.2,467.2,453.6,429.8,407.5,368.4,342.7,308.6,347.2,396.8,1413.3,1065.2,1409.5,45.7,138.6,1450.9,925.9,862.5,822.6,802.8,835.6,864.1,982.6,1191.3,1375.6
AUS,3090,3090,R367,CELESTE,First 36.7,Beneateau,Farr,2001,,,,,ORC,CLUB,C,619,17 07 2026 05:01:56,10.640,9.582,2.224,3.46,5563.,0.0,0.06,620.1,0.8913,673.2,1.0841,553.5,1003.3,808.8,702.4,642.7,609.2,588.3,563.7,0.0,0.0,0.0,0.0,0.0,0.0,0.0,773.9,639.4,571.0,534.3,513.2,498.3,477.6,0.0,0.0,0.0,0.0,0.0,0.0,0.0,1004.1,763.1,638.1,568.0,532.1,504.0,458.2,42.3,40.4,38.7,37.3,37.1,37.0,37.2,145.0,150.1,153.6,159.7,166.8,174.5,177.7,995.8,825.8,737.4,697.5,682.6,675.0,670.4,659.3,563.9,520.7,501.4,493.3,489.1,485.1,628.9,545.9,509.5,491.1,481.6,477.2,472.0,610.2,534.9,501.7,482.3,469.0,459.9,450.7,622.1,538.8,499.5,479.1,464.6,450.5,431.0,639.7,536.0,493.3,468.7,448.7,432.7,414.1,662.1,550.1,500.2,472.9,450.5,430.1,396.0,740.2,599.4,526.6,490.2,465.5,442.7,399.8,875.4,685.8,580.2,520.5,488.2,465.1,422.6,1010.8,791.8,667.3,588.0,535.8,501.5,457.0,0.8491,1.0909,1.2140,0.6622,0.8981,1.0269,0.0,0.0000,2026,0.9987,600.8,03020004VCC,9.375,6418,26.6,39.9,37.0,83.4,0.0,706.6,550.0,494.2,906.1,668.1,584.3,593.7,566.6,1.0106,1.0589,548.7,463.7,444.0,38.2,176.3,678.8,485.0,470.5,445.5,420.4,403.1,377.4,356.5,381.9,418.6,1444.4,1087.0,1448.9,45.3,139.3,1398.9,894.0,834.4,796.7,819.9,889.5,925.3,1066.4,1290.2,1489.8
AUS,3344,3344,R500,WHITE SPIRIT,FIRST 50,Beneteau,Phillipe Briand,2008,,,,,ORC,INTL,C,1010,29 06 2026 06:07:22,14.975,13.437,2.792,4.37,13348.,121.6,0.24,548.5,0.9931,604.1,1.2308,487.5,914.1,730.4,630.5,576.3,545.6,524.0,497.7,0.0,0.0,0.0,0.0,0.0,0.0,0.0,698.2,568.2,502.6,469.1,450.1,436.4,417.1,0.0,0.0,0.0,0.0,0.0,0.0,0.0,909.0,684.7,567.0,501.0,467.0,440.8,399.6,44.2,41.5,40.2,39.2,38.8,38.6,38.4,141.7,145.1,147.9,153.4,159.5,170.9,177.2,965.4,779.5,685.9,641.9,623.2,612.8,603.3,627.1,521.3,468.2,445.0,435.4,430.1,424.7,591.8,498.5,452.5,431.6,422.1,417.4,412.0,568.2,481.3,441.5,420.7,408.9,401.6,393.9,542.5,459.7,425.4,410.8,402.6,393.5,378.4,548.1,455.4,417.0,397.8,385.8,373.6,355.6,560.0,460.9,418.8,396.2,378.9,365.3,342.4,625.1,500.3,439.8,409.8,388.5,369.1,331.4,747.3,590.0,498.1,443.6,414.9,394.4,357.2,862.9,681.3,575.1,510.8,467.9,435.3,392.2,0.9476,1.2403,1.3870,0.7297,1.0008,1.1548,0.0,0.0000,2026,1.1281,531.9,03020004UB7,12.131,14814,47.3,69.2,50.6,163.3,200.5,633.2,483.8,432.6,822.3,599.5,519.6,531.4,490.4,1.1292,1.2236,482.5,403.5,385.1,39.2,175.7,606.9,423.9,410.5,390.0,370.1,343.3,320.1,295.0,319.0,358.0,1334.0,1001.6,1327.0,47.0,138.5,1403.9,886.9,819.5,774.4,746.1,768.6,798.7,902.2,1094.8,1264.1
AUS,4006,4006,R60,ALPHA TAURI,Hick 39,Hick Marine,R Hick,2007,QLD  4212,,,,ORC,INTL,C,763,14 06 2026 23:38:25,11.970,11.053,2.639,3.59,5910.,134.4,0.12,567.2,0.9596,625.2,1.1854,506.2,921.5,740.7,646.3,599.2,573.0,554.2,521.3,0.0,0.0,0.0,0.0,0.0,0.0,0.0,709.1,581.8,521.4,490.2,470.6,455.7,430.0,0.0,0.0,0.0,0.0,0.0,0.0,0.0,919.0,697.0,584.9,522.8,488.3,459.6,412.1,42.6,40.6,38.9,37.8,37.3,37.4,37.3,141.7,145.3,149.4,152.3,155.6,158.8,145.7,946.4,773.2,692.1,659.2,643.0,633.5,622.9,622.4,523.9,482.1,465.7,457.9,453.0,446.9,590.3,504.6,468.6,452.7,444.7,439.3,432.5,569.2,492.1,459.1,440.1,427.2,419.0,408.7,578.5,488.8,458.2,438.1,420.1,405.8,386.7,566.8,476.8,439.8,415.7,401.1,388.8,367.3,582.1,483.4,443.1,414.8,390.9,372.3,343.9,649.4,524.2,465.6,433.3,405.2,378.0,318.7,776.4,613.3,520.1,468.5,439.5,414.9,363.5,896.5,708.1,600.5,539.1,502.9,474.9,419.7,0.9296,1.1920,1.3340,0.7220,0.9676,1.0977,0.0,0.0000,2026,1.0897,550.6,03020004T4N,10.657,6974,31.4,51.0,36.4,0.0,125.4,645.4,503.4,449.8,831.0,620.1,546.6,548.6,512.8,1.0937,1.1700,486.2,408.0,389.2,38.5,143.5,630.1,446.2,430.3,403.6,376.1,352.8,318.2,273.6,296.4,342.3,1330.7,1006.1,1328.2,45.7,138.8,1354.8,865.1,804.7,764.2,788.1,793.0,822.7,933.2,1131.5,1306.5
AUS,3311,3311,R6155,Faster Forward,Sydney 38,Sydney Yacht,MurrayBurnsDovell,2000,"Victoria, 3012",,,,ORC,CLUB,C,741,30 06 2026 03:20:42,11.795,10.847,2.593,3.71,5627.,0.0,0.04,572.5,0.9600,625.0,1.1749,510.7,930.5,747.1,650.1,598.8,567.6,546.8,517.4,0.0,0.0,0.0,0.0,0.0,0.0,0.0,715.9,589.4,527.3,494.4,473.3,457.9,434.0,0.0,0.0,0.0,0.0,0.0,0.0,0.0,931.5,704.8,590.0,526.4,490.8,461.7,415.8,42.3,40.0,38.2,36.8,36.7,36.4,36.3,141.3,147.6,152.1,157.5,165.1,170.2,169.3,920.7,758.6,681.2,651.4,637.2,628.5,619.8,610.2,520.0,481.9,467.7,460.7,456.1,450.3,581.8,503.7,470.6,455.6,448.1,442.8,435.9,563.8,493.6,462.6,443.1,430.1,422.5,412.0,574.6,497.3,463.1,440.8,421.9,407.4,389.2,587.9,492.5,452.9,427.5,409.5,397.3,378.2,607.1,503.6,459.1,429.8,404.4,382.5,353.8,683.4,549.6,483.3,449.2,420.8,394.3,339.9,814.4,637.1,537.0,480.9,448.8,422.2,370.9,940.3,735.7,619.0,546.2,498.0,465.1,415.1,0.9193,1.1810,1.3252,0.7153,0.9670,1.1091,0.0,0.0000,2026,1.0814,554.8,03020004UDB,10.678,6655,30.0,51.1,36.5,102.8,0.0,652.7,508.0,452.8,838.8,620.5,541.0,549.6,522.2,1.0917,1.1489,496.4,415.5,398.7,37.5,158.9,627.9,450.0,434.0,407.0,378.6,352.8,333.6,289.4,318.0,364.9,1342.4,1011.1,1346.2,45.1,139.8,1304.6,836.1,780.5,744.2,766.7,822.8,857.1,988.6,1195.3,1380.2
AUS,3088,3088,R6785,Aileron,Sydney 36CR,,Murry Burns Dovell,1998,,,,,ORC,CLUB,C,710,28 07 2026 03:16:13,10.970,10.409,2.386,3.41,5825.,0.0,0.21,604.3,0.9155,655.4,1.1157,537.8,990.6,794.9,686.9,624.1,589.7,568.0,540.0,0.0,0.0,0.0,0.0,0.0,0.0,0.0,762.5,625.5,556.6,518.5,496.5,480.9,457.0,0.0,0.0,0.0,0.0,0.0,0.0,0.0,987.8,747.9,622.8,551.3,514.8,486.7,439.3,43.1,40.6,39.0,37.3,36.3,35.9,35.9,144.2,148.5,151.7,158.2,165.9,171.8,175.8,1018.4,834.1,736.4,685.1,663.4,651.4,640.3,670.1,565.8,516.2,493.0,481.8,476.0,469.5,637.0,544.7,503.7,482.8,470.9,464.2,456.8,618.0,531.5,494.6,474.1,459.3,448.4,436.2,607.0,516.7,480.4,461.3,449.6,441.3,420.5,613.2,514.5,474.9,450.0,429.5,412.9,390.5,630.6,524.3,480.4,454.2,432.2,411.1,371.8,703.1,567.7,501.5,469.0,444.1,421.1,374.3,833.9,654.4,552.8,497.6,468.2,444.8,400.5,962.9,755.7,637.4,563.2,516.1,484.6,439.7,0.8645,1.1223,1.2610,0.6721,0.9221,1.0659,0.0,0.0000,2026,1.0268,584.3,03020004VOR,9.955,6801,28.4,40.7,30.3,104.9,81.5,694.0,534.6,475.8,892.7,650.7,562.9,581.1,546.1,1.0325,1.0987,518.6,436.9,418.9,36.3,163.1,639.0,466.8,453.2,429.7,407.4,371.3,342.1,322.2,349.2,398.1,1435.0,1084.2,1432.6,45.6,140.9,1459.6,932.2,868.8,829.1,837.5,854.8,887.2,1014.7,1221.6,1410.5
AUS,7216,3420,R6886,YOUNG LION,Young 88,Roger Land,Jim Young,1981,,,,,ORC,CLUB,C,550,05 06 2026 02:26:01,9.030,7.899,1.764,3.31,2688.,0.0,0.00,664.3,0.8345,719.0,1.0129,592.3,1078.6,867.6,751.0,684.7,649.7,628.2,599.4,0.0,0.0,0.0,0.0,0.0,0.0,0.0,831.4,685.5,612.3,572.0,548.8,531.5,504.6,0.0,0.0,0.0,0.0,0.0,0.0,0.0,1078.1,818.0,683.2,607.6,568.8,537.1,482.2,43.0,41.0,38.8,37.1,36.5,36.3,36.3,145.8,150.9,154.3,162.3,171.3,178.1,177.2,1083.1,894.6,793.9,747.1,730.6,722.1,716.1,714.1,608.1,563.0,541.9,532.7,527.6,522.0,680.6,588.6,551.2,531.0,519.4,513.6,506.3,661.9,578.1,542.3,520.4,504.0,492.7,480.7,674.5,573.8,534.0,512.4,498.1,480.6,455.6,675.8,572.0,528.7,499.8,475.5,455.4,428.8,701.2,587.1,537.3,505.3,477.2,450.7,402.0,784.3,637.1,563.3,525.9,496.3,467.9,409.2,930.1,728.4,616.6,556.1,522.7,495.0,441.6,1074.0,840.6,708.1,622.2,568.8,534.2,482.8,0.7911,1.0185,1.1413,0.6166,0.8412,0.9634,0.0,0.0000,2026,0.9338,642.5,03020004S7Q,7.944,3396,18.5,31.1,20.9,52.9,0.0,758.4,589.1,525.7,973.1,713.3,622.8,637.2,604.4,0.9416,0.9927,577.9,482.1,460.4,37.3,166.2,723.0,520.7,503.2,473.2,441.2,407.0,369.9,333.8,382.8,432.8,1549.5,1167.2,1551.9,46.0,138.3,1525.0,974.3,910.1,870.2,895.7,934.0,975.2,1125.5,1363.0,1573.9
AUS,2880,2880,R7158,STEALTH,Swarbrick Custom 3,Steve Ward WA,KimSwarbrick,1998,,,,,ORC,CLUB,R,623,17 07 2026 01:37:18,9.700,9.338,2.082,3.28,3978.,0.0,0.00,640.2,0.8637,694.7,1.0565,567.9,1061.7,849.0,732.0,660.7,620.6,596.8,566.3,0.0,0.0,0.0,0.0,0.0,0.0,0.0,817.4,666.9,590.8,546.8,520.5,502.7,475.8,0.0,0.0,0.0,0.0,0.0,0.0,0.0,1059.0,798.5,662.3,581.8,539.7,508.2,455.4,43.0,40.9,39.3,37.4,36.4,35.9,36.0,145.0,149.6,152.9,159.2,166.4,173.6,175.8,1088.7,889.3,783.6,722.8,695.6,683.1,673.3,718.7,602.7,547.2,520.0,506.2,499.2,491.8,685.0,580.0,533.3,509.4,494.7,485.8,476.6,666.5,566.6,523.5,500.0,481.8,467.8,452.5,652.7,548.2,505.3,481.0,466.0,455.8,433.3,652.0,543.0,498.6,469.2,444.7,424.7,396.5,673.6,557.2,506.6,475.4,448.2,424.1,377.4,754.7,609.2,534.6,497.3,468.0,441.7,389.9,896.1,700.4,591.0,529.2,495.3,468.1,419.3,1034.8,808.7,680.4,598.6,545.5,510.4,459.3,0.8084,1.0622,1.2071,0.6280,0.8694,1.0147,0.0,0.0000,2026,0.9715,617.6,03020004VBU,8.937,4819,23.0,36.0,19.5,70.8,59.4,742.2,564.9,497.1,955.4,690.1,591.3,614.5,578.9,0.9764,1.0364,544.3,453.4,431.9,36.5,165.8,673.9,488.7,471.9,444.1,417.2,375.0,340.3,326.2,365.5,414.8,1544.5,1166.9,1542.5,45.9,139.2,1564.2,1002.7,938.5,900.4,907.1,910.4,946.7,1090.0,1320.5,1524.8
AUS,3202,3202,R880,Alien,Lidgard 36,Alien Yachts,D Lidgard,1995,Vic 3016,,,,ORC,CLUB,C,619,06 07 2026 22:24:16,10.900,9.705,2.422,3.52,4606.,0.0,0.12,597.6,0.9226,650.3,1.1222,534.7,959.6,774.8,675.9,622.8,592.3,572.3,543.1,0.0,0.0,0.0,0.0,0.0,0.0,0.0,738.4,612.5,551.1,518.4,498.2,482.8,456.5,0.0,0.0,0.0,0.0,0.0,0.0,0.0,957.9,730.3,614.6,551.1,516.4,487.8,438.6,42.0,39.8,37.9,36.6,36.1,35.8,35.7,141.1,148.5,152.4,159.2,166.9,171.3,167.3,976.0,804.9,721.5,686.3,670.4,660.9,651.9,647.7,553.1,513.2,496.6,489.0,484.1,478.6,617.8,536.2,502.0,485.8,477.0,471.8,465.3,599.3,521.9,493.1,475.1,462.4,453.6,443.6,579.3,508.0,478.5,460.8,449.2,440.7,422.9,598.8,511.6,474.8,449.7,429.0,412.9,381.8,616.4,519.5,480.0,453.1,428.1,403.7,361.7,686.6,558.2,499.6,467.4,440.1,413.2,355.5,816.8,645.0,547.2,496.1,466.5,440.4,386.0,943.1,744.8,630.3,559.2,514.2,483.7,434.4,0.8883,1.1276,1.2584,0.6919,0.9295,1.0594,0.0,0.0000,2026,1.0343,580.1,03020004USA,9.586,5461,25.5,39.9,30.3,104.9,80.6,675.4,532.1,476.8,867.2,645.5,566.4,577.5,541.1,1.0390,1.1089,513.8,433.0,414.4,36.6,147.7,655.9,477.3,463.1,438.1,410.2,358.8,326.8,295.2,321.9,371.7,1376.9,1037.9,1376.2,45.3,139.7,1384.5,888.0,830.3,793.9,778.1,815.7,862.6,983.7,1185.8,1369.3
AUS,3060,3060,R999,G'Net,Farr ILC 40,COOKSON NZ,Farr,1995,,,,,ORC,CLUB,R,744,17 07 2026 04:04:01,12.500,11.042,2.569,3.99,5626.,0.0,0.00,539.3,1.0111,593.4,1.2396,484.0,849.6,692.8,616.0,573.9,545.8,525.7,490.9,0.0,0.0,0.0,0.0,0.0,0.0,0.0,657.0,549.4,500.2,472.2,452.4,436.4,408.7,0.0,0.0,0.0,0.0,0.0,0.0,0.0,848.0,653.8,559.1,503.1,468.9,440.4,392.2,42.3,39.8,37.8,37.2,36.7,36.4,36.2,141.7,145.1,150.4,157.6,164.6,165.7,151.6,864.8,718.5,659.9,634.9,620.1,610.7,601.3,573.7,494.0,466.1,454.8,447.6,442.5,436.0,547.2,479.1,453.8,442.2,434.5,428.9,421.5,530.1,470.0,443.1,426.5,416.1,408.5,397.6,540.3,472.0,443.2,421.3,404.2,391.3,373.1,533.9,458.9,425.3,404.2,388.5,374.0,349.0,547.6,463.4,426.1,397.1,372.8,355.0,324.3,605.0,496.0,447.6,414.9,383.7,351.3,291.3,722.6,577.7,495.6,451.5,421.0,391.5,329.9,834.4,667.1,572.2,512.9,471.6,440.8,380.5,0.9947,1.2422,1.3953,0.7780,1.0155,1.1589,0.0,0.0000,2026,1.1426,525.1,03020004VC4,11.053,6679,30.9,59.7,41.3,149.4,148.7,603.2,483.0,430.0,771.2,590.8,517.7,524.7,487.2,1.1436,1.2316,455.3,386.9,368.8,37.4,144.7,610.5,435.9,419.3,392.5,360.9,328.9,299.0,255.8,260.0,300.2,1208.3,915.3,1207.4,44.9,138.8,1216.8,780.9,727.8,692.3,710.8,734.6,763.8,858.2,1039.0,1199.7
AUS,6133,6133,RF89,DON'T PANIC,Bethwaite 89er,Julian Bethwaite,Julian Bethwaite,2023,,,,,ORC,CLUB,S,255,03 08 2026 02:37:28,8.480,8.240,1.554,3.50,510.,0.0,0.00,477.4,1.1037,543.6,1.4161,423.7,776.5,652.0,578.7,527.2,490.6,462.2,426.7,0.0,0.0,0.0,0.0,0.0,0.0,0.0,602.5,507.3,449.8,410.6,383.3,362.2,336.5,0.0,0.0,0.0,0.0,0.0,0.0,0.0,773.6,610.6,514.9,448.6,401.5,361.0,303.9,42.9,39.3,39.1,41.2,41.8,43.1,44.3,142.8,144.7,142.3,144.9,146.3,148.0,151.8,805.7,704.4,668.2,646.9,630.6,618.7,607.1,532.6,474.1,444.0,424.7,409.8,398.3,386.0,505.2,444.1,412.7,391.4,374.6,361.4,347.4,479.4,406.8,370.3,345.9,328.4,315.3,299.4,481.0,396.1,344.4,318.3,300.0,285.6,265.0,509.4,432.7,364.5,309.4,281.1,262.4,238.0,514.1,421.3,369.8,332.7,293.8,259.2,228.8,551.3,441.7,364.1,315.4,286.4,262.6,228.6,647.1,519.2,423.7,353.0,303.7,264.7,215.2,747.3,599.5,489.3,407.6,350.7,305.6,246.4,1.0812,1.4121,1.6767,0.8401,1.0996,1.3158,0.0,0.0000,2026,1.2842,467.2,03020004VWN,9.448,841,10.9,30.8,13.3,0.0,75.7,554.9,424.9,357.8,714.2,545.7,456.0,484.4,409.6,1.2385,1.4648,414.2,327.0,292.9,45.6,154.7,620.1,391.0,348.5,294.8,255.3,222.5,211.4,205.6,190.3,208.3,1121.5,843.9,1119.9,46.6,141.5,1137.9,718.7,658.0,610.2,616.1,703.3,720.2,803.8,957.0,1105.1
AUS,3382,3382,S149,Xit Strategy,MASRM 920,Merv Anderson,Merv Anderson,1991,3225 Queenscliff Australia,,,,ORC,CLUB,C,450,29 06 2026 00:16:51,9.242,8.290,2.010,3.35,2455.,0.0,0.18,649.0,0.8506,705.4,1.0402,576.8,1068.0,855.5,740.2,670.4,634.6,612.8,581.4,0.0,0.0,0.0,0.0,0.0,0.0,0.0,821.3,673.7,600.2,556.5,530.7,511.8,481.0,0.0,0.0,0.0,0.0,0.0,0.0,0.0,1061.3,803.9,670.9,592.3,550.6,517.1,457.9,43.1,41.2,39.4,37.4,36.7,36.5,36.9,145.1,149.8,153.7,161.8,168.7,170.8,162.0,1134.5,923.8,812.9,748.5,724.0,713.8,709.2,745.4,623.9,566.8,537.5,523.7,517.5,511.4,707.8,599.8,552.0,525.7,509.7,501.7,493.5,685.2,584.8,538.9,514.9,493.7,478.9,465.3,645.7,551.9,512.9,491.8,479.1,468.7,439.2,640.3,545.7,505.0,472.4,445.4,424.1,393.8,659.1,556.4,511.1,476.7,447.0,414.7,362.9,733.7,596.8,534.2,496.8,463.4,429.0,356.5,867.3,681.8,581.0,528.7,494.6,463.8,396.9,1001.5,787.2,667.4,592.4,545.2,511.8,453.6,0.8027,1.0446,1.1881,0.6239,0.8570,0.9893,0.0,0.0000,2026,0.9579,626.4,03020004U9T,8.126,3072,19.2,28.2,15.2,70.8,56.5,747.5,574.4,505.0,961.7,700.1,606.5,630.0,579.3,0.9523,1.0358,538.3,451.1,428.8,38.2,144.1,718.9,511.0,491.2,458.6,422.8,371.3,331.3,280.5,309.8,357.7,1548.7,1170.9,1539.8,45.4,141.3,1638.4,1049.2,978.6,933.7,896.5,890.1,920.8,1052.7,1263.6,1459.1
AUS,417400,4174,S17,ARCADIA,A-40 Rc,ARCHAMBAULT,NIVELT Bernard,2007,Vic 3184,,,,ORC,INTL,R,750,17 07 2026 00:47:10,11.977,10.987,2.533,3.79,7016.,0.0,0.00,570.0,0.9649,621.8,1.1796,508.6,924.8,747.0,649.4,594.3,563.3,542.9,515.4,0.0,0.0,0.0,0.0,0.0,0.0,0.0,711.7,586.7,525.2,491.9,471.9,457.2,433.4,0.0,0.0,0.0,0.0,0.0,0.0,0.0,921.5,702.7,588.3,523.3,488.9,461.8,418.5,42.6,40.6,38.9,37.4,36.8,36.4,36.1,142.8,145.9,149.2,157.0,165.1,170.0,169.1,957.6,783.3,694.9,653.0,635.0,624.1,613.0,632.6,532.7,488.4,468.9,459.3,454.0,447.7,602.9,514.5,477.2,459.2,448.7,442.5,435.0,584.6,499.9,468.2,451.0,437.6,427.5,415.1,561.1,484.5,454.2,436.6,424.3,415.8,400.1,569.2,480.6,446.3,424.3,409.0,395.3,366.0,583.0,486.9,449.1,424.6,403.3,383.9,356.6,650.5,525.9,469.8,440.5,416.1,392.8,340.9,772.5,615.4,522.9,472.4,443.9,420.7,374.7,892.0,710.7,603.8,535.5,491.6,461.7,417.7,0.9242,1.1860,1.3276,0.7178,0.9715,1.1159,0.0,0.0000,2026,1.0854,552.8,03020004VBP,10.722,8068,31.0,47.3,37.8,139.0,138.2,649.2,505.9,451.9,835.9,617.6,537.7,550.0,514.7,1.0909,1.1658,491.8,411.7,395.2,36.4,148.3,612.2,445.5,431.7,408.0,386.1,344.7,318.0,286.6,321.7,371.4,1332.7,1007.2,1329.5,45.6,138.8,1365.6,874.8,818.1,783.1,761.9,794.8,822.3,929.1,1125.7,1299.8
AUS,3040,3040,S191,Salamander III,Adams 10,,Joe Adams,1971,VIC 3163,,,,ORC,CLUB,R,601,24 06 2026 21:45:44,9.990,9.333,1.787,2.74,2898.,0.0,0.14,624.1,0.8831,679.5,1.0816,554.7,1027.8,821.5,708.3,647.4,614.2,592.4,558.8,0.0,0.0,0.0,0.0,0.0,0.0,0.0,791.6,646.2,574.3,535.2,511.7,494.5,466.3,0.0,0.0,0.0,0.0,0.0,0.0,0.0,1025.2,773.3,642.5,569.6,530.5,498.7,447.4,43.6,41.5,39.3,37.5,37.0,36.7,36.9,144.7,148.6,151.6,157.6,165.3,167.5,164.4,1053.9,858.6,756.5,713.0,696.3,687.1,678.9,688.9,578.0,529.8,509.3,500.9,495.9,489.5,653.4,556.3,516.7,496.5,486.6,480.8,472.6,633.1,543.2,506.7,483.5,467.0,457.3,444.7,647.4,544.8,506.9,481.0,459.0,441.6,420.1,636.5,530.9,488.8,462.4,444.7,430.7,407.0,655.3,542.2,493.2,459.3,432.2,410.9,379.0,731.5,588.3,517.7,479.0,444.6,413.3,344.6,867.6,679.3,572.4,513.2,478.1,446.4,386.8,1001.8,784.4,660.0,581.9,532.2,497.6,438.8,0.8346,1.0877,1.2290,0.6489,0.8903,1.0252,0.0,0.0000,2026,0.9953,602.8,03020004U2V,9.053,3718,20.4,28.5,27.3,75.8,0.0,718.9,551.6,488.2,924.6,673.9,585.3,601.4,562.2,0.9976,1.0672,519.8,439.9,420.5,37.5,145.4,682.3,487.9,469.4,437.3,406.6,383.0,348.0,294.1,309.4,357.2,1484.2,1122.2,1482.4,46.1,140.1,1502.7,956.9,890.3,848.6,877.1,893.2,922.8,1054.7,1269.3,1465.7
AUS,3153,3153,S197,Take Five,S97,Talton Yachts,Kim Swarbrick Yach,1994,,,,,ORC,CLUB,C,640,17 07 2026 04:15:08,9.750,9.193,1.894,3.28,3124.,0.0,0.08,637.0,0.8639,694.6,1.0608,565.6,1057.3,845.0,726.6,659.6,625.1,603.3,572.7,0.0,0.0,0.0,0.0,0.0,0.0,0.0,810.8,663.5,586.5,544.6,520.0,502.4,475.4,0.0,0.0,0.0,0.0,0.0,0.0,0.0,1058.2,796.1,658.0,580.1,539.8,507.0,452.9,43.1,41.1,39.0,37.5,37.0,36.9,37.5,145.8,150.1,150.7,158.6,166.4,170.2,168.5,1049.2,861.2,762.1,719.4,704.2,696.7,692.3,689.5,583.9,535.3,514.1,505.9,501.2,495.6,656.0,563.5,522.6,501.5,491.6,485.9,478.2,637.6,551.1,513.1,489.2,471.9,462.0,449.4,652.4,556.9,510.1,487.6,465.2,446.9,425.1,659.4,548.1,500.4,468.5,443.7,426.6,401.7,682.7,563.3,508.2,472.8,442.5,415.8,373.1,767.0,618.3,535.7,494.8,461.3,431.0,367.0,922.8,717.9,598.9,529.2,492.8,461.9,405.3,1065.5,828.8,691.2,599.8,546.0,509.9,453.2,0.8140,1.0669,1.2079,0.6308,0.8711,1.0045,0.0,0.0000,2026,0.9743,615.8,03020004VC7,8.905,3989,22.0,31.4,29.4,74.1,0.0,737.1,562.4,496.7,951.2,688.8,597.3,610.8,579.4,0.9823,1.0355,548.5,453.2,431.0,38.1,150.1,702.4,495.5,476.1,442.8,410.7,379.7,343.6,299.1,341.9,394.7,1523.0,1145.5,1526.7,45.8,135.7,1486.6,948.9,885.2,846.1,874.4,925.9,962.1,1106.6,1350.5,1559.5
AUS,5089,5089,S3000,Crusader,First 30 JK,Beneteau,Juan Kouyoumdjian,2010,VIC 3152,,,,ORC,CLUB,C,595,29 06 2026 01:02:34,9.497,9.029,1.943,3.21,4030.,0.0,0.16,634.7,0.8683,691.0,1.0619,565.1,1039.8,833.9,721.0,658.2,624.4,603.0,575.6,0.0,0.0,0.0,0.0,0.0,0.0,0.0,800.8,656.1,583.7,545.2,522.2,505.8,481.9,0.0,0.0,0.0,0.0,0.0,0.0,0.0,1036.5,784.6,653.4,580.6,541.8,510.5,460.6,43.7,41.6,39.8,38.4,38.2,38.0,38.3,145.6,150.1,152.9,159.8,167.5,174.5,175.4,1072.9,878.6,776.9,730.8,713.0,703.4,697.9,701.7,589.9,538.8,516.6,507.1,501.8,496.8,664.9,566.8,524.6,503.9,492.9,487.1,480.5,642.1,553.0,514.3,492.2,476.0,464.9,453.8,651.9,548.6,508.3,491.2,471.6,454.5,431.2,642.6,538.2,496.4,469.1,448.2,435.2,414.5,661.9,550.8,502.4,471.9,446.4,423.3,391.3,734.8,595.6,526.4,490.7,462.2,435.7,380.8,871.8,683.6,577.8,520.1,488.2,461.9,412.3,1006.7,789.3,665.1,585.7,535.7,502.7,453.4,0.8237,1.0685,1.1978,0.6404,0.8755,1.0032,0.0,0.0000,2026,0.9771,614.1,03020004UA2,8.690,4836,23.4,34.8,27.0,82.7,0.0,728.4,561.5,500.9,936.9,685.3,598.1,613.0,571.9,0.9788,1.0492,558.1,463.9,442.7,39.8,161.5,709.8,497.2,480.3,448.5,419.6,402.5,366.4,316.1,355.0,406.3,1495.9,1128.9,1493.1,46.2,139.0,1524.4,968.4,898.4,852.3,876.0,893.1,923.8,1054.0,1270.8,1467.4
AUS,3389,3389,S347,SPARTAN,FIRST34.7,Beneteau,,2005,,,,,ORC,CLUB,C,583,02 07 2026 01:16:14,9.982,9.155,1.995,3.37,4695.,0.0,0.13,629.1,0.8790,682.6,1.0669,562.4,1010.6,816.4,710.6,652.1,620.0,599.8,574.9,0.0,0.0,0.0,0.0,0.0,0.0,0.0,780.6,646.4,579.3,543.8,522.9,508.0,486.5,0.0,0.0,0.0,0.0,0.0,0.0,0.0,1009.2,770.0,646.2,577.9,541.9,513.3,467.0,43.0,40.8,38.9,37.5,37.3,37.2,37.4,145.3,150.1,153.2,160.1,167.5,175.4,176.8,1024.7,848.6,758.1,717.7,702.0,693.8,689.0,675.0,577.6,534.3,514.8,506.0,501.6,497.1,642.5,558.6,522.5,503.9,493.5,488.6,482.9,623.3,546.8,513.9,494.1,480.2,470.6,460.5,636.4,549.8,509.9,492.5,476.1,461.4,440.7,637.7,538.7,499.5,475.2,456.1,442.9,424.1,656.9,549.7,504.6,477.6,454.6,433.9,403.7,729.4,593.1,526.9,493.6,468.1,443.9,397.6,863.0,679.3,576.3,521.4,491.6,467.8,422.2,996.6,784.2,663.0,586.5,538.0,505.8,460.7,0.8409,1.0734,1.1913,0.6568,0.8860,1.0075,0.0,0.0000,2026,0.9840,609.8,03020004UKF,8.907,5498,23.9,34.0,32.3,86.4,0.0,713.5,559.0,503.7,913.5,677.2,595.5,606.3,570.9,0.9896,1.0510,558.9,470.7,451.5,38.5,169.6,698.4,497.2,481.4,454.8,428.8,409.0,384.1,346.2,376.0,419.4,1446.8,1092.6,1447.4,46.0,139.7,1440.5,917.7,855.0,815.8,840.5,884.3,914.5,1044.8,1258.4,1453.1
AUS,3326,3326,S477,Vagabond,First 47.7,Beneteau,Bruce Farr,1999,,,,,ORC,CLUB,C,700,17 07 2026 05:34:23,14.506,12.877,2.817,4.51,12578.,0.0,0.12,553.5,0.9927,604.4,1.2188,492.3,911.9,731.1,633.0,577.0,544.2,522.9,497.5,0.0,0.0,0.0,0.0,0.0,0.0,0.0,700.6,574.2,509.4,474.2,453.8,439.6,419.7,0.0,0.0,0.0,0.0,0.0,0.0,0.0,913.1,688.8,572.3,505.5,470.9,444.9,403.2,43.0,40.8,39.2,37.9,37.2,36.9,37.2,142.2,147.3,151.1,155.3,161.9,167.8,176.3,900.7,741.5,660.9,622.3,605.6,596.5,588.3,592.7,502.1,460.4,441.7,433.4,428.9,424.3,563.3,484.1,448.5,431.6,422.6,418.1,412.9,544.4,473.0,440.6,423.1,411.7,403.9,395.6,555.0,477.6,441.3,421.0,407.6,396.3,379.7,583.9,482.0,436.7,412.9,395.1,379.8,358.4,600.3,493.0,442.4,416.6,397.6,380.9,348.9,673.2,539.0,467.7,431.2,408.7,389.5,353.2,799.5,624.1,524.4,464.7,431.3,409.8,373.2,923.2,720.7,605.1,531.6,482.9,449.2,406.7,0.9413,1.2266,1.3772,0.7304,0.9995,1.1567,0.0,0.0000,2026,1.1191,536.2,03020004VCF,12.196,13704,44.5,66.5,67.0,157.3,121.8,637.4,489.2,435.7,821.5,600.3,518.7,527.8,506.0,1.1367,1.1859,481.2,405.1,387.6,37.7,171.8,589.1,422.8,410.4,390.0,369.8,344.3,324.4,317.2,336.9,373.3,1322.2,992.8,1326.5,45.8,140.2,1278.3,813.7,754.6,715.3,736.5,822.6,852.7,980.4,1183.0,1366.0
AUS,2580,2580,S6418,Sea-Ya,Sydney 39,Sydney Yachts,Burns/Murray/Dovel,2000,,,,,ORC,CLUB,C,744,17 07 2026 01:28:34,11.795,10.862,2.596,3.71,5671.,0.0,0.04,572.6,0.9591,625.6,1.1746,510.8,931.3,748.3,651.3,599.5,567.7,546.7,517.6,0.0,0.0,0.0,0.0,0.0,0.0,0.0,715.5,589.6,527.8,494.7,473.3,457.8,433.7,0.0,0.0,0.0,0.0,0.0,0.0,0.0,933.0,705.9,590.9,526.7,491.0,461.8,415.4,42.2,39.9,38.0,36.7,36.6,36.3,36.3,141.2,147.6,152.1,157.5,165.3,170.9,170.9,913.9,754.5,678.7,649.2,635.0,626.3,617.6,606.3,517.8,480.7,466.6,459.6,454.9,449.1,578.3,501.9,469.5,454.6,447.2,441.8,434.8,560.4,491.9,461.5,442.3,429.5,421.8,411.1,571.4,495.9,462.4,440.4,421.7,407.2,388.9,589.2,493.4,453.6,427.4,407.5,394.7,373.3,609.2,505.2,460.2,431.1,405.5,383.2,351.5,686.4,552.5,486.3,451.8,423.9,397.8,344.1,821.6,642.6,541.3,483.9,451.5,425.2,375.2,948.7,742.0,624.0,549.8,500.5,467.1,417.6,0.9195,1.1804,1.3256,0.7145,0.9658,1.1090,0.0,0.0000,2026,1.0805,555.3,03020004VBT,10.721,6701,30.1,51.5,37.1,97.6,0.0,652.5,508.3,452.6,839.7,621.2,541.0,548.8,524.0,1.0933,1.1449,497.2,415.4,397.8,37.4,160.8,625.1,448.6,432.8,406.0,378.1,352.7,328.8,291.3,323.1,369.4,1339.8,1007.9,1344.6,45.1,138.9,1291.7,828.2,773.1,737.0,758.9,823.7,859.3,992.4,1202.0,1387.9
AUS,3327,3327,S9,Jungle Juice,Adams 10,Dillon Boatworks,Joe Adams,1971,,,,,ORC,CLUB,R,600,22 06 2026 23:02:03,9.990,9.328,1.785,2.74,2872.,0.0,0.13,624.1,0.8830,679.5,1.0817,554.7,1028.5,821.8,708.3,647.4,614.1,592.3,558.9,0.0,0.0,0.0,0.0,0.0,0.0,0.0,792.1,646.4,574.2,535.1,511.5,494.3,466.1,0.0,0.0,0.0,0.0,0.0,0.0,0.0,1026.0,773.6,642.6,569.5,530.3,498.5,447.1,43.6,41.5,39.3,37.5,37.0,36.7,36.9,144.7,148.5,151.6,157.6,165.2,167.3,164.2,1053.7,858.3,756.1,712.4,695.7,686.7,678.8,688.4,577.4,529.3,508.9,500.5,495.6,489.3,652.8,555.8,516.4,496.2,486.2,480.5,472.3,632.5,542.8,506.5,483.3,466.7,457.1,444.4,647.8,545.1,506.7,480.7,458.6,441.3,419.7,637.4,531.2,488.9,462.1,444.3,430.3,406.4,656.3,542.6,493.5,459.3,432.0,410.5,378.2,732.9,589.1,518.1,479.3,444.8,413.4,344.3,868.8,680.1,572.8,513.6,478.3,446.6,387.1,1003.2,785.3,660.6,582.4,532.6,497.9,439.0,0.8342,1.0879,1.2294,0.6486,0.8903,1.0252,0.0,0.0000,2026,0.9954,602.8,03020004TRT,9.058,3691,20.3,28.0,28.0,75.5,0.0,719.3,551.5,488.0,925.1,673.9,585.3,601.2,562.5,0.9980,1.0667,519.9,439.6,420.1,37.6,145.3,682.5,487.9,469.2,436.9,405.9,382.4,346.9,293.1,309.4,357.3,1485.9,1123.2,1484.2,46.1,140.5,1502.7,956.5,889.8,847.9,876.7,895.2,924.9,1057.5,1272.2,1469.0
AUS,3077,3077,SB110,RAWHIDE,Adams 10,Adams,Adams,1989,,,,,ORC,CLUB,R,480,11 08 2026 01:51:03,10.000,9.313,1.790,2.74,2946.,0.0,0.18,621.2,0.8858,677.3,1.0834,553.8,1010.7,813.2,703.7,646.9,616.0,594.7,560.0,0.0,0.0,0.0,0.0,0.0,0.0,0.0,779.0,640.5,571.3,535.4,513.5,497.2,469.6,0.0,0.0,0.0,0.0,0.0,0.0,0.0,1006.9,765.7,638.6,569.7,532.4,502.1,451.4,43.6,41.1,39.2,38.0,37.5,37.4,37.4,139.6,148.7,150.1,156.8,164.9,164.4,147.8,1048.4,856.2,760.8,725.6,710.2,702.0,695.1,685.3,578.7,531.1,513.7,506.3,501.9,496.5,650.1,557.5,517.3,499.6,491.6,486.6,479.9,630.5,543.9,507.3,485.4,471.2,463.1,451.7,643.4,547.3,507.7,482.5,461.5,446.0,426.8,621.7,525.2,488.2,468.3,452.3,438.6,415.9,635.6,530.7,486.7,456.5,434.6,418.3,389.0,708.2,569.8,505.4,467.0,432.9,402.7,339.0,842.6,667.1,560.1,501.2,465.8,433.5,367.9,972.9,770.3,646.7,568.1,521.8,487.4,424.8,0.8454,1.0896,1.2222,0.6579,0.8929,1.0221,0.0,0.0000,2026,0.9970,601.8,03020004W8Q,8.892,3634,20.2,28.2,27.0,90.3,0.0,709.7,550.7,490.9,912.0,672.0,587.0,603.1,554.8,0.9948,1.0816,518.0,444.7,425.2,38.2,148.3,703.0,496.4,478.3,446.0,415.1,391.3,360.6,302.9,288.3,332.9,1452.0,1101.8,1447.7,46.0,140.9,1495.4,952.1,886.1,845.4,876.0,872.2,897.4,1016.6,1219.8,1408.5
AUS,2922,2922,Sm106,ELLIPSE II,Elan 350R,ELAN,Rob Humphreys,2010,,,,,ORC,CLUB,C,800,07 07 2026 23:48:21,10.588,10.141,2.325,3.54,4842.,0.0,0.08,580.6,0.9412,637.5,1.1550,519.5,927.8,754.0,659.6,610.8,585.9,567.1,533.8,0.0,0.0,0.0,0.0,0.0,0.0,0.0,716.7,595.4,536.0,504.1,484.2,468.3,440.9,0.0,0.0,0.0,0.0,0.0,0.0,0.0,925.2,710.5,598.9,536.3,502.1,472.4,423.2,42.5,39.9,38.0,36.7,36.3,36.0,35.8,142.8,146.9,148.9,153.2,156.6,157.7,144.0,954.1,787.4,705.1,669.6,653.1,643.0,632.1,632.4,540.3,500.6,482.7,473.9,468.4,461.4,603.6,523.6,489.5,471.7,461.1,454.9,446.1,587.9,513.8,481.6,461.2,445.6,434.3,421.4,586.3,502.6,472.5,457.1,441.5,424.7,400.9,572.0,489.7,453.9,427.5,410.0,396.3,372.2,584.3,495.3,456.9,426.9,400.9,378.6,347.9,657.0,531.8,478.7,446.4,417.1,388.6,326.1,780.7,624.0,531.7,481.0,453.2,428.3,377.2,901.5,720.6,614.0,551.9,518.6,491.3,435.5,0.9146,1.1597,1.2988,0.7135,0.9483,1.0727,0.0,0.0000,2026,1.0641,563.9,03020004UVM,10.043,5917,26.4,41.1,32.3,0.0,131.4,656.0,517.4,462.0,840.9,632.7,559.3,562.6,526.2,1.0664,1.1403,487.7,411.8,395.2,36.4,142.2,632.4,458.7,442.8,413.6,386.4,350.8,320.1,269.5,296.9,342.9,1317.9,1000.7,1315.7,45.4,138.9,1339.5,859.1,803.8,769.5,794.0,793.9,821.6,927.1,1122.6,1296.3
AUS,3381,3381,Sm136,RAGNAR,First 36,Beneateau,,2022,,,,,ORC,CLUB,C,719,27 07 2026 05:10:11,10.966,10.576,2.251,3.79,4969.,0.0,0.18,582.0,0.9336,642.7,1.1608,516.9,969.0,775.7,668.4,611.0,584.1,564.6,527.6,0.0,0.0,0.0,0.0,0.0,0.0,0.0,739.9,604.4,535.5,497.8,476.9,460.7,431.2,0.0,0.0,0.0,0.0,0.0,0.0,0.0,963.6,727.6,602.7,531.3,494.5,464.6,412.3,44.2,41.9,40.0,38.5,37.8,38.2,38.2,142.4,146.3,147.8,152.2,153.9,152.3,144.0,1022.9,828.6,728.1,678.9,659.7,649.4,641.8,664.0,554.4,501.5,476.9,466.4,460.7,455.0,626.5,531.1,486.7,464.2,452.1,445.9,438.4,603.4,513.4,474.1,453.3,435.7,423.6,411.5,580.3,494.9,457.7,434.8,421.1,411.3,389.0,575.7,484.1,444.4,416.7,399.6,382.9,350.5,586.9,489.4,447.3,415.3,388.3,367.3,334.5,665.0,528.8,469.5,435.3,404.9,374.8,308.1,792.5,626.0,527.2,472.0,442.3,416.3,358.0,915.1,722.8,608.7,543.1,508.4,479.8,413.4,0.8926,1.1673,1.3225,0.6878,0.9417,1.0799,0.0,0.0000,2026,1.0643,563.7,03020004VNN,10.126,5974,29.7,40.1,36.7,0.0,137.9,672.2,514.0,453.7,872.3,637.1,555.6,564.7,520.5,1.0624,1.1527,485.9,404.6,383.0,39.3,142.5,649.2,455.3,437.5,406.2,376.3,326.9,292.9,259.9,279.4,322.6,1404.8,1057.4,1397.8,46.4,139.1,1474.8,935.0,865.3,818.9,797.7,817.3,842.9,955.1,1156.0,1334.8
AUS,3375,3375,Sm178,ALIBI,Sydney 36 CR,Azzura Marine,MBD,1998,PO Box 246 Hampton VIC 3188,,,,ORC,CLUB,C,697,15 06 2026 23:10:19,10.970,10.332,2.367,3.41,5486.,0.0,0.19,598.8,0.9157,655.2,1.1227,534.4,970.8,782.8,679.9,625.5,597.4,577.6,550.7,0.0,0.0,0.0,0.0,0.0,0.0,0.0,748.1,616.1,550.8,516.6,496.4,481.2,457.7,0.0,0.0,0.0,0.0,0.0,0.0,0.0,967.2,736.5,616.3,549.4,514.9,486.1,440.1,43.1,40.4,38.9,37.2,36.3,36.0,36.0,142.6,146.7,149.6,152.8,157.4,161.8,161.4,1007.1,824.8,729.2,681.9,662.4,651.3,640.4,662.5,559.9,512.5,491.0,480.9,475.3,468.8,629.7,539.7,500.5,480.6,469.4,463.4,455.7,610.4,527.1,491.8,471.5,456.9,446.4,434.7,606.6,513.9,479.1,463.9,453.1,438.9,417.6,595.0,503.4,466.8,442.5,423.9,411.8,390.8,610.3,511.0,471.4,444.7,421.3,400.3,368.4,680.0,551.9,493.2,462.7,437.1,412.7,359.3,809.4,641.6,546.1,495.3,468.1,446.2,404.5,934.6,740.9,630.5,569.2,532.3,503.9,461.1,0.8797,1.1294,1.2600,0.6843,0.9235,1.0481,0.0,0.0000,2026,1.0338,580.4,03020004T91,9.961,6446,27.8,40.0,31.5,0.0,105.9,682.1,531.3,476.2,876.8,649.7,572.5,577.6,542.8,1.0388,1.1054,519.7,434.5,418.3,36.5,141.8,639.9,466.2,452.3,428.1,404.5,372.8,343.1,298.9,346.0,399.6,1401.7,1062.0,1397.8,45.7,138.9,1441.2,919.8,857.0,817.3,845.5,829.7,858.1,974.1,1179.8,1362.3
AUS,210014,210014,SM226,BLUEPRINT,MC 38,McConaghy,Harry Dunning,2011,VIC 3132,,,,ORC,CLUB,R,650,20 07 2026 03:25:35,11.275,11.063,2.794,3.50,3298.,0.0,0.00,503.6,1.0677,562.0,1.3255,452.6,783.3,652.7,591.1,549.7,517.5,488.8,439.7,0.0,0.0,0.0,0.0,0.0,0.0,0.0,605.8,516.8,473.7,444.0,420.6,400.9,370.6,0.0,0.0,0.0,0.0,0.0,0.0,0.0,782.6,615.2,532.7,476.2,438.3,405.2,352.1,42.0,39.3,38.0,37.6,37.1,36.7,37.0,141.4,145.1,149.2,150.2,146.9,142.3,147.3,789.8,686.4,646.2,622.8,608.0,598.8,593.6,523.7,471.5,452.5,440.2,430.8,424.0,417.8,499.1,453.8,435.6,421.8,411.7,404.6,397.4,484.8,435.0,412.1,396.2,384.9,376.4,366.4,491.5,437.9,398.5,378.0,363.0,351.5,334.8,503.1,437.9,406.1,381.2,355.9,330.5,300.3,512.7,434.8,392.6,365.6,343.1,323.7,292.3,563.1,459.8,406.8,358.5,321.4,298.3,260.6,672.7,536.0,464.3,412.9,369.8,328.1,247.5,776.7,618.9,536.1,476.6,427.1,378.8,285.8,1.0690,1.3212,1.5210,0.8357,1.0637,1.2563,0.0,0.0000,2026,1.2165,493.2,03020004VE2,11.279,4240,28.8,58.9,39.1,0.0,176.0,561.3,454.1,394.5,718.0,564.1,477.6,497.9,446.2,1.2050,1.3445,413.0,353.2,333.0,37.6,152.1,600.5,419.8,397.9,361.4,322.9,281.4,265.9,226.6,199.3,225.4,1116.6,844.3,1117.5,45.1,139.5,1107.3,710.1,660.0,623.8,636.7,697.5,723.3,809.1,975.1,1125.9
AUS,3351,3351,Sm288,INTRUSION,S80,Swarbrick,Swarbrick,1983,,,,,ORC,CLUB,S,417,29 06 2026 05:37:58,8.030,7.304,1.418,2.77,1662.,0.0,0.19,709.8,0.7756,773.6,0.9531,629.6,1178.8,943.9,815.3,732.4,691.8,669.7,644.1,0.0,0.0,0.0,0.0,0.0,0.0,0.0,904.9,741.5,656.7,605.3,576.4,556.2,526.6,0.0,0.0,0.0,0.0,0.0,0.0,0.0,1175.5,887.4,737.0,645.1,598.6,561.5,496.1,43.5,41.5,40.2,38.8,38.7,38.7,40.0,147.6,151.8,153.7,162.4,170.0,175.2,173.9,1212.8,995.5,881.4,815.2,791.0,783.8,792.6,791.4,667.2,608.3,575.9,560.2,554.8,551.9,749.4,639.8,590.6,562.3,543.7,535.9,529.3,725.6,624.7,577.7,549.0,525.0,508.1,494.3,727.4,611.4,560.4,532.0,518.2,498.7,464.1,718.8,604.7,553.4,515.9,484.5,460.3,428.7,744.4,619.9,562.5,523.2,488.4,453.8,391.4,835.5,680.5,590.6,547.3,511.2,477.0,397.0,991.5,773.9,651.2,580.8,542.7,509.5,443.0,1144.9,892.2,749.1,649.5,592.7,555.5,495.5,0.7289,0.9576,1.0906,0.5653,0.7818,0.9014,0.0,0.0000,2026,0.8762,684.8,03020004UB0,7.007,2226,15.5,20.3,18.1,46.6,0.0,823.2,626.6,550.2,1061.4,767.5,665.6,685.0,638.3,0.8760,0.9400,619.3,502.3,470.7,43.0,138.6,825.1,555.5,529.8,488.0,447.5,400.5,356.5,302.3,358.1,413.5,1706.3,1283.2,1704.1,46.2,135.1,1728.5,1097.6,1018.2,969.5,998.1,1000.1,1040.1,1191.0,1458.5,1684.1
AUS,3328,3328,Sm311,ALCHEMIST,A31,Archambault,Joubert/Nivel/Mer,2009,Vic 3188,,,,ORC,CLUB,C,556,02 07 2026 01:58:37,9.550,8.936,1.962,3.24,3202.,0.0,0.18,627.5,0.8776,683.7,1.0716,559.9,1015.0,817.5,711.6,652.8,621.5,601.2,571.6,0.0,0.0,0.0,0.0,0.0,0.0,0.0,783.1,646.1,579.1,541.7,519.2,502.1,474.6,0.0,0.0,0.0,0.0,0.0,0.0,0.0,1009.7,769.2,646.2,576.7,539.1,507.3,452.7,43.0,40.8,39.0,37.6,37.1,37.3,37.6,144.9,149.2,153.3,160.6,167.3,170.0,164.9,1067.9,875.7,778.4,731.4,713.6,704.5,699.8,702.9,593.7,545.0,521.7,510.8,505.4,500.5,668.4,571.7,530.9,509.2,496.7,490.1,483.5,648.1,557.6,520.2,497.8,480.3,467.6,454.7,628.1,538.5,502.6,483.9,471.5,458.1,431.6,618.6,529.1,491.2,461.7,437.8,421.1,396.3,634.9,536.8,495.5,464.6,438.4,411.6,368.2,705.8,574.8,515.7,481.2,450.0,419.9,356.1,833.3,657.6,560.8,511.4,479.7,450.8,391.0,962.2,759.4,644.7,574.3,529.4,497.8,443.4,0.8396,1.0767,1.2095,0.6548,0.8846,1.0081,0.0,0.0000,2026,0.9876,607.5,03020004UKL,8.637,3958,20.3,29.3,21.0,85.8,66.5,714.6,557.3,496.1,916.3,678.3,595.2,610.4,561.4,0.9829,1.0687,539.7,452.3,428.9,39.1,146.4,711.8,501.6,483.1,449.5,417.2,386.0,339.6,296.4,318.3,367.6,1462.7,1109.0,1456.2,45.5,141.3,1527.6,977.5,912.3,871.1,871.2,858.5,885.7,1007.6,1210.5,1397.8
AUS,3359,3359,Sm3131,Arch de Triomphe,A31,Archambault,Nivelt Bernard,2009,,,,,ORC,INTL,C,561,29 06 2026 06:32:32,9.550,8.937,1.975,3.24,3343.,0.0,0.18,630.6,0.8764,684.6,1.0660,562.8,1018.4,819.3,712.1,653.6,622.1,601.9,573.1,0.0,0.0,0.0,0.0,0.0,0.0,0.0,786.4,648.1,581.0,544.5,522.6,506.2,480.5,0.0,0.0,0.0,0.0,0.0,0.0,0.0,1013.6,771.4,647.7,578.9,541.2,511.0,461.6,43.0,40.7,38.9,37.5,37.1,37.1,37.4,145.1,149.3,153.0,160.1,167.3,171.1,166.3,1066.3,873.7,775.9,731.1,713.6,704.5,699.2,702.2,593.0,544.1,521.8,511.7,506.4,501.7,668.0,571.4,530.4,509.4,497.8,491.7,485.5,648.1,557.9,520.2,498.1,481.7,469.9,458.0,638.5,547.3,515.7,497.2,477.7,460.3,435.6,623.1,531.1,494.6,470.6,455.3,442.6,421.5,639.6,539.2,497.4,467.5,442.4,423.5,395.8,710.6,577.9,517.5,483.5,453.2,424.0,361.2,840.4,662.4,563.6,512.8,481.8,453.8,395.3,970.4,764.8,648.3,576.1,530.7,499.3,446.9,0.8365,1.0718,1.1985,0.6530,0.8836,1.0065,0.0,0.0000,2026,0.9835,610.1,03020004UBC,8.641,4105,20.5,29.7,22.3,87.4,0.0,717.3,559.8,500.6,918.8,679.0,596.1,612.2,564.7,0.9801,1.0625,541.8,459.1,438.9,38.8,147.0,710.3,502.3,484.8,452.9,422.1,405.9,370.5,314.5,323.3,373.3,1465.5,1113.1,1459.7,45.4,141.5,1523.8,975.3,910.5,870.0,888.3,866.2,893.1,1015.6,1218.7,1407.2
AUS,3007,3007,Sm3200,War Machine,Sun Fast 3200,Jeanneau Yachts,Andrieu Yachts,2007,,,,,ORC,CLUB,C,568,07 07 2026 05:45:03,9.790,9.117,1.907,3.44,3537.,0.0,0.18,622.4,0.8767,684.4,1.0838,553.6,1025.8,823.1,712.9,653.2,619.5,598.2,570.3,0.0,0.0,0.0,0.0,0.0,0.0,0.0,786.5,644.6,573.3,534.2,510.7,494.1,467.2,0.0,0.0,0.0,0.0,0.0,0.0,0.0,1020.9,773.2,644.0,570.1,530.2,498.2,444.7,44.0,41.9,39.9,38.3,38.3,38.2,38.8,143.1,147.3,149.0,158.5,165.9,170.4,167.8,1074.2,875.2,771.5,723.3,706.3,698.0,695.7,699.0,587.0,534.6,510.6,500.7,495.6,491.3,661.4,563.9,520.0,497.7,485.6,479.7,473.5,639.2,549.3,508.7,485.6,468.0,455.9,444.1,625.5,532.6,492.8,467.9,450.5,440.2,419.1,619.1,520.9,478.7,449.1,426.2,411.1,374.7,634.8,529.6,484.3,451.0,421.8,394.7,355.0,712.6,573.8,509.0,473.3,441.8,410.7,343.8,846.4,667.7,566.6,510.5,479.7,452.6,396.6,977.4,771.0,654.2,583.2,532.6,498.5,445.0,0.8386,1.0898,1.2290,0.6490,0.8839,1.0117,0.0,0.0000,2026,0.9952,602.9,03020004USJ,8.822,4314,23.1,31.7,27.2,80.7,90.7,715.5,550.6,488.2,924.5,678.8,593.1,603.6,558.5,0.9940,1.0743,536.6,441.1,417.6,40.5,140.2,712.7,493.8,474.6,439.2,405.6,349.1,317.1,272.1,312.3,360.6,1483.5,1119.0,1477.8,46.4,139.7,1540.0,977.1,906.4,861.2,860.2,872.3,899.6,1022.8,1235.8,1427.0
AUS,7142,7142,Sm35,ARCHIE,A-35,ARCHAMBAULT,NIVELT Bernard,2005,VIC 3188,,,,ORC,CLUB,C,605,15 06 2026 01:36:32,10.617,9.573,2.147,3.59,4351.,0.0,0.13,601.9,0.9073,661.3,1.1182,536.6,982.6,792.7,687.2,633.1,600.2,579.1,551.4,0.0,0.0,0.0,0.0,0.0,0.0,0.0,754.3,621.5,554.3,518.9,496.7,480.9,455.4,0.0,0.0,0.0,0.0,0.0,0.0,0.0,978.9,745.2,621.8,553.1,515.3,484.9,435.9,43.3,40.9,39.2,38.2,37.6,37.5,37.6,142.4,146.9,148.9,152.8,166.2,171.8,169.1,1019.5,835.3,738.0,695.7,679.0,670.0,664.1,670.0,565.9,516.1,494.6,485.7,480.7,475.7,636.4,545.5,503.7,482.9,472.1,466.4,460.1,616.4,532.3,492.8,473.0,457.1,446.2,435.2,602.0,514.5,479.3,456.9,440.9,431.0,413.9,593.8,503.9,465.7,439.1,419.9,406.2,371.4,608.9,511.5,470.7,441.1,414.4,388.6,354.0,687.5,554.2,494.0,461.2,431.7,402.6,339.3,819.0,649.5,551.2,496.4,467.7,442.8,392.9,945.7,750.0,636.4,570.5,521.4,488.1,438.7,0.8722,1.1242,1.2623,0.6759,0.9143,1.0454,0.0,0.0000,2026,1.0273,584.0,03020004T50,9.394,5185,24.2,36.9,28.7,89.8,106.2,687.9,533.7,475.3,887.7,656.2,573.9,582.9,542.8,1.0292,1.1054,518.7,429.8,409.6,38.9,141.1,673.7,476.1,459.1,430.0,400.8,345.9,318.0,276.0,315.0,363.7,1410.9,1065.5,1406.9,45.8,139.0,1450.7,926.6,863.8,823.5,819.7,831.9,861.0,979.8,1187.4,1371.1
AUS,3301,3301,Sm3600,Maverick,Sun Fast 3600,Jeanneau,Andrieu,2013,Vic 3194,,,,ORC,INTL,C,667,17 07 2026 07:00:05,10.800,10.078,2.163,3.56,5266.,0.0,0.18,601.7,0.9063,662.0,1.1227,534.4,996.9,800.6,692.0,630.1,597.4,576.8,550.4,0.0,0.0,0.0,0.0,0.0,0.0,0.0,764.0,625.9,555.4,515.3,490.8,474.0,448.3,0.0,0.0,0.0,0.0,0.0,0.0,0.0,992.1,751.7,624.6,549.6,509.4,478.0,428.2,43.7,41.5,39.7,38.2,37.8,37.5,37.7,142.8,146.9,148.9,152.0,156.1,160.1,158.3,1044.9,851.5,748.6,690.4,662.9,651.1,643.8,683.1,572.8,518.4,489.8,474.3,466.6,461.7,647.2,549.8,503.8,478.9,462.7,452.4,445.8,625.9,530.8,488.1,468.0,451.9,436.8,418.7,599.7,511.6,473.2,449.7,432.2,421.3,404.2,602.3,505.0,463.8,435.9,412.5,395.7,362.4,616.6,513.2,469.3,440.0,413.4,387.7,344.3,691.1,556.5,492.8,459.7,432.1,405.4,346.3,821.7,649.3,550.3,494.9,465.6,442.4,397.3,948.8,749.7,635.5,569.8,531.9,502.6,456.9,0.8633,1.1283,1.2805,0.6676,0.9136,1.0488,0.0,0.0000,2026,1.0305,582.2,03020004VCR,9.717,6185,27.8,38.6,30.5,0.0,112.9,695.0,531.8,468.6,898.7,656.7,572.1,580.4,542.8,1.0338,1.1054,517.9,423.1,400.9,38.8,139.9,651.9,460.8,443.4,413.5,383.9,334.0,305.7,279.0,332.4,383.8,1442.8,1087.7,1437.0,46.0,139.0,1500.6,955.9,888.8,846.2,820.8,847.3,873.6,991.5,1199.4,1384.9
AUS,3067,3067,Sm37,Fargo,IC 37,Melges,Mills,2017,Vic 3186,,,,ORC,INTL,R,739,08 07 2026 01:54:32,11.300,11.015,2.720,3.65,3648.,115.7,0.00,526.2,1.0259,584.9,1.2778,469.6,852.4,686.9,607.6,566.5,538.2,511.9,464.9,0.0,0.0,0.0,0.0,0.0,0.0,0.0,654.8,541.4,488.7,457.7,434.7,414.8,383.9,0.0,0.0,0.0,0.0,0.0,0.0,0.0,850.1,646.9,548.7,490.4,453.1,418.3,362.1,42.7,40.6,38.5,37.9,37.5,37.3,37.3,141.5,144.7,148.7,152.0,149.6,146.8,144.2,875.2,718.4,656.5,633.2,620.3,611.9,604.6,576.6,489.7,459.6,447.6,439.6,433.6,426.3,547.7,474.3,445.0,430.8,421.4,414.4,405.8,528.5,464.8,431.1,408.0,395.4,385.8,373.4,517.1,452.3,423.4,401.1,377.1,361.4,340.8,528.0,450.6,410.5,377.7,355.1,338.0,313.9,539.3,453.3,406.1,371.1,347.5,320.7,285.2,600.6,481.0,429.6,387.2,346.2,309.6,263.5,718.4,567.5,483.9,433.7,395.1,356.7,281.6,829.5,655.3,558.8,499.7,456.2,411.9,325.1,1.0032,1.2785,1.4698,0.7796,1.0289,1.1980,0.0,0.0000,2026,1.1731,511.5,03020004UVO,11.068,4680,28.2,51.5,34.3,0.0,152.3,598.1,469.3,408.2,769.6,583.1,500.8,514.9,468.6,1.1653,1.2805,434.8,363.9,341.7,38.7,147.9,618.1,428.6,405.4,367.8,328.3,286.4,263.9,223.9,217.8,251.5,1229.7,929.0,1227.6,45.2,139.2,1251.1,801.1,746.0,709.3,706.1,731.6,772.0,865.6,1046.5,1208.4
AUS,3421,3421,Sm3800,38 SOUTH,Sydney 38,Sydney Yachts,MBD,2000,,,,,ORC,CLUB,C,748,30 06 2026 03:24:01,11.795,10.846,2.599,3.71,5654.,0.0,0.01,574.3,0.9562,627.5,1.1716,512.1,935.7,750.9,653.6,601.3,569.1,547.7,518.5,0.0,0.0,0.0,0.0,0.0,0.0,0.0,719.2,591.5,529.1,495.8,474.3,458.6,434.3,0.0,0.0,0.0,0.0,0.0,0.0,0.0,937.6,708.4,592.7,528.0,492.1,462.7,416.1,42.3,40.1,38.2,36.9,36.7,36.4,36.3,141.5,147.6,151.8,157.4,165.1,170.4,170.9,916.8,755.6,680.5,651.4,636.8,627.5,618.4,607.9,518.2,481.3,467.3,460.2,455.3,449.3,580.0,502.2,469.9,455.2,447.9,442.2,435.0,562.5,492.5,461.9,443.0,430.4,422.6,411.5,574.4,496.9,462.8,441.0,422.5,408.3,389.7,594.0,495.4,454.7,428.6,408.7,396.1,374.8,614.2,507.6,461.3,432.2,406.8,384.3,352.4,692.1,555.9,487.5,452.1,424.2,398.1,344.0,826.8,646.2,543.4,484.6,451.9,425.7,375.5,954.7,746.2,626.7,551.1,501.5,467.9,418.7,0.9156,1.1776,1.3233,0.7115,0.9629,1.1068,0.0,0.0000,2026,1.0777,556.8,03020004UDC,10.677,6695,30.0,50.6,38.7,102.8,0.0,655.3,509.5,453.4,843.3,623.1,542.1,550.0,525.4,1.0910,1.1419,497.3,415.6,398.0,37.4,159.7,624.8,448.4,432.8,406.2,378.4,354.4,329.4,290.7,322.9,369.9,1350.1,1015.8,1355.3,44.9,138.5,1298.0,832.4,777.4,741.9,764.8,832.9,868.0,1002.4,1214.3,1402.2
AUS,3324,3324,Sm3929,RHIANNON,Jarkan 925,Jarkan,Bruce King,1984,,,,,ORC,CLUB,C,498,10 07 2026 03:28:50,9.270,8.108,1.874,3.26,4172.,0.0,0.38,695.1,0.7974,752.4,0.9706,618.2,1133.5,913.0,791.3,716.2,674.5,650.9,625.9,0.0,0.0,0.0,0.0,0.0,0.0,0.0,878.6,721.8,640.7,594.9,568.7,552.1,529.9,0.0,0.0,0.0,0.0,0.0,0.0,0.0,1131.0,860.1,717.2,632.9,589.6,558.6,509.6,43.1,41.2,39.9,38.2,37.4,37.0,37.6,147.3,151.4,154.8,161.0,167.8,176.3,177.7,1158.1,957.9,849.4,786.7,759.5,748.8,745.6,762.5,646.6,589.6,561.8,547.6,541.5,538.7,726.1,622.1,574.3,550.1,536.2,528.5,524.3,706.0,607.6,563.2,539.8,524.0,512.3,499.6,720.8,603.2,551.3,525.8,509.5,499.6,481.5,715.4,597.4,546.6,518.9,496.5,476.3,446.0,740.8,614.5,556.1,525.2,501.1,478.7,439.9,825.9,668.5,584.2,542.7,515.9,492.0,448.0,960.3,752.7,639.1,574.1,539.0,514.5,470.5,1108.8,868.2,733.3,645.7,589.5,553.0,506.2,0.7498,0.9769,1.0950,0.5864,0.8030,0.9267,0.0,0.0000,2026,0.8940,671.1,03020004V27,7.656,4858,22.0,24.2,30.4,65.7,58.7,800.2,614.2,547.9,1023.2,747.2,647.5,667.0,629.4,0.8996,0.9534,614.0,517.5,493.8,38.3,177.2,761.5,539.8,523.0,494.8,467.3,432.2,414.6,413.2,431.6,466.5,1642.4,1242.0,1642.5,45.9,143.2,1641.1,1046.4,975.7,933.6,964.4,994.6,1035.0,1192.5,1423.5,1643.7
AUS,3350,3350,Sm399,SUNDOWNER,Jarkan 925,Jarkan,John King,1984,,,,,ORC,INTL,C,450,22 06 2026 02:38:17,9.261,8.166,1.616,3.25,4640.,0.0,0.46,713.6,0.7731,776.1,0.9480,632.9,1179.1,949.0,822.1,739.7,689.5,662.0,635.8,0.0,0.0,0.0,0.0,0.0,0.0,0.0,910.8,745.9,659.1,608.5,578.3,559.7,536.2,0.0,0.0,0.0,0.0,0.0,0.0,0.0,1172.7,891.5,741.2,649.4,599.8,566.1,513.9,44.5,42.8,41.9,40.7,39.3,38.8,39.4,147.5,151.4,153.9,160.3,166.8,174.5,177.7,1243.9,1024.3,906.5,832.0,787.7,769.5,763.3,804.3,677.0,610.0,574.8,555.3,544.5,538.5,758.4,645.8,588.9,559.7,542.3,531.4,523.0,732.9,626.5,574.2,547.0,529.8,516.9,499.1,746.8,620.7,562.1,535.1,521.1,512.4,486.9,727.5,606.3,551.8,523.6,502.6,484.3,459.6,753.2,621.2,558.6,526.7,503.2,481.7,445.5,830.5,671.7,584.6,542.4,516.0,492.8,450.0,965.1,757.5,641.7,574.4,539.0,515.0,472.1,1114.4,873.7,737.6,647.5,591.3,554.5,508.3,0.7243,0.9535,1.0801,0.5639,0.7771,0.9104,0.0,0.0000,2026,0.8708,689.1,03020004TNH,7.304,5276,22.1,23.0,30.3,73.0,0.0,828.4,629.3,555.5,1064.0,772.1,659.1,689.4,638.5,0.8703,0.9397,627.7,526.0,500.3,40.2,176.8,785.8,542.0,523.7,494.3,468.4,445.5,426.5,417.6,435.0,469.7,1716.4,1295.7,1709.9,47.7,143.4,1781.7,1120.6,1033.0,979.5,1008.4,1017.3,1057.1,1198.6,1429.9,1651.1
AUS,3320,3320,Sm4,WICKED,First 40,Beneteau France,Farr,2008,,,,,ORC,INTL,C,790,12 06 2026 00:53:47,12.240,11.261,2.484,3.90,7852.,127.8,0.18,578.9,0.9491,632.2,1.1652,515.0,956.0,765.2,660.8,602.8,569.8,548.6,521.3,0.0,0.0,0.0,0.0,0.0,0.0,0.0,732.0,599.6,532.4,496.4,475.4,460.5,437.5,0.0,0.0,0.0,0.0,0.0,0.0,0.0,953.2,719.1,597.5,529.0,493.3,465.6,419.4,43.4,41.0,39.4,38.1,37.4,37.1,37.4,143.9,148.0,152.1,157.2,164.6,170.2,173.6,983.9,802.3,708.1,663.3,644.6,634.1,623.8,644.8,541.8,492.2,470.2,460.4,455.1,449.1,611.5,520.9,479.2,459.0,448.5,442.9,436.1,589.5,502.0,467.6,449.7,435.8,426.0,415.4,565.3,485.9,452.9,434.9,423.7,415.7,398.4,584.0,492.9,451.9,427.5,408.0,392.9,368.6,607.3,503.1,458.0,432.0,410.4,390.0,353.8,679.0,547.0,480.4,447.2,422.7,400.1,355.0,803.8,630.5,532.2,477.1,446.7,423.6,379.7,928.2,728.0,613.5,542.2,495.0,463.1,418.9,0.9012,1.1725,1.3170,0.6972,0.9563,1.1036,0.0,0.0000,2026,1.0701,560.7,03020004T1A,10.699,8957,34.7,53.3,38.3,132.8,107.3,665.8,511.7,455.6,860.6,627.4,543.7,557.4,522.8,1.0764,1.1477,501.8,419.3,400.5,38.2,163.6,625.7,447.5,433.6,409.8,386.6,349.9,325.1,307.1,332.0,377.8,1386.9,1039.3,1384.6,46.1,140.3,1409.3,896.3,832.4,790.7,765.6,801.4,855.8,979.7,1181.6,1364.5
AUS,2123,2123,Sm4000,Niche,First 40,Beneteau,Bruce Farr,2007,,,,,ORC,INTL,C,790,22 06 2026 04:58:45,12.240,11.325,2.495,3.90,8148.,132.3,0.19,578.9,0.9506,631.2,1.1664,514.4,961.6,769.3,662.8,600.9,565.8,543.8,515.8,0.0,0.0,0.0,0.0,0.0,0.0,0.0,734.7,601.6,533.5,495.6,473.2,457.6,434.0,0.0,0.0,0.0,0.0,0.0,0.0,0.0,957.7,722.5,599.1,528.0,490.8,462.8,416.8,43.5,41.0,39.3,37.9,37.0,36.9,36.7,142.6,148.0,151.8,157.2,164.6,170.0,172.7,1000.2,813.8,714.3,661.3,637.4,625.0,612.7,655.2,549.1,496.5,470.8,458.2,451.9,444.8,621.0,527.2,483.1,460.5,447.6,439.9,431.9,585.6,500.1,465.8,451.9,437.0,425.4,411.5,561.9,484.6,452.1,433.7,421.4,413.1,397.6,579.7,491.6,451.8,427.6,407.6,391.3,366.8,604.4,501.4,457.4,431.8,410.3,390.5,352.6,674.8,544.2,478.7,446.2,422.3,400.2,355.8,799.4,627.7,530.2,475.6,445.8,423.0,379.9,923.0,724.8,611.2,540.5,494.1,462.7,418.9,0.8979,1.1731,1.3255,0.6933,0.9573,1.1136,0.0,0.0000,2026,1.0708,560.3,03020004TNS,10.761,9252,35.2,54.5,34.0,136.9,110.6,668.2,511.5,452.7,865.4,626.8,538.8,557.6,522.0,1.0761,1.1495,495.2,414.7,397.1,37.1,164.4,611.8,442.3,428.4,405.1,382.9,347.2,324.1,305.2,333.6,378.6,1396.7,1044.7,1392.5,46.3,140.3,1438.4,915.6,850.7,798.0,758.6,793.9,851.4,973.0,1173.5,1355.0
AUS,3325,3325,SM4040,Bandit,First 40,Beneteau,Farr Yacht Design,2008,,,,,ORC,INTL,C,790,14 06 2026 23:26:38,12.240,11.285,2.493,3.90,8025.,126.3,0.19,580.2,0.9472,633.4,1.1626,516.1,957.0,766.3,662.2,603.9,571.1,549.8,522.6,0.0,0.0,0.0,0.0,0.0,0.0,0.0,734.2,600.9,533.4,497.3,476.4,461.7,439.1,0.0,0.0,0.0,0.0,0.0,0.0,0.0,954.1,720.4,598.7,530.1,494.3,466.7,421.3,43.4,41.0,39.4,38.2,37.5,37.1,37.4,142.0,148.3,151.8,157.3,164.6,170.0,174.5,985.8,804.3,710.6,666.0,647.2,636.3,625.9,646.3,543.2,493.4,471.3,461.7,456.4,450.3,613.0,522.1,480.1,460.0,449.7,444.3,437.5,591.8,505.8,468.7,450.6,437.0,427.5,417.3,572.6,489.8,455.0,436.1,423.7,415.9,400.3,591.8,493.7,452.7,428.6,409.5,395.1,370.5,607.7,503.2,458.1,432.4,411.5,391.7,357.2,678.1,546.5,480.3,447.1,422.8,400.6,356.5,803.8,630.7,532.3,476.8,446.5,423.7,380.3,928.2,728.3,613.7,541.8,495.0,463.2,419.3,0.8988,1.1701,1.3133,0.6963,0.9544,1.1011,0.0,0.0000,2026,1.0680,561.8,03020004T4M,10.669,9133,34.9,53.3,39.2,136.3,109.3,667.6,512.8,456.9,861.7,628.7,544.9,558.8,523.3,1.0736,1.1465,503.0,421.2,402.9,38.1,164.0,627.2,448.6,435.0,412.0,389.3,351.1,329.4,311.0,333.4,378.9,1386.1,1042.1,1383.6,46.0,140.6,1411.7,898.1,834.2,792.7,778.0,817.3,856.4,977.8,1178.3,1360.6
AUS,3357,3357,Sm441,EPIGEN YOUNGBEARS,YOUNG 88,Roger Land,Young,1981,,,,,ORC,CLUB,C,502,24 06 2026 00:16:33,8.950,8.226,1.725,3.28,2983.,0.0,0.01,658.5,0.8401,714.2,1.0196,588.5,1062.0,856.4,743.8,681.4,648.0,627.4,599.7,0.0,0.0,0.0,0.0,0.0,0.0,0.0,817.4,676.8,606.8,569.2,547.1,531.0,506.1,0.0,0.0,0.0,0.0,0.0,0.0,0.0,1062.1,807.7,676.8,604.7,567.1,536.5,484.4,42.4,41.1,38.6,37.1,36.6,36.6,36.7,145.6,150.9,153.4,161.5,170.2,177.2,177.2,1060.7,879.6,785.7,747.3,732.3,724.6,719.0,699.5,599.5,558.3,540.4,532.7,528.2,522.6,666.5,581.1,546.9,529.0,519.6,514.3,506.9,648.2,570.3,537.9,517.3,502.5,493.2,481.9,660.3,569.5,531.5,511.7,495.0,479.5,458.6,666.6,565.2,524.6,497.0,474.9,457.1,433.7,690.6,579.5,532.2,501.4,475.1,450.7,407.8,771.3,628.4,556.3,520.6,492.2,465.4,409.0,920.8,721.9,610.1,549.9,517.8,491.1,440.6,1063.3,833.1,701.9,615.5,563.7,530.1,480.3,0.8031,1.0253,1.1413,0.6255,0.8469,0.9644,0.0,0.0000,2026,0.9398,638.4,03020004TV6,8.106,3665,19.0,31.2,23.0,57.2,0.0,747.1,585.2,525.7,959.2,708.5,622.1,633.4,599.3,0.9473,1.0011,580.3,485.4,464.4,37.8,166.3,727.4,521.7,504.1,475.1,445.0,414.0,380.1,339.9,382.7,433.1,1517.2,1141.5,1520.2,46.0,137.8,1487.3,948.5,884.9,845.2,869.1,919.4,958.2,1105.4,1339.9,1547.2
AUS,3329,3329,SM444,True Colours,Bavaria 44,Bavaria Yachts,Bavaria Yachts,1993,,,,,ORC,CLUB,C,360,17 06 2026 03:58:42,13.383,11.874,1.980,4.16,10124.,0.0,0.35,613.7,0.8807,681.3,1.1051,543.0,1044.2,830.5,714.4,646.6,610.4,588.6,564.8,0.0,0.0,0.0,0.0,0.0,0.0,0.0,794.3,643.0,563.8,520.0,495.7,480.2,461.0,0.0,0.0,0.0,0.0,0.0,0.0,0.0,1037.7,777.2,639.4,557.4,514.9,484.2,437.5,45.9,43.6,42.2,41.1,40.8,40.4,40.6,142.6,146.4,148.2,150.1,152.8,157.4,162.3,1110.0,895.3,783.9,721.5,692.5,680.0,675.9,709.5,587.6,524.0,490.7,473.6,466.2,461.9,664.5,558.3,503.1,473.9,458.5,450.5,445.4,635.2,538.1,487.9,460.9,445.1,434.4,423.4,614.1,514.7,467.4,444.5,431.5,423.7,408.1,621.0,510.2,459.0,433.1,414.7,399.9,379.5,635.2,519.7,464.4,436.1,415.1,396.6,365.4,711.2,568.0,492.3,453.1,429.0,408.5,370.2,847.4,663.1,558.5,495.1,459.3,437.1,402.3,978.5,765.7,644.9,571.7,528.2,497.2,453.7,0.8349,1.1137,1.2583,0.6401,0.8883,1.0255,0.0,0.0000,2026,1.0100,594.1,03020004TBL,10.221,10803,38.9,42.2,51.0,0.0,129.9,718.6,538.7,476.8,937.4,675.4,585.1,593.6,548.1,1.0108,1.0947,555.7,449.9,425.2,41.7,160.3,690.4,464.6,445.4,419.3,395.9,361.6,346.6,330.7,369.0,421.0,1536.5,1146.9,1527.7,48.4,139.4,1623.5,1013.3,923.5,866.0,849.5,873.2,907.3,1037.3,1255.2,1449.3
AUS,3043,3043,Sm5005,SHIMMER,Hanse 505,Hanse,Hanse,2014,Vic 3926,,,,ORC,CLUB,C,1065,12 07 2026 04:21:13,14.780,13.813,2.367,4.76,15543.,0.0,0.28,559.3,0.9689,619.3,1.2143,494.1,954.7,760.2,651.4,587.0,552.9,532.3,507.4,0.0,0.0,0.0,0.0,0.0,0.0,0.0,727.1,588.6,514.4,472.8,449.7,434.6,415.3,0.0,0.0,0.0,0.0,0.0,0.0,0.0,950.0,712.0,583.4,506.6,467.2,438.7,395.4,45.4,43.4,41.9,40.7,40.1,39.6,39.4,142.1,145.8,148.0,150.3,152.5,156.7,162.1,1001.8,808.2,703.5,644.5,617.7,605.1,595.8,641.3,530.4,472.2,441.5,426.6,420.2,414.2,599.8,504.3,454.6,428.4,414.6,407.5,401.2,573.0,486.3,441.7,418.2,403.3,392.6,381.3,571.6,476.5,429.8,406.2,391.1,380.5,367.6,575.2,471.0,421.8,396.9,378.5,363.7,345.1,588.4,480.0,427.6,400.8,381.0,363.2,332.1,658.6,525.9,455.6,418.5,395.8,376.8,341.2,786.0,616.7,519.0,458.6,424.2,403.3,371.2,907.6,712.1,599.3,529.4,488.0,459.5,419.0,0.9121,1.2231,1.3916,0.6998,0.9766,1.1362,0.0,0.0000,2026,1.1092,540.9,03020004V49,12.275,17111,52.6,65.1,71.5,0.0,191.9,657.8,490.6,431.2,857.4,614.4,528.1,537.2,503.5,1.1168,1.1916,494.5,402.0,381.9,40.0,160.6,600.1,413.2,398.8,375.9,355.3,324.8,312.3,304.4,341.3,389.0,1398.5,1047.5,1392.7,48.2,138.9,1456.7,910.4,830.4,776.1,795.8,817.9,842.1,957.8,1160.8,1340.4
AUS,2033,2033,Sm5915,Pegasus,Sydney 36S,Sydney Yachts,Murray Burns Dovel,1998,,,,,ORC,CLUB,C,680,07 07 2026 00:32:51,10.970,10.099,2.255,3.41,4719.,0.0,0.18,596.2,0.9276,646.8,1.1301,530.9,974.1,781.0,674.6,616.2,585.0,564.7,535.2,0.0,0.0,0.0,0.0,0.0,0.0,0.0,750.7,615.2,548.6,512.6,491.4,475.7,450.3,0.0,0.0,0.0,0.0,0.0,0.0,0.0,970.4,735.2,612.8,544.9,509.0,480.2,433.5,43.4,40.8,39.1,37.4,37.0,36.7,36.6,141.5,148.3,151.2,157.8,165.7,169.8,165.1,1011.1,823.1,726.2,681.3,663.6,653.4,644.0,661.4,556.3,509.2,488.4,479.2,473.8,467.8,626.9,535.8,497.0,477.3,466.6,460.8,453.7,606.3,523.1,488.1,467.3,452.1,441.6,430.7,614.7,518.7,486.2,466.5,448.2,432.2,409.5,599.0,504.9,468.1,445.5,431.1,419.2,398.1,613.6,512.3,471.2,443.3,420.0,401.5,373.9,685.0,551.7,490.8,458.1,430.1,402.8,344.9,811.5,640.0,540.0,487.3,457.5,431.2,376.5,937.1,739.0,623.0,551.0,506.5,476.0,426.4,0.8786,1.1366,1.2763,0.6837,0.9352,1.0739,0.0,0.0000,2026,1.0412,576.3,03020004USH,9.853,5651,26.5,39.9,29.1,112.5,0.0,682.9,527.9,470.1,877.6,641.6,558.7,575.3,536.2,1.0429,1.1190,506.6,429.6,412.6,37.6,147.1,648.7,466.6,451.5,425.2,397.2,378.0,349.5,300.8,315.7,364.5,1412.3,1069.2,1408.4,46.0,140.6,1452.2,924.5,859.3,817.1,844.4,841.8,868.6,987.9,1188.6,1372.5
AUS,3321,3321,Sm6115,Chainsaw,sydney 38,Sydney Yachts,Murray Burns Dovel,2001,,,,,ORC,CLUB,C,747,11 06 2026 22:45:44,11.795,10.823,2.592,3.71,5535.,0.0,0.02,572.0,0.9598,625.1,1.1757,510.3,929.7,747.4,650.7,599.2,567.5,546.3,517.1,0.0,0.0,0.0,0.0,0.0,0.0,0.0,714.8,589.1,527.3,494.3,472.9,457.2,432.8,0.0,0.0,0.0,0.0,0.0,0.0,0.0,931.4,705.1,590.4,526.3,490.5,461.2,414.5,42.2,40.0,38.0,36.7,36.7,36.3,36.3,141.9,147.6,151.8,157.4,165.1,170.4,169.6,912.7,753.4,678.0,649.2,634.8,625.9,617.1,605.5,517.1,480.2,466.3,459.3,454.5,448.6,577.7,501.3,469.0,454.3,446.9,441.3,434.3,560.1,491.5,461.2,441.9,429.2,421.4,410.5,571.5,495.7,462.1,440.0,421.2,406.8,388.2,590.0,493.5,453.4,427.1,407.2,394.6,373.1,609.7,505.1,459.9,430.6,404.8,382.1,350.3,686.2,552.2,485.7,450.9,422.7,396.2,341.3,819.8,642.1,540.7,483.2,450.7,424.2,373.2,946.7,741.4,623.5,549.2,500.1,466.8,417.2,0.9203,1.1815,1.3274,0.7155,0.9665,1.1097,0.0,0.0000,2026,1.0816,554.7,03020004T18,10.703,6571,29.8,50.6,37.3,101.5,0.0,652.0,507.8,452.0,838.6,620.8,540.7,548.3,523.4,1.0943,1.1463,495.8,414.0,396.4,37.3,159.1,624.3,448.0,432.2,405.3,377.0,351.5,327.2,287.3,320.3,367.3,1338.0,1007.1,1342.8,45.1,139.0,1289.5,827.1,772.3,736.7,758.8,825.4,860.1,991.8,1200.7,1386.5
AUS,3323,3323,Sm6142,Watermark II,Young 88,Roger Land,Young,1979,3204 Mckinnon Australia,,,,ORC,CLUB,C,550,24 06 2026 00:46:18,8.950,8.221,1.713,3.28,2841.,0.0,0.02,656.0,0.8440,710.9,1.0245,585.6,1062.5,856.2,741.9,676.7,643.7,623.1,594.9,0.0,0.0,0.0,0.0,0.0,0.0,0.0,817.1,675.7,604.8,565.9,543.6,527.0,501.0,0.0,0.0,0.0,0.0,0.0,0.0,0.0,1062.2,807.1,674.8,601.0,563.2,532.3,479.5,43.0,41.1,38.7,36.9,36.3,36.3,36.4,145.8,150.9,152.5,160.8,169.6,176.8,176.6,1065.7,882.3,785.3,742.3,726.6,718.6,712.9,702.0,599.7,557.9,538.9,530.1,525.2,519.4,668.8,581.0,546.4,527.8,516.8,511.1,503.2,650.3,570.6,537.4,516.3,500.6,489.9,478.0,662.7,567.7,530.2,510.6,493.5,477.4,454.2,661.9,561.9,521.3,493.4,471.5,453.6,429.7,684.6,574.8,528.7,497.1,470.0,445.1,401.9,764.4,624.2,551.7,516.5,487.3,459.7,399.1,917.4,719.3,606.2,545.6,513.7,486.5,434.1,1059.4,830.0,698.4,611.2,560.7,527.6,476.9,0.8039,1.0301,1.1508,0.6254,0.8509,0.9714,0.0,0.0000,2026,0.9444,635.4,03020004TVA,8.158,3575,18.9,30.4,22.8,62.0,0.0,746.4,582.5,521.4,959.4,705.1,617.7,631.0,596.1,0.9509,1.0065,573.3,478.7,457.9,37.4,160.8,720.3,518.3,500.2,470.6,439.7,408.8,372.1,327.1,371.8,426.3,1515.6,1141.2,1517.5,46.1,136.7,1496.9,954.4,890.2,850.2,874.7,915.8,951.7,1093.8,1328.7,1534.3
AUS,3349,3349,Sm63,SURPRISE,Adams 10,Adams,Joe Adams,1987,,,,,ORC,CLUB,R,450,26 06 2026 01:46:50,9.990,9.303,1.776,2.74,2917.,0.0,0.21,627.9,0.8743,686.3,1.0738,558.8,1030.4,826.0,713.2,655.1,623.7,601.1,563.1,0.0,0.0,0.0,0.0,0.0,0.0,0.0,793.4,649.4,576.9,539.7,516.8,499.3,471.5,0.0,0.0,0.0,0.0,0.0,0.0,0.0,1026.1,777.1,646.0,575.0,536.2,503.9,451.0,43.6,41.2,39.6,38.5,38.1,37.9,38.1,140.0,148.7,149.8,156.3,163.8,161.8,151.4,1073.9,875.0,776.0,740.3,725.0,717.0,710.7,701.9,589.4,537.6,519.8,512.3,507.8,502.6,665.2,566.2,522.1,504.1,496.2,491.2,484.6,644.8,551.0,510.7,487.6,473.0,465.0,452.9,651.6,553.6,510.4,483.0,460.1,443.5,423.9,628.8,528.0,490.2,469.8,452.5,437.5,411.9,643.4,533.5,487.2,455.3,433.1,415.5,385.5,719.5,575.4,506.2,464.5,427.1,394.5,341.7,854.7,672.9,563.2,501.7,463.2,427.4,360.2,987.0,777.0,650.4,569.8,522.4,485.2,415.6,0.8317,1.0801,1.2165,0.6464,0.8813,1.0126,0.0,0.0000,2026,0.9872,607.8,03020004U6N,8.720,3578,20.3,27.9,26.5,91.4,0.0,721.4,555.5,493.2,928.2,680.8,592.5,611.2,557.4,0.9816,1.0764,526.5,448.8,427.3,39.2,148.6,721.2,503.2,483.4,447.5,411.8,384.2,360.2,307.4,287.4,331.8,1482.6,1125.8,1477.5,46.0,141.1,1533.9,977.8,910.6,869.9,901.4,884.5,910.5,1033.5,1239.6,1431.3
AUS,3415,3415,Sm700,Belle,IY60,Brent Gray Project,Simonis Voogd,2003,,,,,ORC,CLUB,C,700,18 08 2026 01:32:07,18.194,16.555,3.372,4.79,18413.,0.0,0.20,485.7,1.1193,536.0,1.3916,431.1,810.4,646.6,557.9,511.0,485.4,468.3,441.3,0.0,0.0,0.0,0.0,0.0,0.0,0.0,620.7,503.9,445.2,415.2,397.5,384.4,363.4,0.0,0.0,0.0,0.0,0.0,0.0,0.0,808.2,607.5,502.5,443.6,412.3,387.7,348.3,43.7,41.8,40.1,39.0,38.3,37.8,37.8,140.6,141.7,145.2,151.4,153.4,154.5,148.5,832.6,673.5,595.2,560.7,544.0,532.6,519.8,541.4,449.0,406.6,389.5,382.3,377.0,370.6,510.0,429.2,393.7,378.1,370.8,365.7,359.0,489.4,417.3,385.5,368.4,357.2,349.7,340.7,499.4,422.6,387.3,367.7,353.1,340.8,323.8,499.5,411.2,373.6,353.6,341.2,330.5,312.7,511.7,416.2,375.0,351.5,332.1,318.3,296.3,568.6,450.5,394.3,366.2,344.1,323.0,280.1,682.6,536.6,450.9,400.1,372.2,352.0,314.2,788.1,619.6,520.7,461.3,426.8,404.0,362.9,1.0671,1.4013,1.5798,0.8236,1.1288,1.2974,0.0,0.0000,2026,1.2750,470.6,03020004WH8,15.371,19755,60.5,99.0,76.5,0.0,280.7,562.3,428.2,379.8,728.5,531.5,462.5,467.0,438.5,1.2849,1.3682,413.7,345.3,330.7,38.1,145.0,516.2,367.8,355.6,334.7,314.0,298.9,277.0,246.1,269.5,311.2,1180.1,888.0,1177.9,46.7,138.2,1202.1,761.2,700.9,659.1,677.3,706.9,734.4,826.3,1002.9,1158.1
AUS,278200,2782,Sm9006,BULLET,BULL 9000,Hart Marine,Greg Young,1995,,,,,ORC,CLUB,R,595,23 06 2026 00:36:30,9.509,8.896,2.171,3.29,2564.,0.0,0.00,592.6,0.9321,643.7,1.1285,531.7,931.1,756.4,665.7,620.2,592.5,571.2,532.9,0.0,0.0,0.0,0.0,0.0,0.0,0.0,722.2,605.8,550.3,518.5,496.3,477.8,446.3,0.0,0.0,0.0,0.0,0.0,0.0,0.0,928.7,715.2,609.4,550.2,513.6,482.0,428.4,41.9,39.5,36.7,35.5,34.9,34.5,34.5,143.2,148.3,154.6,161.9,166.4,165.5,152.3,955.1,791.2,713.9,684.3,670.3,661.9,654.8,635.2,550.7,517.8,502.1,493.8,487.6,480.2,607.1,536.8,507.2,489.2,478.9,471.8,462.7,591.4,527.9,498.3,474.9,458.2,447.5,432.9,595.1,522.8,498.0,472.4,449.6,429.8,402.7,584.2,510.9,475.2,450.8,433.3,417.1,388.4,599.0,517.0,477.2,443.6,414.8,393.6,359.8,664.6,548.5,498.9,460.9,424.7,387.1,319.1,785.6,625.0,539.2,495.9,460.5,426.8,356.4,907.1,721.7,617.5,556.2,514.7,480.6,411.0,0.9036,1.1303,1.2749,0.7111,0.9378,1.0673,0.0,0.0000,2026,1.0445,574.4,03020004TS6,9.211,3361,19.2,34.0,21.9,89.5,0.0,664.0,530.8,470.6,843.8,639.8,562.2,575.9,534.8,1.0419,1.1219,484.4,416.2,398.6,35.6,146.7,660.8,478.4,459.3,425.5,386.7,355.5,331.7,273.2,266.8,308.0,1329.5,1009.6,1328.0,44.7,139.9,1344.7,865.3,810.7,775.8,798.3,801.4,831.1,942.4,1138.3,1314.4
AUS,6011,6011,SP3,Wicked,Soverel 33 (Modifi,Unknown,Mark Soverel / Kim,1984,6153 Applecross Australia,,,,ORC,CLUB,C,557,04 08 2026 03:43:34,9.726,8.808,1.810,3.35,3280.,0.0,0.10,635.9,0.8694,690.2,1.0567,567.8,1024.9,827.2,719.0,658.6,626.7,606.3,576.7,0.0,0.0,0.0,0.0,0.0,0.0,0.0,791.4,654.6,586.6,549.6,527.6,510.0,481.3,0.0,0.0,0.0,0.0,0.0,0.0,0.0,1021.4,779.3,654.0,584.1,547.2,515.4,460.3,43.0,40.9,38.9,37.1,36.4,36.5,36.6,145.3,150.1,153.8,161.0,168.2,172.7,166.7,1060.0,873.3,774.6,728.3,711.4,702.6,696.1,698.2,593.2,547.0,526.5,517.7,512.8,507.1,664.0,573.2,534.7,515.5,505.2,499.9,492.8,644.8,561.6,525.3,504.5,489.9,479.4,467.1,639.1,547.1,511.5,494.3,482.7,467.4,440.2,635.5,540.9,501.8,475.0,450.3,428.6,400.7,654.2,552.7,508.5,478.8,450.5,419.7,373.4,725.9,593.0,530.1,495.3,465.6,434.8,368.3,857.2,676.6,577.4,524.9,493.4,465.5,403.4,989.8,781.1,663.4,588.9,542.0,510.0,457.4,0.8299,1.0616,1.1913,0.6479,0.8761,0.9995,0.0,0.0000,2026,0.9745,615.7,03020004W1N,8.608,4037,21.3,33.6,24.7,81.7,69.3,723.0,565.2,503.7,926.1,684.9,600.3,615.5,573.5,0.9749,1.0462,543.8,456.1,434.5,37.5,145.4,701.6,505.5,489.5,459.1,424.1,383.1,340.5,301.7,334.4,386.1,1469.5,1112.3,1466.1,45.8,140.9,1503.0,958.5,891.8,850.0,876.0,874.4,907.0,1035.7,1243.5,1435.9
AUS,6116,6116,SP3601,Tapestry,Sun fast 3600,Jeanneau,Andrieu,2013,COMO,,,,ORC,INTL,C,671,22 06 2026 04:48:27,10.800,10.143,2.190,3.56,5131.,0.0,0.18,603.0,0.9077,661.0,1.1214,535.1,1003.2,804.2,695.2,628.6,593.2,570.7,542.2,0.0,0.0,0.0,0.0,0.0,0.0,0.0,768.0,628.5,557.4,515.4,490.4,472.9,447.0,0.0,0.0,0.0,0.0,0.0,0.0,0.0,998.7,755.1,627.2,550.1,509.1,477.0,425.9,44.1,41.4,39.8,38.4,37.5,37.8,38.0,142.6,146.9,148.5,157.7,164.6,169.1,168.4,1048.5,853.0,751.1,694.5,671.7,659.7,652.6,682.4,572.8,519.1,490.9,476.8,470.7,464.7,646.3,550.2,504.5,479.5,464.1,456.0,448.0,624.5,534.8,490.3,468.6,450.9,435.7,421.2,606.8,516.3,476.0,450.8,431.4,419.8,401.2,604.6,506.7,464.6,434.7,410.0,393.8,363.5,619.7,515.0,470.3,439.8,412.3,385.9,345.9,695.4,559.7,494.2,460.4,432.3,405.7,347.3,829.6,654.1,553.6,495.8,463.5,437.1,387.2,957.9,755.3,639.2,562.8,514.7,481.6,431.8,0.8592,1.1267,1.2832,0.6639,0.9138,1.0608,0.0,0.0000,2026,1.0290,583.1,03020004TNQ,9.694,6051,28.1,38.4,30.0,110.5,110.9,698.3,532.5,467.6,903.8,656.6,565.6,582.4,542.0,1.0302,1.1070,520.8,425.5,404.4,39.1,155.4,659.7,464.1,445.6,413.8,386.1,338.6,313.8,281.9,332.2,381.9,1449.4,1093.4,1443.6,46.5,140.1,1507.7,956.6,887.6,844.5,833.7,853.6,881.0,1002.2,1204.8,1391.1
AUS,7228,7228,ST36,Midnight Rambler,Sydney 36,,MDB,1995,TAS 7050,,,,ORC,CLUB,C,700,31 08 2026 03:02:43,10.970,10.347,2.370,3.41,5544.,0.0,0.19,602.4,0.9202,652.0,1.1185,536.4,983.5,789.8,682.6,621.0,587.7,566.4,537.8,0.0,0.0,0.0,0.0,0.0,0.0,0.0,758.7,622.5,554.6,517.6,495.8,480.3,456.6,0.0,0.0,0.0,0.0,0.0,0.0,0.0,980.4,743.6,619.7,550.0,513.5,485.1,440.7,43.1,40.6,38.9,37.2,36.3,36.0,36.0,141.1,148.5,151.6,157.8,166.0,171.3,174.5,1014.8,830.5,733.1,683.4,662.7,651.0,639.6,667.7,563.5,514.6,491.9,481.1,475.3,468.6,634.6,542.7,502.2,481.5,469.8,463.3,455.7,615.3,529.6,493.2,472.6,457.6,446.7,434.8,619.9,523.2,487.2,472.0,454.9,439.8,417.8,607.0,510.8,473.3,450.9,435.3,424.3,405.6,623.3,519.6,477.3,450.8,428.6,409.9,384.9,694.8,561.3,497.5,465.5,439.8,415.9,366.1,824.6,648.8,547.9,493.9,464.7,440.7,393.8,952.2,749.2,632.0,558.6,512.7,481.8,436.0,0.8688,1.1252,1.2624,0.6767,0.9270,1.0695,0.0,0.0000,2026,1.0307,582.1,03020004WTW,9.948,6505,27.9,41.0,28.9,108.3,0.0,690.6,533.2,475.3,886.7,647.2,561.0,580.1,543.6,1.0343,1.1037,514.4,436.8,421.6,36.4,155.4,638.7,466.0,452.2,428.3,404.6,391.3,363.3,314.7,338.9,390.2,1423.7,1078.6,1420.6,45.6,140.5,1455.3,929.7,866.4,826.6,855.0,849.0,877.3,1001.1,1205.7,1392.2
AUS,4023,4023,SYC888,LIQUID EMOTION,Corby 36 Custom,,Corby,1995,Gold Coast 4216  QLD,,,,ORC,CLUB,C,632,22 06 2026 00:03:52,10.850,9.908,2.276,3.15,4911.,0.0,0.00,582.0,0.9437,635.8,1.1499,521.8,924.3,748.4,659.2,611.7,582.4,562.5,533.2,0.0,0.0,0.0,0.0,0.0,0.0,0.0,713.4,593.0,537.5,507.4,487.6,472.2,446.8,0.0,0.0,0.0,0.0,0.0,0.0,0.0,923.1,706.2,599.6,539.9,505.3,476.2,429.0,42.5,40.3,38.4,37.4,36.9,36.6,36.5,142.1,146.0,152.5,159.0,166.4,170.0,164.2,935.9,774.2,704.3,676.5,661.3,651.6,643.3,619.2,530.8,497.9,484.5,477.6,472.9,467.7,590.2,515.5,486.5,472.6,465.2,459.9,453.7,572.1,506.3,478.2,460.9,448.7,440.7,430.1,583.5,507.2,477.8,458.3,441.5,427.9,408.3,580.4,495.4,460.8,436.7,421.4,408.6,387.1,594.6,501.5,464.3,436.8,412.0,390.1,359.9,662.2,538.6,485.0,454.3,426.6,398.4,336.9,790.3,625.8,533.3,484.9,455.6,428.9,373.3,912.6,722.6,614.1,546.9,503.4,473.5,423.0,0.9186,1.1547,1.2861,0.7174,0.9500,1.0782,0.0,0.0000,2026,1.0608,565.6,03020004TN1,9.827,5790,25.9,41.0,35.5,111.9,107.5,653.2,519.6,466.5,836.4,631.6,556.5,563.6,527.3,1.0646,1.1379,505.9,427.1,408.4,37.8,148.0,655.9,469.5,453.2,425.0,396.0,373.6,335.7,283.9,308.3,356.0,1327.4,1003.9,1327.5,45.2,138.9,1326.5,847.8,790.5,754.2,778.6,808.8,837.5,949.2,1150.4,1328.3
AUS,3005,3005,SYD5,Margaret Rintoul V,Frers 61 Custom,Boatspeed,German Frerer,1996,"VIC, 3186",,,,ORC,INTL,C,850,17 07 2026 05:45:44,18.520,15.879,3.011,5.07,19496.,138.0,0.12,497.3,1.0928,549.0,1.3572,442.1,824.1,661.6,573.5,523.7,496.4,478.9,454.2,0.0,0.0,0.0,0.0,0.0,0.0,0.0,630.7,515.5,457.2,425.9,407.8,394.9,374.7,0.0,0.0,0.0,0.0,0.0,0.0,0.0,821.5,621.2,516.0,454.9,423.0,398.6,360.4,43.9,41.8,40.2,38.9,38.0,37.5,37.5,141.1,144.2,147.3,151.4,153.4,156.5,159.1,849.8,691.2,611.3,571.8,552.6,541.0,527.8,551.9,461.2,418.6,399.5,390.4,385.0,378.3,520.0,441.3,405.3,388.7,379.7,374.4,367.2,497.4,428.2,396.4,379.8,368.9,360.9,350.6,497.9,421.8,388.9,372.2,361.0,353.2,337.9,510.1,422.7,384.4,364.1,350.2,339.0,314.6,522.3,428.3,386.8,364.5,346.5,330.6,308.1,577.3,464.2,407.4,378.5,358.1,339.3,300.8,691.4,547.3,464.0,412.5,383.9,364.9,331.5,798.4,631.9,535.7,475.6,440.2,416.8,380.5,1.0470,1.3659,1.5363,0.8077,1.1010,1.2658,0.0,0.0000,2026,1.2438,482.4,03020004VCH,14.761,21056,59.6,98.9,84.3,0.0,270.6,573.1,439.3,390.5,742.9,545.0,474.0,477.6,450.3,1.2563,1.3324,431.3,356.4,341.6,37.7,145.6,523.6,375.1,363.3,343.8,326.0,295.5,280.0,261.0,293.5,339.0,1193.0,895.4,1190.3,46.7,138.3,1219.6,770.2,707.4,661.4,674.9,706.0,740.7,832.6,1010.0,1166.3
AUS,210039,210039,SYD8,GRACE OF SYDNEY,SWAN 48 CR 2.40,,,1995,,,,,ORC,CLUB,C,1016,15 06 2026 06:04:56,14.835,13.237,2.418,4.30,15748.,0.0,0.31,560.6,0.9731,616.6,1.2027,498.9,924.9,743.8,644.6,587.9,557.1,536.6,511.6,0.0,0.0,0.0,0.0,0.0,0.0,0.0,708.6,581.0,515.1,480.1,460.7,447.0,429.0,0.0,0.0,0.0,0.0,0.0,0.0,0.0,922.6,699.1,580.8,512.3,478.0,452.0,412.9,43.8,41.5,40.2,39.2,38.4,37.7,37.3,141.8,146.0,148.5,150.9,154.0,159.2,165.5,947.2,774.5,685.4,638.9,616.1,602.9,590.7,615.0,517.8,469.9,448.2,437.4,431.8,426.1,581.0,495.6,455.9,437.6,427.4,421.3,415.4,558.1,481.0,446.4,429.0,418.0,410.2,400.6,568.1,485.8,443.7,424.7,414.7,405.0,390.0,572.5,474.0,432.6,412.5,398.3,386.7,372.3,586.4,482.6,437.1,414.9,398.8,384.4,359.1,654.3,528.4,461.6,429.4,410.2,394.1,363.0,781.6,617.5,522.9,465.3,434.9,416.8,389.2,902.6,713.0,603.8,536.8,498.1,470.2,432.5,0.9305,1.2114,1.3523,0.7191,0.9802,1.1271,0.0,0.0000,2026,1.1030,543.9,03020004T54,12.080,17273,46.7,62.7,69.6,0.0,173.6,644.8,495.3,443.7,834.4,612.1,532.3,537.6,510.2,1.1161,1.1760,496.9,416.6,400.6,37.3,176.8,588.1,423.7,412.5,395.3,379.1,360.6,344.2,333.8,362.0,405.7,1341.6,1006.0,1340.0,47.5,138.3,1357.1,855.0,785.6,737.8,758.7,803.4,830.3,945.6,1148.4,1326.1
AUS,7224,7224,TAS100,FORK IN THE ROAD,Bakewell-White 45,,,2008,,,,,ORC,CLUB,C,919,02 07 2026 01:41:04,13.790,12.588,2.940,3.74,6488.,0.0,0.01,499.5,1.0826,554.2,1.3381,448.4,787.9,643.5,575.3,537.7,513.3,491.1,446.9,0.0,0.0,0.0,0.0,0.0,0.0,0.0,606.7,509.0,465.3,438.3,419.1,401.9,372.4,0.0,0.0,0.0,0.0,0.0,0.0,0.0,786.8,606.7,521.0,468.4,436.0,405.9,354.1,42.4,40.1,38.2,37.5,37.0,36.6,36.5,141.4,144.3,149.6,153.2,151.4,148.5,145.4,799.4,669.2,619.8,596.2,582.1,572.4,563.2,528.4,457.9,435.0,424.2,417.1,411.7,404.4,502.2,442.7,421.8,410.9,403.0,397.0,388.5,485.0,433.2,408.9,392.9,382.8,374.8,363.1,484.3,429.1,407.7,385.3,368.4,355.9,337.5,493.5,429.0,396.3,370.8,351.5,336.2,313.4,512.2,432.0,394.5,366.4,345.8,322.0,286.1,563.0,457.6,412.8,378.4,345.7,313.5,266.6,672.4,535.0,459.6,417.3,385.5,354.9,286.2,776.4,617.8,530.7,479.1,444.6,409.8,330.5,1.0755,1.3382,1.5184,0.8383,1.0851,1.2498,0.0,0.0000,2026,1.2311,487.4,03020004UKJ,12.567,7810,35.6,72.0,50.5,0.0,189.0,557.9,448.4,395.2,715.7,552.9,480.1,487.3,449.6,1.2313,1.3346,416.6,352.4,333.4,37.5,147.3,570.5,404.0,385.9,357.3,324.6,288.6,263.8,232.4,227.5,262.7,1123.8,848.3,1123.7,45.2,139.4,1124.1,720.2,669.3,633.3,648.3,672.1,717.5,807.0,973.0,1123.5
AUS,210018,210018,USA94622,Black Sparrow,Carkeek 46,Davie Norris,Carkeek Design Ptr,2022,NSW 2107,,,,ORC,INTL,R,1130,02 07 2026 01:30:03,14.030,13.783,3.397,4.33,6660.,135.7,0.00,476.5,1.1341,529.1,1.4092,425.8,764.7,621.4,552.1,513.6,485.9,460.6,419.4,0.0,0.0,0.0,0.0,0.0,0.0,0.0,588.9,490.2,444.1,415.5,394.2,376.1,347.2,0.0,0.0,0.0,0.0,0.0,0.0,0.0,763.2,585.5,498.6,445.0,410.1,379.1,330.2,42.5,40.4,38.8,37.9,37.7,37.4,37.1,141.2,141.5,147.3,152.2,148.9,146.8,147.0,780.5,651.9,599.6,575.1,560.8,551.5,541.4,514.5,442.2,416.1,404.1,396.2,390.3,382.2,487.4,425.6,401.8,389.1,379.6,372.7,363.3,467.8,414.3,387.3,367.9,355.8,346.5,333.4,475.0,417.0,386.5,360.3,340.3,325.7,305.7,481.8,411.5,379.0,355.2,336.6,322.0,285.0,491.2,412.1,371.3,342.9,321.2,301.9,274.3,542.3,432.9,387.1,348.4,313.5,283.3,244.2,648.7,511.8,437.1,392.2,355.8,320.1,257.6,749.0,591.0,504.7,452.1,410.9,369.6,297.4,1.1120,1.4086,1.6225,0.8657,1.1353,1.3291,0.0,0.0000,2026,1.2941,463.6,03020004UKI,13.634,8284,39.1,79.4,53.8,0.0,239.2,539.6,426.0,369.8,693.1,528.5,451.4,465.8,423.4,1.2882,1.4169,392.7,328.6,310.6,38.2,148.9,548.9,382.0,360.6,326.6,292.8,257.5,251.6,213.6,204.8,236.5,1095.3,828.9,1094.7,45.2,139.5,1101.0,705.1,654.3,619.0,635.2,674.0,699.2,782.9,943.5,1089.5
AUS,7043,7273,YC384,AEOLUS,MC 38,McConaghy,Harry Dunning,2011,,,,,ORC,CLUB,R,650,10 08 2026 07:23:06,11.275,10.988,2.797,3.50,3322.,0.0,0.00,502.2,1.0702,560.6,1.3282,451.7,778.6,649.3,588.4,548.8,517.6,489.8,439.1,0.0,0.0,0.0,0.0,0.0,0.0,0.0,602.5,514.6,472.1,443.4,420.5,401.2,370.2,0.0,0.0,0.0,0.0,0.0,0.0,0.0,778.0,612.2,530.4,475.2,438.1,405.6,352.1,42.0,39.2,38.0,37.6,37.0,36.7,36.9,141.5,145.3,150.1,150.5,148.3,145.3,146.7,784.4,682.6,642.9,619.5,604.7,595.5,590.5,520.5,469.2,450.5,438.3,429.1,422.5,416.4,496.3,451.7,433.9,420.4,410.6,403.6,396.6,482.1,433.4,411.0,395.5,384.4,376.2,366.4,488.5,436.2,397.9,377.9,363.2,351.9,335.5,501.7,435.3,404.1,379.8,357.0,331.6,301.3,511.7,434.3,391.0,364.6,342.6,323.6,292.4,560.5,459.8,408.7,361.8,322.6,298.2,259.6,669.3,533.4,462.5,414.3,372.8,332.6,249.1,772.8,615.9,534.0,478.2,430.4,384.1,287.6,1.0743,1.3240,1.5212,0.8404,1.0665,1.2559,0.0,0.0000,2026,1.2193,492.1,03020004W7K,11.304,4261,28.5,59.1,39.1,0.0,167.7,558.5,453.2,394.4,713.9,562.6,477.7,496.3,446.5,1.2090,1.3439,411.8,352.5,332.8,37.6,151.7,597.4,418.3,397.0,361.5,323.8,282.4,266.5,225.3,198.4,226.1,1108.6,838.3,1109.8,45.0,139.5,1097.0,703.7,654.2,618.3,630.9,694.5,719.9,805.4,970.1,1120.2
