NAT,CERTN.,FILE_ID,SAILNUMB,NAME,TYPE,BUILDER,DESIGNER,YEAR,CLUB,OWNER,ADRS1,ADRS2,C_Type,Family,D,CREW,DD_MM_yyYY HH:MM:SS,LOA,IMSL,DRAFT,BMAX,DSPL,INDEX,DA,GPH,TMF,ILCGA,APHTOT,APHTOD,WL6,WL8,WL10,WL12,WL14,WL16,WL20,OL6,OL8,OL10,OL12,OL14,OL16,OL20,CR6,CR8,CR10,CR12,CR14,CR16,CR20,NSP6,NSP8,NSP10,NSP12,NSP14,NSP16,NSP20,OC6,OC8,OC10,OC12,OC14,OC16,OC20,UA6,UA8,UA10,UA12,UA14,UA16,UA20,DA6,DA8,DA10,DA12,DA14,DA16,DA20,UP6,UP8,UP10,UP12,UP14,UP16,UP20,R526,R528,R5210,R5212,R5214,R5216,R5220,R606,R608,R6010,R6012,R6014,R6016,R6020,R756,R758,R7510,R7512,R7514,R7516,R7520,R906,R908,R9010,R9012,R9014,R9016,R9020,R1106,R1108,R11010,R11012,R11014,R11016,R11020,R1206,R1208,R12010,R12012,R12014,R12016,R12020,R1356,R1358,R13510,R13512,R13514,R13516,R13520,R1506,R1508,R15010,R15012,R15014,R15016,R15020,D6,D8,D10,D12,D14,D16,D20,OTNLOW,OTNMED,OTNHIG,ITNLOW,ITNMED,ITNHIG,DH_TOD,DH_TOT,VPPYEAR,TMF-OF,OSN,ReferenceNo,CDL,DSPS,WSS,MAIN,GENOA,SYM,ASYM,OTDLOW,OTDMED,OTDHIG,ITDLOW,ITDMED,ITDHIG,PREUPD,PREDND,PREUPT,PREDNT,WL24,CR24,OC24,UA24,DA24,UP24,R5224,R6024,R7524,R9024,R11024,R12024,R13524,R15024,D24,WL4,CR4,OC4,UA4,DA4,UP4,R524,R604,R754,R904,R1104,R1204,R1354,R1504,D4
FRA,26349a,BEL141_26349a,BEL-141,TAZZ,FIRST CLASS 8,BENETEAU SA,FINOT Jean-Marie,1982,BELGIQUE,,,,ORC,CLUB,S,374,11 06 2026 14:21:00,7.785,6.950,1.820,2.50,1380.,0.0,0.02,686.8,0.7994,750.5,0.9753,615.2,1092.7,885.4,776.3,719.4,688.2,668.2,637.1,0.0,0.0,0.0,0.0,0.0,0.0,0.0,843.9,703.8,634.5,597.7,573.8,554.8,523.6,0.0,0.0,0.0,0.0,0.0,0.0,0.0,1092.9,836.0,707.0,636.2,595.3,558.6,495.9,42.1,39.7,37.9,37.4,37.5,37.7,38.6,146.0,151.4,156.4,164.8,174.1,177.2,163.3,1090.5,912.4,826.9,799.2,789.9,786.0,789.5,728.3,631.2,589.7,573.0,566.2,562.0,558.2,698.1,613.3,576.9,557.6,548.8,543.2,536.8,681.2,601.8,566.0,540.6,523.8,514.8,502.6,683.8,592.7,553.9,534.4,511.8,491.7,466.6,686.1,589.2,544.9,510.4,482.6,462.2,428.1,710.9,603.3,553.7,515.2,479.5,443.1,393.4,793.7,652.8,582.1,541.2,503.5,464.1,381.2,948.2,744.3,634.0,574.6,537.2,502.1,425.5,1094.9,858.5,725.7,639.5,586.4,550.3,484.7,0.7754,0.9791,1.0952,0.6066,0.8060,0.9070,0.0,0.0000,2026,0.8999,666.8,04330004SV5,6.966,1887,13.5,22.4,14.7,41.4,0.0,773.8,612.8,547.8,989.1,744.4,661.5,666.9,622.7,0.8997,0.9636,590.8,491.3,464.8,40.1,143.0,804.0,558.2,535.3,497.7,451.4,403.5,359.3,292.0,327.0,377.6,1556.1,1176.6,1559.2,44.9,137.4,1525.7,985.1,926.2,890.1,915.1,941.0,981.6,1132.1,1374.0,1586.6
FRA,26085a,BEL294_26085a,BEL-294,MANUTEA,MOODY 45 DS,HANSE YACHTS,DIXON Bill,2010,83120 - SAINTE MAXIME,,,,ORC,CLUB,C,978,16 03 2026 22:01:33,13.720,12.899,1.967,4.57,13597.,0.0,0.39,600.3,0.8812,680.9,1.1275,532.2,1040.7,825.7,712.0,652.6,611.7,583.7,547.2,0.0,0.0,0.0,0.0,0.0,0.0,0.0,771.1,626.5,551.5,512.8,487.4,469.6,447.8,0.0,0.0,0.0,0.0,0.0,0.0,0.0,1038.2,769.9,632.0,553.5,507.8,474.0,423.9,48.5,46.7,45.1,44.2,41.9,41.7,41.8,144.2,147.0,147.6,147.5,148.1,174.1,177.7,1065.3,865.0,762.6,719.9,683.7,662.6,653.3,664.3,547.7,491.3,469.9,460.4,448.4,440.7,603.7,508.4,463.7,446.0,438.3,433.4,424.5,554.9,478.2,442.7,425.0,416.0,410.7,404.6,548.3,471.9,436.3,416.7,403.0,392.9,382.1,585.1,493.2,448.2,424.7,408.3,392.9,366.8,630.3,526.1,468.7,433.8,412.8,395.5,364.0,743.0,589.2,504.9,455.7,427.7,408.2,374.7,879.9,681.0,572.8,506.9,467.5,441.9,409.4,1016.1,786.3,661.4,585.3,539.8,504.8,441.1,0.8586,1.1346,1.2879,0.6430,0.8868,1.0398,0.0,0.0000,2026,1.0209,587.7,04330004HTO,10.751,14945,46.8,54.9,40.6,0.0,0.0,698.8,528.8,465.9,933.1,676.6,577.0,577.6,546.1,1.0388,1.0987,537.1,437.3,410.3,43.0,178.6,665.7,441.9,423.3,398.8,376.0,347.9,334.3,342.7,382.8,408.6,1530.4,1105.1,1529.7,51.3,141.0,1537.6,946.7,834.1,738.7,725.1,796.4,877.7,1097.0,1319.2,1523.2
FRA,26322a,BEL4711_26322a,BEL-4711,CAMINATA,HUSTLER 36 Mod,VERLVALE,JONES Stephen,1977,9200 - SINT-GILLIS-BIJ-DENDERMONDE (BEL),,,,ORC,CLUB,C,491,29 06 2026 16:40:10,10.967,8.430,1.941,3.75,4588.,0.0,0.16,663.5,0.8219,730.1,1.0156,590.8,1083.3,877.5,764.8,699.9,659.1,632.5,602.8,0.0,0.0,0.0,0.0,0.0,0.0,0.0,834.2,687.8,612.7,570.8,544.1,525.8,502.4,0.0,0.0,0.0,0.0,0.0,0.0,0.0,1082.4,825.6,689.8,609.9,565.2,531.2,479.3,43.4,41.7,40.1,39.1,39.1,39.0,39.2,144.2,148.3,149.4,159.9,172.7,178.1,178.6,1092.8,907.5,812.1,765.5,745.7,734.5,728.6,718.1,610.4,561.3,536.7,524.1,517.9,511.7,682.3,587.6,545.2,522.9,509.9,502.3,494.1,661.0,573.1,532.9,510.0,493.9,481.4,465.9,674.7,569.6,520.7,493.3,472.7,458.9,444.9,677.7,564.8,515.4,484.6,457.6,439.6,411.3,702.5,580.9,524.9,492.1,462.8,441.3,407.2,786.6,636.2,556.9,515.0,485.3,457.0,417.4,930.1,733.9,621.4,556.7,519.2,491.7,444.2,1073.9,847.4,717.5,634.3,572.4,530.4,476.9,0.7884,1.0207,1.1502,0.6120,0.8263,0.9554,0.0,0.0000,2026,0.9315,644.1,04330004UCH,8.020,5274,23.7,36.0,31.6,51.0,60.4,761.0,587.8,521.6,980.4,726.1,628.0,638.4,602.6,0.9399,0.9957,586.0,487.3,461.2,40.2,179.0,736.0,510.5,490.2,457.1,433.3,394.0,375.5,379.1,408.7,436.1,1554.9,1169.8,1556.9,46.4,139.3,1534.2,975.6,908.7,868.0,893.4,936.8,976.5,1128.1,1364.5,1575.6
FRA,26337a,BEL5399_26337a,BEL-5399,SPIP,HALF TON Proto 2G,MG Yacht,HUMPHREY Rod,1983,BELGIQUE,,,,ORC,CLUB,R,412,17 06 2026 12:58:23,9.060,7.418,1.751,3.22,2605.,0.0,0.00,671.1,0.8166,734.8,0.9930,604.2,1047.7,853.1,758.3,707.9,678.1,658.4,631.4,0.0,0.0,0.0,0.0,0.0,0.0,0.0,811.0,679.2,619.6,588.2,567.9,552.5,530.5,0.0,0.0,0.0,0.0,0.0,0.0,0.0,1046.8,805.7,690.3,626.2,588.7,557.1,506.9,42.6,40.1,38.6,38.4,38.3,38.4,39.0,145.9,150.5,154.7,162.3,169.6,176.3,171.3,1056.3,887.0,822.2,800.4,789.6,783.5,785.0,700.6,610.9,578.8,566.6,560.0,555.6,552.4,669.3,592.9,563.8,551.4,544.6,539.5,534.5,651.3,580.0,550.3,534.1,523.8,515.8,504.9,664.3,582.0,546.6,525.2,508.7,495.3,475.7,663.4,569.8,532.9,508.6,489.3,475.7,455.6,684.8,580.5,535.7,505.3,478.8,458.3,433.3,761.1,622.7,557.4,521.5,488.9,460.3,410.7,899.9,709.7,605.6,551.2,518.5,488.1,435.6,1039.1,819.2,694.4,615.5,566.5,533.2,477.7,0.8053,0.9980,1.0947,0.6313,0.8226,0.9186,0.0,0.0000,2026,0.9177,653.8,04330004TCR,7.190,3173,16.7,27.3,22.8,62.4,0.0,745.1,601.2,548.1,950.4,729.4,653.2,655.1,604.6,0.9159,0.9925,621.9,517.6,491.9,41.4,147.8,816.2,557.4,536.2,501.2,465.4,444.5,413.4,353.7,370.3,427.6,1490.0,1126.9,1491.7,45.6,139.0,1472.5,943.5,883.6,847.1,871.5,912.0,945.3,1082.6,1305.5,1507.5
FRA,26313a,BEL555_26313a,BEL-555,ANDANTE IV,CLUB SWAN 42,Nautor,,2006,BELGIUM,,,,ORC,INTL,C,893,03 08 2026 09:13:41,12.960,11.838,2.735,3.91,7508.,140.0,0.00,530.9,1.0267,584.4,1.2600,476.2,843.8,685.1,603.2,561.9,539.4,522.3,487.5,0.0,0.0,0.0,0.0,0.0,0.0,0.0,649.8,541.2,490.2,463.3,445.8,431.4,404.5,0.0,0.0,0.0,0.0,0.0,0.0,0.0,841.5,645.6,547.5,492.8,462.5,436.4,388.5,42.6,40.3,38.2,36.8,36.5,36.2,36.0,141.9,145.3,149.6,153.4,155.0,153.2,145.3,866.8,714.4,645.2,617.5,602.8,593.9,584.6,573.1,489.2,456.9,443.8,437.0,432.4,426.6,545.8,474.5,446.3,432.7,425.3,420.0,413.1,528.0,465.7,438.6,421.6,409.6,401.8,391.2,514.3,452.5,427.4,412.7,402.5,389.7,370.9,525.7,452.1,420.2,400.3,381.4,364.7,338.6,538.6,455.4,420.6,394.5,372.8,357.3,318.9,596.1,484.4,438.7,409.3,382.2,354.7,299.1,710.9,567.9,486.0,441.8,415.3,391.3,338.0,820.9,655.7,561.2,506.4,476.0,450.7,390.3,1.0076,1.2648,1.4119,0.7849,1.0339,1.1684,0.0,0.0000,2026,1.1607,516.9,04330004W02,11.767,8768,34.8,61.7,47.3,0.0,184.6,595.5,474.4,425.0,764.4,580.3,513.5,514.6,480.5,1.1659,1.2486,451.3,382.2,364.0,36.9,144.3,589.7,425.2,410.6,385.5,358.5,322.9,289.3,262.3,271.1,313.0,1203.9,908.8,1201.8,45.3,139.1,1224.7,783.6,729.0,692.6,688.7,713.1,757.6,847.5,1024.5,1183.0
FRA,26193a,BEL8990_26193a,BEL-8990,X-BIE,XP 33 crois,X-Yachts,N. Jeppesen,2013,83150 - BANDOLE,,,,ORC,CLUB,R,591,16 04 2026 20:16:58,9.990,9.286,1.921,3.22,4353.,0.0,0.00,623.3,0.8827,679.7,1.0800,555.6,1015.0,816.1,708.0,648.7,616.0,595.3,569.2,0.0,0.0,0.0,0.0,0.0,0.0,0.0,782.3,643.1,573.4,536.6,514.3,498.4,475.3,0.0,0.0,0.0,0.0,0.0,0.0,0.0,1012.9,768.6,641.8,571.6,533.7,503.0,453.8,43.5,41.4,39.7,38.5,38.5,38.5,38.8,145.1,149.6,152.4,159.1,166.8,172.7,173.2,1036.4,852.2,758.4,718.0,702.3,693.9,690.4,679.3,575.4,527.6,506.6,497.9,493.0,488.7,645.4,554.8,514.6,494.5,484.0,478.5,472.2,625.4,542.2,505.6,483.9,468.1,457.2,445.8,638.3,541.2,500.3,483.0,464.1,447.8,424.7,631.9,530.4,489.1,462.3,441.7,429.2,408.6,651.3,542.6,495.0,465.4,440.1,417.1,385.3,725.7,587.5,518.6,483.1,455.1,428.8,375.9,860.6,675.6,570.8,513.2,481.3,455.4,406.1,993.7,780.1,657.5,579.3,529.7,496.7,447.9,0.8418,1.0866,1.2153,0.6553,0.8899,1.0158,0.0,0.0000,2026,0.9939,603.7,04330004LQA,8.968,5164,23.7,35.1,29.5,88.6,0.0,712.8,552.2,493.7,915.6,674.2,590.7,601.5,563.2,0.9975,1.0653,553.3,458.3,436.8,40.4,163.1,705.0,490.3,472.8,440.7,412.0,394.4,361.6,312.6,351.1,401.7,1457.4,1100.3,1456.5,46.4,139.6,1466.9,933.0,868.1,827.6,852.0,878.5,909.2,1040.8,1254.0,1447.9
FRA,26112a,BER3200_26112a,BER-3200,SADIIQI,SUN FAST 3200,JEANNEAU SA,ANDRIEU Daniel,2007,06740 - CHATEAUNEUF GRASSE,,,,ORC,CLUB,C,567,06 03 2026 17:37:45,9.790,9.152,1.911,3.44,3574.,0.0,0.18,630.4,0.8626,695.6,1.0721,559.7,1047.2,837.1,723.5,661.4,630.9,610.4,583.1,0.0,0.0,0.0,0.0,0.0,0.0,0.0,803.4,654.9,580.4,539.0,514.8,497.4,470.6,0.0,0.0,0.0,0.0,0.0,0.0,0.0,1041.5,785.8,652.6,575.5,534.9,501.7,445.8,44.2,42.3,40.4,38.8,38.7,38.6,39.2,143.3,147.3,149.3,152.1,156.5,159.4,146.2,1104.0,895.6,786.6,729.8,709.0,699.5,697.8,716.8,597.8,540.9,513.0,500.1,494.5,490.0,677.1,572.7,524.9,500.1,485.2,477.7,470.7,653.8,557.3,513.6,488.6,468.7,453.9,440.0,644.0,538.6,495.6,471.2,454.7,444.0,415.5,630.0,526.4,482.1,450.0,424.1,405.7,374.8,646.5,536.5,488.7,454.6,424.5,395.2,351.5,722.7,581.9,514.3,477.6,446.0,415.8,350.5,857.6,674.3,571.9,515.2,483.5,456.7,405.7,990.3,778.6,660.4,593.1,552.8,521.4,468.4,0.8229,1.0784,1.2203,0.6369,0.8707,0.9913,0.0,0.0000,2026,0.9842,609.6,04330004H25,8.763,4349,23.4,31.0,26.4,0.0,86.5,729.1,556.4,491.7,942.1,689.1,605.3,610.2,566.3,0.9832,1.0595,544.0,443.5,417.3,40.8,138.9,713.8,493.9,471.5,434.5,400.1,351.2,312.7,274.3,324.1,374.2,1523.0,1151.4,1516.0,46.5,139.5,1593.3,1010.3,936.6,890.1,909.9,888.4,915.9,1041.7,1258.1,1452.7
FRA,26003a,DEN45_26003a,DEN-45,PARADOXE 3,X 4.6,X YACHTS,Jeppesen,2019,1260 - NYON (SUISSE),,,,ORC,CLUB,C,959,23 02 2026 20:13:32,13.490,12.754,2.362,4.27,12035.,0.0,0.23,566.5,0.9563,627.4,1.1908,503.9,937.2,752.8,653.6,598.7,569.1,549.3,524.2,0.0,0.0,0.0,0.0,0.0,0.0,0.0,717.6,586.6,520.1,485.2,465.2,451.1,431.8,0.0,0.0,0.0,0.0,0.0,0.0,0.0,932.3,706.3,587.4,519.1,483.1,455.0,411.8,44.8,42.3,40.8,40.3,39.7,39.5,39.3,142.2,146.0,149.2,151.2,154.4,159.4,163.3,985.7,802.0,710.5,665.6,645.1,633.8,623.8,636.0,532.7,480.8,456.7,446.1,440.5,434.6,598.1,507.9,463.4,442.3,431.9,426.9,420.9,572.3,490.3,451.0,430.7,418.3,410.0,400.8,579.7,484.4,443.6,427.6,413.9,401.7,384.1,566.0,470.6,429.8,407.8,391.4,381.5,365.5,580.0,478.7,433.8,409.5,389.9,372.7,349.4,645.2,522.7,458.2,425.5,403.2,383.2,345.8,769.5,609.4,516.7,461.1,430.7,410.5,376.2,888.6,703.7,596.7,531.7,493.1,464.8,424.6,0.9201,1.1993,1.3412,0.7101,0.9640,1.1013,0.0,0.0000,2026,1.0911,549.9,04330004CBK,11.410,13411,42.8,65.2,50.4,0.0,162.4,652.1,500.3,447.4,845.0,622.4,544.8,548.9,509.4,1.0931,1.1778,509.9,418.7,399.1,40.0,160.1,627.5,433.8,419.3,396.0,374.0,353.6,332.8,306.0,342.9,392.3,1357.5,1019.4,1351.4,47.8,138.5,1417.7,890.0,816.3,765.2,785.8,789.2,816.0,925.2,1123.4,1297.1
FRA,26051a,ESP10065_26051a,ESP-10065,DIALIX,DUFOUR 36 P,DUFOUR,FELCI,2011,83460 - LES ARCS SUR ARGENS,,,,ORC,CLUB,C,699,03 03 2026 09:00:15,10.970,10.279,2.207,3.62,6422.,0.0,0.24,617.7,0.8826,679.8,1.0930,548.9,1026.0,823.5,709.3,645.2,614.1,594.1,569.8,0.0,0.0,0.0,0.0,0.0,0.0,0.0,784.6,641.1,567.3,527.6,506.1,491.3,470.6,0.0,0.0,0.0,0.0,0.0,0.0,0.0,1018.8,771.6,638.8,563.0,525.1,495.8,450.4,44.2,41.9,40.4,39.3,38.6,38.3,38.4,143.0,147.3,148.0,152.3,156.6,160.8,161.3,1098.1,892.3,783.2,722.9,697.5,685.9,679.0,713.2,595.3,534.5,503.6,490.0,484.2,479.0,673.4,568.6,516.8,490.2,476.8,470.4,464.4,649.1,550.6,504.0,479.7,463.8,453.0,442.1,618.1,520.7,483.2,468.8,458.3,446.1,424.6,600.3,505.0,466.5,443.6,428.5,417.7,399.6,613.9,511.8,470.0,444.0,422.0,403.6,379.9,695.8,555.6,491.3,460.1,435.2,411.8,366.2,826.1,653.6,550.3,493.2,465.6,444.4,404.7,953.9,754.8,635.4,567.5,530.7,502.4,460.5,0.8417,1.1011,1.2315,0.6488,0.8907,1.0170,0.0,0.0000,2026,1.0028,598.3,04330004FEN,9.407,7384,29.4,40.9,28.2,0.0,123.4,712.8,544.9,487.2,924.8,673.6,590.0,600.4,550.9,0.9993,1.0892,551.0,454.1,434.8,39.2,141.8,686.3,478.9,463.3,437.4,413.1,384.9,360.6,312.6,360.0,415.7,1490.3,1122.5,1480.4,46.8,138.9,1589.1,1005.9,931.3,882.5,863.6,847.0,874.3,995.6,1205.1,1391.5
FRA,26039a,ESP2655_26039a,ESP-2655,CORTEGADA,HALF TON Proto 2G,Astafersa,Daniel ANDRIEU,1986,56260 - LARMOR PLAGE,,,,ORC,CLUB,R,389,27 02 2026 00:35:50,8.995,7.319,1.743,3.10,2398.,0.0,0.00,668.0,0.8214,730.4,0.9978,601.3,1038.0,848.7,753.0,704.5,675.1,654.7,624.4,0.0,0.0,0.0,0.0,0.0,0.0,0.0,806.1,678.2,618.2,586.1,564.0,547.4,523.6,0.0,0.0,0.0,0.0,0.0,0.0,0.0,1036.2,801.9,687.1,623.7,585.0,551.9,499.9,42.3,39.9,38.1,37.8,37.7,37.8,38.3,146.2,150.7,156.1,163.9,170.2,173.6,175.8,1056.0,888.4,817.2,793.6,783.1,776.7,776.7,703.4,614.2,579.8,565.4,558.6,553.9,550.0,672.6,596.8,565.4,550.3,542.4,536.9,531.1,654.4,584.5,552.7,533.6,519.7,509.7,496.8,663.9,581.7,549.3,525.5,504.7,487.2,466.6,657.2,570.1,532.2,503.8,481.3,467.7,450.5,678.0,580.3,535.6,501.7,472.3,451.7,424.1,752.4,620.4,559.4,521.1,484.6,455.7,399.5,883.4,700.9,603.5,552.8,517.6,483.2,428.8,1020.0,809.0,688.8,615.4,567.2,532.8,472.0,0.8085,1.0018,1.1058,0.6360,0.8272,0.9253,0.0,0.0000,2026,0.9227,650.3,04330004F6F,7.200,2933,15.8,28.0,20.3,60.4,0.0,742.1,598.9,542.6,943.4,725.3,648.4,653.0,602.3,0.9188,0.9962,607.4,506.7,482.8,40.8,147.9,807.4,555.1,533.9,492.2,457.1,434.2,404.4,334.6,352.8,407.4,1467.9,1112.6,1468.6,45.3,139.8,1460.8,939.3,881.7,846.2,868.0,894.2,927.1,1059.9,1277.3,1475.0
FRA,26374a,ESP6939_26374a,ESP-6939,PERSEUS,BAVARIA 42 MATCH,BAVARIA YACHTBAU,JAKOPIN J&J,2004,29233 - CLEDER,,,,ORC,CLUB,C,791,03 08 2026 11:24:39,12.555,11.255,2.442,3.76,7575.,0.0,0.20,595.1,0.9245,649.0,1.1373,527.6,994.8,792.8,681.3,617.0,581.3,558.4,530.9,0.0,0.0,0.0,0.0,0.0,0.0,0.0,763.3,620.7,546.7,506.8,483.9,468.4,446.8,0.0,0.0,0.0,0.0,0.0,0.0,0.0,993.1,745.6,615.0,540.5,502.1,473.0,428.3,43.6,41.2,39.6,38.3,37.7,37.4,37.8,144.2,148.7,151.2,156.5,163.5,169.3,175.4,1011.8,823.2,724.2,675.5,655.5,644.7,635.8,661.3,553.8,500.2,475.9,465.4,460.1,454.2,626.1,531.0,485.4,463.5,452.7,447.4,440.8,603.2,515.9,475.0,453.2,439.3,429.9,420.0,616.8,517.0,471.6,452.5,435.5,421.4,402.3,613.3,506.9,460.7,436.1,418.1,406.3,388.8,633.2,520.3,467.2,438.8,416.6,397.4,370.2,709.7,569.4,494.5,455.9,430.2,407.5,364.6,846.9,660.1,553.3,489.7,455.2,431.1,388.7,977.9,762.3,638.4,558.5,507.0,472.0,425.9,0.8670,1.1453,1.2927,0.6713,0.9315,1.0835,0.0,0.0000,2026,1.0437,574.9,04330004W0J,10.514,8681,33.3,49.3,38.0,114.5,0.0,692.0,523.9,464.1,893.8,644.1,553.8,570.8,538.5,1.0512,1.1142,513.1,431.1,413.1,38.5,168.2,638.9,453.1,438.9,415.0,391.3,375.3,351.8,319.6,345.5,387.4,1445.3,1088.1,1444.5,46.5,139.4,1453.0,923.6,856.7,812.0,837.2,863.3,895.6,1030.7,1244.9,1437.5
FRA,26308b,ESP7372_C_26308b,ESP-7372_C,SIRIUS,DUFOUR 40 GTE,DUFOUR YACHTS,FELCI Umberto,2002,31150 - GRATENTOUR,,,,ORC,CLUB,C,746,30 06 2026 23:12:51,12.060,10.844,2.073,3.89,7881.,0.0,0.29,619.0,0.8784,683.1,1.0927,549.1,1033.9,828.4,715.7,649.4,614.5,592.7,568.5,0.0,0.0,0.0,0.0,0.0,0.0,0.0,791.4,645.3,569.1,526.9,504.0,488.8,469.3,0.0,0.0,0.0,0.0,0.0,0.0,0.0,1028.8,777.0,642.9,563.3,523.3,493.9,447.6,44.6,42.4,40.9,39.7,39.1,38.8,38.9,142.8,147.3,148.9,150.9,154.9,160.3,165.1,1084.6,882.9,775.5,714.4,688.6,677.5,672.7,700.5,586.1,526.2,495.2,481.4,475.8,471.5,659.7,558.8,507.9,481.5,468.3,462.1,457.1,634.9,540.3,494.7,470.7,455.8,446.0,436.6,632.7,527.3,479.3,457.5,447.3,439.0,419.5,623.4,516.0,469.6,444.9,426.2,411.3,392.9,641.1,528.0,476.1,448.9,427.7,408.7,376.9,716.1,578.4,504.5,467.0,443.1,422.1,383.0,851.5,670.3,568.0,506.5,472.3,450.6,415.0,983.2,774.0,655.9,584.3,540.5,507.9,464.3,0.8353,1.1007,1.2364,0.6444,0.8854,1.0185,0.0,0.0000,2026,1.0011,599.3,04330004UHC,9.790,8921,32.2,43.8,36.7,0.0,103.3,718.3,545.1,485.3,931.1,677.7,589.1,596.8,557.6,1.0054,1.0761,556.7,457.3,434.8,39.8,162.6,682.2,471.9,456.1,432.2,409.0,379.1,358.0,344.4,381.3,431.3,1505.1,1132.0,1499.1,47.5,139.0,1564.4,985.2,908.0,856.9,882.2,873.3,903.1,1033.4,1252.1,1445.8
FRA,26373a,E7400_26373a,ESP-7400,TARANTA,BAVARIA38MATCH GTE,BAVARIA YACHTBAU,JAKOPIN J&J,2004,29233 - CLEDER,,,,ORC,CLUB,C,751,01 07 2026 23:40:58,11.360,10.753,2.366,3.69,6703.,0.0,0.22,603.3,0.9129,657.3,1.1170,537.2,988.5,791.9,686.6,628.0,593.4,570.7,543.4,0.0,0.0,0.0,0.0,0.0,0.0,0.0,760.7,623.5,554.7,518.2,496.4,481.1,459.9,0.0,0.0,0.0,0.0,0.0,0.0,0.0,989.6,746.5,621.9,551.8,514.9,486.2,441.5,42.6,40.3,38.8,37.7,37.1,36.8,36.7,144.8,148.9,152.5,157.4,164.4,170.4,176.8,977.9,805.6,720.0,682.1,665.5,655.2,646.2,645.1,548.5,504.2,485.5,477.5,472.4,467.1,614.1,529.3,491.6,474.1,465.4,460.4,454.4,594.7,517.0,482.7,463.8,451.5,443.3,433.7,608.3,521.6,483.1,462.0,446.1,433.0,415.9,629.6,521.1,475.5,450.9,431.9,418.1,400.6,651.3,535.2,482.2,454.2,431.8,412.5,382.3,730.1,584.9,510.0,471.7,446.6,424.2,381.5,865.3,673.9,567.0,504.4,470.3,446.7,405.1,999.2,778.2,653.2,574.0,521.3,486.3,440.5,0.8669,1.1242,1.2580,0.6740,0.9195,1.0598,0.0,0.0000,2026,1.0272,584.1,04330004UKE,10.169,7751,30.9,41.3,37.9,91.5,0.0,692.1,533.7,476.9,890.2,652.5,566.1,577.0,550.5,1.0399,1.0900,527.8,445.6,427.2,37.6,171.3,652.8,467.0,454.0,429.6,405.8,392.4,363.2,335.4,361.7,402.8,1434.9,1079.8,1439.4,45.8,139.5,1389.9,886.3,825.6,787.5,814.0,887.3,922.2,1064.0,1281.7,1479.9
FRA,26027a,ESP8811_26027a,ESP-8811,BEAGLE,DEHLER 36 SQ,DEHLER,JUDEL/VROLIJK,2001,06220 - VALAURIS,,,,ORC,CLUB,C,675,23 02 2026 20:59:16,10.972,10.031,1.970,3.52,6462.,0.0,0.20,620.9,0.8779,683.4,1.0817,554.7,1005.9,813.8,710.7,654.9,621.2,600.4,577.3,0.0,0.0,0.0,0.0,0.0,0.0,0.0,773.1,637.8,570.6,535.9,515.6,501.4,482.4,0.0,0.0,0.0,0.0,0.0,0.0,0.0,1001.7,764.7,641.4,572.2,535.5,506.4,459.6,44.0,41.7,40.4,39.6,39.3,39.2,39.5,143.0,147.3,149.6,158.8,165.9,173.6,177.7,1047.3,862.8,770.2,728.6,713.0,705.6,703.4,682.0,578.3,528.4,506.9,498.3,493.9,490.1,645.4,554.4,512.7,493.2,483.9,479.4,474.7,621.8,538.4,501.2,481.1,468.7,460.7,452.6,625.7,529.0,489.8,473.1,463.3,450.5,433.1,615.0,517.5,478.6,455.5,437.4,424.5,406.9,631.8,527.3,483.8,458.5,436.8,417.5,388.4,703.4,572.6,507.6,475.5,451.9,429.6,388.0,835.2,662.3,563.9,509.4,480.3,458.3,417.4,964.5,764.8,651.2,581.3,529.3,495.1,451.1,0.8505,1.0892,1.2053,0.6595,0.8845,1.0052,0.0,0.0000,2026,0.9936,603.9,04330004CBQ,9.216,7397,28.6,41.7,35.0,93.3,101.8,705.5,550.9,497.8,909.8,678.3,596.9,602.8,559.1,0.9954,1.0732,565.6,470.3,447.2,40.7,176.3,717.2,491.5,475.2,448.7,423.6,393.0,371.0,345.6,378.2,414.1,1446.8,1090.1,1442.6,46.7,138.8,1489.1,941.5,870.4,824.1,848.1,852.3,881.2,1004.3,1216.4,1404.6
FRA,26327a,F5797_26327a,FRA- 5797,EL PEPITO,IMPENSABLE,QUERE,MAURIC André,1973,79300 - BRESSUIRE,,,,ORC,CLUB,C,412,17 06 2026 13:51:05,8.730,7.138,1.730,2.87,3100.,0.0,0.23,716.3,0.7732,776.0,0.9354,641.4,1132.4,920.4,805.5,741.9,708.0,687.3,666.6,0.0,0.0,0.0,0.0,0.0,0.0,0.0,883.5,733.7,659.1,620.3,598.1,582.2,563.0,0.0,0.0,0.0,0.0,0.0,0.0,0.0,1130.0,869.0,733.8,659.1,619.9,588.4,538.9,42.6,40.8,39.2,38.2,38.0,38.2,38.9,148.0,152.0,154.8,162.3,168.7,176.8,177.2,1156.4,965.1,868.8,826.9,811.9,804.6,811.2,766.3,656.9,610.2,589.4,579.6,575.0,573.8,731.9,635.6,595.9,577.0,566.4,560.5,556.9,713.6,622.7,585.1,565.0,551.2,540.7,529.3,729.1,628.2,583.8,561.1,544.0,529.3,506.3,735.0,618.0,570.6,544.2,522.6,504.4,485.5,759.1,630.8,575.0,544.9,519.9,497.6,467.3,830.9,677.3,597.5,559.6,532.0,506.0,463.5,960.0,759.7,647.3,587.6,555.5,530.1,482.9,1108.5,875.7,742.1,656.8,604.2,569.9,522.1,0.7420,0.9417,1.0363,0.5846,0.7797,0.8763,0.0,0.0000,2026,0.8646,693.9,04330004TCU,6.830,3676,16.7,17.3,30.4,59.9,0.0,808.6,637.1,579.0,1026.3,769.5,684.7,692.7,647.1,0.8661,0.9272,655.9,553.2,526.9,40.4,177.2,831.3,576.5,556.3,522.6,493.1,475.1,453.3,433.3,446.4,480.5,1621.0,1231.9,1621.9,45.9,143.8,1612.2,1030.8,964.8,926.4,955.5,1014.2,1050.9,1186.5,1411.5,1629.8
FRA,26323a,F6179_26323a,FRA- 6179,MAEVA,SUPER ARLEQUIN GTE,QUERE,MAURIC André,1971,35870 - LE MINIHIC SUR RANCE,,,,ORC,CLUB,C,415,05 06 2026 20:48:30,9.210,7.388,1.745,2.92,3443.,0.0,0.37,706.6,0.7828,766.5,0.9483,632.7,1121.9,912.5,798.3,733.7,697.9,675.3,645.7,0.0,0.0,0.0,0.0,0.0,0.0,0.0,870.8,724.2,651.5,612.7,589.8,572.6,548.3,0.0,0.0,0.0,0.0,0.0,0.0,0.0,1116.4,859.4,726.0,651.5,611.4,578.6,526.3,42.6,40.6,39.3,38.2,37.8,37.5,37.8,146.9,151.4,155.7,164.2,170.9,177.7,177.2,1176.5,979.4,878.5,828.5,806.9,794.5,783.4,779.7,665.2,613.3,588.4,575.6,568.7,561.1,744.0,641.2,596.7,574.2,561.6,553.7,544.7,724.1,625.4,583.6,561.2,546.2,534.9,517.9,704.9,606.7,567.5,549.8,539.2,524.7,497.8,694.8,595.5,555.6,530.8,509.1,492.0,474.6,718.2,606.9,560.1,532.2,506.9,484.2,457.6,793.6,650.6,582.4,547.7,520.5,493.1,452.2,924.3,733.2,628.1,574.7,544.2,518.7,470.3,1067.3,845.6,718.1,638.8,588.9,556.2,508.1,0.7524,0.9536,1.0568,0.5898,0.7882,0.8957,0.0,0.0000,2026,0.8756,685.3,04330004SCH,6.942,4011,17.0,24.3,18.9,63.4,0.0,797.4,629.2,567.8,1017.3,761.2,669.9,688.1,633.3,0.8720,0.9474,625.9,533.4,511.2,38.5,177.9,785.9,558.7,540.6,507.6,481.9,462.2,444.1,423.1,434.5,465.9,1609.9,1220.6,1604.9,45.5,140.1,1659.5,1063.9,995.3,955.2,960.7,948.7,983.7,1122.9,1351.2,1560.2
FRA,26207a,F8297_26207a,FRA- 8297,TOMI,PROTO MINI TON 82,PROTO SUD,FAUROUX Jacques,1982,74960 - ANNECY,,,,ORC,CLUB,R,254,16 04 2026 20:41:46,7.017,5.562,1.442,2.50,1026.,0.0,0.08,774.8,0.7059,849.9,0.8648,693.8,1222.7,1001.3,881.7,814.0,779.2,757.8,730.8,0.0,0.0,0.0,0.0,0.0,0.0,0.0,952.6,797.1,716.6,671.3,645.1,626.5,602.3,0.0,0.0,0.0,0.0,0.0,0.0,0.0,1221.0,944.8,800.7,716.5,670.6,631.7,566.5,41.9,40.4,39.3,38.9,39.2,39.7,41.1,149.6,154.8,161.0,165.5,174.5,178.1,178.6,1239.9,1050.0,957.1,916.9,909.2,908.2,921.4,830.8,718.3,666.9,642.7,634.2,629.9,627.5,796.5,695.5,647.5,623.9,612.9,607.1,600.6,777.2,679.5,631.2,603.0,582.9,570.5,556.3,774.8,663.5,613.3,585.5,564.9,543.5,522.1,780.5,666.6,609.6,566.6,536.4,515.3,488.9,812.2,686.2,621.7,576.7,540.4,513.2,462.2,903.5,743.8,654.6,605.5,562.6,531.3,471.0,1044.0,829.8,711.2,641.1,597.9,558.2,502.4,1205.5,952.6,806.3,711.1,649.1,607.3,540.1,0.6858,0.8692,0.9645,0.5396,0.7114,0.7968,0.0,0.0000,2026,0.7975,752.4,04330004LQE,5.434,1377,9.7,15.8,10.1,24.3,0.0,874.9,690.3,622.1,1111.9,843.4,753.0,755.3,698.7,0.7944,0.8588,727.1,587.7,548.1,44.1,176.6,964.9,635.6,601.9,550.9,511.6,469.4,424.3,384.0,437.4,489.4,1734.7,1314.0,1737.6,44.9,143.4,1705.9,1102.6,1038.8,1000.7,1024.8,1048.1,1100.5,1266.5,1527.3,1763.5
FRA,26045a,F9639_26045a,FRA- 9639,PER ABEL 3,HANSE 400E Gte,HANSE YACHTS,JUDEL Friedrich,2005,34700 - USCLAS DU BOSC,,,,ORC,CLUB,C,778,03 03 2026 08:18:56,12.027,11.114,1.967,4.04,8528.,0.0,0.22,622.8,0.8762,684.8,1.0898,550.5,1058.7,839.8,719.1,649.4,611.4,588.0,562.8,0.0,0.0,0.0,0.0,0.0,0.0,0.0,808.8,653.6,571.2,526.6,502.4,486.9,467.3,0.0,0.0,0.0,0.0,0.0,0.0,0.0,1054.2,787.6,645.6,563.7,522.1,491.0,443.2,45.3,43.5,42.1,41.1,40.7,40.6,40.9,145.3,149.4,152.5,156.7,163.3,168.9,176.8,1103.5,893.0,780.5,723.9,703.8,694.5,691.1,707.1,585.9,523.2,492.2,480.7,475.3,470.6,661.8,556.7,503.2,475.8,464.2,459.3,453.9,634.5,537.4,488.8,463.2,448.2,439.4,430.8,647.0,537.1,482.3,460.4,444.2,429.9,411.6,640.4,525.6,472.1,444.8,426.0,413.3,396.7,662.9,541.3,480.0,448.7,426.6,407.4,379.3,742.7,593.0,511.5,467.5,441.0,418.9,379.0,878.0,681.2,570.9,504.0,465.6,441.1,400.4,1013.9,786.5,657.7,575.0,519.1,481.4,434.4,0.8206,1.0989,1.2411,0.6321,0.8836,1.0267,0.0,0.0000,2026,0.9975,601.5,04330004FEF,9.812,9616,35.4,52.3,41.4,115.1,0.0,731.2,546.0,483.4,949.2,679.0,584.4,600.6,557.9,0.9991,1.0754,551.9,456.5,431.4,42.2,175.9,705.7,472.5,454.6,427.2,403.0,387.4,362.3,338.8,362.1,398.1,1557.9,1166.5,1553.4,48.0,139.5,1603.3,1003.0,918.3,864.5,889.4,906.9,942.6,1084.4,1309.9,1512.6
FRA,26324a,F9731_26324a,FRA- 9731,MAADAU 2,HANSE 400 Gte,HANSE YACHTS,JUDEL Friedrich,2005,20137 - LECCI,,,,ORC,CLUB,C,785,29 05 2026 12:14:08,12.027,11.141,1.968,4.04,8503.,0.0,0.20,598.3,0.9055,662.7,1.1280,531.9,990.4,798.2,691.5,630.8,599.8,579.6,557.2,0.0,0.0,0.0,0.0,0.0,0.0,0.0,758.3,621.8,550.5,511.4,489.9,475.4,455.7,0.0,0.0,0.0,0.0,0.0,0.0,0.0,986.4,749.0,621.6,546.8,509.1,480.4,433.0,44.7,42.9,41.5,40.1,39.7,39.4,40.6,142.6,146.9,149.2,151.1,155.2,160.4,164.4,1030.1,844.8,744.4,691.2,671.3,662.6,660.6,665.0,558.4,504.9,478.2,466.5,461.7,457.9,625.1,533.0,488.3,465.3,453.4,448.0,443.0,600.2,516.9,476.9,455.3,440.5,430.0,420.3,611.5,511.2,465.7,443.7,432.0,423.7,403.0,603.1,501.7,457.3,432.2,412.0,395.6,374.6,619.3,513.2,464.3,437.2,415.1,395.1,359.3,691.5,560.9,491.9,456.3,432.3,410.6,370.3,823.4,651.0,553.0,494.5,461.9,440.4,404.0,950.7,751.7,638.5,570.4,528.3,496.7,453.8,0.8695,1.1358,1.2722,0.6709,0.9129,1.0412,0.0,0.0000,2026,1.0331,580.8,04330004RMB,10.238,9609,35.5,49.0,48.3,0.0,123.1,690.1,528.3,471.6,894.3,657.2,576.3,576.8,541.4,1.0403,1.1082,546.9,443.5,419.0,42.1,161.7,673.7,458.8,442.3,415.3,392.1,359.0,334.5,325.9,369.7,420.1,1428.3,1071.2,1424.3,47.4,138.5,1468.1,923.4,846.9,795.2,816.8,839.8,867.9,990.3,1202.4,1388.5
FRA,26372a,F9760_26372a,FRA- 9760,ORION,BAVARIA 38MATCHGTE,BAVARIA YACHTBAU,JAKOPIN J&J,2003,29233 - CLEDER,,,,ORC,CLUB,C,746,01 07 2026 23:35:36,11.360,10.724,2.360,3.69,6558.,0.0,0.31,623.0,0.8856,677.5,1.0888,551.1,1049.5,832.6,714.6,643.6,602.4,577.6,550.5,0.0,0.0,0.0,0.0,0.0,0.0,0.0,805.7,652.7,573.1,528.4,502.8,486.1,464.2,0.0,0.0,0.0,0.0,0.0,0.0,0.0,1049.6,783.8,644.9,563.3,521.8,491.7,445.3,43.7,41.3,39.7,38.3,37.5,37.1,37.2,145.3,149.2,152.5,156.6,163.3,169.1,177.2,1048.6,853.4,751.1,694.6,669.3,658.3,651.6,685.8,574.5,519.6,492.1,478.7,472.7,468.1,650.9,551.5,504.8,480.8,467.6,460.3,454.7,631.0,537.0,494.3,471.8,456.4,445.2,433.3,646.8,544.3,492.6,467.2,453.8,439.3,417.6,657.8,537.9,484.5,457.4,436.7,420.1,399.5,681.7,554.8,492.6,461.7,439.5,420.1,385.9,765.4,610.9,527.4,482.3,455.9,433.8,392.2,909.7,703.2,588.6,519.4,480.3,455.8,415.2,1050.4,811.9,678.0,592.7,535.4,496.9,449.4,0.8228,1.0963,1.2446,0.6376,0.8919,1.0460,0.0,0.0000,2026,0.9991,600.5,04330004UKD,9.984,7595,30.6,37.2,38.3,80.5,0.0,729.2,547.3,482.1,941.0,672.7,573.6,592.8,567.5,1.0122,1.0573,535.2,449.5,429.6,37.8,176.3,657.8,468.4,453.8,429.0,405.2,385.4,362.3,348.0,374.7,412.7,1543.9,1161.2,1546.9,46.4,142.4,1514.2,963.3,896.5,855.5,887.1,937.4,975.8,1123.3,1362.8,1573.6
FRA,26115a,F9766_26115a,FRA- 9766,DELOS,DEHLER 38 2013 Course,HANSE,JUDEL/VROLIJK & CO,2013,83150 - BANDOL,,,,ORC,CLUB,C,738,06 03 2026 17:54:59,11.293,10.654,2.211,3.76,7373.,0.0,0.20,601.9,0.9117,658.1,1.1214,535.0,996.8,800.0,690.2,626.1,591.3,569.6,543.5,0.0,0.0,0.0,0.0,0.0,0.0,0.0,762.7,625.6,554.2,514.8,492.6,477.4,455.8,0.0,0.0,0.0,0.0,0.0,0.0,0.0,993.7,751.4,623.0,548.9,511.1,482.9,436.2,43.7,41.5,40.0,38.8,38.2,37.9,38.5,144.7,149.4,151.6,157.7,165.1,170.9,175.8,1027.5,841.7,742.1,692.1,671.9,661.4,653.7,670.6,565.3,511.8,486.4,475.1,469.8,464.3,635.1,542.1,497.1,474.4,462.7,456.9,450.5,612.5,524.9,484.2,464.9,450.0,439.7,429.2,592.4,506.4,469.4,449.4,436.7,429.0,412.2,610.0,511.7,468.8,444.5,423.7,406.2,383.3,630.7,523.3,474.5,447.5,425.4,406.3,371.0,702.3,568.5,498.4,463.1,438.4,415.9,374.3,836.6,656.8,553.4,493.5,461.9,438.9,397.1,966.1,758.4,638.3,560.2,510.8,477.7,433.2,0.8643,1.1286,1.2683,0.6678,0.9184,1.0615,0.0,0.0000,2026,1.0291,583.0,04330004H29,9.982,8396,31.7,48.7,35.3,118.7,90.0,694.2,531.6,473.1,898.5,653.3,565.2,579.9,542.6,1.0347,1.1058,527.5,440.1,419.7,39.5,172.1,659.5,463.7,449.3,423.9,400.4,365.7,344.7,329.6,356.2,395.5,1433.6,1075.3,1430.7,46.4,139.4,1462.9,927.2,858.6,814.0,800.0,832.8,881.9,1008.0,1216.2,1404.3
FRA,26279a,F003_26279a,FRA-003,ALWENA,SUN FAST 30 OD,JEANNEAU,VPLP,2024,13008 - MARSEILLE,,,,ORC,CLUB,R,532,12 05 2026 08:52:23,8.946,8.593,1.966,3.01,2750.,0.0,0.00,612.7,0.8817,680.5,1.0942,548.4,985.3,803.9,705.7,652.8,626.3,605.3,561.8,0.0,0.0,0.0,0.0,0.0,0.0,0.0,753.6,628.4,567.8,532.3,510.9,493.5,461.1,0.0,0.0,0.0,0.0,0.0,0.0,0.0,981.6,755.1,637.5,569.0,530.0,496.7,439.3,42.9,40.2,41.2,40.1,38.5,37.9,38.2,143.8,148.0,149.5,153.7,152.8,150.3,144.6,1022.3,852.1,773.0,731.3,714.3,705.9,701.4,663.5,566.8,533.8,516.5,507.7,502.2,496.6,623.6,542.8,515.9,502.8,491.6,484.9,476.8,593.1,525.7,497.8,479.3,467.9,459.1,445.5,590.5,521.0,489.4,464.1,444.8,431.5,413.6,606.7,517.2,477.4,447.8,428.3,411.9,376.3,619.2,520.4,478.1,443.9,414.1,388.9,353.8,694.6,555.7,499.1,460.8,425.9,390.9,320.2,821.3,654.5,552.8,500.4,467.2,437.1,365.6,948.4,755.7,638.4,574.2,538.2,504.6,422.1,0.8683,1.0973,1.2353,0.6707,0.8871,1.0097,0.0,0.0000,2026,1.0043,597.4,04330004PIQ,8.466,3480,19.5,32.5,24.6,0.0,99.5,691.0,546.8,485.7,894.6,676.4,594.2,598.9,548.8,1.0018,1.0933,513.4,430.5,409.3,39.7,144.8,715.0,497.6,475.2,438.8,401.0,342.0,322.6,260.8,270.1,311.8,1400.9,1048.6,1397.4,45.6,140.2,1435.5,905.0,826.0,765.2,766.2,844.1,870.3,981.1,1183.2,1366.3
FRA,26043a,F1070_26043a,FRA-1070,FLOWER POWER²,MAT 1070,M.A.T.,NIVELY-MURATET,2018,83400 - HYERES,,,,ORC,CLUB,C,648,06 03 2026 14:18:49,10.700,9.937,2.267,3.62,4653.,0.0,0.17,590.7,0.9287,646.1,1.1391,526.7,961.5,774.5,673.0,617.3,586.5,566.2,536.8,0.0,0.0,0.0,0.0,0.0,0.0,0.0,738.2,609.6,545.4,509.6,487.6,471.4,444.5,0.0,0.0,0.0,0.0,0.0,0.0,0.0,958.5,728.8,610.1,542.9,506.3,476.1,424.2,43.0,40.3,38.6,37.4,37.1,37.0,37.1,141.2,148.5,152.1,158.2,165.9,168.7,165.8,991.5,813.6,724.2,683.9,667.3,658.2,651.4,653.4,553.7,508.4,487.8,478.4,473.1,467.9,621.3,534.1,495.7,475.8,464.4,458.3,451.5,598.9,516.3,484.6,464.7,447.9,436.0,424.3,574.9,500.3,468.1,447.3,434.5,424.7,401.0,592.6,504.1,464.6,435.6,411.2,394.7,364.1,610.9,512.1,470.0,439.9,413.4,387.0,345.4,679.2,551.2,490.8,456.6,427.0,399.1,339.7,806.7,636.9,539.5,487.2,455.9,428.2,373.5,931.5,735.5,621.9,550.7,505.6,474.2,422.2,0.8903,1.1442,1.2893,0.6912,0.9357,1.0709,0.0,0.0000,2026,1.0477,572.7,04330004H0L,9.736,5546,26.3,41.0,29.3,112.9,87.5,673.9,524.4,465.4,868.1,641.2,560.3,571.9,532.3,1.0491,1.1272,509.2,422.4,400.7,38.3,146.2,659.7,468.0,451.3,418.7,388.0,343.4,309.5,281.6,310.6,358.6,1380.6,1039.5,1377.6,45.5,140.8,1410.7,902.1,841.2,801.8,774.4,808.3,856.0,972.6,1169.7,1350.6
FRA,26061a,F1092_26061a,FRA-1092,LA BELLE JINETTE,J 109 OD,J-COMPOSITE,JOHNSTONE Rodney,2001,75014 - PARIS,,,,ORC,CLUB,R,626,26 02 2026 23:04:02,10.757,9.672,2.142,3.52,5137.,0.0,0.00,617.4,0.8868,676.6,1.0905,550.2,1006.7,810.6,702.7,644.4,615.6,596.3,571.3,0.0,0.0,0.0,0.0,0.0,0.0,0.0,775.9,636.8,567.2,530.6,510.0,495.0,472.7,0.0,0.0,0.0,0.0,0.0,0.0,0.0,1001.4,761.8,635.7,565.0,529.1,499.9,453.2,43.5,41.5,39.9,38.2,37.5,37.6,37.7,143.3,147.3,149.6,152.6,157.3,161.2,159.9,1059.7,865.6,762.4,709.7,689.3,679.6,673.7,694.4,582.8,529.1,504.7,494.0,489.1,484.2,659.2,560.2,515.4,493.7,482.2,476.5,470.4,638.8,546.7,505.9,484.2,469.6,459.5,448.8,626.9,527.9,490.7,475.1,464.6,451.1,429.4,612.2,515.1,476.7,452.8,434.2,421.4,400.1,626.8,523.1,480.8,453.5,429.8,408.7,377.6,697.4,564.9,502.7,470.6,443.8,418.5,367.2,825.9,654.4,556.8,503.9,475.9,453.3,410.3,953.7,755.7,642.9,579.2,541.8,513.1,468.9,0.8495,1.0979,1.2236,0.6603,0.8949,1.0139,0.0,0.0000,2026,1.0035,597.9,04330004F6A,9.264,6000,26.3,36.9,29.2,0.0,107.6,706.3,546.5,490.4,908.7,670.5,591.8,597.2,555.8,1.0046,1.0796,543.0,451.1,432.7,38.5,141.3,680.5,484.0,469.5,443.2,416.5,382.5,353.3,303.9,351.1,405.4,1452.2,1101.7,1445.7,46.0,139.9,1517.1,967.2,900.5,858.4,877.6,855.2,880.9,995.5,1201.3,1387.2
FRA,26304a,F11075A_26304a,FRA-11075A,JGO,J 99,J COMPOSITES,Johnstone,2019,75011 - PARIS,,,,ORC,CLUB,R,566,14 05 2026 09:35:11,9.950,9.140,2.111,3.41,4002.,0.0,0.00,620.6,0.8826,679.8,1.0835,553.8,1007.0,809.2,703.0,648.8,621.3,602.2,575.8,0.0,0.0,0.0,0.0,0.0,0.0,0.0,776.2,637.7,570.1,535.2,514.8,499.2,474.8,0.0,0.0,0.0,0.0,0.0,0.0,0.0,1002.0,761.2,637.4,569.5,534.0,504.0,454.9,43.2,41.0,39.2,37.6,37.2,37.1,37.2,143.0,147.3,150.1,153.0,158.0,161.2,157.4,1057.4,861.6,760.2,712.5,695.1,686.1,680.7,695.7,584.3,533.5,510.8,501.2,496.3,491.5,662.3,563.8,521.1,499.9,488.8,483.3,476.9,644.0,551.8,512.3,490.4,474.8,464.3,453.6,623.1,529.7,495.8,480.9,469.7,455.4,432.3,611.1,518.3,481.1,455.9,436.8,423.3,399.1,626.4,526.4,485.4,456.8,431.0,407.1,372.6,697.8,567.0,507.9,475.0,446.3,418.5,357.2,828.5,655.5,559.4,509.5,481.0,456.6,409.1,956.7,756.9,645.9,585.2,547.5,518.3,470.9,0.8487,1.0903,1.2147,0.6607,0.8910,1.0049,0.0,0.0000,2026,0.9983,601.1,04330004PSQ,8.963,4778,24.1,33.4,26.4,0.0,95.8,707.0,550.3,493.9,908.1,673.4,597.1,600.7,559.2,0.9988,1.0729,536.7,448.4,429.4,38.1,141.5,688.3,491.6,475.5,448.1,418.8,378.3,344.5,291.3,333.5,385.1,1457.5,1105.4,1451.2,45.8,139.5,1520.1,972.9,909.4,871.4,872.7,853.1,880.2,999.0,1208.0,1394.9
FRA,26219a,F111_26219a,FRA-111,LES AMIS,LONGTZE PREMIER,LONGTZE YACHTS,THOMSON Steve,2007,17690 - ANGOULINS,,,,ORC,CLUB,S,327,23 03 2026 09:45:04,6.815,6.501,1.756,2.53,653.,0.0,0.00,622.3,0.8671,691.9,1.0662,562.7,927.2,783.8,726.8,683.9,643.3,604.6,550.8,0.0,0.0,0.0,0.0,0.0,0.0,0.0,730.6,635.8,589.5,554.7,525.6,499.8,464.2,0.0,0.0,0.0,0.0,0.0,0.0,0.0,923.7,742.4,658.6,594.7,546.9,502.9,435.8,41.0,37.1,36.7,36.3,36.5,36.6,37.8,144.0,150.7,152.1,148.5,143.9,143.8,149.1,962.1,838.8,807.4,793.8,787.0,782.7,790.7,651.4,598.9,580.1,568.9,560.9,554.3,550.8,630.3,580.6,559.1,545.3,535.3,527.2,520.0,619.3,561.3,528.9,509.7,494.7,483.1,469.4,621.9,563.9,514.0,480.1,458.7,441.0,417.6,605.1,537.1,497.6,464.8,436.9,410.0,367.7,614.5,530.9,477.3,440.5,409.9,383.8,341.0,659.1,567.6,494.9,426.3,377.0,344.8,290.8,772.7,631.5,560.7,497.1,432.7,369.3,269.2,892.3,728.9,646.2,574.0,499.7,426.4,310.9,0.8782,1.0605,1.2172,0.7014,0.8616,1.0100,0.0,0.0000,2026,0.9857,608.7,04330004IMD,6.789,1060,9.7,21.2,12.7,0.0,55.8,683.2,565.8,492.9,855.4,696.4,594.1,627.9,543.8,0.9556,1.1033,532.6,449.7,416.5,39.7,153.1,817.6,560.0,525.8,464.8,402.2,342.2,303.8,253.7,221.0,247.6,1294.5,992.1,1291.3,43.8,140.8,1326.2,861.4,810.7,777.6,798.0,801.8,827.3,913.5,1093.5,1262.7
FRA,26381a,F11152_26381a,FRA-11152,ALIZEE,TP52,Cookson,J&V,2007,13008 - MARSEILLE,,,,ORC,INTL,R,1240,28 07 2026 07:22:39,15.846,15.184,3.475,4.41,7338.,146.4,0.00,437.2,1.2294,488.1,1.5427,388.9,719.8,577.2,511.5,474.0,445.2,419.1,378.0,0.0,0.0,0.0,0.0,0.0,0.0,0.0,550.3,453.5,407.9,379.4,357.4,337.8,308.0,0.0,0.0,0.0,0.0,0.0,0.0,0.0,719.8,543.7,460.2,407.0,372.1,341.2,292.2,43.6,40.8,38.9,37.6,36.9,36.3,36.0,140.4,141.1,146.1,149.6,146.4,144.7,144.7,719.9,594.0,545.5,520.8,505.9,495.3,483.2,469.3,402.2,379.5,365.7,355.5,347.2,335.7,442.2,387.2,363.8,349.0,338.2,329.7,317.5,423.9,376.0,346.3,327.5,314.9,304.4,288.7,429.9,379.7,345.7,318.6,298.9,284.9,263.1,457.0,383.6,347.6,325.1,306.0,283.0,242.6,468.3,387.1,343.4,313.1,291.9,273.4,244.0,519.6,410.1,362.2,322.7,287.1,257.4,222.7,623.3,485.3,413.5,370.0,332.9,296.8,236.2,719.7,560.4,477.5,427.2,384.4,342.8,272.7,1.1954,1.5402,1.8098,0.9252,1.2298,1.4628,0.0,0.0000,2026,1.4126,424.7,04330004VP1,15.813,9173,44.0,100.6,64.0,0.0,268.1,501.9,389.6,331.5,648.5,487.9,410.2,423.4,391.5,1.4172,1.5327,350.1,288.2,270.1,36.7,148.4,484.2,331.9,311.2,278.2,248.6,219.1,215.2,195.3,187.0,216.0,1045.7,786.4,1046.9,45.7,139.6,1033.3,658.1,607.0,567.3,578.0,653.9,676.5,761.3,916.3,1058.1
FRA,26030a,F12130_26030a,FRA-12130,PINGUIN PLAYBOY,MG 26 Mod,MG YATCHS,CASTRO Tony,1985,56470 - SAINT PHILIBERT,,,,ORC,CLUB,R,400,23 02 2026 21:38:07,7.595,6.314,1.559,3.00,1560.,0.0,0.00,699.6,0.7887,760.7,0.9506,631.2,1074.2,881.9,783.9,732.7,704.5,685.4,655.5,0.0,0.0,0.0,0.0,0.0,0.0,0.0,836.6,708.9,648.6,615.9,593.7,576.7,551.0,0.0,0.0,0.0,0.0,0.0,0.0,0.0,1072.6,834.6,718.2,653.7,615.2,582.0,526.9,41.9,39.9,37.4,36.7,36.7,36.7,37.5,147.1,151.8,158.4,165.7,174.5,177.2,176.3,1089.4,919.9,845.1,819.5,809.8,804.8,804.6,729.3,641.4,609.6,594.9,587.7,582.9,578.0,700.6,625.8,597.2,581.4,571.9,565.7,557.7,685.8,617.5,585.9,565.7,549.7,538.0,523.6,691.0,609.2,577.7,558.6,535.9,517.4,494.4,686.9,602.8,563.7,533.1,508.8,492.8,470.5,707.3,614.1,570.6,533.5,502.7,479.6,444.9,779.9,652.6,592.9,556.0,519.9,489.1,428.9,917.1,732.1,635.7,586.0,551.8,518.3,462.6,1059.0,844.0,722.6,645.9,599.2,566.1,506.3,0.7764,0.9539,1.0502,0.6135,0.7945,0.8837,0.0,0.0000,2026,0.8810,681.0,04330004CBV,6.477,2063,12.1,20.6,16.0,47.4,0.0,772.8,629.0,571.3,978.0,755.2,679.0,682.7,634.2,0.8789,0.9461,638.9,532.0,507.2,39.3,146.2,825.3,579.4,556.4,516.1,481.0,452.1,419.6,364.2,391.9,452.5,1499.8,1139.5,1501.0,45.0,139.4,1487.6,960.5,904.8,871.2,892.7,922.3,954.5,1087.3,1309.3,1511.9
FRA,26062a,F13151_26062a,FRA-13151,LADY JO,FIRST 45 S,BENETEAU SA,BRIAND Philippe,2007,83990 - SAINT TROPEZ,,,,ORC,CLUB,C,901,03 03 2026 10:03:16,13.680,12.346,2.408,4.20,11498.,0.0,0.19,572.6,0.9570,627.0,1.1816,507.8,959.7,764.7,657.7,596.7,561.8,539.3,513.6,0.0,0.0,0.0,0.0,0.0,0.0,0.0,733.4,596.9,526.0,487.7,465.9,451.4,432.0,0.0,0.0,0.0,0.0,0.0,0.0,0.0,958.5,718.8,592.8,520.7,483.6,456.0,413.8,44.4,42.2,40.6,39.3,38.7,38.4,38.9,144.2,148.1,151.4,155.5,162.1,167.8,176.3,972.0,791.2,696.6,650.9,631.9,621.7,613.4,629.3,526.6,476.2,453.6,444.0,438.9,434.2,593.0,503.7,461.6,441.7,431.8,426.9,421.8,569.0,488.9,451.9,432.3,419.8,411.3,402.7,580.0,494.1,453.1,431.5,416.5,404.4,387.1,597.0,491.0,443.7,420.2,403.5,392.2,376.4,614.5,503.2,450.1,423.1,403.4,386.5,360.8,687.7,551.0,478.3,440.2,416.6,396.8,359.3,820.5,639.3,536.5,474.5,439.7,417.6,380.1,947.4,738.2,618.9,542.5,491.8,457.0,413.7,0.9020,1.1902,1.3400,0.6959,0.9641,1.1209,0.0,0.0000,2026,1.0830,554.0,04330004FF0,11.436,12806,43.4,58.5,61.5,148.0,0.0,665.2,504.1,447.8,862.2,622.3,535.3,547.9,519.6,1.0951,1.1548,498.4,419.1,400.6,39.6,172.3,617.0,433.3,420.0,398.4,377.5,370.2,344.1,320.7,343.4,379.8,1395.8,1045.1,1396.0,47.1,138.1,1393.1,878.4,807.3,758.1,779.3,843.2,872.5,1001.1,1211.1,1398.4
FRA,26253b,F1327_26253b,FRA-1327,MARASKA,SUPER CHA Modifié,Quéré,MAURIC André,1969,75017 - PARIS,,,,ORC,CLUB,C,457,02 06 2026 22:32:12,8.840,7.819,1.599,2.72,2500.,0.0,0.18,679.0,0.8107,740.1,0.9891,606.6,1096.0,885.1,770.8,704.9,672.1,652.7,630.0,0.0,0.0,0.0,0.0,0.0,0.0,0.0,843.2,698.2,626.2,586.1,563.5,547.0,523.7,0.0,0.0,0.0,0.0,0.0,0.0,0.0,1092.5,833.1,699.7,623.8,584.5,552.2,497.5,43.7,41.6,39.7,38.2,37.9,38.6,39.7,145.9,150.7,154.3,162.3,170.0,177.2,176.3,1130.6,936.1,835.9,786.8,772.0,767.0,773.9,738.7,630.4,582.4,559.0,548.9,544.7,542.7,700.7,606.9,567.2,545.5,533.6,528.5,524.3,678.0,591.7,555.1,532.4,515.6,504.2,494.0,678.5,582.1,542.7,523.6,509.0,491.2,466.0,674.5,575.1,534.1,505.4,481.9,463.8,439.9,697.8,588.1,541.0,509.4,481.2,454.9,412.2,777.0,634.1,564.7,528.5,498.7,469.8,408.1,919.2,722.8,614.9,557.9,525.4,497.4,442.1,1061.3,834.1,705.7,622.9,572.3,538.3,486.2,0.7785,0.9948,1.1062,0.6057,0.8178,0.9245,0.0,0.0000,2026,0.9116,658.2,04330004RUJ,7.512,3119,17.6,26.4,19.2,55.6,0.0,770.7,603.1,542.4,990.6,733.7,649.0,658.2,611.3,0.9115,0.9815,618.7,507.7,480.2,42.3,163.1,804.5,546.8,526.6,490.2,454.2,420.3,384.2,336.3,379.3,432.9,1573.8,1185.3,1571.4,46.4,138.8,1597.8,1014.1,941.3,894.2,917.7,929.2,966.2,1111.0,1342.1,1549.8
FRA,26011a,F13781_26011a,FRA-13781,EQUINOX,DUFOUR 334 trophy,DUFOUR SA,FAUROUX Jacques,1997,13480 - CABRIES,,,,ORC,CLUB,C,604,16 03 2026 12:33:11,10.033,9.329,1.973,3.35,3513.,0.0,0.18,644.0,0.8538,702.7,1.0523,570.2,1084.3,861.3,738.8,665.7,628.2,605.1,575.1,0.0,0.0,0.0,0.0,0.0,0.0,0.0,830.1,672.6,592.3,547.5,522.1,504.1,478.2,0.0,0.0,0.0,0.0,0.0,0.0,0.0,1081.7,809.1,666.5,583.8,541.9,508.8,455.6,43.9,41.9,40.2,38.6,38.0,37.8,38.4,145.1,149.4,151.4,158.1,165.5,170.7,169.3,1109.5,900.8,791.7,734.4,713.6,703.5,697.9,724.2,603.2,545.2,517.9,506.3,500.6,495.1,686.0,577.8,529.0,504.8,491.8,485.3,478.1,663.9,562.3,517.2,492.8,474.9,462.4,450.2,663.5,552.3,506.6,486.9,469.9,451.7,426.6,658.0,544.1,496.5,467.0,444.4,428.4,405.5,681.8,560.1,504.2,470.6,442.2,417.9,380.0,765.3,613.2,532.3,491.7,459.9,431.0,373.8,917.2,711.7,594.5,526.0,489.9,460.5,407.2,1059.0,821.7,685.9,597.1,542.8,506.7,452.3,0.7986,1.0592,1.2027,0.6168,0.8608,1.0006,0.0,0.0000,2026,0.9656,621.4,04330004HQS,8.799,4333,22.7,30.5,23.5,72.5,0.0,751.3,566.5,498.9,972.8,697.0,599.6,619.1,579.8,0.9691,1.0349,554.0,458.8,436.4,39.5,160.6,706.4,494.9,476.4,444.2,413.6,386.2,354.8,315.8,351.3,401.6,1582.4,1192.8,1580.4,46.4,137.4,1602.6,1020.3,949.2,905.6,936.2,928.5,965.9,1113.8,1352.9,1562.2
FRA,26245a,F13903_26245a,FRA-13903,TOTORO,X 402 (en tête),X-YACHTS,JEPPESEN Nielsen,1984,29460 - DIRINON,,,,ORC,CLUB,C,626,15 04 2026 14:07:31,12.060,9.789,2.228,3.97,6250.,0.0,0.17,616.1,0.8918,672.8,1.0930,549.0,1000.7,808.9,703.2,641.9,608.9,587.7,562.0,0.0,0.0,0.0,0.0,0.0,0.0,0.0,773.4,638.1,568.1,529.3,507.3,491.3,470.1,0.0,0.0,0.0,0.0,0.0,0.0,0.0,997.2,761.4,636.5,564.2,526.8,496.7,449.1,43.6,41.2,39.8,38.5,38.5,38.3,38.7,145.6,149.8,151.8,158.5,164.2,168.7,167.8,1036.1,857.0,763.6,715.9,697.1,688.0,684.9,678.9,578.2,528.4,503.9,492.3,487.1,484.0,644.2,555.6,513.3,490.5,479.1,473.1,468.6,622.5,540.7,501.4,478.9,464.9,455.2,444.8,636.1,537.5,491.9,470.5,459.1,445.7,423.8,623.3,525.2,480.7,454.5,433.7,416.1,396.5,638.2,533.5,484.9,456.8,434.0,412.1,380.3,711.2,574.0,506.3,470.0,442.8,417.3,377.0,836.0,658.9,557.5,501.0,468.7,443.2,396.6,965.4,760.8,642.9,567.8,520.6,487.5,439.1,0.8502,1.0994,1.2312,0.6631,0.8982,1.0285,0.0,0.0000,2026,1.0056,596.6,04330004LFH,9.245,7146,29.0,34.9,43.1,128.8,101.4,705.7,545.8,487.3,904.8,668.0,583.4,596.9,553.3,1.0052,1.0844,548.4,456.9,434.2,40.1,167.5,699.0,486.2,468.3,439.4,410.8,383.6,359.8,335.8,353.7,397.9,1439.0,1088.8,1436.0,46.4,141.5,1469.3,933.3,866.3,822.9,847.8,870.5,895.9,1018.8,1220.0,1408.8
FRA,26092a,F14138_26092a,FRA-14138,OXALIDE,X 332,X-YACHTS,JEPPESEN Nielsen,1994,,,,,ORC,CLUB,C,604,08 03 2026 09:44:10,9.978,9.231,1.829,3.28,4673.,0.0,0.13,642.7,0.8551,701.7,1.0461,573.5,1045.0,840.4,730.0,669.8,636.6,616.0,591.0,0.0,0.0,0.0,0.0,0.0,0.0,0.0,803.4,661.7,590.5,553.6,532.2,517.5,496.8,0.0,0.0,0.0,0.0,0.0,0.0,0.0,1044.5,791.7,661.5,589.8,552.3,522.5,474.6,43.4,41.2,39.7,38.7,38.3,38.2,38.4,145.3,150.1,152.5,159.7,166.9,175.8,177.2,1050.3,867.9,776.5,740.4,726.4,719.8,716.8,688.0,586.3,540.3,521.7,514.6,510.7,506.6,653.2,565.0,526.5,508.7,500.7,496.2,490.6,632.4,551.5,516.6,496.4,483.4,475.9,466.5,645.7,555.4,514.7,494.4,477.1,463.1,445.5,656.0,549.1,505.7,479.8,460.0,445.6,427.0,679.1,563.1,512.1,483.2,459.3,438.3,407.1,758.4,612.9,537.1,500.1,473.6,449.5,404.1,900.5,704.2,593.3,530.8,498.0,473.3,428.4,1039.8,813.0,683.5,599.3,546.7,512.2,465.2,0.8191,1.0534,1.1687,0.6364,0.8623,0.9808,0.0,0.0000,2026,0.9623,623.5,04330004H5H,8.683,5503,24.5,34.6,33.1,79.8,0.0,732.5,569.6,513.4,942.8,695.8,611.7,619.3,582.7,0.9688,1.0297,577.4,482.9,460.6,39.6,173.9,730.1,507.4,490.5,461.7,435.0,412.3,388.8,357.2,383.4,424.6,1506.4,1132.0,1508.7,46.4,138.3,1483.5,941.9,874.3,832.1,857.4,914.2,950.5,1094.7,1324.4,1529.3
FRA,26320a,F1437_26320a,FRA-1437,FARR BRETON,MUMM 36 Mod,CARROLL MARINE,FARR Bruce,1993,75016 - PARIS,,,,ORC,CLUB,R,634,23 05 2026 18:16:27,10.910,9.829,2.244,3.59,3737.,0.0,0.05,581.1,0.9407,637.8,1.1548,519.6,933.5,752.7,658.7,613.9,584.6,564.9,530.9,0.0,0.0,0.0,0.0,0.0,0.0,0.0,720.2,594.6,535.8,504.9,483.8,467.6,439.5,0.0,0.0,0.0,0.0,0.0,0.0,0.0,930.6,709.3,598.4,537.7,501.8,471.9,420.7,42.4,40.4,38.2,37.1,36.7,36.5,36.7,142.3,146.1,149.6,158.6,165.9,167.3,144.2,961.7,786.8,704.9,675.7,662.8,655.8,650.2,635.1,537.7,499.9,485.6,478.8,474.6,469.5,604.8,521.1,488.2,472.6,464.8,459.6,453.1,587.0,511.1,479.3,458.6,444.7,436.5,425.5,588.8,503.8,477.5,455.6,435.2,419.3,398.1,575.2,490.6,454.1,429.3,412.5,397.2,370.1,588.5,496.0,455.5,424.0,397.3,376.2,343.9,658.1,532.4,478.6,442.6,409.4,375.2,311.7,784.0,622.4,530.4,481.0,450.0,421.6,356.5,905.2,718.7,612.5,552.1,506.4,474.1,411.6,0.9127,1.1597,1.3012,0.7117,0.9478,1.0770,0.0,0.0000,2026,1.0635,564.2,04330004QWP,9.799,4611,23.7,39.7,28.5,96.8,111.4,657.4,517.4,461.1,843.1,633.0,557.1,564.2,523.4,1.0634,1.1464,488.6,414.1,394.5,37.9,144.4,660.9,471.7,452.7,419.8,384.8,348.2,317.1,267.0,273.9,316.3,1340.1,1016.6,1337.3,45.5,139.0,1368.1,876.0,817.9,780.3,804.7,804.2,832.0,938.6,1136.2,1312.0
FRA,26300a,F1438_26300a,FRA-1438,BRITTANY J,J 105,TILLOTSON-PEARSON,JOHNSTONE Rodney,1991,92100 - BOULOGNE-BILLANCOURT,,,,ORC,CLUB,R,634,13 05 2026 08:41:29,10.570,9.683,1.991,3.34,3724.,0.0,0.18,611.2,0.8929,672.0,1.1033,543.8,1005.4,806.1,697.8,640.3,612.6,592.1,554.7,0.0,0.0,0.0,0.0,0.0,0.0,0.0,772.3,631.7,562.4,525.1,503.2,485.8,456.0,0.0,0.0,0.0,0.0,0.0,0.0,0.0,1000.4,757.2,631.0,559.8,522.4,489.9,435.5,43.5,41.5,39.7,38.0,37.4,37.1,37.4,142.8,146.9,148.9,152.6,155.4,153.7,144.3,1055.4,857.9,756.1,707.7,689.1,678.4,669.0,689.7,577.3,526.1,503.7,493.5,487.4,480.4,653.8,554.7,512.2,491.3,479.4,472.6,463.8,633.1,540.9,501.7,479.0,462.1,450.3,437.3,620.0,522.4,487.4,470.7,455.9,438.2,413.9,605.5,509.5,469.3,441.1,420.8,405.6,378.1,620.4,516.6,473.0,440.0,412.3,387.4,350.7,695.8,559.2,496.7,460.5,428.0,396.8,331.4,827.4,653.2,553.8,498.4,467.3,439.2,381.5,955.5,754.3,639.5,572.9,536.2,505.7,440.5,0.8547,1.1092,1.2526,0.6624,0.9004,1.0288,0.0,0.0000,2026,1.0141,591.7,04330004PO6,9.294,4594,24.6,34.7,25.9,0.0,101.7,702.0,540.9,479.0,905.8,666.4,583.2,592.7,548.5,1.0123,1.0938,508.0,426.1,406.8,38.2,142.1,672.1,478.5,460.6,430.4,399.4,354.5,321.8,267.5,297.8,343.9,1458.0,1104.1,1451.8,46.0,139.3,1519.9,968.1,900.5,858.4,874.4,854.2,881.9,999.9,1209.0,1396.1
FRA,26201a,F14485_26201a,FRA-14485,EXOCET,X 332 Sport,X-YACHTS,JEPPESEN Nielsen,1994,13680 - LANCON PROVENCE,,,,ORC,CLUB,C,593,16 04 2026 20:34:48,10.060,9.149,2.148,3.28,4177.,0.0,0.08,635.1,0.8677,691.5,1.0584,566.9,1029.3,827.3,719.2,661.1,627.4,606.4,580.2,0.0,0.0,0.0,0.0,0.0,0.0,0.0,792.8,653.5,584.2,547.9,525.9,510.7,489.0,0.0,0.0,0.0,0.0,0.0,0.0,0.0,1031.1,780.7,653.1,583.0,545.7,516.1,467.8,42.6,40.1,38.5,37.3,37.0,36.9,37.6,145.3,150.1,153.9,160.3,167.5,176.8,177.2,1010.8,837.4,751.8,719.1,706.3,700.2,697.1,670.1,573.7,531.8,515.3,508.6,504.9,501.1,639.6,555.9,520.0,503.2,495.4,491.0,486.0,621.7,544.7,511.4,491.2,477.9,470.5,461.8,635.3,549.1,510.2,489.2,471.0,456.7,439.3,655.5,548.1,504.1,476.7,455.0,438.6,418.7,680.9,563.9,511.9,481.4,456.9,435.0,398.7,765.0,618.2,541.6,502.6,474.6,449.3,400.9,907.4,707.8,597.3,534.5,499.9,473.7,426.8,1047.7,817.2,686.5,603.2,548.5,512.6,463.4,0.8297,1.0651,1.1849,0.6463,0.8748,0.9970,0.0,0.0000,2026,0.9745,615.7,04330004LQD,8.887,4989,23.4,35.3,31.1,65.1,0.0,723.2,563.3,506.4,928.4,685.9,601.8,608.7,580.8,0.9857,1.0330,565.3,474.0,452.7,39.0,173.0,709.8,501.7,486.2,457.5,429.9,408.2,377.1,346.2,378.5,420.8,1488.0,1118.2,1494.5,45.6,137.6,1422.7,911.5,852.6,816.3,841.9,914.0,954.8,1105.3,1345.2,1553.3
FRA,26179a,F14728_26179a,FRA-14728,VULCAN,AQUILA régate,JEANNEAU SA,HARLE Philippe,1973,56600 - LANESTER,,,,ORC,CLUB,C,397,02 04 2026 22:10:08,8.232,6.982,1.659,2.98,2770.,0.0,0.47,751.1,0.7364,814.8,0.8979,668.2,1222.9,985.2,854.1,775.2,732.5,708.8,687.2,0.0,0.0,0.0,0.0,0.0,0.0,0.0,949.8,778.1,690.6,642.8,616.0,598.7,577.9,0.0,0.0,0.0,0.0,0.0,0.0,0.0,1218.3,927.1,773.4,684.4,638.6,604.9,553.2,43.4,41.6,40.3,39.0,38.5,38.4,38.9,148.4,152.3,155.2,162.2,168.4,177.2,178.1,1269.5,1049.4,931.5,867.4,839.5,829.3,834.1,835.4,703.8,641.4,611.8,596.6,589.4,587.0,796.1,675.3,622.9,597.3,582.8,574.0,569.4,774.4,659.4,608.7,583.8,567.7,555.8,541.0,781.2,647.0,591.7,565.5,548.1,536.7,522.0,768.9,640.2,585.8,556.9,533.5,512.1,481.5,796.6,656.6,593.4,560.9,536.2,512.8,474.9,875.4,710.3,622.2,579.4,551.7,526.6,480.1,1018.8,799.3,677.3,609.9,574.6,549.3,502.8,1176.4,921.0,776.8,682.9,625.5,588.2,540.3,0.6945,0.9045,1.0081,0.5434,0.7423,0.8491,0.0,0.0000,2026,0.8273,725.2,04330004K74,6.455,3315,16.0,15.6,21.9,47.2,42.6,863.9,663.3,595.2,1104.2,808.3,706.6,725.1,674.1,0.8275,0.8901,677.3,566.8,538.0,40.3,177.2,856.3,589.9,569.1,535.9,506.0,467.8,450.7,446.6,463.7,498.3,1778.6,1350.5,1775.4,45.9,144.8,1810.2,1156.0,1079.7,1036.2,1071.0,1071.8,1117.6,1260.5,1512.9,1747.0
FRA,26047a,F14731_26047a,FRA-14731,GRIOTTINE,SHAMROCK MK2 mod,KL NAUTIC,BRETECHET Gilles,1991,97190 - LE GOSIER,,,,ORC,CLUB,C,519,07 04 2026 09:57:32,9.450,8.642,1.682,2.49,2351.,0.0,0.18,637.8,0.8543,702.3,1.0567,567.8,1051.5,841.6,730.5,671.3,637.4,614.3,583.0,0.0,0.0,0.0,0.0,0.0,0.0,0.0,804.1,658.3,587.6,549.2,525.2,506.3,476.3,0.0,0.0,0.0,0.0,0.0,0.0,0.0,1047.4,790.6,660.0,586.5,545.7,510.0,451.3,44.1,41.9,39.8,38.3,38.4,38.2,38.6,142.2,146.4,149.4,156.2,170.0,176.3,175.4,1092.9,889.2,787.9,744.7,728.6,719.4,714.7,709.1,595.5,546.5,525.5,516.6,510.9,505.0,669.2,571.9,531.7,511.1,500.4,493.6,485.7,645.5,556.7,520.1,496.2,478.6,467.8,454.9,640.8,543.2,505.3,486.0,470.4,451.4,426.7,631.8,533.2,490.5,458.0,433.3,415.2,384.0,650.8,542.9,497.6,461.8,429.4,398.2,353.0,732.6,589.7,524.4,487.4,453.6,418.7,342.8,874.8,687.7,582.9,526.0,491.8,460.8,397.1,1010.1,794.0,673.1,598.0,546.2,509.2,451.3,0.8206,1.0617,1.2006,0.6339,0.8611,0.9863,0.0,0.0000,2026,0.9702,618.4,04330004KE2,8.342,3053,18.0,26.3,20.6,61.1,65.0,731.2,565.1,499.8,946.5,696.8,608.3,619.2,573.2,0.9690,1.0467,544.5,448.5,424.0,40.4,140.9,729.2,506.0,484.4,449.1,412.6,357.4,321.3,270.7,311.6,359.9,1528.0,1151.3,1523.3,46.4,139.0,1574.4,997.8,923.6,875.4,902.2,890.6,922.9,1058.4,1283.1,1481.6
FRA,26035a,F14787_26035a,FRA-14787,MAJOLAN,FIRST 310 S GTE,BENETEAU SA,FINOT Jean Marie,1990,83120 - SAINTE MAXIME,,,,ORC,CLUB,C,552,23 02 2026 22:16:33,9.147,8.698,1.830,3.22,3372.,0.0,0.19,666.7,0.8266,725.8,1.0112,593.3,1092.2,874.7,757.4,691.0,655.6,634.2,608.4,0.0,0.0,0.0,0.0,0.0,0.0,0.0,842.1,689.1,612.8,571.8,548.1,531.6,508.8,0.0,0.0,0.0,0.0,0.0,0.0,0.0,1089.6,823.4,686.2,609.0,568.7,536.8,485.2,43.5,41.2,39.4,38.2,37.8,37.8,38.2,145.8,150.3,153.7,160.3,167.1,174.5,176.3,1117.9,916.9,814.4,766.1,749.3,742.0,741.9,732.6,618.8,566.5,542.5,532.3,527.7,524.4,695.9,594.7,550.9,529.0,517.3,512.0,507.1,675.6,579.5,538.9,516.2,500.1,488.9,478.8,683.5,576.1,531.3,511.2,494.0,477.1,454.7,677.7,566.1,520.6,492.3,470.2,454.2,433.7,702.3,581.0,527.2,495.5,468.9,445.8,409.5,784.0,632.2,553.9,514.8,485.3,458.2,404.0,923.5,721.2,609.0,546.3,511.9,484.4,434.2,1066.4,832.5,700.4,615.9,562.0,526.4,474.9,0.7837,1.0181,1.1381,0.6101,0.8338,0.9526,0.0,0.0000,2026,0.9309,644.5,04330004CCM,8.148,4121,21.4,28.4,24.3,66.9,0.0,765.6,589.3,527.2,983.4,719.6,629.9,643.3,601.1,0.9327,0.9982,594.2,492.6,468.7,39.6,164.0,760.0,527.1,508.6,474.8,443.5,416.9,385.3,342.6,377.0,428.4,1588.5,1198.9,1587.8,46.0,141.9,1596.0,1017.2,947.6,905.5,935.3,947.7,986.6,1133.8,1369.3,1581.1
FRA,26331a,F14828_26331a,FRA-14828,DIAOUL’X,X 342 (7/8),X-YACHTS,JEPPESEN Nielsen,1988,29200 - BREST,,,,ORC,CLUB,C,488,17 06 2026 13:57:29,10.230,8.258,1.884,3.24,4485.,0.0,0.08,652.8,0.8428,711.9,1.0273,584.0,1042.4,846.3,740.4,681.7,648.6,627.7,601.2,0.0,0.0,0.0,0.0,0.0,0.0,0.0,807.1,669.9,601.5,565.2,543.7,528.1,505.9,0.0,0.0,0.0,0.0,0.0,0.0,0.0,1040.4,797.8,672.1,601.9,564.1,534.0,483.8,42.8,40.8,39.4,38.7,38.4,38.3,38.5,146.0,150.7,154.1,161.9,168.2,176.8,176.3,1062.0,884.6,796.7,759.0,743.5,735.1,730.5,703.0,602.1,557.0,537.3,528.5,523.7,518.7,670.6,582.1,543.2,525.0,515.1,509.8,503.1,651.0,569.5,532.9,513.3,500.3,490.5,478.7,659.4,561.9,521.3,500.3,487.8,478.4,456.7,656.8,556.1,514.4,488.3,465.5,446.2,424.5,678.3,569.7,521.5,493.4,467.9,445.4,411.5,752.4,614.7,544.8,509.4,482.2,456.5,416.0,885.7,700.2,595.6,538.4,506.9,481.3,435.6,1022.7,808.1,684.0,604.5,553.6,520.2,471.9,0.8125,1.0333,1.1457,0.6354,0.8490,0.9631,0.0,0.0000,2026,0.9465,633.9,04330004TCW,8.000,5161,21.7,35.8,28.3,80.5,65.1,738.5,580.7,523.7,944.3,706.7,623.0,632.0,590.0,0.9494,1.0169,586.7,492.5,468.6,39.8,177.2,741.6,518.9,501.4,471.6,443.4,409.3,389.8,379.7,397.5,431.8,1484.4,1122.3,1484.5,45.8,139.6,1482.9,947.5,884.9,846.9,870.3,899.9,933.5,1068.2,1286.8,1485.9
FRA,26241a,F15063_26241a,FRA-15063,DEDALE,JOD 35,JEANNEAU SA,ANDRIEU Daniel,1991,76600 - LE HAVRE,,,,ORC,CLUB,R,655,16 04 2026 21:18:27,10.632,9.770,1.998,3.49,4093.,0.0,0.17,628.4,0.8710,688.9,1.0757,557.8,1049.4,835.6,720.6,656.4,619.6,596.2,565.6,0.0,0.0,0.0,0.0,0.0,0.0,0.0,801.8,653.2,577.9,537.5,512.8,495.2,469.2,0.0,0.0,0.0,0.0,0.0,0.0,0.0,1050.9,786.6,650.5,573.7,532.8,500.1,445.9,43.5,41.2,39.3,38.2,37.8,37.7,37.8,144.7,149.2,151.8,157.9,165.3,171.8,174.5,1034.3,846.3,753.4,714.9,699.0,690.5,683.0,676.4,571.5,523.8,503.8,495.6,490.6,484.3,641.5,549.8,509.4,490.1,480.8,475.1,467.2,621.5,535.6,498.7,476.5,460.9,451.3,438.9,635.2,540.2,495.4,472.5,452.6,435.4,414.6,651.7,538.3,490.1,460.2,434.9,415.8,391.5,679.4,557.0,499.3,466.5,438.2,413.0,369.3,769.5,614.7,531.5,488.9,458.6,430.5,376.2,921.9,714.5,596.4,525.6,487.4,459.0,407.5,1064.5,825.0,687.7,597.8,540.3,501.9,448.3,0.8247,1.0822,1.2249,0.6366,0.8778,1.0159,0.0,0.0000,2026,0.9860,608.5,04330004LQI,9.248,4988,24.7,39.9,27.6,66.4,0.0,727.5,554.4,489.8,942.5,683.5,590.6,601.5,572.8,0.9974,1.0475,545.3,449.9,426.5,39.4,164.9,689.7,482.8,463.9,431.7,401.6,372.2,342.8,320.2,353.8,400.9,1525.1,1142.2,1530.2,46.1,137.7,1474.0,938.4,872.8,831.4,857.9,917.2,962.3,1123.0,1365.0,1576.2
FRA,26311a,F15074_26311a,FRA-15074,KIKO,JOD  35,JEANNEAU SA,ANDRIEU Daniel,1991,29200 - BREST,,,,ORC,CLUB,R,642,15 05 2026 20:39:23,10.630,9.697,1.978,3.49,3750.,0.0,0.12,609.7,0.8839,678.8,1.1033,543.8,1003.8,806.1,704.0,649.8,620.0,598.9,568.1,0.0,0.0,0.0,0.0,0.0,0.0,0.0,762.5,627.3,562.2,526.6,504.1,487.2,460.7,0.0,0.0,0.0,0.0,0.0,0.0,0.0,1002.7,757.2,634.1,563.3,524.2,490.9,436.4,44.2,41.9,39.3,38.2,37.8,37.7,38.4,141.9,146.4,148.9,152.2,157.4,161.5,157.9,1014.7,831.4,748.7,712.6,696.6,687.8,680.4,655.1,554.2,516.2,502.0,493.7,488.2,481.7,614.1,531.1,499.2,486.2,478.4,472.1,463.7,583.5,513.7,483.4,464.3,452.9,445.3,434.3,588.8,512.4,478.3,453.4,434.2,420.6,404.9,614.9,514.2,471.3,440.0,416.1,397.8,371.1,635.8,526.4,479.2,444.8,415.2,388.2,345.5,719.1,577.9,507.7,470.7,438.3,407.9,345.0,859.9,676.3,570.9,509.9,476.4,448.2,395.6,992.9,780.9,659.2,587.0,543.4,510.0,455.7,0.8634,1.1086,1.2462,0.6630,0.8910,1.0125,0.0,0.0000,2026,1.0106,593.7,04330004Q3C,9.239,4625,24.1,42.4,24.1,0.0,77.9,694.9,541.2,481.5,905.0,673.4,592.6,589.6,554.3,1.0176,1.0825,533.7,436.0,413.0,39.6,140.6,688.7,480.5,460.6,427.2,394.3,348.5,318.0,278.4,327.9,378.6,1448.3,1078.2,1448.9,46.7,138.1,1442.4,909.2,831.7,772.9,780.6,861.6,898.2,1036.2,1259.4,1454.3
FRA,26196a,F15083_26196a,FRA-15083,MAUPITI,JOD  35 Spec,JEANNEAU SA,ANDRIEU Daniel,1991,14000 - CAEN,,,,ORC,CLUB,C,654,26 03 2026 01:00:46,10.632,9.768,1.997,3.49,4070.,0.0,0.08,619.6,0.8822,680.1,1.0896,550.7,1029.1,821.8,710.1,648.0,613.9,592.1,561.5,0.0,0.0,0.0,0.0,0.0,0.0,0.0,786.0,642.3,570.1,531.1,507.8,490.5,463.3,0.0,0.0,0.0,0.0,0.0,0.0,0.0,1029.9,773.3,641.2,566.7,527.5,495.7,440.7,43.5,41.1,39.3,38.3,37.9,37.8,37.9,144.4,149.2,149.8,157.3,165.3,170.8,169.8,1021.9,837.7,749.1,714.0,698.7,690.5,683.3,668.7,566.6,521.5,502.9,495.0,490.1,483.8,634.4,545.7,507.2,489.1,480.1,474.5,466.4,614.9,532.0,496.5,475.1,459.8,450.3,437.7,628.2,532.3,489.4,464.2,447.5,433.9,412.9,633.0,526.7,482.7,453.8,428.6,406.1,373.9,656.3,541.0,489.7,457.4,429.3,405.0,358.9,741.4,595.7,517.0,478.4,447.2,418.6,361.5,897.6,697.9,581.2,512.4,477.3,448.3,394.8,1036.4,805.8,671.1,582.0,529.2,493.6,439.6,0.8402,1.0958,1.2381,0.6483,0.8893,1.0238,0.0,0.0000,2026,0.9990,600.6,04330004J1K,9.258,4967,24.6,41.5,27.8,80.4,58.6,714.1,547.5,484.6,925.5,674.7,586.1,596.0,561.8,1.0066,1.0680,539.2,442.4,418.0,39.6,157.5,690.5,482.6,463.3,430.3,399.8,352.3,322.5,304.8,337.3,387.9,1481.8,1112.2,1484.7,46.1,136.5,1453.0,925.0,860.6,819.6,845.1,889.8,928.0,1074.9,1308.2,1510.6
FRA,26029a,F15124_26029a,FRA-15124,DURDUC,JOD  35,JEANNEAU SA,ANDRIEU Daniel,1991,56450 - SURZUR,,,,ORC,CLUB,R,651,23 02 2026 21:27:16,10.632,9.741,1.995,3.49,4036.,0.0,0.18,617.9,0.8870,676.4,1.0939,548.5,1027.6,821.0,708.5,643.9,608.7,586.1,554.9,0.0,0.0,0.0,0.0,0.0,0.0,0.0,786.8,642.6,569.8,528.7,504.0,486.2,457.9,0.0,0.0,0.0,0.0,0.0,0.0,0.0,1024.8,771.5,640.0,563.9,523.5,491.3,435.3,43.6,41.3,39.5,38.1,37.5,37.3,37.8,144.7,148.7,151.8,157.8,165.3,170.0,168.1,1055.4,860.4,760.1,710.7,691.0,680.4,672.1,689.7,579.4,527.6,503.4,492.3,486.1,479.3,653.7,556.3,512.9,490.5,477.7,470.8,461.9,632.7,541.5,501.0,478.5,460.4,447.5,433.8,613.8,522.9,484.3,459.8,443.3,432.9,409.9,630.4,525.4,481.0,449.9,423.4,402.0,370.8,650.3,537.6,487.7,455.3,427.1,401.0,351.2,726.8,585.3,513.5,475.7,444.3,415.7,357.5,865.8,676.9,569.8,508.7,474.5,445.3,390.9,999.7,781.7,656.9,577.1,526.3,491.7,437.7,0.8395,1.0994,1.2499,0.6491,0.8937,1.0344,0.0,0.0000,2026,1.0039,597.7,04330004CBU,9.285,4925,24.3,38.9,24.4,85.0,67.5,714.7,545.8,480.0,924.4,671.4,580.0,595.7,556.9,1.0071,1.0775,530.1,435.6,411.9,38.8,153.2,677.2,477.8,458.7,426.4,394.9,345.0,315.9,299.9,332.4,383.1,1486.9,1118.7,1484.5,46.0,139.4,1510.2,961.8,894.5,851.9,841.5,878.5,916.1,1049.4,1267.5,1463.5
FRA,26155b,F15722_26155b,FRA-15722,EMA,747,EMBARCACIONES PCG,ECHENIQUE,1998,33200 - BORDEAUX,,,,ORC,CLUB,S,359,06 03 2026 22:26:35,7.490,6.910,1.766,2.44,1230.,0.0,0.00,646.0,0.8360,717.7,1.0272,584.1,981.6,810.9,739.9,701.2,675.8,648.6,583.5,0.0,0.0,0.0,0.0,0.0,0.0,0.0,763.2,652.3,603.6,573.8,551.5,530.7,489.9,0.0,0.0,0.0,0.0,0.0,0.0,0.0,979.3,767.5,672.7,611.8,572.8,535.6,465.7,41.5,38.8,37.4,37.1,37.1,37.2,38.2,143.4,148.7,152.5,153.5,150.9,145.9,143.7,1005.0,851.5,806.2,790.3,782.2,777.2,781.7,673.4,598.7,577.1,567.6,561.3,556.8,551.9,647.0,584.3,560.7,549.6,541.6,535.8,528.2,632.6,573.9,542.4,523.1,511.6,502.5,490.5,630.2,571.3,538.5,508.7,486.7,472.1,451.1,617.3,548.0,507.4,482.3,460.7,441.1,407.7,631.1,552.0,503.8,464.7,436.7,413.3,373.6,701.6,588.0,530.7,484.2,435.8,389.1,318.7,829.9,667.1,584.9,532.4,493.3,450.3,333.7,958.3,770.3,673.6,612.1,569.4,519.9,385.4,0.8478,1.0262,1.1526,0.6694,0.8370,0.9509,0.0,0.0000,2026,0.9499,631.7,04330004H39,7.026,1721,12.6,24.5,15.6,0.0,65.5,707.7,584.7,520.6,896.3,716.8,631.0,639.9,578.4,0.9377,1.0373,549.5,468.1,439.4,40.5,148.6,810.2,557.4,530.2,485.6,437.8,381.3,337.6,274.4,250.1,288.8,1380.5,1049.9,1379.2,44.4,139.5,1393.2,899.2,844.3,809.3,829.8,839.2,869.1,979.9,1184.5,1367.7
FRA,26041a,F1609_26041a,FRA-1609,YERMAD,ARMAGNAC Ancien,AUBIN,HARLE Philippe,1966,29200 - BREST,,,,ORC,CLUB,C,360,20 03 2026 13:54:14,8.050,6.643,1.440,2.61,2200.,0.0,0.29,734.9,0.7560,793.7,0.9133,657.0,1172.2,949.7,828.8,757.4,719.0,697.0,672.3,0.0,0.0,0.0,0.0,0.0,0.0,0.0,911.0,755.4,678.0,635.3,610.1,592.2,568.6,0.0,0.0,0.0,0.0,0.0,0.0,0.0,1168.0,895.6,754.9,674.8,632.3,598.9,545.4,43.6,41.8,40.0,38.3,37.8,37.6,38.2,148.2,152.1,155.7,163.7,170.9,177.7,177.0,1214.1,1009.8,903.9,846.2,820.4,809.8,810.5,795.0,679.9,630.6,605.9,592.5,585.8,584.0,756.0,656.0,615.3,593.7,580.1,571.4,567.4,734.4,641.1,603.4,581.5,565.3,552.5,536.5,749.0,645.4,596.2,572.2,557.8,542.4,513.9,748.0,632.0,586.0,557.2,532.2,510.1,485.0,772.2,644.1,591.1,559.8,532.0,506.2,468.5,845.6,689.4,612.6,575.8,546.9,518.5,469.7,978.9,771.8,659.1,602.6,571.0,544.1,492.5,1130.3,889.5,753.7,668.6,617.6,584.2,534.2,0.7201,0.9185,1.0207,0.5655,0.7618,0.8655,0.0,0.0000,2026,0.8439,711.0,04330004IHO,6.435,2698,15.1,15.2,23.0,46.8,0.0,833.2,653.2,587.8,1061.0,787.6,693.2,710.8,662.2,0.8441,0.9061,663.6,557.7,530.9,40.2,176.8,838.7,588.6,567.9,531.6,497.6,471.0,447.0,429.7,450.0,488.5,1687.8,1279.7,1685.8,46.5,144.0,1707.6,1083.6,1008.3,963.6,994.0,1037.1,1075.4,1213.4,1444.6,1668.1
FRA,26251a,F16613_26251a,FRA-16613,SANKA,ELAN 350,ELAN MARINE,HUMPHREYS Rob,2010,20222 - BRANDO,,,,ORC,CLUB,C,676,30 04 2026 13:43:18,10.600,10.057,2.149,3.54,5274.,0.0,0.20,613.7,0.8918,672.8,1.0987,546.1,1006.6,810.3,703.1,643.5,607.6,584.4,556.2,0.0,0.0,0.0,0.0,0.0,0.0,0.0,774.9,635.8,564.9,526.9,504.0,487.6,463.3,0.0,0.0,0.0,0.0,0.0,0.0,0.0,1002.4,761.6,634.8,562.3,523.4,492.5,441.9,43.7,41.2,39.7,38.6,38.1,37.8,38.3,143.1,147.3,149.6,158.1,165.3,176.3,177.4,1049.2,857.7,757.6,709.7,690.2,679.8,671.7,686.4,578.2,524.2,499.2,488.0,482.5,476.8,650.9,555.4,509.4,486.4,474.5,468.7,461.9,630.5,540.8,498.8,475.9,460.5,449.6,438.1,625.7,526.0,484.3,465.8,454.7,441.5,418.8,615.6,514.9,472.5,446.1,425.2,410.8,389.3,632.0,525.5,478.4,449.5,424.6,402.1,365.1,703.5,571.2,504.1,469.1,441.7,416.0,362.7,834.9,660.6,561.8,505.6,473.7,448.6,401.6,964.1,762.8,648.7,577.4,525.1,489.0,440.7,0.8507,1.1051,1.2434,0.6605,0.8978,1.0352,0.0,0.0000,2026,1.0089,594.7,04330004NV6,9.456,6205,26.7,38.3,30.4,92.8,97.1,705.3,542.9,482.5,908.4,668.3,579.6,593.6,552.9,1.0108,1.0853,537.7,444.1,423.3,39.2,174.8,677.5,476.3,460.8,432.1,405.7,370.2,337.6,300.9,350.4,398.0,1449.1,1096.8,1444.6,46.1,138.8,1494.2,951.0,884.6,842.9,870.5,855.8,883.9,1004.5,1215.9,1404.0
FRA,26192a,F16681_26192a,FRA-16681,MATAMOUF of RECOUCOU,ONE-OFF 9M,Home Built,LUCAS Dominique,1993,56260 - LARMOR PLAGE,,,,ORC,CLUB,C,515,26 03 2026 00:52:29,8.950,8.412,1.869,3.02,2714.,0.0,0.12,646.8,0.8559,701.0,1.0415,576.1,1052.7,842.9,729.7,669.2,635.0,613.1,581.6,0.0,0.0,0.0,0.0,0.0,0.0,0.0,813.8,667.4,595.5,557.1,532.9,515.0,487.1,0.0,0.0,0.0,0.0,0.0,0.0,0.0,1051.9,795.2,664.1,592.1,552.3,520.0,465.9,42.8,40.8,38.3,36.7,36.4,36.1,36.1,145.6,149.8,153.4,160.3,167.5,172.7,170.9,1061.4,869.8,772.6,731.5,714.7,705.4,697.6,700.0,592.6,548.4,529.0,519.4,513.7,507.5,666.8,573.8,536.3,517.0,505.1,498.4,490.0,648.7,563.1,527.0,504.4,487.6,475.5,462.1,664.0,565.7,525.0,502.4,480.7,463.3,437.9,666.5,557.6,513.4,483.7,460.8,443.5,418.4,689.2,571.6,520.6,486.1,457.3,432.2,390.6,768.4,618.6,546.2,507.7,475.1,445.2,381.7,904.2,706.7,597.4,539.3,504.8,474.7,418.6,1044.1,816.1,686.8,606.9,555.4,520.8,465.7,0.8101,1.0471,1.1788,0.6330,0.8629,0.9888,0.0,0.0000,2026,0.9602,624.8,04330004J1I,8.373,3414,19.1,27.4,24.0,61.6,0.0,740.6,573.0,509.0,947.9,695.3,606.8,621.3,587.4,0.9657,1.0215,555.6,463.4,442.7,37.1,146.6,703.0,506.2,486.8,454.1,421.9,397.0,360.6,312.8,353.6,408.3,1523.9,1151.8,1525.8,45.6,139.3,1505.1,962.7,899.3,860.9,890.4,932.5,968.1,1109.6,1336.0,1542.7
FRA,26022a,F16919_26022a,FRA-16919,JADE,FIRST 310 GTE,BENETEAU SA,FINOT Jean Marie,1990,75015 - PARIS,,,,ORC,CLUB,C,550,23 02 2026 20:48:27,9.147,8.688,1.827,3.22,3324.,0.0,0.29,682.8,0.8033,746.9,0.9910,605.5,1142.3,908.9,783.4,709.2,669.0,645.6,621.3,0.0,0.0,0.0,0.0,0.0,0.0,0.0,875.0,710.7,627.8,581.5,555.3,538.1,514.8,0.0,0.0,0.0,0.0,0.0,0.0,0.0,1140.4,853.9,706.4,620.7,576.7,543.9,489.2,44.1,42.1,40.4,39.0,38.6,38.5,39.2,146.9,150.7,154.1,159.9,166.4,174.5,177.2,1161.4,948.0,838.9,781.8,761.3,753.6,757.2,755.4,632.7,575.3,547.8,535.5,530.7,528.1,714.5,605.1,557.3,533.3,520.3,514.4,509.7,690.6,587.7,543.8,520.1,503.3,491.4,480.6,681.5,573.4,528.7,503.6,485.7,474.6,456.8,706.6,583.5,529.3,498.6,472.6,450.2,414.1,736.0,602.9,539.3,506.0,479.2,454.2,405.6,828.9,662.7,573.0,527.7,498.1,471.6,420.4,972.8,753.8,633.5,562.8,524.0,496.5,448.0,1123.3,869.9,727.9,636.7,576.7,537.6,485.4,0.7567,0.9980,1.1242,0.5850,0.8102,0.9341,0.0,0.0000,2026,0.9094,659.8,04330004CBO,7.992,4071,21.3,26.8,24.7,54.4,46.4,792.9,601.2,533.7,1025.6,740.6,642.3,655.4,616.7,0.9154,0.9729,610.5,499.0,468.1,40.8,173.9,779.3,531.8,511.2,476.3,445.0,392.7,358.2,362.0,396.5,441.7,1676.9,1257.6,1677.2,46.7,143.2,1673.1,1060.5,983.3,934.7,942.0,987.5,1046.0,1213.4,1455.4,1680.6
FRA,26049a,F17271_26049a,FRA-17271,NUAGE II,J 97,J-EUROPE,JOHNSTONE Alan,2009,75014 - PARIS,,,,ORC,CLUB,C,518,03 03 2026 08:44:13,9.617,8.583,2.064,3.35,3782.,0.0,0.20,634.2,0.8610,696.9,1.0579,567.2,1022.2,829.8,723.5,665.6,635.9,616.7,590.8,0.0,0.0,0.0,0.0,0.0,0.0,0.0,784.6,651.8,585.1,548.8,527.2,512.2,489.0,0.0,0.0,0.0,0.0,0.0,0.0,0.0,1015.6,779.7,655.5,584.1,546.5,516.6,470.7,42.8,40.8,39.2,37.6,37.1,36.9,37.1,144.0,148.0,149.8,153.4,158.6,161.7,157.7,1087.6,895.5,792.2,737.1,714.2,703.9,698.5,718.4,607.7,554.6,528.4,515.9,510.2,505.1,684.4,585.4,540.7,517.5,504.4,497.1,490.8,633.2,549.6,516.8,501.9,492.0,480.4,467.5,613.5,536.5,504.0,484.1,470.2,461.2,448.6,615.5,528.6,493.0,468.7,450.8,437.9,407.6,629.3,535.0,496.2,467.8,442.9,421.1,392.2,702.0,573.2,516.4,484.8,456.1,428.8,373.1,828.5,661.7,567.1,517.9,491.0,467.1,420.8,956.7,764.0,654.9,594.0,557.7,529.6,483.1,0.8354,1.0637,1.1829,0.6480,0.8681,0.9807,0.0,0.0000,2026,0.9738,616.2,04330004FEK,8.395,4491,21.1,29.1,23.7,0.0,98.5,718.2,564.1,507.2,925.9,691.2,611.8,617.6,570.1,0.9715,1.0525,553.9,462.9,445.3,38.2,141.9,706.3,504.8,489.2,461.4,433.8,385.8,362.9,306.9,347.7,401.5,1461.6,1101.0,1453.2,45.3,139.8,1545.6,990.6,926.0,848.0,816.2,852.3,877.0,988.6,1193.0,1377.5
FRA,26135a,F17324_26135a,FRA-17324,TETE D'ARTICHAUD,COCO,ARCHAMBAULT,HARLE Philippe,1992,44100 - NANTES,,,,ORC,CLUB,S,326,28 04 2026 11:59:39,6.500,6.255,1.358,2.70,1123.,0.0,0.00,700.3,0.7669,782.4,0.9512,630.8,1084.6,892.6,799.8,757.6,735.2,718.5,654.5,0.0,0.0,0.0,0.0,0.0,0.0,0.0,840.8,711.4,649.0,615.6,594.4,576.8,532.0,0.0,0.0,0.0,0.0,0.0,0.0,0.0,1079.2,841.7,725.3,658.3,617.2,579.8,499.6,42.9,40.8,38.9,39.5,39.9,40.7,42.7,145.1,149.2,151.2,156.3,157.9,145.9,139.7,1138.3,957.5,876.8,859.2,857.0,862.8,880.1,752.5,654.9,616.2,602.9,598.5,595.4,593.0,717.3,635.5,600.5,583.2,576.3,570.6,564.6,697.3,623.2,586.2,559.5,544.4,535.5,521.7,685.9,603.1,567.0,536.9,519.7,505.9,480.7,669.8,587.7,539.7,504.5,480.6,458.8,412.6,687.6,595.7,544.3,500.2,458.2,426.2,377.0,761.3,635.1,572.3,527.5,480.6,430.0,321.6,892.7,716.9,626.7,572.9,535.3,497.3,371.6,1030.8,827.7,722.8,656.1,613.4,574.3,429.0,0.7731,0.9533,1.0632,0.6069,0.7719,0.8587,0.0,0.0000,2026,0.8765,684.5,04330004N8R,6.148,1569,12.9,21.3,16.2,0.0,59.8,776.1,629.4,564.3,988.6,777.3,698.7,694.6,625.6,0.8637,0.9591,608.2,502.5,464.8,44.8,145.4,906.1,596.3,563.7,516.1,463.1,381.0,331.0,271.3,268.7,310.3,1531.6,1162.3,1526.1,45.8,140.6,1585.8,1012.8,943.9,900.0,920.8,914.6,942.2,1063.1,1279.4,1477.3
FRA,26265a,F17416_26265a,FRA-17416,PIVOINE,RUSH GTE,JEANNEAU SA,HOLLAND Ron,1979,50100 - CHERBOURG,,,,ORC,CLUB,C,442,14 05 2026 07:56:10,9.245,7.576,1.669,3.12,3259.,0.0,0.32,716.5,0.7712,778.0,0.9402,638.2,1162.8,936.6,813.5,740.5,701.7,679.8,660.6,0.0,0.0,0.0,0.0,0.0,0.0,0.0,901.8,740.3,659.0,614.3,589.7,573.4,554.0,0.0,0.0,0.0,0.0,0.0,0.0,0.0,1158.8,881.9,737.4,654.1,611.6,579.3,528.6,43.8,42.1,40.6,39.2,38.7,38.9,39.9,147.5,151.4,154.3,161.4,167.3,175.4,177.2,1202.7,994.3,885.8,827.6,804.4,796.7,805.7,786.4,665.1,609.5,582.5,568.6,562.9,562.0,747.2,638.3,592.3,568.4,554.6,547.2,544.2,725.7,622.1,578.9,555.5,539.7,528.3,516.4,741.3,625.6,572.8,548.5,534.9,520.0,496.3,734.7,612.1,561.4,533.4,512.2,494.3,471.6,760.6,626.9,567.5,535.9,511.4,489.0,453.9,837.7,676.5,592.6,551.9,524.7,500.1,453.5,972.5,761.9,645.5,582.4,548.0,523.1,476.4,1122.9,878.8,741.3,653.3,599.0,562.9,515.6,0.7307,0.9470,1.0523,0.5716,0.7777,0.8848,0.0,0.0000,2026,0.8666,692.4,04330004PRQ,7.044,3872,18.3,17.5,28.9,60.6,0.0,821.1,633.6,570.2,1049.7,771.5,678.1,691.9,643.9,0.8671,0.9318,652.9,544.7,516.0,40.9,174.9,832.6,566.9,545.3,512.8,481.5,459.1,436.8,418.4,436.3,473.2,1688.3,1280.0,1686.0,46.4,143.9,1711.2,1087.0,1011.2,967.3,999.9,1027.7,1069.9,1212.3,1442.2,1665.4
FRA,26195a,F17892_26195a,FRA-17892,LE PETIT NAIN,DUFOUR 334 trophy,DUFOUR SA,FAUROUX Jacques,1997,06650 - LE ROURET,,,,ORC,CLUB,R,604,28 04 2026 12:30:33,10.033,9.329,1.973,3.35,3512.,0.0,0.00,618.2,0.8791,682.5,1.0864,552.3,999.8,805.9,703.3,653.9,627.2,608.0,577.0,0.0,0.0,0.0,0.0,0.0,0.0,0.0,770.0,634.1,568.2,535.1,514.1,498.1,471.9,0.0,0.0,0.0,0.0,0.0,0.0,0.0,996.4,758.3,636.7,570.8,534.0,502.1,449.7,43.4,41.1,39.3,38.2,37.8,37.7,38.2,142.8,147.1,149.7,152.8,157.3,159.2,146.0,1033.5,847.0,755.7,721.8,707.7,700.4,695.8,678.2,573.9,528.4,511.4,504.3,499.6,494.7,644.7,553.8,515.2,498.0,489.9,484.5,477.8,626.2,541.4,505.3,484.0,469.7,461.1,449.6,623.0,528.6,493.9,477.5,460.1,444.4,424.8,614.0,518.2,477.5,448.8,428.0,413.5,387.8,630.5,527.3,482.8,449.4,421.5,396.8,361.0,703.8,571.0,508.3,472.0,439.4,409.0,345.3,836.7,662.3,563.6,509.9,478.3,450.2,396.8,966.1,764.8,650.8,586.0,546.7,515.6,458.2,0.8547,1.0927,1.2188,0.6646,0.8871,0.9980,0.0,0.0000,2026,0.9992,600.5,04330004N91,8.945,4337,22.7,35.0,26.7,0.0,86.3,702.0,549.1,492.3,902.8,676.4,601.2,600.4,558.2,0.9993,1.0749,536.8,445.6,424.2,39.6,141.2,707.4,495.0,476.3,444.4,413.6,366.1,333.2,280.0,317.2,366.3,1437.8,1089.0,1434.6,46.0,139.4,1470.6,938.1,874.6,835.4,862.0,855.5,885.1,1005.8,1216.9,1405.1
FRA,26278a,F181_26278a,FRA-181,LUDICK...,MUSCADET Q,AUBIN,HARLE Philippe,1973,13008 - MARSEILLE,,,,ORC,CLUB,C,263,12 05 2026 08:29:16,6.500,5.420,1.365,2.23,1104.,0.0,0.29,808.8,0.6865,874.0,0.8294,723.4,1280.6,1038.1,904.7,830.0,799.0,783.0,761.4,0.0,0.0,0.0,0.0,0.0,0.0,0.0,1002.6,830.2,742.6,697.1,674.2,658.6,637.7,0.0,0.0,0.0,0.0,0.0,0.0,0.0,1275.7,979.9,825.6,740.8,699.3,664.5,606.3,42.5,41.0,39.8,38.1,37.9,38.4,39.8,149.8,154.6,160.6,167.3,176.5,178.1,177.2,1329.1,1108.5,991.6,934.8,927.5,931.0,947.0,883.2,753.1,693.8,668.6,664.1,662.4,662.3,844.2,728.3,677.0,652.6,647.5,643.2,639.7,819.5,711.8,663.3,635.4,620.4,613.7,600.9,831.9,705.1,648.0,629.8,606.5,587.3,564.2,825.6,698.5,642.0,605.7,577.4,556.3,535.0,853.5,712.5,650.3,610.9,576.3,546.9,511.2,936.1,761.0,674.5,630.9,595.2,562.7,508.5,1067.0,842.7,722.6,660.7,624.0,591.0,534.2,1232.0,967.7,817.9,725.2,670.6,635.0,575.9,0.6547,0.8361,0.9165,0.5175,0.6940,0.7703,0.0,0.0000,2026,0.7677,781.5,04330004PIJ,5.262,1469,10.9,11.2,14.7,29.3,0.0,916.5,717.6,654.7,1159.4,864.6,778.9,786.1,725.1,0.7633,0.8275,763.2,632.7,595.6,42.6,177.4,1000.2,670.5,642.8,596.7,551.1,524.9,493.7,462.1,486.6,526.3,1848.4,1408.1,1845.5,45.3,145.3,1877.1,1204.7,1126.4,1078.3,1105.3,1134.4,1183.6,1332.6,1575.8,1819.6
FRA,26093a,F18123_26093a,FRA-18123,ASPHODELE,FIRST 29 GTE,BENETEAU SA,FINOT Jean Marie,1984,29217 - LE CONQUET,,,,ORC,CLUB,C,449,10 04 2026 12:48:27,8.700,7.573,1.704,3.00,3400.,0.0,0.41,733.9,0.7522,797.7,0.9217,651.0,1210.6,974.2,843.7,759.2,709.9,683.3,659.0,0.0,0.0,0.0,0.0,0.0,0.0,0.0,937.6,766.8,677.3,625.3,595.0,576.4,553.9,0.0,0.0,0.0,0.0,0.0,0.0,0.0,1205.7,916.0,761.2,667.0,617.2,582.8,529.6,44.0,42.4,41.1,40.1,38.9,38.6,39.7,148.0,151.7,153.4,160.6,166.6,174.5,177.7,1259.8,1040.9,925.1,853.0,812.4,797.4,797.4,822.3,693.5,628.1,593.0,573.2,563.4,559.2,781.1,663.5,607.1,577.4,559.7,549.1,542.7,757.7,644.8,591.3,563.5,545.7,532.4,516.3,772.0,639.6,578.6,550.1,535.6,524.9,498.7,753.8,625.2,567.7,537.8,515.0,495.9,471.4,781.3,641.0,574.7,541.1,515.8,492.8,456.2,866.2,696.8,601.7,557.6,529.8,505.0,460.0,1005.8,787.2,662.4,590.5,553.6,528.3,483.0,1161.4,907.6,762.3,665.3,607.4,569.2,520.6,0.7040,0.9276,1.0478,0.5492,0.7567,0.8813,0.0,0.0000,2026,0.8472,708.2,04330004KSI,6.851,4016,18.7,18.8,25.2,57.9,0.0,852.3,646.8,572.6,1092.5,792.9,680.8,708.5,657.4,0.8469,0.9127,648.9,542.6,515.2,40.3,176.8,817.9,561.2,541.6,509.9,482.5,457.3,436.3,425.2,444.2,479.9,1763.8,1335.2,1760.2,46.8,144.4,1800.2,1143.0,1063.8,1017.0,1048.9,1057.6,1100.8,1244.3,1496.0,1727.4
FRA,26017b,F19052_26017b,FRA-19052,SARBACANE,DEHLER 29 GTE,DEHLER YACHTBAU,JUDEL / VROLIJK,1997,13320 - BOUC BEL AIR,,,,ORC,CLUB,C,493,06 03 2026 13:58:50,8.750,8.131,1.790,3.02,3095.,0.0,0.22,679.8,0.8111,739.8,0.9897,606.3,1104.7,886.3,768.2,704.7,671.5,651.6,627.8,0.0,0.0,0.0,0.0,0.0,0.0,0.0,853.2,699.3,623.5,584.6,562.6,547.6,526.7,0.0,0.0,0.0,0.0,0.0,0.0,0.0,1101.0,834.2,696.9,622.5,583.4,552.5,502.5,43.5,41.5,39.8,38.6,38.3,38.4,39.0,146.4,150.7,154.3,161.7,168.7,176.3,176.8,1141.7,937.7,833.1,788.3,774.5,769.1,771.1,748.0,631.2,578.3,556.1,548.0,544.1,541.0,710.2,606.7,562.8,542.1,532.5,528.1,523.3,688.2,591.3,550.8,528.5,513.8,505.3,496.5,692.6,584.2,542.2,525.2,506.4,491.0,471.9,685.8,575.0,530.8,504.1,484.6,471.4,451.6,710.3,589.5,537.3,506.3,480.6,459.2,429.2,789.5,637.5,562.3,524.5,495.9,469.1,418.0,924.7,723.4,612.8,554.0,520.9,494.4,444.7,1067.7,834.9,703.3,621.0,568.6,534.1,484.5,0.7730,0.9973,1.1040,0.6027,0.8189,0.9264,0.0,0.0000,2026,0.9119,657.9,04330004H04,7.654,3763,19.1,26.3,21.8,58.6,0.0,776.2,601.6,543.5,995.5,732.7,647.7,658.4,610.7,0.9113,0.9825,616.3,513.7,488.5,40.5,169.6,793.2,544.2,525.3,493.0,461.7,442.6,409.4,362.2,392.3,439.4,1604.7,1213.3,1602.2,46.1,142.2,1629.5,1037.9,966.2,921.7,950.1,957.0,995.6,1140.2,1368.3,1579.9
FRA,26183a,F19084_26183a,FRA-19084,TIR NA NOG 2,X 302 MK2,X-YACHTS,JEPPESEN Nielsen,1994,44380 - PORNICHET,,,,ORC,CLUB,C,504,26 03 2026 00:46:05,9.120,8.288,1.715,3.00,3479.,0.0,0.27,685.6,0.8054,745.0,0.9854,608.9,1135.5,908.2,784.2,708.0,665.7,642.0,615.6,0.0,0.0,0.0,0.0,0.0,0.0,0.0,872.1,712.5,631.7,585.7,559.3,542.2,517.3,0.0,0.0,0.0,0.0,0.0,0.0,0.0,1131.8,853.5,708.8,623.9,580.1,548.3,494.6,43.9,41.9,40.4,38.9,38.1,37.8,38.6,146.2,150.9,154.1,161.4,168.7,177.2,177.9,1172.2,960.4,849.5,786.2,757.1,745.7,740.9,764.8,642.8,584.2,554.7,539.6,532.1,526.3,724.7,616.0,567.0,541.8,526.8,517.7,510.5,701.6,598.8,554.0,530.3,513.4,500.5,485.1,695.5,585.1,538.9,515.5,502.1,493.8,467.3,693.3,579.9,533.6,506.5,483.7,464.0,437.2,720.6,596.5,541.2,511.3,486.4,463.0,420.1,806.0,650.5,568.8,529.4,502.2,477.0,427.5,951.5,741.8,625.4,560.5,526.3,500.9,453.6,1098.7,856.0,718.8,629.9,574.4,538.4,490.3,0.7573,0.9917,1.1170,0.5872,0.8113,0.9403,0.0,0.0000,2026,0.9058,662.4,04330004J1H,7.752,4160,20.3,28.0,19.7,57.7,0.0,792.3,605.0,537.2,1021.8,739.6,638.1,660.0,617.1,0.9091,0.9722,600.6,500.7,475.9,40.1,175.4,754.2,526.6,508.6,478.1,450.1,419.6,391.9,376.4,406.0,447.1,1658.5,1248.3,1655.9,46.5,141.9,1683.9,1070.3,994.1,947.5,970.2,967.7,1012.1,1168.0,1414.2,1633.0
FRA,26176a,F19349_26176a,FRA-19349,STER WENN 5,X 442,X-YACHTS,JEPPESEN Nielsen,1994,94440 - Marolles en Brie,,,,ORC,CLUB,C,838,20 03 2026 23:59:24,13.480,11.719,2.311,4.16,9985.,0.0,0.01,572.5,0.9570,626.9,1.1749,510.7,932.3,751.0,654.3,600.7,567.8,546.2,519.3,0.0,0.0,0.0,0.0,0.0,0.0,0.0,716.4,590.3,526.9,493.3,473.0,459.0,438.8,0.0,0.0,0.0,0.0,0.0,0.0,0.0,933.5,707.7,591.7,525.9,490.7,463.6,421.3,43.1,41.1,39.6,38.6,38.0,37.7,37.8,144.2,148.7,151.6,156.3,163.0,168.7,176.3,919.8,761.7,685.7,653.9,638.0,628.7,618.8,603.9,514.9,476.3,460.2,452.9,448.5,443.2,574.1,496.9,463.9,448.8,441.4,437.0,430.9,555.5,486.2,455.2,438.9,428.3,421.5,412.3,566.5,490.8,455.7,436.2,422.3,411.4,395.5,600.6,497.7,452.6,429.8,413.5,402.0,385.1,617.6,509.3,458.1,431.4,411.3,394.2,368.3,688.9,555.3,484.1,447.1,423.2,402.2,363.6,818.1,641.1,540.2,479.9,446.6,424.0,384.7,944.7,740.2,623.0,547.5,497.7,463.6,419.8,0.9183,1.1822,1.3189,0.7129,0.9633,1.1080,0.0,0.0000,2026,1.0795,555.8,04330004IJJ,11.074,11222,38.8,55.9,67.9,144.2,0.0,653.4,507.5,454.9,841.6,622.9,541.5,547.9,522.7,1.0951,1.1479,502.4,424.4,407.0,38.4,170.9,620.6,441.7,428.8,406.2,385.0,375.2,351.0,325.4,346.0,384.2,1339.5,1005.5,1344.3,46.0,139.0,1291.6,821.0,760.2,720.2,740.6,840.9,869.6,995.4,1201.5,1387.4
FRA,26301a,F19728_26301a,FRA-19728,WALLI,FIRST CLASS 10 Mod,BENETEAU SA,FINOT Jean  Marie,1983,29170 - FOUESNANT,,,,ORC,CLUB,R,588,19 05 2026 20:24:40,10.385,9.279,1.824,3.06,3203.,0.0,0.11,625.8,0.8711,688.8,1.0755,557.9,1025.5,820.1,714.3,659.6,627.2,605.7,575.5,0.0,0.0,0.0,0.0,0.0,0.0,0.0,785.9,643.7,575.2,539.8,517.7,500.5,472.6,0.0,0.0,0.0,0.0,0.0,0.0,0.0,1024.4,771.7,645.6,576.5,537.9,504.6,448.3,43.7,41.2,39.4,38.6,38.4,38.4,39.3,144.7,148.7,151.8,157.6,165.3,169.1,164.6,1036.3,849.4,764.7,735.5,721.7,713.7,709.1,677.1,574.4,530.9,515.1,507.6,502.5,497.5,642.0,553.5,515.8,499.7,492.1,486.5,480.2,621.7,539.6,504.3,483.5,470.5,462.3,451.4,618.2,529.4,492.0,470.9,458.3,443.4,424.1,639.7,531.9,486.9,456.3,432.9,414.9,383.9,660.2,544.7,493.8,460.3,431.9,403.9,357.7,736.9,591.6,519.9,481.2,449.1,418.5,351.3,878.7,684.9,575.8,514.6,479.7,449.8,388.7,1014.6,790.9,663.8,583.7,532.7,497.8,441.9,0.8394,1.0816,1.2137,0.6502,0.8783,1.0004,0.0,0.0000,2026,0.9880,607.3,04330004QEF,8.761,4009,22.4,33.4,28.1,78.6,66.5,714.8,554.7,494.4,922.8,683.1,599.8,606.0,564.0,0.9900,1.0637,550.6,452.1,426.4,40.3,146.0,729.6,500.4,481.1,446.9,413.0,360.6,324.7,287.3,321.8,371.6,1483.1,1116.6,1483.6,46.2,139.2,1478.1,940.0,873.7,832.2,849.2,890.5,934.8,1068.3,1288.8,1488.1
FRA,26223a,F19730_26223a,FRA-19730,RACKHAM,SPACE 30,JMV CHERBOURG,MABIRE Halvard,1999,78000 - VERSAILLES,,,,ORC,CLUB,R,573,26 03 2026 21:57:37,8.950,8.709,2.268,2.94,2432.,0.0,0.00,656.0,0.8320,721.2,1.0315,581.7,1093.8,874.4,755.0,685.3,650.7,627.5,592.1,0.0,0.0,0.0,0.0,0.0,0.0,0.0,839.9,683.4,603.9,559.8,534.4,514.8,484.5,0.0,0.0,0.0,0.0,0.0,0.0,0.0,1092.4,821.7,680.3,598.1,555.9,519.9,458.0,42.3,40.4,39.0,38.3,38.1,38.0,38.3,146.2,150.1,150.1,156.8,165.3,166.3,162.4,1107.7,908.0,809.8,768.1,752.2,743.2,738.7,736.4,618.7,560.3,537.1,528.3,522.7,517.4,703.8,595.3,543.0,521.8,511.8,505.1,497.5,685.6,578.5,530.4,505.7,488.0,476.8,462.7,659.9,551.8,511.3,486.0,470.7,456.7,432.2,670.2,551.1,505.4,469.3,438.7,415.5,386.5,694.7,567.7,510.4,471.7,439.7,410.2,358.5,781.6,627.9,537.3,494.4,455.4,419.9,354.2,935.2,728.3,606.4,531.2,492.5,456.7,391.2,1079.9,840.8,700.1,602.5,549.2,511.7,445.4,0.7878,1.0372,1.1803,0.6097,0.8384,0.9678,0.0,0.0000,2026,0.9457,634.4,04330004J55,8.134,3205,19.4,28.6,20.7,70.5,49.5,761.6,578.5,508.3,984.1,715.6,620.0,635.5,587.8,0.9441,1.0208,559.0,460.7,433.5,39.5,144.8,752.5,519.1,496.8,457.2,419.3,366.0,327.8,292.1,316.6,365.5,1581.6,1194.5,1581.6,45.3,135.5,1582.5,1024.0,964.8,931.4,907.1,941.6,978.1,1120.5,1369.1,1580.9
FRA,26164a,F19756_26164a,FRA-19756,LES RAPETOUS,FIRST CLASS 10,BENETEAU SA,FINOT Jean  Marie,1983,50400 - GRANVILLE,,,,ORC,CLUB,R,583,22 04 2026 14:20:08,10.385,9.247,1.818,3.06,3112.,0.0,0.06,628.7,0.8713,688.7,1.0745,558.4,1049.6,834.3,718.5,655.5,620.9,598.4,567.8,0.0,0.0,0.0,0.0,0.0,0.0,0.0,800.5,652.1,577.9,538.2,514.4,497.3,469.8,0.0,0.0,0.0,0.0,0.0,0.0,0.0,1051.6,785.6,649.6,574.0,534.1,501.4,447.5,43.6,41.2,39.1,38.0,37.6,37.9,38.1,145.1,148.9,149.5,157.2,164.6,169.1,168.7,1029.1,840.9,750.7,716.9,701.8,693.5,687.3,672.5,569.1,524.7,506.9,499.3,494.7,489.1,638.2,549.3,511.4,493.2,484.9,479.4,472.1,619.8,537.2,501.8,479.8,464.6,456.3,444.5,635.4,542.1,501.7,476.8,456.0,439.8,419.3,653.4,539.5,492.3,462.3,439.6,423.7,397.7,676.6,554.0,499.1,465.4,436.9,410.6,369.1,761.1,609.7,527.6,486.9,455.0,425.0,357.5,926.7,716.8,594.4,522.2,485.7,456.0,398.0,1070.0,827.7,686.3,594.0,539.9,503.4,448.3,0.8261,1.0811,1.2213,0.6370,0.8788,1.0126,0.0,0.0000,2026,0.9856,608.7,04330004MEC,8.962,3916,22.2,30.4,32.3,73.5,0.0,726.3,555.0,491.3,941.9,682.7,592.5,602.2,571.9,0.9964,1.0492,540.6,447.2,425.0,39.3,154.2,696.9,489.2,470.1,438.5,405.7,375.7,339.6,294.7,333.4,384.4,1514.8,1137.4,1519.5,46.2,135.9,1468.1,934.3,869.3,829.9,859.6,927.0,963.4,1108.9,1352.3,1561.5
FRA,26175a,F19945_26175a,FRA-19945,JULIETTE,J 92,J-COMPOSITE,JOHNSTONE Rodney,1992,17100 - SAINTES,,,,ORC,CLUB,R,488,30 03 2026 12:27:47,9.140,8.179,1.810,3.04,2564.,0.0,0.13,640.2,0.8526,703.7,1.0466,573.3,1022.3,828.5,725.6,674.9,649.2,629.5,587.6,0.0,0.0,0.0,0.0,0.0,0.0,0.0,788.1,654.8,590.3,556.7,535.9,518.4,485.8,0.0,0.0,0.0,0.0,0.0,0.0,0.0,1016.4,779.5,658.8,592.6,555.8,522.7,464.9,43.0,41.0,38.9,37.4,37.3,37.2,37.5,143.5,148.0,150.3,154.2,158.2,157.3,142.5,1081.8,888.9,790.1,750.2,735.7,727.3,722.3,711.5,603.7,557.0,537.9,529.8,524.6,519.2,676.7,583.2,543.9,525.0,515.5,509.7,502.7,656.6,570.5,533.5,511.3,496.6,487.1,475.3,631.6,546.9,519.2,504.0,488.0,471.6,447.6,617.6,533.9,496.9,471.4,452.1,435.0,404.0,632.4,540.3,498.8,466.5,437.3,409.6,372.0,704.6,578.1,521.9,485.1,450.7,414.4,336.5,833.9,665.2,572.7,523.3,492.1,463.1,392.2,962.9,768.1,661.1,599.6,562.7,531.8,452.8,0.8316,1.0510,1.1752,0.6484,0.8594,0.9698,0.0,0.0000,2026,0.9648,621.9,04330004JB8,8.051,3229,18.4,28.9,20.4,0.0,85.8,721.5,570.9,510.6,925.4,698.2,618.7,625.4,574.1,0.9594,1.0451,535.0,454.1,432.5,38.9,143.8,734.4,519.5,501.2,469.7,432.5,378.6,338.6,278.0,290.7,335.6,1462.7,1109.2,1455.3,45.8,139.7,1537.0,981.5,915.2,873.6,874.9,854.5,881.7,995.5,1202.4,1388.4
FRA,26256b,F2030_26256b,FRA-2030,SPIRIT OF LORINA II,TP 52,KING Marine,BOTIN Partners,2012,75016 - PARIS,,,,ORC,INTL,R,1150,28 04 2026 18:09:33,15.850,15.388,3.603,4.42,7055.,143.8,0.00,426.1,1.2462,481.5,1.5781,380.2,693.7,564.8,505.4,470.3,440.5,413.7,373.9,0.0,0.0,0.0,0.0,0.0,0.0,0.0,528.5,442.5,399.8,372.0,349.6,329.9,301.4,0.0,0.0,0.0,0.0,0.0,0.0,0.0,695.4,531.8,453.2,401.3,364.9,332.4,282.4,43.4,40.3,38.9,37.8,37.1,36.6,36.3,140.8,141.7,146.6,148.0,144.7,144.4,145.8,676.8,577.1,538.6,518.5,504.1,493.9,481.3,441.6,392.0,373.1,360.7,351.1,342.7,330.3,416.7,375.4,354.9,342.0,332.5,323.7,310.4,399.2,359.2,332.4,317.5,306.8,296.3,279.6,402.6,360.7,326.9,302.3,287.5,275.6,253.6,440.2,377.7,337.1,305.3,282.4,261.7,231.9,464.4,384.7,339.8,307.6,278.4,254.3,224.9,513.4,406.4,357.9,316.9,280.7,251.5,217.9,615.4,478.4,408.9,365.4,326.3,288.8,230.8,710.6,552.5,472.1,422.0,376.8,333.5,266.5,1.2359,1.5726,1.8512,0.9536,1.2438,1.4798,0.0,0.0000,2026,1.4398,416.7,04330004NEH,15.987,8796,44.4,98.2,64.6,0.0,270.2,485.5,381.5,324.1,629.2,482.4,405.5,415.6,383.7,1.4437,1.5636,347.0,281.6,262.1,37.4,148.3,480.8,325.0,302.9,268.2,239.0,211.3,202.8,182.6,184.6,213.1,1001.1,743.6,1005.8,46.3,139.7,953.7,604.4,554.7,512.5,516.1,600.1,664.1,755.0,908.0,1048.5
FRA,26037a,F2088A_26037a,FRA-2088A,ARCHIBALD,SUSPENS Q Mod,ARCHAMBAULT,JOUBERT/NIVELT,1979,44119 - GRANDCHAMP DES FONTAINES,,,,ORC,CLUB,C,498,26 02 2026 23:58:04,9.524,8.340,1.871,3.01,2815.,0.0,0.23,677.0,0.8135,737.5,1.0010,599.4,1133.7,903.5,777.5,699.7,657.9,633.5,603.6,0.0,0.0,0.0,0.0,0.0,0.0,0.0,871.3,707.9,623.9,575.4,548.3,529.3,501.4,0.0,0.0,0.0,0.0,0.0,0.0,0.0,1130.3,848.9,701.5,613.7,569.1,534.6,476.4,43.5,41.8,40.3,38.9,38.4,38.2,38.6,146.0,150.3,153.8,160.6,167.3,174.5,173.6,1167.6,952.4,839.2,772.9,747.6,737.0,731.5,764.7,638.4,576.2,543.9,529.9,524.0,518.1,725.0,611.6,558.4,530.4,515.6,508.4,500.7,701.6,594.2,545.1,518.3,499.3,486.6,473.4,694.9,579.2,528.7,505.4,493.9,475.6,448.6,692.4,574.2,522.7,491.4,466.5,447.0,420.3,720.1,592.1,531.8,497.0,467.5,440.7,390.7,808.3,647.7,563.0,519.2,487.3,457.5,395.5,952.4,740.2,622.5,554.5,516.2,486.7,431.3,1099.8,854.5,715.9,626.5,568.2,530.1,475.7,0.7599,1.0070,1.1459,0.5891,0.8195,0.9548,0.0,0.0000,2026,0.9192,652.7,04330004F6E,7.902,3489,19.4,26.0,20.1,55.7,0.0,789.6,595.8,523.6,1018.5,732.2,628.4,651.0,609.0,0.9217,0.9852,582.3,480.7,455.3,39.9,161.0,742.5,517.9,498.6,466.3,432.3,403.8,362.3,328.1,371.7,422.2,1659.7,1252.3,1657.3,46.0,141.9,1684.0,1075.6,1002.3,956.6,976.4,973.6,1017.8,1174.6,1416.3,1635.4
FRA,26071a,F21552_26071a,FRA-21552,FELIX,X 302 MK2,X-YACHTS,JEPPESEN Nielsen,1994,50470 - CHERBOURG EN COTENTIN,,,,ORC,CLUB,C,505,16 03 2026 15:57:25,9.120,8.298,1.716,3.00,3500.,0.0,0.26,677.1,0.8158,735.5,0.9954,602.8,1110.0,890.2,770.2,699.5,662.0,639.7,614.7,0.0,0.0,0.0,0.0,0.0,0.0,0.0,853.7,700.8,623.2,580.5,556.7,540.1,516.6,0.0,0.0,0.0,0.0,0.0,0.0,0.0,1108.8,838.3,698.0,617.8,577.4,546.2,493.8,43.6,41.5,39.9,38.4,37.8,38.1,38.5,146.4,150.9,153.8,161.4,168.2,177.2,177.7,1121.6,924.6,821.7,769.6,749.7,740.9,738.8,733.2,622.2,571.5,547.4,535.4,530.2,525.7,695.5,598.6,556.9,535.2,522.5,516.0,510.0,674.2,583.9,545.7,524.1,508.6,497.1,484.7,688.3,585.8,539.3,515.8,502.5,488.9,464.7,693.3,579.7,533.5,506.4,483.8,464.1,437.6,720.0,595.9,540.9,511.1,486.3,462.9,420.2,804.7,650.0,568.0,529.0,501.8,476.7,427.3,951.1,741.7,625.0,559.9,525.9,500.7,453.5,1098.3,855.9,718.7,629.4,574.2,538.4,490.5,0.7719,1.0020,1.1206,0.5999,0.8224,0.9436,0.0,0.0000,2026,0.9160,655.0,04330004HS2,7.914,4188,20.4,27.5,25.7,59.3,0.0,777.3,598.8,535.4,1000.2,729.6,635.9,650.1,613.8,0.9230,0.9775,599.9,500.4,475.9,40.0,175.4,752.4,526.4,508.4,478.2,450.1,420.1,392.5,376.7,406.1,447.4,1613.2,1211.6,1615.2,46.4,141.9,1593.6,1011.4,939.2,894.9,923.0,968.1,1011.2,1165.3,1414.1,1632.8
FRA,26110b,F21637_26110b,FRA-21637,CHARRETTE III,SUN ODYSSEY 40 GTE,JEANNEAU SA,ANDRIEU Daniel,1998,17000 - LA ROCHELLE,,,,ORC,CLUB,C,740,16 03 2026 10:57:44,11.710,10.611,1.993,3.94,7963.,0.0,0.25,619.4,0.8889,675.0,1.0919,549.5,1032.4,823.9,708.9,641.3,604.4,581.5,555.1,0.0,0.0,0.0,0.0,0.0,0.0,0.0,791.9,645.5,569.2,527.6,504.6,489.3,468.7,0.0,0.0,0.0,0.0,0.0,0.0,0.0,1030.9,775.0,640.1,562.5,523.5,494.5,449.0,44.1,42.1,40.4,39.3,38.6,38.2,38.1,145.3,149.8,151.4,157.3,164.2,170.7,177.2,1046.6,856.1,755.8,704.8,683.9,673.2,664.6,680.1,571.9,518.5,493.9,483.0,478.0,472.5,642.8,548.0,503.3,481.9,470.6,465.5,459.4,619.7,532.6,492.6,471.6,458.4,449.3,439.4,632.4,537.5,492.6,469.5,453.8,440.8,421.9,646.1,532.5,482.6,457.5,439.4,425.0,407.7,666.4,546.0,488.6,460.0,439.1,420.4,390.5,742.5,594.2,514.8,475.1,450.8,429.7,390.9,881.8,685.6,573.8,507.7,473.4,450.8,411.4,1018.2,791.7,662.0,577.8,525.0,489.8,445.7,0.8349,1.0999,1.2361,0.6464,0.8957,1.0392,0.0,0.0000,2026,1.0023,598.6,04330004HQQ,9.795,9009,34.4,45.7,45.3,112.0,0.0,718.6,545.5,485.4,928.2,669.9,577.4,593.6,560.2,1.0108,1.0711,539.3,454.8,435.3,38.7,176.3,668.6,471.3,457.3,433.3,410.8,394.1,374.1,354.8,374.3,410.1,1502.3,1128.7,1502.8,46.9,138.2,1497.6,946.6,873.3,826.3,852.6,914.4,946.7,1082.1,1305.1,1507.0
FRA,26013a,F21714_26013a,FRA-21714,MACAYA,ILC 30 Mod,BREHORN - NL,JUDEL Friedrich,1996,83310 - GRIMAUD,,,,ORC,CLUB,R,514,16 03 2026 13:02:43,9.490,8.634,1.984,3.26,2695.,0.0,0.00,628.9,0.8771,684.0,1.0714,560.0,1028.5,824.2,712.9,651.5,619.7,598.8,566.8,0.0,0.0,0.0,0.0,0.0,0.0,0.0,791.1,649.4,579.7,541.4,517.9,500.0,471.5,0.0,0.0,0.0,0.0,0.0,0.0,0.0,1025.1,775.8,647.4,575.9,536.7,504.1,450.7,43.0,40.8,38.9,37.5,37.1,36.9,37.2,139.6,149.0,152.1,159.5,167.3,168.9,160.8,1063.3,868.0,767.8,722.7,706.5,698.3,694.9,701.1,590.0,540.8,518.8,509.4,504.0,498.9,667.7,569.6,528.2,506.4,494.5,488.2,481.2,648.8,557.3,518.7,494.5,476.4,464.4,452.3,634.4,541.4,508.9,493.4,471.1,451.8,424.2,625.5,530.7,491.3,464.1,445.6,430.7,404.2,643.8,541.0,496.4,462.8,433.7,408.4,375.2,718.6,582.7,519.9,482.5,448.1,413.7,346.5,860.6,675.9,571.0,515.2,481.1,449.4,384.0,993.7,780.4,658.0,580.4,532.8,499.4,438.8,0.8330,1.0766,1.2151,0.6477,0.8844,1.0134,0.0,0.0000,2026,0.9870,607.9,04330004HRL,8.586,3391,19.2,30.5,18.4,77.5,0.0,720.3,557.3,493.8,926.4,678.4,592.1,608.8,564.6,0.9856,1.0626,529.9,446.6,425.6,38.7,144.5,708.5,500.1,480.2,446.9,410.5,382.2,347.9,289.6,304.3,351.4,1480.1,1122.2,1475.8,45.3,139.2,1522.7,977.6,915.0,876.5,887.2,871.4,901.9,1031.7,1244.9,1437.5
FRA,26097a,F21840_26097a,FRA-21840,XCEPTION 2,X 362 Sport,X-YACHTS,JEPPESEN Nielsen,1993,22450 - KERMARIA-SULARD,,,,ORC,CLUB,C,640,27 03 2026 21:37:39,10.718,9.650,2.219,3.45,5023.,0.0,0.14,624.8,0.8822,680.1,1.0781,556.5,1021.0,819.0,709.7,648.9,614.5,593.0,566.7,0.0,0.0,0.0,0.0,0.0,0.0,0.0,785.8,645.6,574.9,536.9,514.5,499.0,477.0,0.0,0.0,0.0,0.0,0.0,0.0,0.0,1022.3,772.2,643.7,571.5,533.8,504.4,456.4,43.0,40.5,38.9,37.5,37.1,37.0,37.6,144.9,149.6,153.2,159.1,165.9,172.7,177.2,1008.0,832.6,743.5,703.9,689.3,682.1,677.4,665.4,567.3,522.8,503.2,495.1,490.8,486.4,634.0,548.2,510.5,491.8,482.1,477.3,471.5,614.6,536.1,501.6,481.1,466.8,457.8,448.3,628.7,540.7,501.2,479.6,462.0,447.2,427.5,648.8,539.8,494.6,467.8,446.5,429.8,409.9,673.4,555.1,502.0,472.3,448.3,426.8,390.8,756.6,608.2,530.6,491.6,464.8,440.5,394.3,895.5,697.4,587.4,524.2,489.6,464.5,419.4,1034.0,805.3,676.0,594.0,539.7,504.0,455.9,0.8384,1.0850,1.2130,0.6522,0.8892,1.0195,0.0,0.0000,2026,0.9919,604.9,04330004J81,9.326,5906,26.4,37.4,35.4,78.5,0.0,715.6,553.0,494.6,920.0,674.8,588.5,597.7,570.8,1.0039,1.0512,550.6,461.6,440.8,38.7,172.7,686.1,486.2,470.5,443.0,416.6,398.0,369.5,343.8,373.9,415.1,1482.1,1114.3,1487.6,45.8,139.7,1427.4,912.0,851.0,813.1,839.7,910.6,950.0,1098.9,1330.9,1536.8
FRA,26059a,F21857_26059a,FRA-21857,BLUE SKY,X 302 MK2,X-YACHTS,JEPPESEN Nielsen,1994,92100 - BOULOGNE BILLANCOURT,,,,ORC,CLUB,C,506,03 03 2026 08:26:02,9.120,8.306,1.718,3.00,3532.,0.0,0.32,689.6,0.8019,748.2,0.9808,611.8,1144.6,914.2,788.5,711.2,667.0,642.5,616.9,0.0,0.0,0.0,0.0,0.0,0.0,0.0,881.0,718.1,635.2,588.1,560.7,543.4,519.0,0.0,0.0,0.0,0.0,0.0,0.0,0.0,1142.3,859.9,712.9,626.4,581.5,549.8,497.1,43.9,41.9,40.4,38.8,37.9,38.0,38.4,146.7,151.2,154.7,161.0,167.8,176.8,178.1,1167.1,957.0,846.1,782.0,751.9,740.6,737.4,761.3,640.3,582.5,553.4,538.1,530.2,525.4,721.7,613.8,565.8,541.0,525.8,516.5,509.7,699.3,597.5,553.4,529.9,513.1,500.1,484.2,712.2,593.9,543.3,518.0,502.0,493.2,467.8,709.6,589.5,539.0,511.1,488.2,467.8,437.1,738.4,607.6,547.6,516.6,492.3,469.5,426.3,827.8,665.2,578.4,535.8,508.5,484.0,436.2,971.7,755.2,636.6,568.5,532.2,506.9,461.1,1122.1,871.4,730.9,640.4,582.1,544.4,496.3,0.7504,0.9872,1.1141,0.5829,0.8077,0.9390,0.0,0.0000,2026,0.9014,665.6,04330004FEH,7.799,4218,20.4,26.1,22.8,53.5,0.0,799.6,607.8,538.6,1029.3,742.9,639.0,660.6,623.8,0.9082,0.9619,602.7,502.8,477.4,39.8,176.8,750.9,526.0,508.1,477.8,450.3,419.8,392.9,388.2,415.4,454.5,1673.6,1260.2,1673.6,46.4,142.8,1673.4,1062.9,987.2,941.5,971.7,995.6,1043.6,1206.1,1449.6,1673.8
FRA,26034a,F22344_26034a,FRA-22344,SEVEN SPIRIT,SURPRISE Q,ARCHAMBAULT,JOUBERT/NIVELT,1977,85340 - OLONNE SUR MER,,,,ORC,CLUB,S,382,23 02 2026 22:03:52,7.640,6.954,1.581,2.38,1325.,0.0,0.16,699.5,0.7881,761.3,0.9630,623.0,1139.3,915.1,793.7,724.7,690.6,668.2,634.9,0.0,0.0,0.0,0.0,0.0,0.0,0.0,878.5,723.1,645.7,602.1,576.0,556.1,524.4,0.0,0.0,0.0,0.0,0.0,0.0,0.0,1139.5,862.8,721.3,640.7,597.7,560.7,497.3,42.6,40.7,38.4,36.8,36.7,36.7,37.2,146.7,151.2,153.2,161.9,170.0,171.8,167.6,1138.2,941.2,840.7,797.9,784.3,777.4,774.9,753.2,642.8,597.8,576.4,567.1,561.7,555.3,718.9,622.8,584.3,561.8,549.3,542.6,533.3,700.0,611.0,572.8,545.5,525.3,513.2,499.0,712.5,605.3,562.2,538.4,515.6,494.5,467.0,709.5,600.6,552.6,515.6,487.0,465.0,433.7,738.9,615.3,562.1,521.0,486.0,452.0,398.5,840.4,674.7,589.6,546.6,508.6,473.0,395.5,987.7,770.5,648.8,581.9,542.7,507.8,440.0,1140.5,889.0,746.7,651.5,596.8,559.0,494.9,0.7492,0.9674,1.0925,0.5841,0.7947,0.9073,0.0,0.0000,2026,0.8873,676.2,04330004CCE,6.979,1842,13.4,18.9,16.0,41.1,0.0,800.9,620.2,549.2,1027.2,755.0,661.3,674.4,634.3,0.8897,0.9460,595.8,493.2,467.2,38.8,141.6,789.4,555.4,530.5,491.2,450.3,406.4,362.1,302.6,348.3,402.1,1649.0,1240.9,1653.2,45.3,134.4,1607.4,1031.4,965.5,926.3,956.2,990.8,1034.7,1195.5,1464.1,1690.6
FRA,26181b,F24489_26181b,FRA-24489,DARE DARE,X 99,X-YACHT,JEPPESEN Nielsen,1985,56350 - BEGANNE,,,,ORC,CLUB,R,521,13 03 2026 16:18:42,9.960,8.692,1.799,2.99,3117.,0.0,0.08,631.7,0.8711,688.8,1.0593,566.4,1004.2,808.9,710.7,661.7,632.5,613.1,583.9,0.0,0.0,0.0,0.0,0.0,0.0,0.0,775.7,642.4,581.1,550.2,530.5,515.1,490.0,0.0,0.0,0.0,0.0,0.0,0.0,0.0,1001.9,763.3,647.1,585.3,549.7,519.5,468.9,43.3,40.8,38.8,37.9,37.7,37.9,38.3,144.9,149.2,153.8,161.0,167.8,171.8,165.1,1026.2,846.4,768.1,741.3,728.9,722.0,718.5,674.1,577.5,540.8,527.0,520.4,516.2,512.1,641.1,559.2,527.6,513.5,506.6,501.8,496.5,621.5,547.3,516.7,499.3,487.8,480.6,470.9,634.8,550.3,515.5,494.0,477.6,464.7,445.3,629.8,536.6,501.3,479.3,464.1,451.0,435.1,648.0,545.3,503.3,475.4,451.5,429.5,397.3,721.4,585.1,524.0,489.3,459.0,428.7,363.4,850.5,668.1,568.9,518.9,487.3,458.3,396.3,982.1,771.4,653.2,582.2,536.1,504.2,449.3,0.8462,1.0652,1.1775,0.6619,0.8785,0.9885,0.0,0.0000,2026,0.9783,613.3,04330004HNH,8.404,3831,20.4,30.5,26.2,76.7,0.0,709.1,563.3,509.6,906.5,683.0,607.0,613.6,568.3,0.9779,1.0557,557.6,470.2,451.2,40.3,146.6,739.5,514.6,497.9,466.9,433.3,403.8,384.0,313.8,325.3,375.6,1446.3,1093.5,1445.4,46.0,141.3,1455.7,927.3,863.0,822.6,848.3,877.8,907.7,1036.8,1244.4,1436.9
FRA,26069a,F25577_26069a,FRA-25577,JIBOULIX,X 362 Sport,X-YACHTS,JEPPESEN Nielsen,1993,78400 - CHATOU,,,,ORC,CLUB,C,640,03 03 2026 10:38:32,10.718,9.650,2.219,3.45,5023.,0.0,0.09,622.8,0.8846,678.3,1.0807,555.2,1015.0,815.0,707.2,647.8,613.7,592.4,565.8,0.0,0.0,0.0,0.0,0.0,0.0,0.0,781.3,642.7,573.2,536.0,513.8,498.4,476.4,0.0,0.0,0.0,0.0,0.0,0.0,0.0,1016.4,768.6,641.6,570.5,533.1,503.8,455.8,42.5,40.4,38.8,37.5,37.1,37.1,37.6,144.9,149.4,153.2,159.0,166.2,173.6,177.2,1001.8,828.4,741.3,703.7,689.3,682.1,677.0,661.8,564.9,521.5,502.8,495.1,490.9,486.2,630.7,546.3,509.4,491.3,482.2,477.5,471.3,611.5,534.4,500.6,480.4,466.5,458.0,448.2,625.0,538.6,500.3,478.7,460.9,446.3,427.2,645.6,537.9,493.4,466.8,445.6,429.2,409.6,669.8,552.8,500.6,471.1,447.2,425.7,390.2,752.0,605.2,528.8,490.4,463.6,439.2,392.8,890.5,694.2,584.9,522.6,488.4,463.3,418.0,1028.3,801.5,673.1,591.8,538.1,502.6,454.5,0.8427,1.0875,1.2145,0.6557,0.8915,1.0209,0.0,0.0000,2026,0.9945,603.3,04330004FF6,9.328,5906,26.4,39.2,35.5,78.4,0.0,712.0,551.7,494.0,915.1,673.0,587.7,596.3,568.9,1.0062,1.0546,549.5,460.7,440.1,38.7,171.8,685.4,485.8,470.3,442.7,415.9,398.1,369.1,341.8,371.9,413.6,1471.8,1106.5,1477.3,45.9,139.4,1417.3,905.3,844.8,807.0,832.9,904.9,943.8,1091.1,1321.9,1526.4
FRA,26369a,F25683_26369a,FRA-25683,SUEIRO,ELAN 31GTEQfonte,ELAN MARINE,HUMPHREYS Rob,2002,SPAIN,,,,ORC,CLUB,C,549,28 06 2026 21:11:17,9.200,8.585,1.875,3.20,4289.,0.0,0.26,680.4,0.8101,740.7,0.9888,606.8,1102.9,889.2,774.0,707.4,669.7,646.4,620.2,0.0,0.0,0.0,0.0,0.0,0.0,0.0,851.8,702.5,626.0,585.1,562.0,546.1,524.3,0.0,0.0,0.0,0.0,0.0,0.0,0.0,1102.8,838.3,701.4,623.2,583.0,552.2,502.0,43.1,40.8,39.4,38.6,38.2,37.9,38.0,146.7,151.4,155.2,161.2,167.8,177.2,178.6,1104.0,917.4,822.2,777.8,760.3,751.5,745.7,727.3,621.9,572.3,549.9,540.3,535.5,530.4,693.1,599.0,557.3,536.8,526.3,521.2,515.0,674.0,584.4,545.7,524.8,511.2,502.0,491.7,687.2,589.3,541.6,518.6,504.8,490.9,471.3,701.5,585.7,535.9,509.2,488.6,471.2,449.6,728.9,603.8,544.2,514.0,491.3,470.6,434.8,813.8,659.7,575.2,532.8,506.4,483.3,440.0,954.3,746.6,632.7,565.6,529.3,504.9,462.1,1101.9,861.1,725.7,637.0,579.0,541.3,494.7,0.7720,0.9954,1.1072,0.6024,0.8160,0.9340,0.0,0.0000,2026,0.9102,659.2,04330004U9M,7.978,5036,21.2,30.1,27.4,56.8,0.0,777.2,602.8,541.9,996.0,735.3,642.4,653.8,618.7,0.9177,0.9698,605.3,510.3,486.8,38.9,178.1,754.8,530.1,513.2,485.7,459.4,435.3,413.8,401.3,421.3,455.7,1593.7,1199.3,1597.9,46.0,142.1,1551.3,989.0,922.7,882.4,909.2,972.6,1017.6,1175.0,1416.9,1636.1
FRA,26065a,F25827_26065a,FRA-25827,LOONY CAT,ELAN 333 GTE,ELAN MARINE,HUMPHREYS Rob,1998,34980 - SAINT CLEMENT de RIVIERE,,,,ORC,CLUB,C,600,11 03 2026 10:42:16,10.025,9.233,1.909,3.43,4940.,0.0,0.25,655.6,0.8384,715.6,1.0292,583.0,1084.8,868.4,750.7,680.2,642.9,620.2,594.6,0.0,0.0,0.0,0.0,0.0,0.0,0.0,830.4,679.2,603.1,560.8,537.5,521.8,500.0,0.0,0.0,0.0,0.0,0.0,0.0,0.0,1081.4,815.5,677.7,597.9,557.6,527.5,478.8,43.9,41.6,40.1,39.0,38.5,38.2,38.2,145.6,150.1,151.8,159.5,166.4,174.5,177.7,1118.2,916.7,813.3,758.4,735.9,724.8,718.1,729.9,615.0,559.6,533.0,520.6,514.9,509.4,692.1,589.2,542.9,519.8,507.4,501.0,494.6,670.6,569.7,526.8,507.7,493.6,483.7,472.5,644.9,549.4,510.8,490.0,475.9,466.3,454.1,663.9,553.5,509.5,484.0,463.1,444.7,417.0,686.3,567.1,515.2,487.6,465.6,445.8,407.5,764.5,617.2,539.5,502.9,478.2,455.5,412.0,910.5,710.4,596.9,532.9,500.9,477.9,435.2,1051.4,820.1,688.1,602.0,549.8,515.7,471.0,0.7949,1.0364,1.1593,0.6144,0.8450,0.9736,0.0,0.0000,2026,0.9453,634.7,04330004HDV,8.493,5760,24.2,32.7,25.8,79.7,59.2,754.8,578.9,517.6,976.6,710.1,616.3,632.5,589.0,0.9486,1.0187,579.2,484.5,461.0,39.1,175.3,726.3,509.0,492.9,466.7,441.8,399.6,377.4,371.4,392.5,432.1,1578.8,1184.5,1576.1,46.6,137.5,1606.3,1020.4,947.8,903.5,880.9,922.4,965.2,1107.5,1343.5,1551.4
FRA,26107a,F2587B_26107a,FRA-2587B,XCEPTION,X-3/4 TON MK II,X-YACHTS,JEPPESEN Nielsen,1983,,,,,ORC,CLUB,R,481,27 02 2026 08:45:45,10.034,8.336,1.864,3.35,3517.,0.0,0.00,675.3,0.8059,744.5,0.9983,601.0,1120.8,896.4,774.5,705.8,672.6,655.4,642.6,0.0,0.0,0.0,0.0,0.0,0.0,0.0,853.7,698.1,620.0,577.7,555.3,540.1,523.0,0.0,0.0,0.0,0.0,0.0,0.0,0.0,1114.0,840.0,697.7,617.7,577.0,544.4,489.0,45.6,43.8,42.5,41.4,41.4,42.4,44.6,145.7,150.9,154.3,162.6,170.4,177.2,176.8,1188.8,970.1,857.2,804.3,790.6,791.3,818.0,759.6,633.7,574.4,548.0,537.5,534.8,537.8,708.1,601.2,553.9,530.8,519.4,515.2,513.4,671.4,578.2,537.9,515.1,499.8,489.1,479.2,674.5,569.4,525.7,503.3,491.3,474.8,449.9,666.1,560.8,517.1,488.9,463.9,442.6,418.2,689.3,574.3,524.1,493.1,465.1,438.9,397.4,769.7,623.0,550.1,512.3,482.8,454.1,402.8,911.7,713.0,602.5,542.8,508.9,481.1,428.2,1052.8,822.7,691.8,607.2,554.7,519.5,467.1,0.7733,1.0063,1.1163,0.5949,0.8149,0.9162,0.0,0.0000,2026,0.9161,655.0,04330004F6K,7.615,4181,21.2,33.2,28.9,64.3,0.0,775.9,596.2,537.5,1008.6,736.3,654.9,658.5,600.3,0.9112,0.9995,647.9,517.2,476.7,48.2,175.4,875.5,552.6,518.9,475.5,437.3,400.6,368.8,340.4,377.4,420.4,1628.5,1216.0,1620.3,48.0,138.7,1710.8,1071.3,975.1,904.5,914.8,927.5,963.6,1107.7,1339.2,1546.3
FRA,26365a,F25_26365a,FRA-25JI8,CUTTY-TOU,8 Mètres JI,CAMPER & NICHOLSON,CAMPER & NICHOLSON,1929,33260  -  LA TEST DU BUECH,,,,ORC,CLUB,C,617,24 06 2026 21:36:12,14.201,9.997,2.012,2.52,8700.,0.0,0.20,605.6,0.8989,667.4,1.1015,544.7,951.4,788.4,700.4,644.1,608.5,584.0,552.5,0.0,0.0,0.0,0.0,0.0,0.0,0.0,730.5,619.3,562.9,529.6,508.9,493.9,471.7,0.0,0.0,0.0,0.0,0.0,0.0,0.0,955.0,743.2,632.7,564.8,527.6,498.3,453.8,41.9,40.4,39.2,38.5,37.9,37.3,36.7,138.5,150.1,151.9,158.8,166.4,174.5,178.6,916.2,794.3,741.2,712.0,693.2,680.4,662.4,611.3,542.0,515.5,501.4,493.5,487.1,478.1,584.0,524.2,499.2,487.0,479.7,474.0,465.6,566.6,511.2,485.8,472.3,464.0,457.7,447.0,573.6,511.7,481.2,464.3,452.3,442.4,426.9,613.8,522.7,480.9,459.1,444.5,434.3,416.6,633.9,534.6,486.3,460.0,440.8,422.6,401.5,709.7,581.2,512.8,475.6,451.9,430.7,395.2,854.5,677.8,572.1,508.7,474.4,451.6,411.0,986.7,782.5,659.6,576.2,523.7,487.7,442.7,0.8890,1.1049,1.2261,0.6897,0.9009,1.0375,0.0,0.0000,2026,1.0122,592.8,04330004U2T,9.397,9605,31.8,66.2,53.2,93.5,0.0,674.9,543.0,489.4,869.9,666.0,578.3,585.5,554.0,1.0248,1.0830,532.3,456.2,439.5,37.1,178.6,658.6,473.1,460.2,439.4,414.3,398.6,389.0,365.7,379.0,406.0,1327.6,992.9,1335.7,45.5,139.0,1245.8,798.2,744.1,707.2,717.9,816.8,871.3,1008.2,1220.5,1409.3
FRA,26015a,F27043_26015a,FRA-27043,QUASAR,FIGARO ONE,BENETEAU SA,FINOT Jean Marie,1989,33610 - CANEJAN,,,,ORC,CLUB,R,525,05 03 2026 07:13:33,9.147,8.545,1.796,3.23,2730.,0.0,0.06,642.0,0.8433,711.5,1.0449,574.2,1032.3,833.3,730.5,682.4,657.1,639.0,608.7,0.0,0.0,0.0,0.0,0.0,0.0,0.0,795.4,656.6,590.2,556.4,535.7,520.3,493.1,0.0,0.0,0.0,0.0,0.0,0.0,0.0,1029.8,784.8,661.5,594.0,556.7,524.3,468.2,43.7,41.2,39.3,38.5,38.4,38.5,39.8,143.3,147.3,149.2,152.5,157.0,158.4,143.5,1057.0,871.1,784.3,754.6,743.9,739.5,742.6,691.1,590.2,547.7,531.0,524.6,520.8,517.8,656.7,570.0,533.7,516.2,508.8,503.9,498.2,638.1,557.2,522.8,501.0,486.0,477.7,466.4,652.6,555.0,514.9,488.8,471.1,460.0,440.0,639.6,540.3,497.9,467.3,444.8,429.1,394.0,656.7,548.8,503.1,468.2,438.3,411.2,371.3,735.5,594.0,528.2,491.0,457.7,424.7,354.8,872.6,688.9,586.1,530.4,498.6,470.4,411.1,1007.6,795.5,676.7,610.1,570.3,538.6,474.8,0.8264,1.0510,1.1674,0.6432,0.8515,0.9491,0.0,0.0000,2026,0.9611,624.3,04330004FLW,8.188,3454,20.3,25.6,31.1,0.0,80.4,726.0,570.9,514.0,932.8,704.6,632.2,623.8,580.1,0.9618,1.0343,566.4,465.1,439.1,40.8,141.5,766.6,521.9,500.2,462.0,426.7,367.8,335.0,281.9,317.2,366.3,1485.1,1122.9,1483.7,46.3,139.8,1498.9,953.1,886.8,846.4,875.5,899.8,927.2,1055.2,1274.2,1471.3
FRA,26275a,F27556_26275a,FRA-27556,IMAGINE,MISTRAL 750,AMC MARINE,PERILLAT Frederic,2005,22380 - St CAST LE GUILDO,,,,ORC,CLUB,S,385,23 04 2026 09:12:16,7.500,7.058,1.701,2.79,1400.,0.0,0.00,683.9,0.8053,745.0,0.9847,609.3,1108.5,894.8,779.6,709.4,674.5,653.1,623.5,0.0,0.0,0.0,0.0,0.0,0.0,0.0,855.7,709.2,634.7,589.2,562.0,540.7,508.2,0.0,0.0,0.0,0.0,0.0,0.0,0.0,1108.0,844.2,708.5,626.9,583.3,545.1,479.1,43.0,40.8,38.8,37.5,37.1,37.1,38.0,146.6,150.9,153.7,161.5,169.1,171.8,161.3,1113.5,925.8,829.6,778.5,762.3,756.6,762.6,735.5,632.3,586.6,561.0,548.5,543.2,539.4,703.2,612.9,573.7,547.8,531.2,524.5,517.2,685.5,601.6,563.5,535.3,511.9,496.3,481.4,698.8,599.9,553.2,525.3,507.1,482.2,444.9,698.0,592.0,544.2,506.5,473.0,446.5,410.7,720.9,605.6,552.8,512.7,474.9,434.4,374.9,801.7,655.6,578.9,536.7,499.0,460.0,379.1,955.6,748.6,634.4,571.2,533.1,498.4,423.6,1103.4,863.8,729.6,640.4,586.6,549.7,484.4,0.7668,0.9875,1.1239,0.5990,0.8113,0.9268,0.0,0.0000,2026,0.9080,660.8,04330004MN9,7.209,1924,14.1,19.1,20.0,47.7,0.0,782.5,607.6,533.9,1001.7,739.6,647.4,659.1,620.3,0.9103,0.9673,572.8,471.8,444.4,39.7,140.5,775.9,540.1,516.5,473.5,423.0,383.4,336.2,275.2,320.1,369.7,1587.2,1198.8,1589.5,45.7,136.9,1563.9,1001.5,937.8,899.3,926.8,968.3,1003.9,1146.6,1394.7,1610.4
FRA,26086a,F27600_26086a,FRA-27600,EL CHICO,J 109,J-COMPOSITE,JOHNSTONE Rodney,2001,20021 - BOLLATE MILANO    (ITALIA),,,,ORC,CLUB,C,632,09 03 2026 14:52:11,10.757,9.721,2.152,3.52,5329.,0.0,0.21,624.6,0.8772,684.0,1.0803,555.4,1028.3,825.3,713.4,651.1,618.4,597.6,571.8,0.0,0.0,0.0,0.0,0.0,0.0,0.0,791.5,647.1,574.1,534.8,512.3,496.9,474.2,0.0,0.0,0.0,0.0,0.0,0.0,0.0,1022.6,775.1,644.5,569.7,531.5,502.3,454.5,43.6,41.5,39.8,38.2,37.2,37.1,37.1,143.3,147.5,149.7,152.2,157.0,161.4,161.9,1084.8,882.6,774.0,714.1,688.3,676.8,668.4,709.3,592.7,535.2,507.7,495.0,489.2,483.6,672.0,568.2,520.1,496.4,483.6,476.7,470.3,649.8,553.1,509.5,486.9,471.6,461.0,449.5,635.8,532.5,491.8,473.0,462.7,454.0,432.1,624.3,521.6,480.8,456.0,436.2,420.3,399.2,640.1,531.7,486.2,458.9,435.2,413.5,377.2,710.3,575.9,510.1,476.8,450.9,426.6,378.3,841.5,665.1,565.4,511.1,481.7,459.8,418.8,971.7,768.0,652.9,588.2,548.5,518.3,475.1,0.8341,1.0876,1.2189,0.6474,0.8847,1.0116,0.0,0.0000,2026,0.9930,604.2,04330004H8A,9.233,6198,26.6,35.7,28.5,0.0,93.8,719.3,551.7,492.2,926.8,678.2,593.1,602.7,562.9,0.9955,1.0660,552.0,455.7,437.0,37.9,141.3,672.0,482.4,468.7,443.8,418.7,381.8,353.1,317.8,374.0,431.9,1490.0,1128.1,1482.9,46.3,139.4,1560.7,993.7,923.2,878.0,891.5,871.1,898.0,1017.7,1229.1,1419.2
FRA,26284a,F27691_26284a,FRA-27691,WEEKEND MILLIONAIRE 3,GRANDSOLEIL37BRaci,DEL PARDO,BOTIN & CARKEEK,2005,13420 GEMENOS,,,,ORC,CLUB,C,697,24 04 2026 05:46:59,11.317,10.352,2.321,3.67,6973.,0.0,0.20,608.4,0.9074,661.3,1.1081,541.5,997.9,800.9,691.7,629.2,595.9,574.9,549.5,0.0,0.0,0.0,0.0,0.0,0.0,0.0,768.4,629.5,558.7,521.3,500.3,486.1,466.2,0.0,0.0,0.0,0.0,0.0,0.0,0.0,995.7,753.8,626.3,554.8,518.7,491.0,448.1,43.1,40.8,39.4,38.0,37.4,37.2,37.6,144.9,149.4,151.5,158.4,165.7,172.3,176.8,1019.3,836.0,739.2,693.4,675.9,666.6,659.0,670.4,565.5,514.5,492.5,483.7,478.9,473.8,637.2,544.0,501.0,481.0,471.4,466.5,460.8,616.6,530.3,491.5,470.9,457.9,449.7,441.1,626.2,525.7,485.7,469.9,454.0,440.9,423.2,617.4,515.5,474.4,452.3,436.6,426.4,410.0,635.9,527.8,479.9,454.0,433.2,415.5,392.0,708.9,573.5,503.6,469.1,445.0,423.0,382.3,845.6,663.2,558.6,498.7,467.9,445.5,404.1,976.4,765.8,644.2,565.1,515.9,483.3,439.9,0.8584,1.1162,1.2443,0.6671,0.9146,1.0515,0.0,0.0000,2026,1.0194,588.6,04330004MW7,9.813,7937,29.9,46.6,32.9,111.3,0.0,699.0,537.5,482.2,899.4,656.0,570.6,585.5,549.7,1.0248,1.0916,533.2,452.0,434.4,38.5,172.6,663.9,472.9,459.1,436.7,413.6,396.8,375.6,342.0,364.0,402.5,1434.4,1083.4,1432.8,45.8,139.2,1449.8,924.3,860.5,819.1,844.1,858.7,889.1,1017.9,1228.8,1418.9
FRA,26282c,F2775_26282c,FRA-2775,ALBATOR 3,Botin 44,ML Boats,BOTIN Partners,2020,69300 - CALUIRE,,,,ORC,INTL,R,875,23 07 2026 11:22:28,13.405,12.893,3.142,4.03,4934.,138.2,0.00,459.9,1.1667,514.3,1.4627,410.2,742.7,603.9,540.0,501.3,470.5,442.9,399.6,0.0,0.0,0.0,0.0,0.0,0.0,0.0,570.5,477.6,432.1,401.0,376.4,356.1,325.8,0.0,0.0,0.0,0.0,0.0,0.0,0.0,741.9,569.6,486.9,431.5,392.6,358.5,305.4,43.0,40.0,38.1,37.0,36.3,36.0,35.8,141.1,142.2,147.6,149.4,145.1,145.1,144.5,750.5,626.6,579.2,556.1,542.4,533.2,522.5,493.3,430.0,406.7,392.3,381.8,373.9,362.5,467.7,415.6,389.9,374.2,362.8,354.3,341.8,451.0,404.4,372.4,350.4,336.4,325.0,308.2,454.8,403.1,372.0,341.5,318.0,301.8,278.8,463.1,402.9,361.4,328.4,305.1,287.2,256.8,483.3,407.8,361.8,329.5,298.2,273.4,241.3,532.3,428.9,380.1,336.7,297.8,267.2,230.2,636.4,503.4,433.6,386.7,345.1,305.4,239.7,734.8,581.3,500.7,446.5,398.5,352.6,276.7,1.1449,1.4577,1.7151,0.8912,1.1650,1.3839,0.0,0.0000,2026,1.3399,447.8,04330004VKJ,13.657,6226,34.4,74.9,52.9,0.0,222.9,524.1,411.6,349.8,673.2,515.0,433.6,450.2,411.0,1.3328,1.4598,371.5,304.8,284.9,37.0,149.0,525.1,358.7,335.1,297.1,263.2,228.8,221.0,190.6,188.8,218.0,1067.8,802.7,1068.4,45.4,139.7,1062.4,678.8,628.3,590.1,602.3,635.4,680.3,772.8,929.5,1073.3
FRA,26026a,F27834_26026a,FRA-27834,MADMAX,MISTRAL 750,AMC MARINE,PERILLAT Frederic,2005,34400 - SAINT SERIES,,,,ORC,CLUB,S,382,22 04 2026 21:31:20,7.500,7.039,1.697,2.79,1360.,0.0,0.00,679.8,0.8060,744.4,0.9898,606.2,1100.4,890.8,778.9,710.0,675.8,654.1,620.0,0.0,0.0,0.0,0.0,0.0,0.0,0.0,847.1,704.0,631.8,587.2,559.7,537.8,503.3,0.0,0.0,0.0,0.0,0.0,0.0,0.0,1097.2,838.8,706.4,625.7,580.8,541.1,474.2,43.1,41.1,39.4,38.3,38.0,38.0,39.1,146.0,150.9,153.8,162.4,169.6,170.4,155.2,1132.3,941.4,845.3,792.9,776.1,769.8,775.5,747.2,639.5,591.7,565.0,551.9,545.9,541.6,712.8,617.9,577.0,550.6,533.2,525.2,517.6,693.0,604.6,565.0,536.2,511.9,494.8,478.7,681.3,586.8,544.8,523.3,505.3,479.1,437.5,674.0,578.7,532.4,494.7,464.1,442.9,406.7,695.3,590.4,540.5,499.4,458.6,418.6,371.1,771.9,636.6,566.7,524.0,484.2,440.1,353.1,925.4,728.2,619.7,559.8,520.8,484.3,405.1,1068.6,840.3,712.5,627.0,575.5,538.3,464.6,0.7736,0.9918,1.1313,0.6026,0.8114,0.9277,0.0,0.0000,2026,0.9121,657.8,04330004ML0,7.066,1878,14.0,22.6,13.8,51.4,0.0,775.6,605.0,530.4,995.7,739.5,646.8,661.3,610.4,0.9073,0.9830,563.4,466.6,437.5,40.7,142.7,788.9,542.3,516.7,472.1,417.6,379.3,331.3,267.4,292.6,337.9,1567.4,1187.0,1564.3,45.6,137.3,1598.0,1024.1,958.1,916.6,939.6,928.1,961.5,1098.8,1330.8,1536.7
FRA,26162b,F27958_26162b,FRA-27958,FUGUE,X 37 Sport,X-YACHTS,JEPPESEN Nielsen,2004,44500 - LA BAULE,,,,ORC,CLUB,C,669,10 07 2026 13:21:39,11.345,10.133,2.310,3.47,6407.,0.0,0.17,607.9,0.9072,661.4,1.1066,542.2,986.6,794.6,689.2,631.4,599.2,578.6,552.8,0.0,0.0,0.0,0.0,0.0,0.0,0.0,761.4,626.6,558.5,523.2,502.8,488.6,468.1,0.0,0.0,0.0,0.0,0.0,0.0,0.0,984.5,748.4,625.0,556.9,521.2,493.2,449.8,43.0,40.7,39.3,38.0,37.5,37.3,37.8,144.6,149.2,152.3,158.6,165.9,172.5,176.3,1007.0,830.0,737.9,697.6,681.6,672.6,665.2,664.0,563.1,514.7,494.6,486.5,481.8,476.8,631.5,542.5,501.6,482.8,473.9,469.1,463.3,610.4,529.0,492.5,472.3,459.5,451.5,442.7,623.0,527.5,488.7,471.5,455.4,442.1,424.2,614.9,516.4,476.5,454.2,439.0,428.8,411.8,632.9,527.3,481.7,455.6,434.3,415.9,393.0,706.0,571.5,504.0,470.4,445.9,423.1,380.5,836.7,657.5,555.8,499.5,469.3,446.3,402.9,966.1,759.3,640.5,565.2,516.9,484.6,440.5,0.8646,1.1143,1.2385,0.6737,0.9143,1.0451,0.0,0.0000,2026,1.0189,588.9,04330004V34,9.649,7332,28.7,43.3,33.7,108.9,0.0,694.0,538.5,484.5,890.6,656.2,574.1,586.3,549.5,1.0234,1.0919,537.1,453.7,436.0,38.9,169.8,673.0,476.5,462.9,438.5,414.2,398.1,375.9,335.1,359.9,401.2,1419.9,1072.7,1419.0,45.9,140.4,1429.0,911.4,849.0,808.7,833.6,855.1,885.3,1014.3,1221.9,1410.9
FRA,26171a,F28381_26171a,FRA-28381,JUST A RABBIT,DEHLER 34 cruising,DEHLER YACHTBAU,JUDEL Friedrich,2001,35340 - LIFFRE,,,,ORC,CLUB,C,668,13 03 2026 14:05:54,10.222,9.849,1.891,3.22,5160.,0.0,0.28,644.7,0.8537,702.8,1.0477,572.7,1066.9,852.5,736.7,669.3,631.4,608.0,580.7,0.0,0.0,0.0,0.0,0.0,0.0,0.0,820.8,669.0,592.4,551.0,527.1,510.9,489.0,0.0,0.0,0.0,0.0,0.0,0.0,0.0,1063.9,801.6,665.4,587.5,546.9,516.2,467.8,44.0,41.7,40.1,39.2,38.6,38.3,38.3,145.3,149.8,153.2,158.4,165.6,172.7,177.2,1097.0,896.8,794.1,741.6,720.0,708.8,700.9,714.3,601.0,545.5,519.5,507.5,501.9,496.4,676.4,575.2,528.8,506.0,494.0,487.8,481.3,654.7,558.4,516.2,494.3,479.6,469.1,457.8,664.9,556.7,510.0,489.9,475.0,460.3,439.2,658.5,545.8,499.6,474.4,454.7,440.5,422.6,681.8,560.7,505.8,477.1,453.8,434.4,404.0,761.1,611.8,533.5,494.4,468.4,445.1,401.9,898.0,699.9,590.2,526.4,492.3,468.0,425.1,1036.9,808.2,679.2,597.0,542.8,507.3,460.6,0.8055,1.0551,1.1840,0.6252,0.8602,0.9940,0.0,0.0000,2026,0.9628,623.2,04330004HMM,8.979,6068,25.3,34.3,26.3,74.9,0.0,744.9,568.7,506.8,959.7,697.5,603.6,621.0,580.9,0.9663,1.0328,564.7,474.3,453.0,39.1,175.4,707.5,496.0,480.4,452.3,427.4,414.7,385.4,355.6,381.0,421.8,1561.2,1175.6,1559.5,46.8,138.8,1578.2,999.9,927.4,882.6,911.5,925.2,962.4,1107.8,1337.2,1544.1
FRA,26185a,F28415_26185a,FRA-28415,IMAJINE,J 109,J-COMPOSITE,JOHNSTONE Rodney,2001,69110 - SAINTE FOY LES LYON,,,,ORC,CLUB,C,618,16 03 2026 15:09:05,10.757,9.617,2.131,3.52,4953.,0.0,0.19,619.7,0.8854,677.7,1.0875,551.7,1014.5,816.0,706.6,647.6,612.5,590.7,563.8,0.0,0.0,0.0,0.0,0.0,0.0,0.0,781.2,640.3,569.6,532.4,510.0,494.4,471.2,0.0,0.0,0.0,0.0,0.0,0.0,0.0,1009.1,766.6,638.9,567.1,529.3,499.4,451.4,43.4,41.4,39.8,38.3,37.7,37.7,37.9,143.3,147.3,149.4,152.5,165.9,172.3,173.6,1068.7,872.1,767.5,714.5,694.4,684.5,678.0,700.1,587.1,532.3,507.0,495.8,490.7,485.7,664.4,563.9,518.0,495.4,483.5,477.6,471.5,643.5,549.6,507.6,485.3,470.1,459.7,449.1,629.4,529.1,491.4,475.6,464.9,451.3,429.0,614.3,516.1,477.2,452.8,433.9,420.9,399.3,629.2,524.4,481.4,453.5,429.4,407.8,376.2,701.9,567.2,503.8,471.1,443.8,418.1,365.3,831.6,658.1,559.1,505.1,476.6,453.6,409.0,960.3,759.9,645.6,580.8,530.7,496.9,449.7,0.8442,1.0945,1.2255,0.6556,0.8922,1.0237,0.0,0.0000,2026,0.9999,600.1,04330004HRS,9.177,5805,26.0,35.4,28.5,90.7,105.9,710.7,548.2,489.6,915.2,672.5,586.1,600.1,556.4,0.9998,1.0783,543.6,451.2,432.3,38.9,141.3,685.3,485.5,470.8,443.8,416.3,381.3,351.1,301.2,348.1,402.0,1465.5,1111.2,1458.9,45.9,139.8,1532.3,976.8,909.3,867.1,882.4,860.4,886.4,1003.5,1211.3,1398.7
FRA,26206a,F28471_26206a,FRA-28471,JSQUARRED,J 105,TILLOTSON-PEARSON,JOHNSTONE Rodney,1991,92210 - SAINT CLOUD,,,,ORC,CLUB,R,644,20 03 2026 07:34:58,10.570,9.728,2.002,3.34,3910.,0.0,0.18,614.8,0.8892,674.8,1.0970,546.9,1009.4,809.6,701.1,643.2,614.2,593.8,559.1,0.0,0.0,0.0,0.0,0.0,0.0,0.0,777.0,635.5,565.6,528.0,505.7,488.5,460.1,0.0,0.0,0.0,0.0,0.0,0.0,0.0,1003.4,760.4,634.1,562.6,524.9,492.9,440.2,43.5,41.5,39.7,38.0,37.3,37.0,37.2,143.0,146.9,149.7,152.4,155.8,155.4,144.7,1069.8,868.5,763.5,710.1,689.3,678.1,668.8,699.9,584.3,530.3,505.8,494.3,488.3,481.6,663.8,561.0,515.9,493.7,480.9,473.9,465.7,643.3,547.2,505.4,482.3,465.1,452.6,439.8,623.1,525.1,489.9,473.5,460.1,442.4,417.5,609.2,512.1,472.2,444.7,425.1,410.8,384.9,623.6,519.7,475.9,443.6,417.1,393.6,358.1,692.5,560.9,499.5,463.8,431.7,402.0,338.6,821.9,650.0,553.1,501.1,470.4,443.0,389.1,949.0,750.6,638.7,576.3,539.2,509.4,449.3,0.8496,1.1031,1.2444,0.6597,0.8967,1.0241,0.0,0.0000,2026,1.0090,594.6,04330004ICO,9.286,4792,24.9,33.5,25.8,0.0,98.0,706.2,543.9,482.2,909.5,669.1,585.9,596.1,551.3,1.0066,1.0882,515.2,431.8,412.9,37.9,141.7,671.7,479.9,462.7,433.2,403.5,362.6,329.5,276.8,310.7,358.8,1463.7,1109.8,1455.8,46.4,139.6,1543.4,983.8,915.9,874.3,877.0,853.5,879.3,992.7,1198.6,1384.1
FRA,26173a,F28553_26173a,FRA-28553,MISS J,J 105,TILLOTSON-PEARSON,JOHNSTONE Rodney,1991,75016 - PARIS,,,,ORC,CLUB,R,640,28 04 2026 12:18:59,10.570,9.711,1.998,3.34,3833.,0.0,0.18,618.3,0.8836,679.0,1.0928,549.0,1023.6,819.0,707.7,646.2,615.5,594.5,560.4,0.0,0.0,0.0,0.0,0.0,0.0,0.0,786.9,641.4,569.1,529.3,505.8,488.2,459.3,0.0,0.0,0.0,0.0,0.0,0.0,0.0,1017.9,768.9,639.1,564.2,525.1,492.7,438.3,43.7,41.6,40.0,38.2,37.4,37.0,37.2,142.8,146.9,149.4,152.3,155.7,156.9,145.0,1081.1,876.3,769.2,712.2,688.8,677.0,667.2,706.3,588.1,532.4,506.4,493.8,487.3,480.1,669.4,564.2,517.5,494.3,480.7,472.8,463.8,648.5,549.9,506.8,483.2,465.3,452.1,438.0,629.8,527.3,488.6,469.9,456.7,442.7,416.4,616.6,515.3,473.4,444.0,421.9,405.6,378.3,631.9,523.8,478.3,445.1,417.1,391.3,350.9,704.3,567.7,502.8,466.8,434.6,404.7,340.4,836.8,659.6,559.6,504.2,473.1,445.7,392.8,966.2,761.7,646.2,580.2,542.1,512.0,453.6,0.8401,1.0989,1.2454,0.6513,0.8910,1.0222,0.0,0.0000,2026,1.0042,597.5,04330004N8W,9.251,4709,24.8,32.9,25.4,0.0,94.3,714.2,546.0,481.8,921.2,673.4,587.0,598.3,554.9,1.0028,1.0812,516.4,429.9,410.3,37.9,140.7,669.4,477.9,460.3,430.4,400.6,354.6,321.6,273.0,314.8,363.5,1489.7,1128.4,1482.2,46.4,139.4,1564.4,996.4,927.3,885.3,890.2,868.5,895.4,1014.0,1225.4,1415.0
FRA,26106b,F28628_26106b,FRA-28628,HAPPY FEW TOO,J 109 OD,J-COMPOSITE,JOHNSTONE Rodney,2001,75017 - PARIS,,,,ORC,CLUB,R,621,20 03 2026 21:40:22,10.757,9.637,2.135,3.52,5022.,0.0,0.00,622.7,0.8884,675.4,1.0839,553.6,1024.5,820.3,707.2,641.8,607.5,586.4,560.1,0.0,0.0,0.0,0.0,0.0,0.0,0.0,790.0,645.4,572.3,532.9,510.4,494.9,472.3,0.0,0.0,0.0,0.0,0.0,0.0,0.0,1021.2,771.8,640.7,566.9,529.1,499.8,453.5,43.4,41.3,39.7,38.2,37.8,37.5,37.7,145.1,149.4,151.8,158.4,166.2,172.3,171.8,1057.9,864.2,761.3,709.2,689.5,679.8,674.2,695.0,583.6,529.8,505.0,494.2,489.2,484.3,661.0,561.6,516.3,494.1,482.4,476.5,470.2,641.9,548.6,506.9,484.8,469.6,459.3,448.1,644.0,539.3,498.5,482.9,466.0,451.0,428.7,631.3,526.9,485.6,461.9,444.5,432.7,413.0,649.4,538.3,490.2,462.4,439.3,419.4,391.3,721.7,582.6,513.2,478.0,451.1,426.2,377.1,858.3,672.3,566.4,507.9,476.5,451.4,403.8,991.1,776.3,653.1,574.3,525.5,493.1,445.9,0.8360,1.0913,1.2237,0.6505,0.8957,1.0313,0.0,0.0000,2026,0.9978,601.3,04330004IJ9,9.252,5876,26.1,37.1,27.9,99.0,0.0,717.7,549.8,490.3,922.4,669.9,581.8,599.7,560.4,1.0004,1.0707,541.5,454.5,436.4,38.6,163.6,681.5,484.1,469.2,442.3,415.3,396.8,370.2,320.8,352.4,401.4,1479.9,1122.2,1476.4,46.0,139.0,1514.8,967.7,903.3,864.0,892.0,883.3,912.0,1039.3,1251.4,1445.0
FRA,26120a,F28644A_26120a,FRA-28644A,JOA,FIRST 36.7 GTE,BENETEAU SA,FARR Bruce,2001,34080 - MONTPELLIER,,,,ORC,CLUB,C,624,27 02 2026 08:52:39,10.640,9.604,2.227,3.46,5658.,0.0,0.23,637.5,0.8621,696.0,1.0592,566.5,1057.0,847.1,731.5,661.5,623.5,601.3,576.4,0.0,0.0,0.0,0.0,0.0,0.0,0.0,809.0,662.4,587.0,544.6,521.0,505.5,484.4,0.0,0.0,0.0,0.0,0.0,0.0,0.0,1053.1,795.4,660.1,580.7,540.5,511.1,463.5,43.4,41.2,39.9,38.6,38.0,37.7,38.5,145.3,149.8,152.4,158.8,165.9,172.7,177.2,1095.7,897.6,792.5,734.2,710.1,699.9,694.8,718.6,604.6,546.5,517.3,504.0,498.4,493.4,682.3,579.8,530.2,504.9,491.5,485.0,479.2,650.2,551.1,509.9,493.1,479.2,468.6,457.7,622.0,531.6,494.0,474.1,461.7,454.1,440.0,642.0,538.8,494.0,468.4,447.3,429.2,405.6,667.1,552.4,501.1,473.4,451.3,430.3,392.8,744.0,601.0,526.3,489.5,464.7,441.8,399.4,881.8,690.0,581.9,520.2,487.7,464.6,422.2,1018.2,796.7,670.4,588.9,536.9,502.6,457.9,0.8155,1.0664,1.1965,0.6302,0.8686,1.0042,0.0,0.0000,2026,0.9724,617.0,04330004F6L,8.939,6512,26.7,36.2,27.7,91.8,70.4,735.7,562.6,501.5,952.1,690.8,597.5,615.0,573.2,0.9756,1.0468,561.9,470.2,447.5,39.6,174.5,704.1,493.6,478.7,452.9,428.2,390.7,366.6,358.0,381.7,419.8,1535.4,1151.1,1531.6,46.3,139.0,1573.4,1003.6,934.7,891.3,844.3,880.9,935.2,1073.3,1296.7,1497.3
FRA,26375a,F28747_26375a,FRA-28747,PASSE PARTOUT,JPK 960,JPK Composites,VALER Jacques,2003,35400 - SAINT-MALO,,,,ORC,CLUB,C,590,22 07 2026 20:19:01,9.600,9.174,1.996,3.45,3722.,0.0,0.18,627.3,0.8729,687.4,1.0760,557.6,1032.0,829.8,718.1,654.8,621.5,600.1,568.8,0.0,0.0,0.0,0.0,0.0,0.0,0.0,793.6,650.9,579.2,538.4,513.3,495.2,465.9,0.0,0.0,0.0,0.0,0.0,0.0,0.0,1025.7,779.2,649.4,573.4,532.7,500.0,444.8,43.7,41.6,39.8,37.8,37.0,36.6,36.5,143.4,147.6,149.4,153.1,157.5,159.5,144.7,1096.0,892.2,783.3,721.4,692.0,678.7,668.5,715.8,599.1,544.0,516.7,501.2,492.1,483.9,678.6,575.1,529.6,505.6,489.3,477.8,466.8,656.9,560.8,519.3,495.6,476.3,460.5,441.0,635.3,536.7,498.0,476.8,463.5,452.6,424.3,618.7,523.7,483.6,453.5,429.8,411.8,384.8,633.5,530.9,488.4,455.9,427.8,400.7,355.6,708.1,572.2,511.0,476.4,445.7,416.4,349.7,838.4,664.5,565.4,512.2,482.7,456.5,406.3,968.1,767.3,652.8,588.2,551.1,521.5,469.1,0.8307,1.0809,1.2276,0.6445,0.8796,1.0106,0.0,0.0000,2026,0.9893,606.5,04330004VJN,8.872,4528,22.9,33.4,24.5,0.0,97.0,722.3,555.1,488.8,931.0,682.1,593.7,607.2,563.5,0.9881,1.0648,521.5,433.6,413.0,37.3,141.3,671.5,481.5,462.0,431.4,402.6,359.9,322.0,278.3,321.7,371.4,1491.4,1129.3,1483.2,46.2,139.8,1574.1,1001.3,930.8,886.6,889.4,867.0,893.1,1010.8,1220.0,1408.8
FRA,26095a,F29273_26095a,FRA-29273,BUGIS,2 TONNER,MARTLAND MARINE,R. HOLLAND,1979,13007 - MARSEILLE,,,,ORC,INTL,R,600,16 03 2026 13:21:56,12.139,9.980,2.299,3.83,8126.,125.9,0.16,609.9,0.8992,667.3,1.0999,545.5,974.7,795.1,696.1,639.8,607.1,584.3,559.9,0.0,0.0,0.0,0.0,0.0,0.0,0.0,754.8,627.3,562.3,527.6,507.0,492.3,473.1,0.0,0.0,0.0,0.0,0.0,0.0,0.0,973.1,749.2,630.3,562.1,526.0,497.5,453.5,42.3,40.6,39.3,38.2,37.6,37.8,37.9,144.0,147.3,150.0,156.7,165.9,176.3,178.1,990.3,825.2,741.6,702.3,686.1,677.4,673.0,657.0,562.6,518.9,498.6,489.3,484.6,481.0,627.8,544.0,506.0,487.6,477.7,472.5,467.6,610.3,532.7,497.0,477.9,465.6,456.8,447.5,621.8,531.6,490.4,472.8,459.9,447.5,428.8,614.1,517.7,477.1,454.5,436.9,423.9,406.0,628.6,526.2,481.3,456.1,435.2,416.3,390.5,702.6,570.7,504.5,471.6,448.2,426.6,388.8,830.6,662.4,563.5,506.4,475.1,453.0,412.7,959.1,764.9,650.6,577.4,528.0,491.2,446.8,0.8682,1.1063,1.2275,0.6781,0.9045,1.0330,0.0,0.0000,2026,1.0123,592.7,04330004HRP,9.511,9012,31.8,45.1,52.7,117.1,133.6,691.1,542.3,488.8,884.8,663.3,580.8,589.0,553.5,1.0188,1.0840,544.1,460.4,440.5,38.8,177.7,678.7,480.4,465.7,441.2,416.3,393.6,376.4,358.6,378.9,409.6,1384.4,1048.7,1384.4,45.8,140.4,1384.3,884.9,825.6,789.1,813.1,851.7,878.7,999.0,1199.0,1384.4
FRA,26235a,F29340_26235a,FRA-29340,CAVOK 4,JPK 960,JPK Composites,VALER Jacques,2003,22490 - PLESLIN-TRIGAVOU,,,,ORC,CLUB,C,581,10 04 2026 20:38:52,9.600,9.128,1.985,3.45,3549.,0.0,0.19,635.7,0.8689,690.5,1.0641,563.9,1054.5,842.1,725.5,656.0,618.8,596.3,565.5,0.0,0.0,0.0,0.0,0.0,0.0,0.0,811.9,661.8,586.5,543.1,517.2,499.0,470.0,0.0,0.0,0.0,0.0,0.0,0.0,0.0,1049.8,791.5,656.8,578.1,536.6,504.7,448.8,43.7,41.5,39.7,37.8,37.0,36.9,36.9,145.1,149.2,151.8,158.5,166.0,170.0,168.1,1102.0,895.8,787.0,726.9,700.9,689.0,680.4,720.8,602.2,546.9,519.5,505.1,497.8,491.0,683.8,578.3,532.2,508.0,492.7,483.1,474.1,662.8,564.1,521.7,497.7,478.8,464.1,447.4,653.7,548.1,504.5,479.4,464.0,453.4,428.3,642.5,538.0,496.1,466.5,440.9,418.8,387.8,661.5,548.7,501.0,469.0,441.6,417.4,365.4,737.8,593.2,523.5,486.9,455.8,427.4,365.7,872.1,682.7,575.9,518.1,485.2,456.6,402.0,1007.1,788.3,663.9,585.2,536.7,503.6,450.5,0.8143,1.0695,1.2178,0.6327,0.8754,1.0163,0.0,0.0000,2026,0.9786,613.1,04330004KUW,8.784,4342,22.5,30.2,24.3,87.3,67.4,736.8,561.0,492.7,948.3,685.4,590.4,613.1,570.1,0.9787,1.0524,537.2,445.2,422.9,37.8,146.0,684.9,489.4,470.6,439.2,409.6,363.8,328.6,301.0,337.3,389.5,1532.2,1160.9,1526.6,46.1,140.8,1588.0,1012.0,942.2,899.7,917.7,904.1,933.6,1065.7,1278.6,1476.4
FRA,26145a,F29526_26145a,FRA-29526,CRAZY GIRLS,HELIUM 765,CSP France,FAUROUX Jacques,1993,56400 - BRECH,,,,ORC,CLUB,S,360,24 03 2026 14:29:52,7.660,6.944,1.654,2.42,935.,0.0,0.07,669.2,0.8056,744.8,0.9987,600.8,1064.5,860.2,765.0,719.7,692.2,669.5,625.2,0.0,0.0,0.0,0.0,0.0,0.0,0.0,815.7,679.8,619.2,586.3,563.0,542.7,508.8,0.0,0.0,0.0,0.0,0.0,0.0,0.0,1062.9,810.8,693.2,627.0,584.3,546.0,478.4,43.0,40.7,39.0,39.3,39.8,40.1,41.4,138.8,148.7,155.0,163.0,166.4,164.2,144.2,1080.3,897.9,836.4,824.0,820.0,817.5,828.5,711.3,614.2,584.4,574.7,569.1,565.1,563.5,676.6,594.6,566.1,553.9,546.2,540.6,535.9,656.4,580.3,546.0,523.9,511.8,502.3,492.1,648.5,573.6,541.0,508.2,483.9,467.4,445.6,648.8,561.1,516.3,487.8,466.1,445.8,405.1,670.6,573.2,519.6,475.9,441.3,416.3,375.1,754.4,614.4,553.4,504.7,456.0,405.6,328.1,908.2,712.3,605.2,547.8,502.9,458.9,365.3,1048.7,822.5,693.7,615.5,564.3,521.4,421.8,0.8024,1.0013,1.1214,0.6235,0.8112,0.9111,0.0,0.0000,2026,0.9193,652.7,04330004IQ3,6.756,1396,11.4,20.5,10.6,40.1,0.0,747.8,599.2,535.0,962.3,739.6,658.5,659.8,595.7,0.9094,1.0073,597.9,491.4,456.4,44.7,147.4,877.6,575.4,542.5,490.2,433.5,375.6,347.7,283.7,275.5,318.1,1531.1,1156.4,1530.1,45.2,138.3,1541.7,988.9,924.0,882.2,906.1,903.4,941.8,1087.9,1316.9,1520.6
FRA,26184a,F29535_26184a,FRA-29535,SUPER JOSEPHINE,SUPER CALIN 750 Mo,MAGNAN,MAGNAN Jean Pierre,2000,69330 - MEYZIEU,,,,ORC,CLUB,S,392,01 04 2026 16:08:05,7.480,7.244,1.675,2.95,1513.,0.0,0.00,665.7,0.8210,730.8,1.0086,594.9,1062.9,865.5,764.3,701.3,667.2,645.0,598.5,0.0,0.0,0.0,0.0,0.0,0.0,0.0,821.3,685.9,620.0,578.0,551.3,530.1,491.3,0.0,0.0,0.0,0.0,0.0,0.0,0.0,1054.6,814.2,692.7,616.1,571.7,534.0,465.6,43.3,41.1,39.3,37.6,37.7,37.7,38.7,139.4,148.7,151.1,160.8,175.3,174.3,138.6,1145.8,945.2,845.7,791.4,772.6,766.2,771.9,754.7,640.5,592.2,565.8,552.1,546.2,541.6,718.7,618.4,577.3,551.5,534.1,525.6,518.1,697.9,605.1,565.2,536.6,513.0,497.1,481.2,657.4,573.1,538.2,518.9,503.8,482.6,444.8,640.1,557.9,511.7,478.7,454.3,434.0,398.8,654.2,564.1,515.3,474.8,437.3,404.8,362.2,716.3,596.4,542.0,499.1,456.4,410.9,310.9,848.7,680.5,592.1,541.3,502.8,465.7,368.1,980.1,785.8,683.0,611.2,561.8,523.8,425.1,0.7962,1.0096,1.1519,0.6223,0.8248,0.9477,0.0,0.0000,2026,0.9301,645.1,04330004JKS,7.182,2045,15.1,23.5,12.0,0.0,68.5,753.6,594.3,520.9,964.2,727.4,633.1,654.7,590.4,0.9165,1.0163,544.0,457.3,428.9,40.3,145.2,784.2,541.4,517.3,474.0,424.2,369.9,318.4,258.2,263.2,303.9,1511.8,1152.0,1499.7,45.6,141.6,1633.1,1045.9,977.3,934.6,906.1,882.1,906.9,1010.5,1204.2,1390.5
FRA,26240a,F29749_26240a,FRA-29749,TOO MUCH,FIRST 31.7,BENETEAU SA,FINOT Jean Marie,1990,85800 - LE FENOUILLER,,,,ORC,CLUB,C,574,24 04 2026 05:54:14,9.610,8.965,1.920,3.21,3600.,0.0,0.23,662.8,0.8316,721.5,1.0214,587.4,1108.4,882.8,759.2,683.8,644.6,621.6,594.9,0.0,0.0,0.0,0.0,0.0,0.0,0.0,850.6,691.4,610.2,564.1,538.2,520.7,495.7,0.0,0.0,0.0,0.0,0.0,0.0,0.0,1106.0,829.8,685.6,600.9,558.1,526.3,474.3,43.7,41.7,40.0,38.4,37.8,37.5,37.7,146.2,150.1,151.4,158.6,165.3,171.1,174.5,1131.7,923.2,815.0,755.1,730.8,720.6,717.4,739.9,619.9,563.2,534.8,521.0,515.2,510.6,702.5,594.9,546.9,522.3,508.1,500.7,494.4,681.6,579.6,535.0,511.1,493.9,481.1,468.0,673.5,565.6,520.1,495.1,477.0,465.3,447.4,684.9,566.1,516.3,487.8,464.3,442.5,407.5,708.3,580.6,522.5,490.5,464.0,440.8,397.0,788.1,632.9,548.4,508.1,479.2,452.6,398.7,939.7,729.8,609.7,540.5,505.5,478.9,429.7,1085.1,842.5,703.4,612.5,558.5,522.6,472.3,0.7782,1.0282,1.1635,0.6026,0.8383,0.9719,0.0,0.0000,2026,0.9382,639.5,04330004MW9,8.393,4384,22.0,26.3,27.0,72.0,54.2,771.0,583.5,515.7,995.7,715.7,617.3,636.3,596.8,0.9430,1.0054,577.9,475.9,450.7,38.8,162.2,729.6,511.4,493.4,461.7,433.1,384.5,351.2,337.6,373.6,426.3,1621.0,1221.0,1620.1,46.4,136.5,1629.4,1037.3,966.1,923.8,933.4,970.1,1006.1,1147.9,1396.5,1612.6
FRA,26102a,F30030_26102a,FRA-30030,MOJO,FARR 30,CARROLL MARINE,FARR Bruce,1996,13005 - MARSEILLE,,,,ORC,CLUB,R,528,11 03 2026 08:46:30,9.435,8.770,2.113,3.04,2037.,0.0,0.00,582.6,0.9311,644.4,1.1439,524.5,904.1,741.1,667.9,628.3,600.4,570.3,518.7,0.0,0.0,0.0,0.0,0.0,0.0,0.0,699.6,592.8,544.1,514.2,491.6,470.1,436.1,0.0,0.0,0.0,0.0,0.0,0.0,0.0,901.4,700.5,606.8,548.6,510.9,474.5,414.7,42.1,39.5,37.4,37.1,36.8,36.7,37.1,142.2,146.7,150.9,152.3,148.6,145.1,146.2,930.9,780.7,726.9,706.2,695.1,687.7,685.3,618.1,542.4,517.7,506.9,499.9,494.5,488.7,589.8,528.0,503.3,490.9,482.3,475.8,468.1,572.0,517.8,488.3,468.3,456.2,446.5,433.4,580.3,518.9,485.7,457.6,436.0,419.5,396.1,561.1,496.9,462.3,438.6,417.7,398.7,365.4,570.1,497.6,454.3,420.7,395.8,373.6,336.7,637.0,525.8,474.4,429.1,384.7,346.0,295.5,759.8,607.5,527.8,477.8,438.0,392.3,305.0,877.3,701.5,608.9,550.4,505.8,453.0,352.1,0.9285,1.1426,1.2966,0.7294,0.9318,1.0743,0.0,0.0000,2026,1.0563,568.0,04330004HDP,8.856,2757,17.1,34.9,20.3,0.0,97.3,646.2,525.1,462.7,822.6,643.9,558.5,574.5,518.5,1.0444,1.1571,488.6,415.6,391.5,39.0,149.4,706.9,492.6,468.9,428.2,381.8,332.2,307.2,257.7,234.1,270.3,1288.2,977.8,1285.7,44.9,139.0,1313.3,843.4,787.9,751.5,773.4,772.9,802.7,903.6,1093.9,1263.1
FRA,26098a,F31147_26098a,FRA-31147,GARGALI,BENETEAU 25,BENETEAU SA,FARR Bruce,1997,06800 - CAGNES SUR MER,,,,ORC,CLUB,S,381,09 03 2026 15:00:13,7.530,7.018,1.594,2.58,1252.,0.0,0.00,664.6,0.8134,737.6,1.0001,599.9,1027.5,839.6,755.0,716.7,692.4,671.0,614.1,0.0,0.0,0.0,0.0,0.0,0.0,0.0,792.6,670.8,616.8,587.9,566.3,547.4,509.3,0.0,0.0,0.0,0.0,0.0,0.0,0.0,1023.6,792.7,686.6,626.9,587.8,552.2,484.8,42.5,39.8,37.6,37.2,37.4,37.5,38.3,143.3,148.4,152.2,155.7,157.7,147.8,141.9,1067.3,888.6,821.6,802.6,794.2,789.8,792.6,708.3,616.8,586.7,575.7,569.4,565.1,561.7,677.2,600.5,572.5,559.2,551.4,545.7,539.9,650.7,589.9,558.5,536.9,523.8,514.9,503.5,625.4,568.1,542.3,525.9,504.8,488.2,466.7,634.9,560.4,519.6,491.7,470.0,451.1,420.6,650.5,568.3,520.8,481.9,449.2,424.8,383.9,721.9,603.2,550.0,506.5,462.1,416.2,334.1,855.4,684.6,597.9,551.5,514.6,478.2,377.2,987.8,790.5,688.3,630.8,590.6,552.2,435.6,0.8200,1.0016,1.1156,0.6427,0.8179,0.9160,0.0,0.0000,2026,0.9235,649.7,04330004H8B,6.970,1763,12.1,21.0,12.8,0.0,52.6,731.7,599.0,537.8,933.6,733.6,655.0,655.6,597.4,0.9153,1.0044,574.4,485.4,457.1,41.2,146.3,830.9,569.3,543.3,499.9,454.4,395.6,351.7,282.7,275.3,317.9,1457.6,1100.4,1453.6,45.2,139.5,1497.7,962.6,902.5,865.2,825.3,851.4,896.6,1014.7,1227.6,1417.5
FRA,26012c,F32011_26012c,FRA-32011,CUZCO,FIRST CLASS 8 MOD,BENETEAU SA,FINOT Jean-Marie,1982,66740 - VILLELONGUE DELS MONTS,,,,ORC,CLUB,S,365,02 06 2026 22:08:01,7.785,6.863,1.716,2.50,1233.,0.0,0.00,676.7,0.8117,739.2,0.9882,607.2,1064.4,864.7,762.2,711.2,681.6,660.9,625.4,0.0,0.0,0.0,0.0,0.0,0.0,0.0,825.5,691.4,626.2,591.2,567.8,548.4,515.5,0.0,0.0,0.0,0.0,0.0,0.0,0.0,1064.0,817.8,696.0,628.9,588.2,551.8,490.5,42.1,39.8,37.8,37.1,37.0,37.1,37.9,145.8,150.7,155.7,163.7,171.3,170.2,154.6,1068.6,893.1,813.3,789.5,780.3,775.4,779.7,710.5,618.9,582.4,569.3,563.1,558.5,555.1,679.8,602.6,569.5,553.6,546.0,540.1,534.3,662.8,592.2,558.1,534.3,521.0,511.8,499.0,674.3,594.7,556.8,527.5,503.1,484.6,458.5,682.8,586.2,541.5,509.0,485.6,467.2,431.1,703.7,598.3,548.4,508.2,471.4,438.4,396.3,779.7,639.7,574.5,532.6,491.9,447.6,362.8,918.2,724.7,621.9,567.5,529.1,491.6,410.7,1060.3,836.4,711.2,632.9,582.9,546.3,471.1,0.7911,0.9912,1.1092,0.6220,0.8179,0.9192,0.0,0.0000,2026,0.9134,656.9,04330004RUF,7.008,1729,12.3,21.2,17.8,43.5,0.0,758.4,605.3,540.9,964.6,733.6,652.7,657.8,612.7,0.9121,0.9793,574.7,483.0,458.6,39.7,144.7,800.0,557.9,535.0,495.6,443.7,391.7,363.8,291.8,302.5,349.3,1513.4,1145.1,1516.1,44.9,140.1,1486.3,954.1,892.9,854.3,877.7,938.3,972.0,1109.8,1334.0,1540.4
FRA,26057a,F33213_26057a,FRA-33213,PYAXARAM,SELECTION,JEANNEAU SA,JOUBERT/NIVELT,1984,29217 - LE CONQUET,,,,ORC,CLUB,R,597,20 03 2026 09:58:05,10.849,9.499,1.881,3.24,4110.,0.0,0.16,629.7,0.8665,692.5,1.0688,561.4,1039.3,831.0,721.0,660.9,627.1,605.8,579.0,0.0,0.0,0.0,0.0,0.0,0.0,0.0,790.6,648.0,578.3,542.1,520.9,505.3,481.1,0.0,0.0,0.0,0.0,0.0,0.0,0.0,1039.4,781.2,650.7,578.6,541.0,510.2,457.2,43.7,41.2,39.4,38.6,38.3,38.3,38.5,141.9,146.7,150.8,158.3,166.4,173.6,176.3,1038.1,849.6,764.1,732.7,718.5,711.2,706.7,677.4,573.7,530.7,514.4,507.1,502.7,497.9,641.5,552.3,515.6,499.7,492.6,487.9,482.2,620.1,538.0,503.9,485.2,473.6,466.9,457.4,607.8,524.2,490.9,473.0,462.6,450.8,434.4,631.9,531.2,488.5,461.9,439.9,421.6,396.0,661.8,546.7,497.1,468.0,442.7,418.7,372.1,750.0,602.4,525.2,487.6,460.1,433.9,378.5,901.1,703.7,587.5,520.0,486.1,460.3,409.7,1040.5,812.5,678.0,589.0,535.7,500.4,451.4,0.8341,1.0759,1.1997,0.6416,0.8738,0.9982,0.0,0.0000,2026,0.9801,612.2,04330004ID6,8.903,4927,24.3,38.0,27.1,72.3,63.3,719.3,557.7,500.1,935.2,686.7,601.1,607.3,570.5,0.9879,1.0517,561.8,463.9,438.8,39.9,161.5,721.2,498.4,481.3,453.5,424.6,377.3,343.5,322.8,353.0,402.4,1511.0,1126.8,1513.5,46.3,136.8,1485.9,943.3,875.0,831.4,829.6,874.2,936.7,1092.7,1330.3,1536.1
FRA,26340a,F33329_26340a,FRA-33329,BREIZH PEARL,SELECTION,JEANNEAU SA,JOUBERT/NIVELT,1984,29470 - PLOUGASTEL DAOULAS,,,,ORC,CLUB,C,588,09 06 2026 12:55:20,10.849,9.439,1.872,3.24,3964.,0.0,0.24,641.1,0.8564,700.6,1.0536,569.5,1067.7,846.6,729.6,666.9,631.8,610.2,584.3,0.0,0.0,0.0,0.0,0.0,0.0,0.0,817.8,663.3,587.2,548.0,525.4,509.8,487.1,0.0,0.0,0.0,0.0,0.0,0.0,0.0,1065.7,796.3,659.4,584.5,545.2,514.4,464.3,44.2,42.0,40.0,38.9,38.5,38.4,38.8,145.1,149.2,153.0,158.3,165.5,171.8,174.5,1087.8,881.7,780.6,738.2,722.4,715.1,713.5,705.0,589.3,537.9,517.0,509.0,504.7,500.8,664.7,564.6,522.1,502.9,494.4,489.8,484.6,640.5,548.6,510.1,489.6,476.4,468.6,459.2,654.5,553.2,508.2,485.8,468.3,454.2,435.9,658.6,543.5,496.9,470.8,451.2,437.0,415.8,682.7,558.8,503.3,473.0,448.2,426.4,391.6,765.8,610.7,532.3,492.1,463.8,437.2,381.5,907.3,702.8,589.4,525.1,489.8,463.5,412.1,1047.6,811.5,678.6,595.6,541.2,505.2,455.1,0.8102,1.0619,1.1877,0.6268,0.8645,0.9903,0.0,0.0000,2026,0.9678,619.9,04330004SKO,8.811,4771,24.0,33.6,28.6,66.8,0.0,740.6,565.0,505.2,957.2,694.0,605.9,617.2,578.0,0.9722,1.0380,567.5,471.0,447.0,40.1,160.8,729.7,502.6,484.7,455.4,425.1,402.4,366.8,326.6,355.6,405.4,1566.8,1176.8,1566.3,46.7,141.7,1571.3,994.4,919.1,869.8,897.4,934.8,973.6,1120.8,1352.9,1562.2
FRA,26006a,F34226_26006a,FRA-34226,TCHAIKA,GRAND SURPRISE9/10,ARCHAMBAULT,NIVELT Bernard,1999,34450 - VIAS,,,,ORC,CLUB,R,632,26 03 2026 21:07:32,9.550,9.350,2.076,2.96,2737.,0.0,0.00,628.8,0.8705,689.2,1.0759,557.7,1046.0,835.1,720.7,656.7,621.6,598.3,562.4,0.0,0.0,0.0,0.0,0.0,0.0,0.0,804.4,654.8,580.0,538.0,511.5,491.7,461.7,0.0,0.0,0.0,0.0,0.0,0.0,0.0,1045.2,785.9,651.5,574.2,531.2,495.3,438.1,43.2,40.9,39.3,38.1,37.6,37.4,38.1,144.7,148.7,151.3,157.3,164.8,167.3,162.7,1053.3,862.2,765.9,722.6,705.9,696.6,689.8,693.8,583.7,533.2,510.8,501.2,495.1,488.0,660.4,561.4,518.8,496.5,484.5,477.1,467.3,642.1,546.8,507.6,481.3,461.1,448.5,433.3,650.0,545.9,502.3,477.9,451.6,429.9,403.0,647.2,535.3,488.7,454.5,429.2,412.8,385.9,671.1,549.8,495.9,457.3,423.4,395.3,359.9,755.6,603.0,524.3,482.5,444.9,409.4,344.1,899.4,699.8,585.5,519.5,481.5,446.8,382.2,1038.6,808.1,675.5,590.8,537.2,500.0,435.0,0.8224,1.0809,1.2361,0.6379,0.8770,1.0158,0.0,0.0000,2026,0.9878,607.4,04330004J4S,8.945,3590,20.6,32.2,22.1,68.8,0.0,729.6,555.1,485.4,940.6,684.2,590.7,605.9,568.1,0.9903,1.0561,532.4,438.4,415.4,39.4,146.1,698.3,486.7,464.1,425.8,388.1,359.7,334.0,286.5,317.5,366.6,1519.5,1149.0,1520.7,45.3,139.0,1507.5,968.3,906.9,870.6,900.2,912.6,950.2,1097.8,1326.4,1531.6
FRA,26073a,F34700_26073a,FRA-34700,EXOCET,SUN FAST 3200,JEANNEAU SA,ANDRIEU Daniel,2007,17340 - CHATELAILLON,,,,ORC,CLUB,C,565,06 03 2026 14:37:23,9.790,9.133,1.908,3.44,3523.,0.0,0.18,633.6,0.8651,693.6,1.0691,561.2,1063.3,845.6,727.1,658.1,622.2,600.0,571.6,0.0,0.0,0.0,0.0,0.0,0.0,0.0,814.1,661.2,584.0,539.8,513.8,495.4,467.5,0.0,0.0,0.0,0.0,0.0,0.0,0.0,1058.9,793.9,656.3,576.1,533.7,500.5,442.5,44.2,42.3,40.4,38.9,38.8,38.7,39.3,145.3,149.2,152.1,158.3,165.7,169.6,167.8,1108.2,898.4,788.8,731.6,710.7,700.9,698.4,719.4,599.3,541.8,513.6,500.7,495.0,489.9,679.4,573.9,525.7,500.6,485.7,478.1,470.4,655.9,557.0,511.0,489.0,469.1,454.3,439.7,635.4,536.9,494.8,467.9,447.8,436.2,415.8,648.2,537.8,491.6,459.1,431.1,406.2,371.1,667.9,550.7,498.0,464.0,434.6,407.4,351.1,744.4,596.3,522.7,483.9,452.1,422.5,359.1,882.0,686.7,577.3,516.3,481.8,452.5,396.5,1018.4,792.9,665.4,584.5,533.6,499.2,444.9,0.8134,1.0750,1.2256,0.6286,0.8724,1.0086,0.0,0.0000,2026,0.9810,611.7,04330004H0U,8.732,4295,23.3,30.8,26.4,83.6,65.7,737.6,558.1,489.6,954.5,687.8,594.9,611.5,567.6,0.9812,1.0571,551.1,447.0,420.5,40.9,156.3,714.4,492.0,471.2,434.2,399.6,345.5,315.4,293.6,337.2,387.9,1551.3,1167.7,1546.3,46.5,139.0,1601.1,1015.3,941.3,894.6,879.2,916.4,947.1,1080.9,1300.4,1501.6
FRA,26036a,F34774_26036a,FRA-34774,TEO4,MISTRAL 750,AMC MARINE,PERILLAT Frederic,2005,44119 - GRANDCHAMP DES FONTAINES,,,,ORC,CLUB,S,382,23 02 2026 22:33:58,7.500,7.039,1.697,2.79,1360.,0.0,0.00,673.7,0.8125,738.5,0.9960,602.4,1077.3,874.3,766.4,706.8,675.6,655.3,624.1,0.0,0.0,0.0,0.0,0.0,0.0,0.0,831.2,694.4,624.9,585.0,559.1,538.5,506.1,0.0,0.0,0.0,0.0,0.0,0.0,0.0,1077.6,825.6,697.2,623.2,580.6,541.9,475.7,42.3,40.5,38.8,37.8,37.8,38.0,39.0,146.0,150.9,155.7,163.5,170.2,172.3,158.2,1074.5,900.6,814.7,781.0,771.0,767.7,774.4,711.3,618.5,577.8,557.8,549.8,545.2,541.6,680.1,600.7,565.0,541.9,531.0,524.8,517.6,662.7,589.7,554.0,525.8,505.4,494.1,478.9,674.2,589.8,546.1,521.4,495.0,470.2,438.0,682.5,583.6,536.8,498.7,465.5,441.1,404.8,704.7,596.6,545.6,504.9,465.5,424.0,369.9,783.0,643.4,572.9,530.6,491.9,450.2,367.4,935.4,734.9,625.7,565.8,527.2,491.5,413.7,1080.1,848.1,718.1,632.6,580.1,542.9,473.8,0.7866,0.9985,1.1289,0.6149,0.8187,0.9249,0.0,0.0000,2026,0.9182,653.5,04330004CCT,7.175,1881,14.0,22.1,19.5,46.9,0.0,762.8,600.9,531.5,975.8,732.9,648.7,653.1,611.7,0.9187,0.9809,570.7,469.2,439.9,40.7,141.4,788.7,542.3,516.8,472.2,417.9,376.6,329.8,268.3,305.6,352.8,1530.5,1154.6,1533.8,45.7,137.7,1497.5,958.4,896.7,858.1,881.6,940.1,975.8,1117.5,1354.0,1563.5
FRA,26310a,F34903_26310a,FRA-34903,JABADEO,FIRST 34.7 GTE,BENETEAU SA,FARR Bruce,2005,29100 - DOUARNENEZ,,,,ORC,CLUB,C,573,15 05 2026 20:54:31,10.082,9.090,1.994,3.37,4518.,0.0,0.12,631.2,0.8643,694.2,1.0623,564.8,1011.5,820.0,716.5,664.3,637.0,618.6,595.9,0.0,0.0,0.0,0.0,0.0,0.0,0.0,781.1,646.8,580.4,546.5,526.6,512.0,491.0,0.0,0.0,0.0,0.0,0.0,0.0,0.0,1007.4,771.8,649.4,582.1,546.7,517.2,468.8,43.5,41.2,39.5,38.3,37.8,38.2,38.6,143.5,147.9,150.1,153.0,158.4,162.3,161.9,1053.1,869.1,773.7,730.9,715.6,708.6,707.0,690.5,587.5,539.8,518.2,509.2,505.0,501.6,655.9,566.4,526.5,506.5,495.9,491.2,486.3,635.4,553.0,516.9,496.1,481.9,472.2,462.5,638.7,542.6,504.2,486.8,476.3,462.8,441.9,625.2,530.3,492.0,466.6,446.3,432.0,411.1,640.8,538.9,497.0,469.3,444.6,422.3,388.1,710.4,580.1,519.2,487.3,460.7,435.1,384.7,840.0,667.7,571.0,520.4,492.4,470.0,426.9,969.9,771.0,659.3,597.7,558.4,528.5,484.8,0.8404,1.0692,1.1816,0.6552,0.8723,0.9761,0.0,0.0000,2026,0.9784,613.3,04330004Q3E,8.718,5309,23.4,33.1,31.5,0.0,90.6,713.9,561.2,507.8,915.8,687.8,614.7,611.8,571.0,0.9808,1.0507,578.1,473.7,451.9,40.2,140.6,722.1,503.1,486.4,457.6,430.3,393.9,364.1,319.7,375.9,434.1,1447.6,1096.3,1443.5,46.3,139.8,1488.8,946.4,880.1,838.4,864.3,865.4,891.7,1009.0,1217.9,1406.3
FRA,26218a,F34934_26218a,FRA-34934,LA GRENOUILLE,POGO 850,STRUCTURES,ROLLAND Pierre,1999,56270 - PLOEMEUR,,,,ORC,CLUB,R,536,16 04 2026 21:01:37,8.500,8.343,1.788,3.64,2825.,0.0,0.00,664.3,0.8286,724.1,1.0154,590.9,1083.9,872.5,756.8,690.1,654.3,632.3,603.0,0.0,0.0,0.0,0.0,0.0,0.0,0.0,838.0,689.5,613.5,570.3,544.1,525.4,498.1,0.0,0.0,0.0,0.0,0.0,0.0,0.0,1082.8,822.5,686.5,607.5,564.9,530.6,472.3,43.5,41.5,39.6,38.0,37.6,37.6,38.5,146.4,150.7,153.7,159.9,166.6,171.3,171.3,1094.9,904.8,805.3,756.9,740.3,733.3,732.7,718.4,610.7,562.3,539.1,527.4,522.2,517.0,684.2,588.9,548.3,526.2,511.8,504.5,495.6,666.1,576.4,537.8,513.0,492.8,478.7,463.9,679.9,582.3,535.1,507.7,485.9,466.5,438.5,690.5,575.2,525.3,491.0,463.6,441.8,412.7,714.5,590.9,533.0,495.7,464.5,437.5,389.2,792.7,641.1,560.7,518.4,483.8,453.6,394.5,929.2,728.0,616.2,552.3,515.0,483.0,427.9,1072.9,840.2,708.3,623.3,568.4,531.3,473.3,0.7856,1.0202,1.1542,0.6134,0.8350,0.9572,0.0,0.0000,2026,0.9346,642.0,04330004LQF,8.064,3559,19.8,27.0,28.8,65.1,0.0,763.7,588.1,519.8,978.2,718.6,626.8,639.0,602.6,0.9390,0.9956,585.5,478.0,450.3,40.1,162.2,749.3,519.0,494.0,455.2,422.0,391.3,353.6,325.2,368.8,421.8,1561.0,1179.1,1563.3,46.1,142.2,1537.5,980.1,915.1,876.6,904.0,962.1,999.2,1140.1,1372.3,1584.5
FRA,26357b,F35082_26357b,FRA-35082,BLUE 007,JPK 1010,JPK Composites,VALER Jacques,2010,13100 - AIX EN PROVENCE,,,,ORC,CLUB,R,603,19 06 2026 13:11:12,10.036,9.409,1.987,3.41,3979.,0.0,0.00,633.1,0.8664,692.5,1.0701,560.7,1063.1,848.5,729.9,658.0,617.1,594.0,566.2,0.0,0.0,0.0,0.0,0.0,0.0,0.0,813.8,662.0,584.6,539.5,512.0,493.3,466.2,0.0,0.0,0.0,0.0,0.0,0.0,0.0,1057.9,796.0,657.9,575.8,531.4,498.2,441.8,44.1,42.3,40.6,39.1,38.5,38.4,38.8,143.1,149.4,152.8,158.5,165.5,170.9,171.3,1115.2,905.0,794.4,730.0,700.0,688.5,684.7,727.0,604.4,544.3,513.4,497.1,488.7,483.4,688.8,578.9,527.8,501.4,484.6,473.7,465.0,667.3,563.9,514.7,491.2,471.8,455.5,435.6,633.5,534.2,492.9,468.8,452.6,442.2,419.4,638.4,530.8,485.7,455.0,428.7,405.8,375.7,657.6,543.6,493.6,461.4,433.1,406.2,352.3,736.6,593.1,521.0,484.0,454.5,427.2,369.5,875.6,686.0,577.9,517.3,483.2,455.4,404.2,1011.1,792.1,665.3,586.1,534.1,499.5,447.7,0.8131,1.0755,1.2300,0.6277,0.8726,1.0181,0.0,0.0000,2026,0.9813,611.4,04330004TJF,8.889,4799,24.4,31.4,24.2,80.6,74.2,737.9,557.9,487.8,955.9,687.6,589.3,611.1,568.1,0.9819,1.0562,547.9,445.0,418.6,40.1,159.9,697.4,484.4,463.2,428.0,398.3,351.1,315.1,301.4,347.7,398.5,1552.1,1168.0,1545.7,46.7,139.2,1616.0,1027.8,957.0,914.2,882.1,892.7,928.3,1064.4,1288.8,1488.2
FRA,26226a,F35187_26226a,FRA-35187,JACKALS,J 92,J-COMPOSITE,JOHNSTONE Rodney,1992,29490 - GUIPAVAS,,,,ORC,CLUB,R,505,30 03 2026 12:38:40,9.140,8.320,1.837,3.04,2906.,0.0,0.02,639.0,0.8566,700.5,1.0471,573.0,1011.3,821.4,720.9,672.5,646.4,627.6,596.2,0.0,0.0,0.0,0.0,0.0,0.0,0.0,783.4,652.1,588.8,556.7,536.3,520.1,492.0,0.0,0.0,0.0,0.0,0.0,0.0,0.0,1007.1,774.4,655.9,591.9,556.3,524.8,471.6,42.8,40.8,38.5,37.1,36.8,36.7,36.7,143.8,148.3,150.7,154.1,159.5,161.0,144.0,1052.8,869.3,775.9,738.1,724.0,716.3,711.0,695.9,594.1,551.3,533.5,525.9,521.3,516.4,663.7,576.1,540.0,522.2,512.8,507.6,501.0,646.2,565.8,531.3,510.5,496.1,486.8,475.7,640.8,551.2,519.2,503.7,489.0,473.5,451.1,628.4,539.7,502.2,476.2,455.4,439.9,411.6,643.1,547.5,506.1,475.0,447.4,420.5,380.8,711.2,585.0,528.8,494.0,462.4,431.0,357.3,839.8,669.8,577.0,529.8,500.3,473.5,416.9,969.7,773.5,665.8,606.9,568.8,539.0,481.4,0.8360,1.0522,1.1681,0.6548,0.8639,0.9669,0.0,0.0000,2026,0.9666,620.7,04330004JB9,8.252,3597,19.2,29.1,25.2,0.0,81.6,717.7,570.2,513.7,916.3,694.5,620.5,620.8,578.2,0.9665,1.0378,547.6,461.3,440.8,37.8,142.7,719.4,516.0,498.8,469.4,436.6,387.0,346.7,293.0,325.5,375.9,1441.5,1095.8,1437.3,45.7,139.9,1483.9,948.9,886.5,848.6,875.1,865.4,891.6,1004.4,1211.7,1399.1
FRA,26186b,F35193_26186b,FRA-35193,DJAILOLO II,FIRST 34.7 GTE,BENETEAU SA,FARR Bruce,2005,17000 - LA ROCHELLE,,,,ORC,CLUB,C,574,26 05 2026 11:53:14,9.982,9.094,1.995,3.37,4539.,0.0,0.21,637.0,0.8559,701.0,1.0555,568.5,1033.8,836.1,727.8,669.1,638.7,619.0,595.6,0.0,0.0,0.0,0.0,0.0,0.0,0.0,795.1,656.2,586.7,549.0,526.8,511.8,490.6,0.0,0.0,0.0,0.0,0.0,0.0,0.0,1026.9,785.2,658.0,585.2,546.7,516.3,469.2,43.7,41.5,39.9,38.5,38.0,38.2,38.7,143.7,147.8,149.9,153.2,158.6,162.3,161.4,1101.9,903.9,798.7,743.0,720.8,710.9,707.7,720.2,607.4,552.1,524.5,511.6,506.0,501.5,683.0,582.5,536.3,512.2,498.9,491.9,486.1,659.8,560.7,518.9,499.2,485.9,474.5,462.4,633.8,540.9,503.7,482.9,467.2,456.6,443.8,621.0,528.1,490.6,465.6,445.9,432.7,407.9,636.3,536.1,495.3,467.7,443.2,421.2,389.0,707.1,577.0,517.0,485.6,458.8,433.1,382.4,836.3,665.4,568.9,518.4,490.9,468.5,425.0,965.6,768.4,656.9,595.2,556.6,527.2,483.5,0.8269,1.0621,1.1821,0.6417,0.8633,0.9754,0.0,0.0000,2026,0.9709,618.0,04330004R72,8.586,5324,23.4,33.4,25.0,0.0,95.1,725.6,564.9,507.6,935.0,695.0,615.1,619.3,571.7,0.9689,1.0495,574.9,471.2,450.9,40.2,140.8,720.7,502.3,485.5,457.0,430.1,383.5,365.5,317.5,371.6,429.0,1486.5,1122.5,1477.7,46.2,139.8,1574.5,1001.5,930.8,886.0,859.6,860.1,886.2,1003.0,1211.1,1398.4
FRA,26377a,F35244_26377a,FRA-35244,NOMI,DEHLER 29 PTE,DEHLER YACHTBAU,JUDEL Friedrich,1997,56890 - SAINT AVE,,,,ORC,CLUB,C,509,23 07 2026 10:20:07,8.750,8.222,1.244,3.02,3439.,0.0,0.30,698.8,0.7846,764.7,0.9663,620.9,1158.3,929.4,802.4,725.9,686.0,663.4,641.9,0.0,0.0,0.0,0.0,0.0,0.0,0.0,887.6,725.9,642.4,596.4,571.6,555.2,534.6,0.0,0.0,0.0,0.0,0.0,0.0,0.0,1153.1,871.9,723.1,636.8,593.5,560.8,507.4,45.1,43.4,42.4,41.0,40.4,40.2,40.9,147.1,151.4,155.0,162.1,169.1,177.7,178.1,1210.4,995.6,879.2,816.1,793.1,784.2,788.3,777.7,651.7,590.3,561.8,549.1,544.2,541.2,728.8,618.8,570.1,546.3,533.3,527.3,522.3,700.0,599.7,555.5,532.5,516.6,505.6,495.2,710.3,594.1,545.0,521.6,509.5,495.4,472.6,706.5,589.2,539.2,511.5,489.3,470.9,447.7,733.2,606.0,547.7,516.7,492.0,469.9,431.4,817.1,660.5,576.3,535.4,508.2,483.5,437.7,958.1,748.4,632.3,566.4,531.4,506.3,461.0,1106.3,863.1,725.5,635.8,579.0,542.6,495.5,0.7437,0.9735,1.0877,0.5748,0.7911,0.9077,0.0,0.0000,2026,0.8869,676.5,04330004VKF,7.459,4126,19.0,26.9,21.9,52.2,0.0,806.8,616.3,551.6,1043.8,758.4,661.0,676.0,626.0,0.8876,0.9584,634.1,523.6,493.5,42.7,177.4,813.7,544.8,523.4,490.6,460.6,432.4,407.7,392.2,418.1,454.5,1686.0,1261.3,1681.6,47.9,142.4,1729.6,1083.6,991.2,931.7,953.6,982.0,1025.4,1179.7,1422.4,1642.4
FRA,26044a,F35270_26044a,FRA-35270,ESKIL,X 332,X-YACHTS,JEPPESEN Nielsen,1994,50120 - CHERBOURG en COTENTIN,,,,ORC,CLUB,C,589,03 03 2026 08:38:49,9.978,9.127,1.825,3.28,4564.,0.0,0.17,648.9,0.8469,708.5,1.0377,578.2,1061.0,851.9,738.3,676.0,640.8,619.1,593.7,0.0,0.0,0.0,0.0,0.0,0.0,0.0,816.0,670.6,596.2,557.4,535.0,519.5,498.2,0.0,0.0,0.0,0.0,0.0,0.0,0.0,1060.3,802.4,668.5,594.1,555.3,524.8,475.3,43.5,41.4,39.7,38.7,38.3,38.2,38.5,145.7,150.5,153.9,160.1,166.8,175.8,177.7,1067.6,880.6,784.3,743.9,729.1,722.2,719.4,698.8,593.7,544.2,523.4,515.5,511.3,507.2,662.9,571.2,529.9,510.3,501.2,496.6,491.2,641.8,556.9,519.3,498.2,484.5,476.1,466.7,655.1,561.3,516.0,494.9,478.6,464.0,445.1,665.8,555.5,509.0,482.3,461.2,444.8,425.4,691.1,571.5,516.5,486.6,462.5,441.1,405.8,774.2,624.9,545.8,505.7,478.6,454.0,408.1,913.0,713.2,602.3,538.2,503.1,477.8,432.4,1054.3,823.2,692.3,608.1,552.6,516.0,468.0,0.8072,1.0450,1.1641,0.6273,0.8539,0.9756,0.0,0.0000,2026,0.9541,628.9,04330004FEJ,8.592,5370,24.2,35.1,30.5,70.7,0.0,743.3,574.2,515.4,956.5,702.7,615.0,624.3,589.0,0.9611,1.0186,580.1,484.3,460.8,39.7,175.8,733.3,508.0,491.2,461.9,434.4,411.8,385.6,359.7,387.4,427.0,1536.8,1154.1,1539.4,46.2,139.5,1510.1,959.0,890.3,847.5,873.0,928.1,968.4,1117.7,1354.0,1563.5
FRA,26370a,F35387_26370a,FRA-35387,HOUAD PENNEK,SUN FAST 3200,JEANNEAU SA,ANDRIEU Daniel,2007,35720 - St PIERRE DE PLESGUEN,,,,ORC,CLUB,C,350,01 07 2026 14:42:29,9.790,9.029,1.908,3.44,3524.,0.0,0.19,643.1,0.8537,702.8,1.0529,569.8,1074.5,853.6,733.5,666.6,632.6,611.6,587.1,0.0,0.0,0.0,0.0,0.0,0.0,0.0,827.0,670.0,590.2,547.4,522.8,505.7,482.0,0.0,0.0,0.0,0.0,0.0,0.0,0.0,1069.8,802.3,662.7,584.3,542.8,509.4,456.8,44.3,42.2,40.5,39.3,39.6,39.7,40.7,145.7,149.2,152.3,158.1,164.8,168.2,165.9,1121.7,909.1,797.7,744.6,728.2,721.2,727.6,729.0,607.1,546.2,517.9,507.7,504.0,501.8,688.7,581.3,529.7,503.5,491.3,486.9,482.7,663.6,564.5,518.2,491.6,472.1,460.3,450.9,674.7,559.1,509.9,491.7,469.1,448.7,422.9,656.6,543.7,495.1,464.0,442.5,428.8,405.5,677.0,556.0,501.5,467.1,436.6,410.8,377.9,755.6,602.8,526.4,486.3,454.1,424.0,359.9,889.7,691.2,581.0,519.3,483.9,454.1,396.4,1027.3,798.2,669.4,588.6,537.0,502.0,446.6,0.8016,1.0605,1.1974,0.6224,0.8621,0.9874,0.0,0.0000,2026,0.9676,620.1,04330004UJ8,8.537,4057,22.7,27.1,27.6,80.7,0.0,748.5,565.8,501.1,964.0,696.0,607.7,622.1,575.0,0.9645,1.0435,576.1,469.2,440.8,43.5,155.9,765.0,509.3,485.8,447.3,412.2,389.8,352.0,299.6,336.7,387.3,1574.1,1190.6,1569.1,46.7,140.2,1624.7,1030.4,955.6,909.0,939.5,932.0,964.1,1100.7,1319.4,1523.6
FRA,26063c,F35422_26063c,FRA-35422,ENJOY,J 122 RACING,J-EUROPE,JOHNSTONE Rodney,2006,47480 - PONT DU CASSE,,,,ORC,CLUB,R,775,22 04 2026 21:22:56,12.190,11.152,2.238,3.64,7406.,0.0,0.00,573.2,0.9531,629.5,1.1707,512.5,922.4,744.4,649.7,602.7,577.5,559.7,534.5,0.0,0.0,0.0,0.0,0.0,0.0,0.0,712.1,586.4,526.0,496.1,478.0,464.6,443.8,0.0,0.0,0.0,0.0,0.0,0.0,0.0,918.8,700.7,588.9,528.3,495.7,468.9,426.7,43.1,41.1,39.5,38.2,37.6,37.3,37.4,142.6,146.3,149.8,152.8,156.5,160.6,159.1,959.0,784.6,699.4,665.1,649.0,640.0,631.4,628.5,530.3,487.4,471.0,464.0,459.7,454.8,596.6,511.6,475.2,459.6,452.4,447.8,442.4,576.6,500.2,467.0,449.2,437.9,430.9,422.0,586.6,494.7,463.4,447.2,431.7,419.5,403.6,570.7,481.5,446.3,425.1,411.5,400.6,381.7,583.3,487.2,448.6,423.6,403.1,385.7,361.4,645.6,524.3,468.5,438.7,414.0,390.7,342.3,767.2,609.8,519.5,470.3,443.7,422.3,381.4,885.9,704.2,599.9,540.3,506.0,479.5,437.5,0.9242,1.1786,1.3039,0.7199,0.9617,1.0816,0.0,0.0000,2026,1.0780,556.6,04330004MKW,10.616,8496,33.0,52.0,40.6,0.0,143.4,649.2,509.1,460.2,833.4,623.9,554.7,555.0,517.6,1.0812,1.1593,507.7,424.8,408.2,38.6,142.8,638.9,454.3,440.8,417.6,394.3,365.6,340.0,292.7,326.2,376.6,1325.5,1003.5,1321.4,46.3,139.4,1366.2,867.9,805.0,764.1,787.1,794.1,819.8,920.7,1112.7,1284.8
FRA,26293a,F35423_26293a,FRA-35423,CASTAGNOLE 2,DEHLER 36 SQ,DEHLER YACHTBAU,JUDEL/VROLIJK,2008,56370 - SARZEAU,,,,ORC,CLUB,C,676,05 05 2026 13:25:51,10.972,10.039,1.972,3.52,6529.,0.0,0.23,629.3,0.8730,687.3,1.0717,559.9,1037.2,831.5,719.3,654.5,618.6,596.8,573.9,0.0,0.0,0.0,0.0,0.0,0.0,0.0,795.8,652.1,578.5,538.6,516.4,501.6,482.8,0.0,0.0,0.0,0.0,0.0,0.0,0.0,1035.3,782.1,649.9,574.3,535.8,506.9,461.2,44.3,42.1,40.7,39.4,38.9,38.7,39.0,145.3,149.6,152.9,158.3,165.1,172.3,177.7,1056.0,867.9,769.8,721.0,702.6,694.0,692.4,684.9,578.9,527.5,504.2,494.1,489.6,486.2,646.6,554.2,512.0,491.6,481.0,476.1,471.7,622.3,538.2,500.9,480.7,467.7,458.9,450.2,634.9,542.5,500.8,479.2,463.7,450.6,431.9,648.3,537.8,491.3,466.8,448.4,433.9,416.9,670.1,551.8,497.6,469.9,448.9,430.1,399.7,747.1,602.1,524.8,486.3,462.2,440.8,400.9,882.0,688.6,580.9,518.1,484.4,462.0,422.1,1018.4,795.1,668.8,587.9,534.6,499.5,455.5,0.8288,1.0795,1.2043,0.6421,0.8800,1.0107,0.0,0.0000,2026,0.9846,609.4,04330004OIS,9.309,7471,28.7,37.6,40.3,91.3,0.0,723.9,555.8,498.2,934.4,681.8,593.6,604.9,569.7,0.9919,1.0532,562.4,471.5,448.9,40.1,176.3,705.2,487.3,471.6,445.6,421.8,407.4,383.2,363.7,384.3,419.5,1507.7,1130.7,1508.0,47.1,140.0,1504.2,948.8,874.8,825.3,849.0,909.9,944.2,1084.3,1308.6,1511.1
FRA,26178a,F35429_26178a,FRA-35429,SOPHIBIANT,A 40 RC,ARCHAMBAULT,NIVELT Bernard,2006,06230 - SAINT JEAN CAP FERRAT,,,,ORC,CLUB,C,734,18 03 2026 08:39:13,11.977,10.874,2.520,3.79,6734.,0.0,0.07,564.5,0.9712,617.8,1.1875,505.3,902.0,731.1,638.7,591.5,567.4,549.7,519.4,0.0,0.0,0.0,0.0,0.0,0.0,0.0,696.8,577.1,519.7,489.9,471.9,457.8,433.0,0.0,0.0,0.0,0.0,0.0,0.0,0.0,898.2,688.5,580.3,520.9,488.9,462.5,417.9,42.3,40.4,38.6,37.3,36.8,36.4,36.2,142.4,146.0,149.4,153.3,156.8,159.9,145.1,940.0,772.4,688.6,652.0,635.1,624.9,613.7,622.0,526.6,484.9,467.4,459.2,454.0,447.9,592.5,509.2,473.9,457.2,447.7,442.2,435.1,574.7,498.7,466.5,448.2,435.4,425.9,415.0,570.0,487.9,462.2,447.5,431.8,418.4,398.1,552.6,473.5,441.9,422.9,410.0,398.8,378.3,564.2,477.2,442.8,418.6,398.0,382.9,355.3,628.7,509.7,460.6,432.0,406.8,381.3,323.2,748.2,597.4,509.9,463.2,437.8,415.5,368.2,864.0,689.8,588.7,531.1,499.6,474.5,425.1,0.9420,1.1938,1.3274,0.7348,0.9791,1.1055,0.0,0.0000,2026,1.0946,548.2,04330004I5O,10.682,7766,30.4,50.4,36.7,0.0,157.9,636.9,502.6,452.0,816.5,612.8,542.7,547.0,509.2,1.0969,1.1783,479.8,408.6,393.2,36.8,143.6,614.8,445.8,432.1,408.5,385.0,359.7,329.5,282.8,298.6,344.8,1288.9,979.9,1284.4,45.6,139.0,1333.7,854.0,797.7,761.7,786.1,766.3,793.4,890.5,1077.5,1244.2
FRA,26358a,F35527_26358a,FRA-35527,SARTINE,DELPH 26 PTE,ARTECNA,MAURIC André,1979,13006 - MARSEILLE,,,,ORC,CLUB,C,347,17 06 2026 15:04:17,7.320,6.398,1.390,2.61,1932.,0.0,0.32,753.7,0.7361,815.1,0.8940,671.2,1216.8,985.3,858.7,780.0,731.3,701.9,672.0,0.0,0.0,0.0,0.0,0.0,0.0,0.0,946.7,781.8,697.8,649.2,617.4,595.1,566.7,0.0,0.0,0.0,0.0,0.0,0.0,0.0,1212.6,928.5,779.6,690.7,639.9,602.0,544.2,43.4,41.8,40.6,39.0,37.7,37.3,37.4,148.3,151.8,156.3,163.3,169.3,176.8,176.8,1259.2,1048.1,936.1,868.5,827.4,805.8,800.3,826.7,703.3,645.9,616.0,597.8,585.6,577.8,787.0,677.8,629.2,602.9,584.7,570.9,558.3,766.4,662.9,616.8,590.6,570.2,552.7,527.7,781.8,659.1,603.7,574.6,554.6,541.5,513.4,774.0,651.2,598.1,565.1,536.4,512.0,479.3,801.5,666.8,605.7,570.4,539.6,512.3,468.9,880.8,715.3,631.2,588.9,557.2,528.1,476.8,1017.1,800.3,683.2,619.9,584.0,554.7,502.6,1174.4,922.5,781.2,691.5,635.2,597.9,543.6,0.6943,0.8975,1.0169,0.5449,0.7397,0.8596,0.0,0.0000,2026,0.8242,728.0,04330004TD6,6.155,2410,14.5,13.5,21.2,43.9,0.0,864.2,668.5,590.0,1101.1,811.1,698.0,726.3,679.5,0.8261,0.8830,659.7,551.8,525.0,39.3,176.3,821.8,580.4,557.3,518.5,491.7,462.9,438.7,431.5,457.0,497.7,1756.6,1334.2,1754.5,46.1,144.2,1777.9,1132.3,1056.1,1013.5,1045.9,1072.3,1119.0,1267.2,1502.8,1735.3
FRA,26246a,F35559_26246a,FRA-35559,ELEGANTLY,A 40 RC,ARCHAMBAULT,NIVELT Bernard,2007,13016 - MARSEILLE,,,,ORC,CLUB,C,737,30 04 2026 13:09:35,11.977,10.885,2.503,3.79,6782.,0.0,0.12,571.6,0.9566,627.2,1.1753,510.5,926.9,747.5,649.9,599.6,572.7,553.5,527.0,0.0,0.0,0.0,0.0,0.0,0.0,0.0,711.5,586.9,525.7,493.9,475.1,460.7,437.0,0.0,0.0,0.0,0.0,0.0,0.0,0.0,923.8,703.1,588.7,525.6,492.5,465.5,420.8,42.4,40.4,38.8,37.2,36.6,36.3,36.0,142.2,146.0,149.6,152.5,156.7,161.4,159.7,957.6,783.4,694.3,653.5,635.4,624.6,613.4,632.4,533.0,488.2,469.2,460.2,454.9,448.9,601.8,514.5,477.0,459.1,449.0,443.2,436.3,578.5,497.8,469.4,450.4,437.2,427.4,416.2,553.9,481.6,453.1,437.3,427.2,419.3,399.9,569.5,481.6,446.8,424.7,409.4,394.9,368.5,585.0,488.8,450.5,425.8,404.3,384.1,351.9,650.7,528.7,472.1,442.2,417.5,393.7,340.1,776.1,616.3,524.5,474.7,447.7,426.3,383.8,896.2,711.7,605.6,545.6,510.0,482.4,440.6,0.9242,1.1821,1.3175,0.7167,0.9647,1.0942,0.0,0.0000,2026,1.0813,554.9,04330004NV1,10.664,7811,30.5,49.2,35.9,0.0,128.6,649.2,507.6,455.4,837.2,622.0,548.3,551.1,518.4,1.0887,1.1573,494.7,413.5,396.1,36.6,142.4,614.1,446.9,433.4,410.1,386.6,349.9,316.0,285.3,325.0,375.3,1331.2,1002.3,1328.0,45.6,138.8,1363.6,872.6,814.4,777.2,746.8,776.4,820.3,928.0,1124.8,1298.8
FRA,26363a,F35989_26363a,FRA-35989,BERZINGUE,SYDNEY 40,BASHFORD INT.,MURRAY/BURNS/DOVEL,1998,85100 - LES SABLES-D'OLONNE,,,,ORC,CLUB,R,747,19 06 2026 11:24:59,12.470,11.085,2.685,3.73,5690.,0.0,0.00,551.8,0.9875,607.6,1.2140,494.2,880.2,711.7,626.2,584.4,561.5,543.4,504.8,0.0,0.0,0.0,0.0,0.0,0.0,0.0,679.5,562.0,508.1,480.3,462.6,447.8,420.8,0.0,0.0,0.0,0.0,0.0,0.0,0.0,877.3,670.5,568.2,511.6,479.7,452.2,404.3,42.4,40.3,38.3,37.4,37.4,37.1,37.1,141.7,145.2,149.4,153.1,154.7,151.6,145.2,909.7,746.3,674.5,648.6,635.1,626.0,617.3,602.0,509.9,473.7,461.4,454.6,450.0,444.6,573.4,493.3,461.2,448.8,442.0,436.9,430.7,555.3,483.1,452.1,434.6,424.4,417.6,408.4,557.5,478.0,453.5,431.9,414.5,402.0,386.3,541.5,462.9,430.4,411.9,397.4,384.5,361.5,554.2,466.8,430.1,403.3,382.8,366.6,337.6,616.7,499.4,450.0,418.4,389.2,358.8,302.6,736.8,586.3,500.4,453.3,425.2,399.4,339.7,850.7,677.0,577.8,520.2,487.9,460.7,392.3,0.9666,1.2196,1.3594,0.7538,0.9947,1.1248,0.0,0.0000,2026,1.1184,536.5,04330004TJB,10.842,6735,30.7,54.4,34.7,0.0,152.0,620.7,492.0,441.4,796.0,603.2,533.4,536.4,496.2,1.1185,1.2091,470.1,400.1,382.1,38.3,145.0,627.9,445.2,429.5,404.3,376.9,342.1,313.0,269.6,270.5,312.3,1263.8,959.8,1260.6,44.9,138.8,1296.8,831.9,776.9,741.1,764.7,753.5,782.6,880.2,1066.0,1230.9
FRA,26170a,F36002_26170a,FRA-36002,FALABRAC,SOLARIS 36,SE.RI.GI.,STUDIO LOSTUZZI,2003,06210 - MANDELIEU,,,,ORC,CLUB,R,691,13 03 2026 13:20:14,10.986,10.297,2.332,3.59,4110.,0.0,0.00,559.4,0.9706,618.2,1.1925,503.1,873.9,713.0,637.5,599.0,575.4,553.9,509.9,0.0,0.0,0.0,0.0,0.0,0.0,0.0,676.8,566.7,518.3,491.3,472.7,456.5,427.9,0.0,0.0,0.0,0.0,0.0,0.0,0.0,870.9,672.9,578.6,523.8,490.9,461.2,409.3,42.3,40.0,38.2,37.5,37.3,37.6,37.9,142.2,145.8,150.1,153.2,150.9,147.6,144.8,903.3,750.3,694.5,672.6,661.1,654.0,651.0,598.2,514.6,487.9,477.7,471.7,467.6,463.5,570.2,498.9,474.1,463.9,457.3,452.4,447.1,552.3,489.2,461.5,445.2,435.7,428.5,419.4,564.2,492.9,461.2,437.6,420.1,408.0,392.2,543.8,472.9,442.8,422.8,406.3,392.0,367.1,553.7,473.8,436.0,408.6,389.5,372.0,340.6,614.4,501.2,454.1,417.2,383.8,350.0,300.9,731.3,585.2,502.8,457.4,424.4,393.1,319.5,844.5,675.7,580.5,525.4,489.7,453.9,368.9,0.9650,1.1954,1.3339,0.7562,0.9749,1.1054,0.0,0.0000,2026,1.1000,545.5,04330004HML,10.077,5076,26.0,45.0,36.9,0.0,148.3,621.8,501.9,449.8,793.4,615.4,542.8,548.2,499.6,1.0946,1.2009,478.0,408.9,387.5,39.8,147.6,672.3,467.8,448.9,415.9,382.6,345.7,314.2,267.3,245.7,283.7,1242.0,943.9,1239.0,45.0,139.3,1272.6,815.8,760.8,724.8,746.3,751.0,777.8,868.6,1049.2,1211.5
FRA,26272a,F36507_26272a,FRA-36507,GALATEE,A 35,ARCHAMBAULT,NIVELT Bernard,2005,94110 - ARCUEIL,,,,ORC,CLUB,R,607,05 06 2026 21:04:32,10.617,9.577,2.146,3.59,4322.,0.0,0.00,607.3,0.9061,662.2,1.1109,540.1,996.0,799.7,692.5,632.0,597.2,575.3,547.3,0.0,0.0,0.0,0.0,0.0,0.0,0.0,767.9,629.2,559.5,521.3,498.1,481.2,455.0,0.0,0.0,0.0,0.0,0.0,0.0,0.0,993.4,752.7,627.0,555.2,517.0,486.4,434.1,43.0,40.8,38.9,37.7,37.0,36.7,36.7,142.6,146.9,149.6,157.8,165.5,170.9,169.6,1022.5,834.7,735.9,688.7,670.0,659.9,652.8,674.3,567.7,517.2,493.7,483.4,478.1,472.6,642.6,548.1,505.6,483.2,470.9,464.7,457.6,625.6,537.0,497.8,475.1,457.8,445.8,433.4,622.2,522.9,482.7,462.5,450.6,439.8,413.8,614.7,514.5,473.1,444.8,420.9,403.3,378.0,631.7,525.4,479.8,449.8,422.8,396.1,351.5,705.3,570.9,505.4,471.0,442.5,414.7,355.5,839.6,662.2,562.2,507.1,474.6,448.2,396.7,969.5,764.6,649.2,575.3,524.4,490.7,441.8,0.8589,1.1169,1.2615,0.6683,0.9126,1.0521,0.0,0.0000,2026,1.0215,587.4,04330004SCJ,9.490,5157,24.3,33.5,28.8,89.0,87.7,698.6,537.2,475.6,897.8,657.5,570.3,584.1,550.0,1.0273,1.0908,524.7,433.7,413.9,37.5,158.4,658.3,472.2,455.8,427.2,399.2,358.2,323.9,288.2,341.5,391.2,1437.0,1090.5,1434.8,45.5,139.2,1459.2,936.0,876.4,840.7,870.0,858.7,888.2,1012.2,1225.3,1414.9
FRA,26091a,F36719_26091a,FRA-36719,FIRSTY 3,A 31,ARCHAMBAULT,JOUBERT-NIVELT,2009,83270 - SAINT CYR SUR MER,,,,ORC,CLUB,R,549,13 03 2026 10:37:05,9.550,8.865,1.988,3.24,3276.,0.0,0.00,633.6,0.8695,690.1,1.0628,564.6,1032.3,828.1,718.4,658.0,625.8,605.4,577.3,0.0,0.0,0.0,0.0,0.0,0.0,0.0,795.9,653.4,583.6,545.4,522.8,505.9,478.5,0.0,0.0,0.0,0.0,0.0,0.0,0.0,1027.4,779.0,651.8,580.8,542.7,511.3,455.6,43.4,41.2,39.4,38.1,37.6,37.8,38.2,144.9,149.2,153.3,160.3,167.3,171.1,165.9,1081.6,883.9,783.5,735.6,717.9,709.0,706.0,710.6,597.6,546.7,522.7,511.6,506.3,502.2,676.0,575.4,532.8,510.6,498.0,491.3,485.2,656.6,562.1,522.6,500.2,482.9,470.3,457.0,637.0,542.4,504.7,485.0,473.0,462.2,435.4,629.9,534.2,494.5,466.0,441.9,423.6,397.9,648.0,543.5,500.2,470.3,443.2,416.2,367.9,721.3,584.3,521.2,486.4,456.2,426.8,361.7,851.2,668.9,568.1,516.2,484.7,456.3,397.3,982.9,772.4,653.2,580.4,533.7,501.8,448.7,0.8280,1.0686,1.2003,0.6450,0.8769,1.0000,0.0,0.0000,2026,0.9788,613.0,04330004HLJ,8.554,4022,20.2,29.7,21.2,81.4,64.3,724.6,561.5,499.9,930.2,684.2,600.0,614.7,567.4,0.9762,1.0575,548.4,456.5,432.1,39.6,146.8,719.4,503.8,484.9,451.6,419.8,384.2,338.2,298.5,326.8,377.4,1492.7,1131.7,1486.9,45.7,140.9,1550.8,992.4,927.3,887.9,887.8,878.2,907.1,1035.3,1242.4,1434.6
FRA,26141a,F36736_26141a,FRA-36736,WAHOO,JPK 960,JPK Composites,VALER Jacques,2003,17000 - LA ROCHELLE,,,,ORC,CLUB,C,591,05 03 2026 08:27:18,9.600,9.176,1.997,3.45,3736.,0.0,0.20,643.4,0.8570,700.1,1.0517,570.5,1069.1,853.5,735.7,665.3,627.1,604.3,574.6,0.0,0.0,0.0,0.0,0.0,0.0,0.0,823.0,670.1,593.1,549.1,523.1,505.2,477.7,0.0,0.0,0.0,0.0,0.0,0.0,0.0,1064.7,802.2,665.2,585.0,542.9,511.0,455.8,43.8,41.7,40.0,38.3,37.6,37.3,37.7,145.3,149.6,152.3,159.1,166.0,171.3,171.3,1113.6,906.3,797.4,737.2,711.8,700.3,692.8,727.1,607.6,550.7,522.9,508.9,502.1,495.8,689.2,582.4,535.1,510.8,496.0,487.2,479.0,667.4,567.0,523.7,499.9,481.7,467.6,452.0,662.9,553.3,507.7,482.3,465.8,455.5,432.6,654.2,544.9,500.9,470.6,445.2,423.5,392.3,675.0,557.7,506.7,474.9,447.9,424.2,373.7,751.8,604.7,530.9,493.3,463.0,435.7,379.7,887.4,693.6,585.0,524.8,491.4,463.3,412.1,1024.7,800.8,673.9,593.3,542.4,508.3,456.4,0.8037,1.0576,1.2015,0.6241,0.8635,1.0019,0.0,0.0000,2026,0.9665,620.8,04330004FM9,8.691,4541,22.9,31.2,24.7,79.9,62.0,746.5,567.3,499.4,961.4,694.8,598.9,620.1,577.6,0.9676,1.0388,553.1,455.6,431.6,38.7,154.8,699.4,494.7,476.0,444.4,415.8,369.7,334.0,315.9,353.3,406.8,1558.5,1178.7,1553.8,46.4,139.4,1605.0,1021.0,949.4,905.2,930.5,918.9,951.1,1088.0,1309.3,1511.8
FRA,26225a,F36884_26225a,FRA-36884,EXPRESSO,JPK 1010,JPK,VALER Jacques,2010,83310 - Port Grimaud,,,,ORC,INTL,R,450,27 03 2026 08:48:30,10.036,9.368,1.999,3.41,4060.,119.7,0.00,626.2,0.8787,682.8,1.0788,556.2,1035.1,826.5,712.8,649.7,615.5,594.5,568.0,0.0,0.0,0.0,0.0,0.0,0.0,0.0,797.0,650.1,576.0,535.6,512.0,495.1,470.0,0.0,0.0,0.0,0.0,0.0,0.0,0.0,1030.8,777.0,645.2,570.9,531.7,500.1,446.4,43.5,41.2,39.6,38.2,37.7,38.1,38.5,145.3,149.2,153.0,159.0,165.9,170.2,169.1,1077.9,877.2,772.4,721.8,703.1,694.5,693.6,707.7,592.4,536.4,510.6,499.2,494.1,490.6,672.6,569.8,522.1,498.4,485.5,479.1,473.5,652.1,555.9,512.2,488.1,470.4,457.5,445.1,637.1,535.9,494.5,473.7,461.3,449.2,422.4,630.6,527.0,484.0,454.2,429.5,411.7,387.7,650.1,539.2,491.2,459.7,431.9,405.6,361.4,729.4,587.6,516.9,479.9,449.6,421.9,363.3,859.3,671.9,567.7,511.0,477.9,449.7,396.2,992.2,775.8,653.3,577.6,528.0,494.5,442.4,0.8292,1.0855,1.2247,0.6446,0.8863,1.0172,0.0,0.0000,2026,0.9921,604.8,04330004J5F,8.964,4713,23.9,31.9,25.7,85.7,73.5,723.6,552.7,489.9,930.8,677.0,589.9,605.6,562.2,0.9908,1.0672,548.6,451.9,427.5,40.0,155.9,709.1,493.0,474.9,440.0,408.7,375.1,334.4,300.4,336.9,388.1,1506.8,1139.5,1502.5,45.9,141.4,1550.6,991.2,925.5,886.0,890.8,882.7,915.1,1051.6,1267.0,1463.0
FRA,26224a,F36949_26224a,FRA-36949,KARIBARIO 6,SUN ODYSSEY 40 GTE,JEANNEAU SA,ANDRIEU Daniel,1998,50290 - BREHAL,,,,ORC,CLUB,C,725,27 03 2026 21:30:13,11.710,10.550,1.973,3.94,7490.,0.0,0.34,638.3,0.8606,697.2,1.0640,563.9,1084.5,860.2,736.9,661.3,617.8,592.7,567.5,0.0,0.0,0.0,0.0,0.0,0.0,0.0,829.8,671.2,587.3,539.6,512.8,496.1,475.7,0.0,0.0,0.0,0.0,0.0,0.0,0.0,1081.4,807.7,662.9,576.6,532.4,501.4,454.2,45.1,43.2,41.8,40.4,39.6,39.1,39.3,145.8,149.6,152.3,156.8,163.3,169.1,177.2,1115.3,904.9,792.3,727.4,697.6,685.7,682.0,716.4,595.3,533.6,502.3,487.2,481.0,477.0,671.6,566.5,514.6,488.5,474.6,467.4,462.5,645.1,548.0,501.4,477.6,462.4,451.9,441.2,658.4,553.9,501.8,474.2,459.1,445.5,424.4,671.1,548.9,491.6,463.5,443.9,427.8,407.1,695.0,565.4,499.7,467.3,445.3,426.0,393.0,774.8,616.8,530.5,485.0,458.7,437.3,398.1,912.5,706.2,591.3,521.7,482.7,458.5,419.2,1053.7,815.5,681.4,595.2,538.0,499.7,453.0,0.7995,1.0719,1.2180,0.6171,0.8668,1.0178,0.0,0.0000,2026,0.9747,615.6,04330004J80,9.490,8514,33.6,37.6,44.8,98.9,0.0,750.5,559.8,492.6,972.3,692.2,589.5,610.9,575.5,0.9821,1.0426,554.7,462.9,439.9,40.2,176.3,692.0,477.3,461.1,435.6,412.5,393.2,372.0,360.4,382.2,417.4,1597.1,1197.7,1595.0,47.9,142.6,1618.0,1014.1,930.2,875.7,902.7,956.3,994.5,1138.4,1365.1,1576.2
FRA,26067a,F37102_26067a,FRA-37102,THILIE TOO,A 31,ARCHAMBAULT,JOUBERT-NIVELT,2009,06700 - SAINT LAURENT DU VAR,,,,ORC,CLUB,R,548,03 03 2026 10:23:28,9.550,8.859,1.986,3.24,3258.,0.0,0.00,639.5,0.8650,693.6,1.0553,568.6,1050.5,839.5,725.4,660.3,624.8,603.2,574.7,0.0,0.0,0.0,0.0,0.0,0.0,0.0,810.1,661.8,588.8,548.5,524.5,507.0,480.0,0.0,0.0,0.0,0.0,0.0,0.0,0.0,1045.8,789.7,658.0,583.5,544.0,511.7,459.3,43.4,41.3,39.4,37.9,37.6,37.4,37.6,145.3,149.4,153.4,160.1,167.1,172.7,168.2,1097.1,893.1,788.2,733.3,711.3,700.9,695.9,721.4,603.2,549.4,522.7,509.6,503.4,498.2,686.2,580.4,535.2,511.4,497.1,488.6,481.4,667.0,567.2,525.1,501.8,483.8,469.8,453.8,648.6,550.1,511.2,494.3,481.4,463.8,434.9,640.7,539.0,498.9,471.7,450.2,436.8,414.7,661.5,550.9,504.3,473.9,447.2,422.2,386.3,738.9,595.7,527.4,491.6,461.6,432.7,368.7,869.3,680.6,576.3,521.6,489.4,461.6,404.9,1003.8,785.9,662.5,587.3,538.4,505.5,453.6,0.8153,1.0613,1.1970,0.6349,0.8720,1.0035,0.0,0.0000,2026,0.9723,617.1,04330004FF3,8.577,4000,20.2,28.3,20.2,71.4,0.0,735.9,565.3,501.3,945.0,688.1,597.9,617.6,573.8,0.9715,1.0457,548.9,458.7,436.7,38.7,146.8,706.6,499.2,480.4,447.4,416.6,406.0,358.6,304.5,338.8,391.2,1528.5,1158.1,1523.4,45.6,141.4,1579.4,1012.1,946.5,907.7,908.0,896.1,928.9,1066.2,1279.6,1477.6
FRA,26055a,F37197_26055a,FRA-37197,JEMINI,J 97,J-EUROPE,JOHNSTONE Alan,2009,06300 - NICE,,,,ORC,CLUB,C,519,06 03 2026 14:26:38,9.600,8.589,1.915,3.35,3850.,0.0,0.21,644.1,0.8472,708.2,1.0425,575.5,1039.5,841.6,733.7,676.5,647.1,627.9,603.3,0.0,0.0,0.0,0.0,0.0,0.0,0.0,800.3,661.6,592.8,556.4,535.1,520.0,497.7,0.0,0.0,0.0,0.0,0.0,0.0,0.0,1032.1,790.3,663.9,592.7,555.3,525.0,476.2,43.7,41.5,40.0,38.6,38.2,38.2,38.6,143.9,148.0,150.1,153.4,158.6,161.9,159.5,1112.9,913.2,807.2,753.0,732.4,722.9,719.9,727.6,613.1,558.2,532.3,520.8,515.7,511.3,689.4,588.1,542.6,519.7,507.8,501.8,495.9,666.3,572.2,531.1,508.8,493.6,483.0,471.8,638.6,545.7,511.4,496.7,486.0,474.0,451.3,623.5,532.7,496.0,471.5,452.5,439.8,418.2,638.4,540.3,499.9,471.6,446.6,424.7,394.9,708.6,579.7,521.3,489.2,460.7,433.9,381.2,836.6,666.8,571.8,522.7,495.0,471.3,425.9,966.0,770.0,660.2,599.9,561.8,532.8,486.8,0.8209,1.0490,1.1642,0.6379,0.8547,0.9623,0.0,0.0000,2026,0.9598,625.1,04330004H0R,8.227,4560,21.3,29.1,24.3,0.0,90.4,730.9,572.0,515.4,940.6,702.0,623.5,627.5,577.2,0.9562,1.0396,575.0,476.0,455.2,40.0,141.3,732.9,512.3,495.5,466.5,438.1,401.0,370.3,313.7,361.2,417.0,1491.1,1128.7,1481.5,46.2,139.9,1587.4,1009.7,937.6,891.0,883.9,861.6,886.8,1001.2,1208.0,1394.8
FRA,26211a,F37234_26211a,FRA-37234,FURTIF,A 31,ARCHAMBAULT,JOUBERT-NIVELT,2009,06100 - JUAN LES PINS,,,,ORC,CLUB,R,550,21 03 2026 00:18:42,9.550,8.869,1.989,3.24,3285.,0.0,0.00,630.5,0.8723,687.8,1.0663,562.7,1020.6,820.2,713.8,657.5,626.2,606.1,578.0,0.0,0.0,0.0,0.0,0.0,0.0,0.0,787.2,648.0,580.6,544.5,522.6,506.1,478.7,0.0,0.0,0.0,0.0,0.0,0.0,0.0,1017.3,772.4,648.2,579.9,542.5,511.3,455.8,43.4,41.0,39.2,38.0,37.6,37.8,38.2,145.1,149.4,153.5,160.6,167.3,171.8,166.8,1053.7,865.1,772.2,732.6,717.3,709.2,705.8,692.6,587.2,540.8,520.4,511.5,506.6,502.2,659.3,566.8,527.8,508.1,497.3,491.8,485.3,640.9,554.3,518.4,496.8,480.9,469.6,457.6,630.9,540.4,504.1,483.2,470.1,459.2,434.8,632.2,533.8,494.2,465.7,441.7,423.4,393.4,651.4,545.4,500.9,470.5,443.0,415.9,367.8,726.0,587.4,523.3,488.3,458.1,429.1,364.5,855.1,671.4,570.2,518.0,486.3,458.2,400.1,987.4,775.3,655.3,582.3,535.1,503.0,450.3,0.8361,1.0720,1.2001,0.6519,0.8798,0.9990,0.0,0.0000,2026,0.9822,610.9,04330004IJN,8.589,4034,20.2,29.7,23.8,78.2,64.4,717.6,559.7,500.0,920.4,682.0,600.6,611.1,567.3,0.9818,1.0576,550.9,455.8,430.9,39.6,146.8,719.6,503.9,485.1,451.9,420.4,371.6,329.2,298.1,330.9,382.1,1473.7,1116.0,1470.9,45.9,141.0,1501.2,959.8,896.7,858.4,871.7,880.2,912.2,1043.2,1252.4,1446.1
FRA,26204b,F37244_26204b,FRA-37244,MIJANELLE 3,FIRST 35(2)GTE,BENETEAU SA,FARR YACHT DESIGN,2009,31490 - LEGUEVIN,,,,ORC,CLUB,C,618,06 05 2026 00:26:36,10.660,9.626,2.184,3.64,5292.,0.0,0.18,617.3,0.8875,676.1,1.0893,550.8,1005.9,808.4,701.8,645.7,614.3,594.8,570.2,0.0,0.0,0.0,0.0,0.0,0.0,0.0,772.0,635.1,566.8,531.8,511.6,497.3,475.8,0.0,0.0,0.0,0.0,0.0,0.0,0.0,1002.0,759.8,635.1,567.1,531.1,502.1,453.7,43.5,41.2,39.7,38.8,38.5,38.9,39.4,145.1,149.4,153.2,159.4,166.6,172.3,173.6,1045.5,857.3,762.2,722.8,708.4,701.4,699.1,684.7,578.1,527.2,506.5,498.8,494.3,490.4,649.3,555.8,512.7,493.0,484.6,480.0,474.9,624.7,534.8,501.3,480.9,467.6,460.1,451.4,598.5,517.0,483.3,466.5,457.2,447.3,429.9,617.9,521.6,480.6,454.9,434.9,420.9,398.1,638.7,532.4,486.7,458.9,434.7,413.8,379.7,711.0,575.1,509.0,474.7,447.9,423.0,375.1,836.9,657.7,557.6,503.6,472.9,447.9,400.3,966.4,759.4,641.5,568.5,520.2,488.2,441.3,0.8528,1.0969,1.2176,0.6614,0.8954,1.0162,0.0,0.0000,2026,1.0016,599.0,04330004OMA,9.081,6145,27.0,39.7,31.5,102.6,84.9,703.6,547.0,492.8,907.2,670.1,590.4,599.1,554.1,1.0016,1.0829,557.0,461.1,437.6,41.2,165.0,716.6,492.4,476.4,448.0,420.0,381.3,352.9,322.2,349.2,397.3,1453.3,1091.4,1449.5,46.2,140.9,1491.2,948.3,881.0,837.6,806.9,844.0,893.7,1021.0,1225.7,1415.3
FRA,26330a,F37280_26330a,FRA-37280,BONNE NOUVELLE,SLY 42,SLY Yachts,Lostuzzi,2006,34000 - MONTPELLIER,,,,ORC,CLUB,C,866,29 05 2026 12:42:01,12.818,12.028,2.575,3.85,7721.,0.0,0.12,548.0,0.9973,601.6,1.2290,488.2,896.6,719.2,624.9,577.0,546.8,525.9,496.3,0.0,0.0,0.0,0.0,0.0,0.0,0.0,690.0,564.2,503.7,472.5,452.1,437.0,412.9,0.0,0.0,0.0,0.0,0.0,0.0,0.0,893.5,676.5,565.4,503.8,469.1,441.2,396.5,43.0,41.0,39.1,37.9,37.2,37.4,37.1,141.7,145.1,148.3,152.2,163.0,167.3,165.9,927.5,753.0,669.2,635.2,618.2,607.7,596.5,607.6,508.7,465.2,448.5,440.9,435.8,429.6,576.1,489.9,452.5,436.4,428.8,423.2,416.2,556.6,478.3,444.1,425.0,412.4,404.6,393.9,565.2,474.5,444.6,425.1,407.2,392.7,374.5,549.3,460.4,424.3,401.8,387.2,374.9,354.0,562.3,465.9,426.3,398.4,375.5,359.1,333.0,627.6,503.7,447.6,416.4,389.0,363.2,308.9,749.7,593.6,502.8,451.0,423.0,399.2,350.4,865.7,685.4,580.5,518.9,475.4,444.2,396.0,0.9568,1.2359,1.3896,0.7427,1.0046,1.1538,0.0,0.0000,2026,1.1293,531.3,04330004RMI,11.541,8951,36.9,57.0,47.9,158.4,170.8,627.1,485.5,431.8,807.9,597.3,520.0,529.7,493.8,1.1326,1.2150,468.5,393.7,376.7,38.0,142.9,600.4,428.3,413.9,388.9,364.1,339.2,310.2,269.7,291.6,336.7,1294.8,979.9,1291.2,45.5,138.8,1330.6,847.6,786.8,746.3,771.5,772.0,798.9,900.1,1090.3,1258.9
FRA,26271a,F37296_26271a,FRA-37296,FIRST LIGHT,FIRST 35(2)GTE,BENETEAU SA,FARR YACHT DESIGN,2009,06600 - ANTIBES,,,,ORC,CLUB,C,632,05 05 2026 23:39:42,10.660,9.712,2.201,3.64,5608.,0.0,0.20,618.6,0.8907,673.6,1.0892,550.8,1012.1,812.8,702.8,641.6,608.7,588.4,562.9,0.0,0.0,0.0,0.0,0.0,0.0,0.0,779.6,639.5,568.5,530.7,509.5,494.6,473.0,0.0,0.0,0.0,0.0,0.0,0.0,0.0,1006.8,764.0,636.4,565.3,528.7,499.7,452.4,43.5,41.2,39.6,38.4,37.8,38.0,38.4,145.1,149.2,152.8,159.3,166.4,172.5,174.5,1064.7,870.1,766.8,717.2,698.6,689.4,684.1,697.2,586.6,531.6,506.4,496.3,491.4,486.7,661.1,563.2,517.0,494.0,483.2,478.0,472.3,639.5,548.0,506.6,484.0,469.0,459.7,450.6,623.8,527.6,488.7,472.4,462.4,450.8,430.9,616.3,518.6,478.9,454.0,435.0,421.8,402.7,634.4,529.4,485.2,458.2,434.6,413.5,381.8,704.8,571.3,506.4,473.3,447.3,423.2,377.2,831.0,654.3,554.9,501.5,471.7,447.5,401.1,959.5,755.6,638.7,565.9,518.8,487.4,441.7,0.8456,1.0968,1.2239,0.6576,0.8982,1.0276,0.0,0.0000,2026,1.0024,598.6,04330004OM9,9.191,6478,27.4,40.0,29.2,110.7,92.7,709.6,547.0,490.2,912.4,668.0,583.9,599.8,554.0,1.0003,1.0830,546.6,457.8,436.7,39.6,165.3,694.1,487.1,471.5,446.1,420.2,393.4,360.9,325.6,352.4,399.2,1462.0,1106.2,1455.7,46.0,141.2,1524.5,970.7,902.7,859.4,866.6,855.6,886.2,1009.9,1211.9,1399.4
FRA,26119a,F37305_26119a,FRA-37305,CROQUE PIGNE,OVAL 24,GALLERAND Olivier,GALLERAND Olivier,2010,33470 - LE TEICH,,,,ORC,CLUB,S,377,13 03 2026 11:45:58,7.300,7.036,1.747,2.49,853.,0.0,0.00,640.0,0.8460,709.2,1.0474,572.9,1016.6,823.8,734.7,690.2,657.3,624.4,561.9,0.0,0.0,0.0,0.0,0.0,0.0,0.0,785.5,657.4,596.6,560.0,532.1,507.5,467.3,0.0,0.0,0.0,0.0,0.0,0.0,0.0,1012.7,777.8,666.6,598.2,553.1,511.4,440.9,42.2,39.8,37.3,36.7,36.6,36.7,37.4,143.1,147.8,151.8,150.5,147.1,144.4,143.8,1055.5,870.9,795.6,773.5,764.1,759.6,763.2,698.5,603.2,569.3,555.1,547.0,541.5,537.7,666.5,586.7,553.1,534.5,524.5,517.4,510.9,649.1,575.9,536.2,506.7,490.6,478.8,465.4,638.0,566.4,534.6,496.3,464.7,443.1,416.7,624.7,543.2,493.4,463.0,437.3,414.9,378.8,639.5,549.3,489.8,442.8,410.5,385.4,345.0,713.3,589.0,523.8,467.3,410.2,361.3,295.7,846.7,672.6,584.7,525.8,476.8,423.7,312.3,977.7,776.7,673.8,606.8,550.5,489.2,360.6,0.8317,1.0465,1.2035,0.6520,0.8475,0.9849,0.0,0.0000,2026,0.9656,621.4,04330004HM1,7.245,1328,11.3,19.4,13.1,0.0,53.4,721.4,573.3,498.5,920.2,708.0,609.2,631.6,568.2,0.9500,1.0560,532.0,446.7,417.3,39.3,148.5,787.4,544.1,514.2,461.0,402.4,342.4,311.5,257.3,239.6,276.6,1454.9,1107.5,1450.8,44.6,139.7,1496.0,962.4,901.8,864.3,889.3,869.4,897.9,1013.7,1224.5,1413.9
FRA,26247a,F37310_26247a,FRA-37310,GARUDA 4,JPK 1010,JPK Composites,VALER Jacques,2010,14000 - CAEN,,,,ORC,CLUB,R,599,10 04 2026 13:01:09,10.036,9.369,1.993,3.41,3962.,0.0,0.00,623.9,0.8810,681.0,1.0827,554.2,1031.2,823.9,711.3,648.0,614.3,593.0,565.0,0.0,0.0,0.0,0.0,0.0,0.0,0.0,793.4,647.4,574.2,533.9,510.4,493.3,466.4,0.0,0.0,0.0,0.0,0.0,0.0,0.0,1028.2,774.8,643.7,569.1,530.1,498.8,442.9,43.6,41.5,39.7,38.4,37.9,38.2,38.5,145.1,149.2,152.3,158.8,165.9,170.9,170.4,1061.5,866.1,765.4,717.2,699.7,690.7,686.2,696.1,584.3,531.7,507.3,496.5,491.2,486.1,661.7,562.3,517.9,495.2,482.7,476.2,468.9,643.0,549.5,508.2,484.9,467.2,454.5,441.0,629.4,531.9,491.8,468.8,454.3,444.3,419.3,637.7,530.9,486.0,455.9,430.3,408.6,379.9,657.2,543.4,493.2,461.8,434.5,408.0,356.0,732.5,588.6,517.3,480.3,450.4,422.5,363.5,866.8,677.0,570.4,511.5,478.5,450.8,398.1,1000.9,781.7,657.2,578.8,528.9,495.3,443.9,0.8328,1.0891,1.2308,0.6469,0.8884,1.0207,0.0,0.0000,2026,0.9951,603.0,04330004KSJ,9.020,4782,23.9,32.3,27.0,88.0,69.4,720.5,550.9,487.5,927.5,675.4,587.8,601.6,561.5,0.9974,1.0686,544.2,446.0,420.9,39.7,155.4,697.8,487.2,468.8,434.7,404.1,356.2,320.5,302.8,339.1,390.6,1496.3,1131.2,1493.8,46.0,139.5,1521.3,971.9,907.5,869.0,873.2,891.4,926.7,1059.2,1274.3,1471.4
FRA,26268a,F37370_26268a,FRA-37370,TAGAN IV,A-31 IRC Keel,ARCHAMBAULT,JOUBERT-NIVELT,2009,44580 - BOURGNEUF en RETZ,,,,ORC,CLUB,R,543,14 05 2026 07:49:12,9.550,8.997,1.960,3.24,3122.,0.0,0.00,663.4,0.8169,734.4,1.0216,587.3,1126.9,895.4,772.9,696.4,653.8,634.3,617.3,0.0,0.0,0.0,0.0,0.0,0.0,0.0,854.8,691.6,611.7,564.1,535.8,518.6,496.3,0.0,0.0,0.0,0.0,0.0,0.0,0.0,1111.7,834.9,691.7,604.8,556.9,522.4,463.6,46.4,44.8,43.4,42.3,41.5,41.8,43.4,143.4,147.7,150.6,159.7,168.2,174.5,166.5,1279.6,1021.0,889.8,810.7,774.4,768.3,788.0,811.4,659.1,584.2,544.8,526.0,519.1,520.6,750.3,618.8,556.3,525.7,508.6,499.5,496.4,704.7,587.6,536.5,509.7,491.1,476.2,460.5,652.2,546.5,504.7,482.1,469.5,459.5,438.2,632.0,531.5,491.0,460.4,435.2,414.3,387.1,645.4,539.4,495.3,463.7,435.1,407.3,355.0,712.8,579.0,518.3,483.8,452.5,421.3,351.3,843.8,666.6,568.3,517.5,485.3,456.3,396.2,974.3,769.7,655.9,582.2,533.2,500.4,446.5,0.7760,1.0282,1.1661,0.5934,0.8244,0.9482,0.0,0.0000,2026,0.9350,641.7,04330004PRP,7.891,4161,20.9,28.9,21.6,79.3,73.7,773.2,583.5,514.5,1011.1,727.8,632.8,653.9,577.3,0.9176,1.0393,605.2,481.5,443.5,46.4,141.8,838.0,533.9,501.4,456.8,421.0,362.6,322.8,283.4,322.4,372.3,1655.7,1237.6,1632.2,48.6,140.2,1891.0,1180.0,1068.5,984.6,922.2,886.3,908.7,1021.2,1230.1,1420.4
FRA,26130a,F37937_26130a,FRA-37937,SPIRIT OF REIVILO,ELAN 350,ELAN MARINE,HUMPHREYS Rob,2010,13008 - MARSEILLE,,,,ORC,CLUB,C,685,06 03 2026 20:19:04,11.078,10.300,2.352,3.54,5251.,0.0,0.19,598.9,0.9094,659.8,1.1261,532.8,985.6,792.9,686.2,628.8,599.4,579.0,551.1,0.0,0.0,0.0,0.0,0.0,0.0,0.0,757.0,620.7,550.8,513.6,492.1,476.7,451.7,0.0,0.0,0.0,0.0,0.0,0.0,0.0,981.3,744.9,619.4,547.8,510.6,480.9,433.0,43.1,41.0,39.4,38.3,37.7,37.7,37.7,142.9,147.0,149.2,151.8,155.9,160.6,156.8,1028.8,839.3,739.0,690.5,670.6,659.6,650.5,676.1,567.3,512.8,487.7,476.4,470.9,465.2,642.3,545.4,498.8,475.6,463.6,457.6,450.7,621.5,524.8,484.8,465.9,450.1,439.2,427.9,595.3,507.0,469.3,448.4,435.4,426.8,408.5,600.7,502.1,460.7,434.8,415.9,402.3,371.0,615.7,511.4,465.9,437.0,411.9,389.3,356.7,687.2,555.8,490.6,456.6,428.3,401.7,344.0,816.2,646.6,548.6,492.4,462.3,438.4,392.4,942.5,746.6,633.5,567.1,528.2,498.3,451.8,0.8710,1.1331,1.2734,0.6747,0.9171,1.0460,0.0,0.0000,2026,1.0338,580.4,04330004H2U,9.827,6196,26.9,40.0,30.2,0.0,108.2,688.9,529.5,471.2,889.3,654.2,573.6,578.7,540.3,1.0369,1.1106,517.7,427.2,407.1,38.4,141.9,653.6,463.9,448.4,421.9,395.4,347.6,317.1,285.9,330.7,381.9,1417.1,1069.6,1412.2,45.6,139.2,1465.8,936.1,872.6,832.5,808.7,837.3,864.6,979.8,1185.1,1368.4
FRA,26281a,F38052_26281a,FRA-38052,OVERDOSE CHARLY,DEHLER 36 SQ,DEHLER YACHTBAU,JUDEL/VROLIJK,2001,13480 - CALAS,,,,ORC,CLUB,C,677,23 04 2026 07:39:19,10.972,10.052,1.973,3.52,6542.,0.0,0.17,618.6,0.8875,676.0,1.0875,551.7,1008.0,811.5,704.8,645.3,612.0,591.5,567.6,0.0,0.0,0.0,0.0,0.0,0.0,0.0,774.9,637.7,568.7,532.1,511.3,497.1,477.4,0.0,0.0,0.0,0.0,0.0,0.0,0.0,1005.3,763.3,637.7,567.2,530.5,502.5,456.6,43.9,41.5,40.1,39.0,38.5,38.2,38.3,145.3,149.6,152.9,158.8,165.9,172.7,177.2,1034.6,852.3,758.9,715.9,698.8,690.5,686.0,674.8,572.8,524.2,502.9,494.1,489.6,485.7,639.4,550.3,509.9,490.7,481.0,476.4,471.6,616.8,535.7,499.7,479.9,467.3,459.1,450.6,612.9,524.5,487.6,467.8,454.7,446.4,432.2,630.1,526.1,483.9,460.0,440.5,424.5,403.1,649.1,538.4,490.4,464.4,442.9,423.1,389.3,721.4,583.4,513.6,479.1,455.3,433.4,393.2,849.9,667.5,565.2,508.0,477.4,455.1,413.8,981.4,770.8,650.6,574.8,525.3,492.6,449.2,0.8495,1.0951,1.2164,0.6595,0.8946,1.0210,0.0,0.0000,2026,0.9999,600.0,04330004MLF,9.377,7485,28.7,40.2,38.5,102.6,83.9,706.3,547.9,493.3,909.8,670.7,587.7,597.1,558.3,1.0049,1.0747,554.1,464.1,442.8,39.3,174.5,696.4,486.1,471.3,446.2,422.4,385.0,369.0,355.1,374.4,411.9,1455.2,1094.3,1454.0,46.7,139.5,1467.2,928.4,859.0,814.2,830.7,869.0,908.6,1038.3,1249.9,1443.2
FRA,26215a,F38116_26215a,FRA-38116,FEELING GOOD,FIRST 36.7  GTE,BENETEAU SA,FARR Bruce,2001,13009 - MARSEILLE,,,,ORC,CLUB,C,621,19 03 2026 07:39:36,10.640,9.582,2.223,3.46,5584.,0.0,0.19,631.8,0.8724,687.8,1.0659,562.9,1031.1,828.5,717.8,655.5,621.4,600.4,576.4,0.0,0.0,0.0,0.0,0.0,0.0,0.0,794.9,653.1,580.5,542.2,520.7,506.1,486.4,0.0,0.0,0.0,0.0,0.0,0.0,0.0,1030.1,780.6,650.3,577.3,540.1,511.4,465.6,43.1,40.8,39.4,38.2,37.8,37.7,38.4,145.3,150.1,153.2,159.2,166.2,173.6,177.2,1040.8,858.4,763.4,719.8,704.5,697.4,694.3,685.2,581.6,532.0,510.1,501.5,497.3,493.7,651.8,560.1,518.4,498.1,488.3,483.9,479.4,631.2,546.4,508.5,487.8,474.3,465.8,457.5,644.4,548.9,504.0,485.1,469.7,455.9,437.3,647.6,540.1,495.4,470.7,451.8,438.4,421.2,669.9,554.3,502.1,474.1,452.1,432.3,402.6,748.1,604.5,529.2,491.4,466.4,443.6,400.9,884.6,691.7,584.2,522.5,489.3,466.0,423.6,1021.4,798.6,672.2,591.3,538.3,503.4,458.4,0.8287,1.0737,1.1943,0.6453,0.8795,1.0056,0.0,0.0000,2026,0.9809,611.7,04330004I99,9.095,6441,26.5,37.3,34.0,85.6,0.0,724.0,558.8,502.4,929.8,682.2,596.7,607.4,573.2,0.9878,1.0468,563.0,473.9,452.8,39.7,175.4,705.8,494.3,479.6,453.5,427.9,410.9,385.7,359.2,383.1,420.2,1492.0,1124.5,1493.6,46.0,139.6,1475.8,941.0,876.9,836.3,862.1,904.5,939.7,1080.2,1306.2,1508.3
FRA,26032a,F38321_26032a,FRA-38321,PICKWICK,J 97,J-EUROPE,JOHNSTONE Alan,2009,44800 - SAINT HERBLAIN,,,,ORC,CLUB,C,519,23 02 2026 21:54:14,9.600,8.591,1.916,3.35,3854.,0.0,0.22,644.2,0.8476,707.9,1.0429,575.3,1043.2,844.4,734.2,674.9,646.0,627.0,602.2,0.0,0.0,0.0,0.0,0.0,0.0,0.0,802.2,662.5,592.9,555.6,534.5,519.4,497.0,0.0,0.0,0.0,0.0,0.0,0.0,0.0,1036.0,792.7,664.2,591.7,554.6,524.4,476.2,43.5,41.5,39.9,38.5,38.2,38.1,38.5,143.8,147.8,149.3,153.4,158.3,161.4,158.2,1115.2,915.0,808.5,753.2,731.9,722.1,718.8,730.6,615.6,560.0,533.3,521.1,515.8,511.3,693.7,591.1,544.6,521.0,508.4,502.0,496.0,672.1,575.7,533.3,510.4,494.8,483.8,471.9,637.3,545.0,512.0,497.8,487.0,475.5,452.2,619.0,530.2,494.4,470.6,453.3,440.6,419.1,633.7,536.7,497.4,469.2,444.8,423.6,395.8,711.7,577.0,517.9,486.1,457.5,430.6,376.9,841.1,670.1,571.5,519.8,492.7,469.0,423.4,971.2,773.8,660.0,596.7,560.0,531.8,485.5,0.8193,1.0495,1.1655,0.6357,0.8552,0.9640,0.0,0.0000,2026,0.9598,625.1,04330004CC6,8.227,4567,21.3,27.9,25.1,0.0,98.7,732.3,571.7,514.8,943.8,701.6,622.4,627.7,576.2,0.9558,1.0412,570.5,474.2,453.9,39.9,141.7,732.1,512.3,495.4,466.2,438.4,402.0,371.5,311.8,354.2,408.9,1497.1,1133.2,1487.7,46.0,139.8,1591.4,1013.9,944.0,900.5,883.2,863.5,888.7,1006.3,1215.0,1402.9
FRA,26273a,F38377_26273a,FRA-38377,XTREM JP,CORK 1720,1720 YACHT UK,TONY CASTRO,1994,56270 - PLOEMEUR,,,,ORC,CLUB,S,425,19 05 2026 20:15:02,7.827,7.468,1.629,2.41,1500.,0.0,0.18,661.4,0.8242,728.0,1.0167,590.1,1064.3,864.2,757.6,698.5,667.9,643.5,587.8,0.0,0.0,0.0,0.0,0.0,0.0,0.0,822.0,683.4,614.2,572.7,546.8,524.9,484.3,0.0,0.0,0.0,0.0,0.0,0.0,0.0,1056.3,812.6,686.5,610.4,567.0,529.2,460.8,43.1,41.2,39.1,37.3,37.1,36.9,37.5,144.1,148.5,150.8,153.4,151.8,147.8,139.0,1144.3,941.6,834.1,776.6,756.5,747.0,744.6,751.8,636.5,584.7,557.0,543.8,536.8,529.6,714.7,613.5,570.1,542.9,525.6,517.0,507.0,693.4,599.2,558.4,529.0,504.0,487.9,471.5,657.8,568.9,535.4,515.5,499.2,474.3,439.5,641.1,554.4,506.8,473.0,451.5,432.4,399.1,655.5,561.1,511.0,469.0,432.8,405.6,365.1,723.8,597.5,538.9,494.5,452.4,408.4,316.5,852.4,681.4,590.1,539.9,502.3,467.7,373.2,984.2,786.8,681.0,620.5,579.2,540.0,430.9,0.7971,1.0182,1.1647,0.6223,0.8283,0.9544,0.0,0.0000,2026,0.9366,640.6,04330004QEE,7.432,2074,14.7,21.7,15.2,0.0,65.3,752.7,589.3,515.2,964.2,724.4,628.7,647.8,589.8,0.9262,1.0173,530.4,449.8,424.9,39.0,145.2,753.5,528.2,504.4,464.5,421.7,371.6,327.3,265.5,266.0,307.2,1521.5,1155.3,1511.0,45.6,140.5,1627.0,1039.3,969.2,925.7,908.4,884.0,908.8,1019.3,1226.3,1416.0
FRA,26089a,F38469_26089a,FRA-38469,MI CORAZON,DUFOUR 34 2003PERF,DUFOUR YACHTS,FELCI Umberto,2002,42000 - SAINT ETIENNE,,,,ORC,CLUB,C,632,26 02 2026 23:19:47,10.300,9.567,1.946,3.48,5700.,0.0,0.29,654.4,0.8413,713.2,1.0331,580.8,1087.7,870.4,751.0,677.2,637.2,614.2,590.6,0.0,0.0,0.0,0.0,0.0,0.0,0.0,835.3,681.6,602.1,557.4,533.1,517.4,497.9,0.0,0.0,0.0,0.0,0.0,0.0,0.0,1084.1,817.8,677.4,594.4,553.0,522.9,476.2,44.4,42.2,40.8,39.5,38.8,38.5,38.7,145.8,150.3,152.3,158.5,165.5,172.7,177.7,1123.7,920.3,813.2,751.9,726.0,715.5,712.7,728.7,612.6,554.2,524.8,511.3,505.8,501.9,688.3,585.1,536.2,511.3,498.2,491.9,487.0,664.0,566.9,523.1,500.2,485.3,475.3,465.3,677.3,566.4,516.0,494.1,481.9,468.3,447.8,667.8,554.1,506.0,481.0,462.5,448.1,430.8,690.3,568.9,512.5,484.0,462.4,443.2,413.1,767.9,619.5,538.8,499.7,475.3,453.6,413.4,910.8,710.7,597.7,531.5,497.6,474.9,434.8,1051.8,820.4,688.8,602.5,548.5,512.9,468.5,0.7911,1.0407,1.1673,0.6128,0.8476,0.9818,0.0,0.0000,2026,0.9488,632.4,04330004F6C,8.727,6567,25.8,33.6,30.7,82.0,0.0,758.4,576.5,514.0,979.1,707.9,611.1,630.0,588.7,0.9523,1.0192,578.6,486.1,463.6,39.8,176.8,725.1,502.7,486.2,460.5,436.6,417.6,397.0,377.2,397.0,432.2,1585.3,1191.6,1582.5,47.2,137.8,1613.1,1019.0,941.5,891.3,917.9,936.2,971.6,1113.7,1348.8,1557.4
FRA,26024a,F38576_26024a,FRA-38576,MU,DUFOUR 34 2003 PERF,DUFOUR YACHTS,FELCI Umberto,2002,06250 - MOUGINS,,,,ORC,CLUB,C,632,23 02 2026 20:53:51,10.300,9.568,1.946,3.48,5702.,0.0,0.30,650.8,0.8415,713.0,1.0375,578.3,1087.4,870.1,750.6,676.9,637.5,614.4,590.4,0.0,0.0,0.0,0.0,0.0,0.0,0.0,825.8,676.6,599.3,555.5,531.7,516.5,496.9,0.0,0.0,0.0,0.0,0.0,0.0,0.0,1084.1,816.0,675.8,593.0,551.4,521.5,476.1,44.2,42.1,40.6,39.4,38.8,38.5,38.6,146.0,150.3,151.8,158.4,165.3,172.3,177.7,1120.9,918.3,811.4,751.0,726.1,715.5,711.9,728.3,612.7,554.5,525.2,511.6,506.1,501.8,682.1,580.0,534.7,512.0,498.7,492.3,487.1,633.9,547.6,510.9,493.8,485.8,475.8,465.6,622.3,537.2,501.1,481.0,467.2,458.1,447.0,656.9,553.7,506.5,481.3,462.9,447.5,421.3,691.9,569.6,512.8,484.2,462.6,443.3,413.5,769.1,620.2,539.0,499.8,475.3,453.6,413.3,912.8,711.9,598.2,531.6,497.7,475.0,434.8,1054.0,821.8,689.7,602.8,548.9,513.3,468.9,0.7987,1.0449,1.1697,0.6130,0.8478,0.9817,0.0,0.0000,2026,0.9510,630.9,04330004CBP,8.737,6569,25.8,32.7,31.5,83.3,0.0,751.2,574.2,513.0,978.8,707.7,611.2,627.2,586.3,0.9566,1.0234,577.8,483.9,461.1,39.6,176.3,723.0,502.4,486.1,460.5,437.2,403.5,387.7,377.2,397.1,432.6,1585.2,1175.6,1582.9,47.1,137.6,1608.5,1017.4,936.0,847.5,830.7,896.8,974.9,1116.0,1352.7,1562.0
FRA,26270a,F38580_26270a,FRA-38580,ESPARLICA 3,XP 38,X-YACHTS,X-YACHTS DESIGN Gr,2011,75016 - PARIS,,,,ORC,CLUB,C,750,06 05 2026 23:26:23,11.580,10.838,2.409,3.67,7330.,0.0,0.20,579.0,0.9455,634.6,1.1600,517.2,936.4,756.7,657.0,605.2,580.3,562.6,536.7,0.0,0.0,0.0,0.0,0.0,0.0,0.0,720.9,594.2,532.1,499.9,481.5,467.6,446.0,0.0,0.0,0.0,0.0,0.0,0.0,0.0,931.2,711.3,595.5,531.9,499.0,472.4,429.6,43.0,40.8,39.3,38.0,37.3,37.0,37.1,142.8,146.7,148.5,153.2,156.8,159.7,155.7,988.1,807.6,716.4,673.4,654.9,644.4,634.5,649.9,546.5,498.9,478.3,468.8,463.6,457.8,617.5,526.1,486.0,467.1,456.8,451.2,444.5,597.9,513.7,477.1,457.4,443.9,434.1,423.3,582.0,497.2,469.7,455.6,440.6,426.7,406.8,562.3,480.1,447.8,428.1,415.3,404.4,386.1,572.6,483.5,448.4,423.6,403.4,389.5,366.7,645.4,517.2,466.1,437.5,412.9,389.3,341.1,766.2,611.3,517.6,468.1,443.2,422.0,381.1,884.7,705.9,597.6,536.9,505.7,480.7,439.0,0.9125,1.1675,1.2959,0.7087,0.9541,1.0766,0.0,0.0000,2026,1.0678,561.9,04330004OT3,10.336,8383,32.0,46.8,38.1,0.0,169.6,657.5,513.9,463.0,846.6,628.9,557.3,562.4,519.4,1.0669,1.1553,501.5,423.7,408.3,37.7,143.0,635.5,456.0,442.2,417.4,394.9,370.9,346.6,296.3,318.3,367.5,1341.8,1017.8,1335.2,45.8,139.3,1407.9,897.2,834.5,794.2,811.5,786.6,811.4,913.4,1104.8,1275.8
FRA,26121a,F38655_26121a,FRA-38655,YOLO,DUFOUR 375 GL GTE,DUFOUR YACHTS,FELCI UMBERTO,2010,13340 - ROGNAC,,,,ORC,CLUB,C,669,24 02 2026 16:18:32,10.900,10.017,1.887,3.85,6995.,0.0,0.40,656.6,0.8303,722.6,1.0339,580.3,1115.9,890.9,767.8,685.2,638.4,613.8,591.5,0.0,0.0,0.0,0.0,0.0,0.0,0.0,850.9,690.5,606.2,555.2,526.6,510.4,491.5,0.0,0.0,0.0,0.0,0.0,0.0,0.0,1109.3,834.0,687.2,594.5,546.8,515.2,467.1,45.6,43.8,42.6,41.4,40.4,40.2,40.6,143.9,147.3,151.6,157.5,164.0,169.8,177.2,1181.8,960.3,841.7,767.5,731.2,720.0,721.4,755.2,627.2,559.9,522.5,504.1,497.0,494.0,706.6,594.5,536.9,506.4,489.8,481.6,477.0,677.5,573.2,520.9,493.7,477.0,465.7,454.4,674.2,557.1,501.4,475.0,460.0,452.0,438.9,663.3,546.6,493.9,467.0,446.6,428.8,403.2,684.5,562.2,502.8,472.7,450.7,430.8,395.4,767.1,616.3,534.7,492.3,467.2,446.3,407.5,909.4,711.6,601.6,529.7,491.6,467.8,429.1,1050.1,821.7,693.9,602.9,545.5,507.6,461.6,0.7785,1.0411,1.1827,0.5979,0.8355,0.9811,0.0,0.0000,2026,0.9455,634.6,04330004ENT,8.794,7924,31.0,33.9,37.8,93.3,89.1,770.7,576.3,507.3,1003.5,718.1,611.6,634.1,586.3,0.9463,1.0234,584.5,481.5,452.9,42.3,176.6,742.4,496.8,476.7,449.7,427.4,389.0,367.8,371.9,393.4,426.7,1636.6,1226.8,1628.5,48.4,139.8,1717.7,1073.3,982.4,924.1,950.5,934.9,968.4,1115.0,1347.1,1555.5
FRA,26114a,F38834_26114a,FRA-38834,MILOU,SUN FAST 3200,JEANNEAU SA,ANDRIEU Daniel,2007,06560 - VALBONNE,,,,ORC,CLUB,C,564,03 03 2026 08:32:51,9.790,9.132,1.908,3.44,3524.,0.0,0.18,639.8,0.8587,698.8,1.0607,565.7,1079.3,856.9,735.5,662.3,623.1,600.6,572.7,0.0,0.0,0.0,0.0,0.0,0.0,0.0,828.1,670.2,589.9,543.2,515.7,496.9,468.7,0.0,0.0,0.0,0.0,0.0,0.0,0.0,1073.6,804.2,663.3,579.7,535.7,502.2,443.5,44.5,42.6,40.7,39.1,38.9,38.7,39.3,145.6,149.4,152.1,158.4,165.5,169.6,167.8,1136.2,918.4,803.8,738.6,711.5,701.1,699.5,736.8,610.6,549.0,517.3,501.7,495.0,490.1,695.5,583.7,531.5,504.3,487.6,478.0,470.4,671.1,567.2,519.3,493.0,472.5,456.1,439.6,661.0,548.5,500.1,472.6,456.1,444.9,417.6,651.3,539.6,492.4,459.8,431.8,406.9,375.3,671.5,552.7,499.1,465.0,435.5,408.3,352.1,748.4,598.7,524.1,485.0,453.2,423.6,360.6,885.4,688.8,578.9,517.4,482.7,453.4,397.7,1022.3,795.3,667.2,585.9,534.8,500.2,445.9,0.8009,1.0667,1.2219,0.6198,0.8657,1.0071,0.0,0.0000,2026,0.9733,616.5,04330004FEI,8.654,4293,23.3,29.5,24.8,83.6,66.9,749.2,562.5,491.0,968.1,693.1,595.8,617.7,571.3,0.9713,1.0502,552.6,448.5,421.4,41.0,155.9,715.7,492.1,470.6,433.6,399.8,353.1,317.7,295.1,338.8,389.5,1580.1,1193.9,1573.1,46.8,139.3,1650.8,1046.5,970.5,922.8,936.1,922.4,953.4,1087.7,1307.2,1509.4
FRA,26060b,F38921_26060b,FRA-38921,SAMPILLE,SUPERCHALLENGERMK3,JULIEN,GAUBERT Gilbert,1972,34080 - MONTPELLIER,,,,ORC,CLUB,C,416,19 05 2026 11:49:19,9.176,7.456,1.699,2.91,3112.,0.0,0.11,700.6,0.7919,757.7,0.9575,626.6,1120.2,903.9,787.3,723.3,689.1,668.0,643.5,0.0,0.0,0.0,0.0,0.0,0.0,0.0,869.0,717.8,643.8,605.6,584.0,568.4,546.5,0.0,0.0,0.0,0.0,0.0,0.0,0.0,1118.0,852.7,717.0,643.2,605.0,574.7,524.8,42.9,41.5,39.4,38.2,37.7,37.4,37.6,147.1,151.4,154.5,161.9,169.1,177.2,177.7,1141.9,946.4,846.8,803.0,786.5,777.9,774.1,751.1,640.6,595.2,575.3,566.5,561.8,557.6,715.5,619.6,581.9,563.8,554.2,549.1,542.9,696.3,606.9,571.5,552.6,539.8,530.5,518.6,710.9,611.3,568.7,547.5,531.5,517.8,495.3,716.7,601.6,557.1,532.4,512.4,494.3,473.7,740.4,614.7,561.9,533.7,510.2,488.1,455.8,815.7,661.3,584.8,548.5,522.9,497.9,452.9,951.3,746.7,634.4,575.8,544.9,521.1,474.1,1098.5,861.3,727.7,643.6,591.8,558.1,512.9,0.7563,0.9642,1.0636,0.5929,0.7988,0.9035,0.0,0.0000,2026,0.8844,678.4,04330004QAT,7.186,3688,16.6,20.7,26.5,52.7,0.0,793.3,622.3,564.1,1012.0,751.1,664.1,675.9,633.3,0.8877,0.9474,626.9,533.1,510.5,38.5,177.2,783.5,558.8,541.3,511.1,481.5,463.1,440.2,419.2,434.4,470.4,1617.9,1224.9,1618.5,46.2,143.1,1610.9,1025.4,956.1,915.5,946.1,998.7,1035.9,1175.8,1407.1,1624.8
FRA,26070a,F38934_26070a,FRA-38934,GALUDAJO II,DEHLER 29 GTE,DEHLER YACHTBAU,JUDEL Friedrich,1997,44330 - LE PALLET,,,,ORC,CLUB,C,503,20 03 2026 23:14:59,8.750,8.195,1.587,3.02,3281.,0.0,0.28,690.3,0.7928,756.8,0.9775,613.8,1145.6,919.6,793.9,718.8,679.2,656.7,633.1,0.0,0.0,0.0,0.0,0.0,0.0,0.0,874.0,715.8,635.5,590.4,565.3,548.9,527.2,0.0,0.0,0.0,0.0,0.0,0.0,0.0,1139.7,862.0,715.7,630.5,586.6,554.1,501.0,44.5,42.7,41.2,39.7,39.2,39.0,39.6,144.2,151.2,154.8,161.7,168.9,177.2,177.7,1204.6,986.3,870.4,806.7,782.8,773.5,774.6,780.7,653.4,592.0,562.3,548.9,543.4,539.4,737.3,623.6,573.0,547.7,534.0,527.2,521.4,698.4,591.8,549.8,531.2,517.7,506.3,494.9,668.3,571.5,533.0,510.5,495.4,486.3,472.6,687.6,575.9,530.5,502.2,478.4,458.3,430.9,711.2,590.9,539.3,509.0,482.6,458.5,415.8,795.7,643.8,567.0,529.3,502.1,476.9,428.2,941.1,739.3,625.2,562.1,527.9,502.3,455.4,1086.7,853.0,717.5,631.0,575.6,539.8,491.5,0.7548,0.9842,1.1012,0.5810,0.7993,0.9182,0.0,0.0000,2026,0.8965,669.3,04330004IJF,7.524,3958,19.1,26.7,18.3,53.6,46.6,794.9,609.6,544.9,1032.7,750.7,653.5,669.3,618.0,0.8965,0.9708,622.7,513.2,483.6,41.2,176.3,796.3,542.3,521.9,490.3,459.8,413.5,382.9,374.5,409.2,449.1,1666.4,1245.6,1659.8,47.1,139.7,1732.5,1095.1,1013.1,962.1,907.5,949.1,994.7,1146.3,1385.9,1600.3
FRA,26048a,F38981_26048a,FRA-38981,MIKALA,BAVARIA 35 MATCH Q,BAVARIA YACHTBAU,JAKOPIN J&J,2004,83600 - FREJUS,,,,ORC,CLUB,C,686,05 03 2026 07:49:41,10.840,10.084,2.001,3.28,5753.,0.0,0.16,613.8,0.8863,677.0,1.0937,548.6,992.3,802.5,700.1,647.4,619.9,600.9,576.8,0.0,0.0,0.0,0.0,0.0,0.0,0.0,762.6,629.8,563.9,530.2,510.9,496.8,476.1,0.0,0.0,0.0,0.0,0.0,0.0,0.0,988.2,754.3,632.9,565.4,530.3,501.5,455.8,43.6,41.2,39.7,38.8,38.3,38.1,38.2,143.0,147.1,149.2,152.3,157.0,161.7,162.1,1033.3,849.5,757.6,716.5,699.6,690.9,685.3,675.7,573.0,524.6,503.3,494.4,489.7,485.3,640.8,550.8,510.0,490.6,480.8,476.0,470.6,619.4,536.2,499.5,479.3,466.0,457.0,448.0,608.6,521.9,486.4,468.9,458.7,447.0,428.3,607.0,512.5,474.6,451.0,433.6,422.4,400.3,621.9,519.8,478.5,452.1,429.6,410.1,383.5,693.8,562.6,500.2,468.9,443.8,420.2,373.5,823.8,654.3,556.5,502.6,474.6,453.0,412.7,951.3,755.5,642.6,578.2,540.1,510.9,468.3,0.8618,1.1011,1.2181,0.6686,0.8942,1.0057,0.0,0.0000,2026,1.0056,596.6,04330004FM7,9.385,6702,26.7,39.5,33.6,0.0,109.0,696.2,544.9,492.6,897.4,671.0,596.6,595.2,553.7,1.0080,1.0836,558.7,459.4,438.7,39.2,142.3,694.3,485.4,470.4,443.3,418.0,384.7,356.5,317.3,366.5,423.2,1426.2,1076.0,1421.8,46.4,138.8,1469.6,932.5,865.1,822.3,828.6,845.5,872.4,989.3,1197.5,1382.7
FRA,26290a,F38F2_26290a,FRA-38F2,ARETUSA F.,FIGARO BENETEAU 2,BENETEAU SA,LOMBARD Marc,2002,96100 - SIRACUSA - ITALIE,,,,ORC,CLUB,R,679,14 05 2026 07:12:55,10.057,9.920,2.078,3.45,3146.,0.0,0.00,607.3,0.9004,666.3,1.1176,536.9,1024.3,816.8,701.0,634.1,596.3,571.5,532.0,0.0,0.0,0.0,0.0,0.0,0.0,0.0,785.3,638.1,561.8,517.5,488.6,467.2,435.1,0.0,0.0,0.0,0.0,0.0,0.0,0.0,1023.7,768.2,632.6,552.6,507.5,470.6,412.3,43.9,41.6,40.0,38.3,37.4,37.1,37.0,144.7,148.7,150.5,156.3,163.5,164.6,155.9,1030.2,841.0,740.4,691.9,669.9,658.6,648.5,672.9,564.5,512.6,490.3,478.1,471.1,462.2,638.2,541.7,498.6,475.8,461.7,453.1,441.4,618.7,527.0,487.5,460.0,439.4,425.6,408.0,633.7,531.6,485.1,457.0,429.5,407.3,378.4,634.1,520.8,471.6,435.1,407.5,386.8,358.7,655.7,535.1,479.0,438.3,402.3,371.9,334.6,736.0,588.6,509.8,466.0,426.6,389.1,325.5,882.0,686.3,573.2,505.1,465.4,429.2,362.1,1018.5,792.5,661.7,576.3,522.6,484.4,415.4,0.8431,1.1213,1.3028,0.6518,0.9061,1.0660,0.0,0.0000,2026,1.0239,586.0,04330004PRN,9.618,4333,23.8,37.1,28.1,80.4,0.0,711.7,535.1,460.5,920.5,662.2,562.9,583.5,550.2,1.0283,1.0905,499.8,410.3,388.8,37.4,143.4,649.8,459.2,436.5,397.4,360.9,334.0,308.9,266.0,302.9,349.7,1480.1,1116.0,1481.3,46.0,138.6,1467.9,936.4,873.1,833.9,861.2,894.0,928.1,1066.9,1292.4,1492.3
FRA,26136a,F39048_26136a,FRA-39048,FORCE 7,FIRST 31.7 DK,BENETEAU SA,FINOT Jean Marie,1990,06600 - ANTIBES,,,,ORC,CLUB,C,577,06 03 2026 20:36:50,9.610,8.983,1.935,3.21,3770.,0.0,0.30,670.5,0.8208,731.0,1.0099,594.1,1122.3,894.0,769.6,693.5,652.5,628.7,602.2,0.0,0.0,0.0,0.0,0.0,0.0,0.0,860.9,699.8,617.2,570.3,543.8,526.5,502.3,0.0,0.0,0.0,0.0,0.0,0.0,0.0,1120.2,840.2,694.3,608.2,564.3,532.3,480.2,43.6,41.5,40.0,38.5,38.0,37.7,38.0,146.4,150.3,152.3,158.8,165.5,171.8,176.3,1143.8,933.9,825.2,764.4,739.3,729.1,725.9,749.1,627.6,569.1,539.4,525.3,519.5,514.7,711.5,602.0,552.1,526.4,512.1,504.8,498.6,690.6,586.0,538.1,514.7,497.9,485.7,473.0,673.0,566.2,520.9,496.3,478.8,467.4,453.5,694.3,573.4,521.3,492.0,467.4,445.8,410.0,720.0,590.5,529.0,496.7,470.9,448.0,401.9,804.1,645.2,557.7,515.0,486.8,461.2,410.8,953.3,740.0,619.5,549.1,512.3,486.2,439.1,1100.8,854.2,714.0,622.6,565.8,528.3,478.4,0.7689,1.0167,1.1499,0.5951,0.8272,0.9604,0.0,0.0000,2026,0.9271,647.2,04330004H33,8.308,4555,22.1,25.8,26.1,66.6,50.3,780.3,590.1,521.8,1008.2,725.3,624.7,643.2,604.5,0.9329,0.9926,587.3,484.1,457.5,39.1,168.5,739.0,515.8,497.8,467.1,440.0,388.1,355.4,353.6,387.6,435.6,1646.7,1236.9,1646.4,46.3,142.8,1648.9,1050.6,979.3,937.2,929.6,972.7,1021.4,1172.0,1424.1,1644.4
FRA,26280a,F39070_26280a,FRA-39070,VODKA,FIRST 310 GTE,BENETEAU SA,FINOT Jean Marie,1990,06210 - MANDELIEU-LA-NAPOULE,,,,ORC,CLUB,C,551,01 05 2026 22:36:09,9.147,8.695,1.829,3.22,3358.,0.0,0.26,680.7,0.8087,741.9,0.9939,603.7,1134.9,904.3,778.8,703.2,664.7,642.3,617.2,0.0,0.0,0.0,0.0,0.0,0.0,0.0,872.1,708.7,625.6,579.5,554.3,537.1,514.2,0.0,0.0,0.0,0.0,0.0,0.0,0.0,1131.9,850.1,703.1,617.8,575.3,542.4,489.1,44.0,42.0,40.3,39.0,38.5,38.5,39.0,146.4,150.5,151.8,159.3,165.9,172.7,175.4,1164.5,950.5,840.6,782.1,760.6,752.4,753.8,759.3,635.8,577.5,549.1,535.9,530.9,527.4,719.8,608.8,559.8,535.0,521.3,514.9,509.4,697.6,592.1,546.5,522.2,505.1,492.8,480.7,707.0,588.0,537.0,513.9,499.9,482.7,458.5,695.8,576.2,526.3,497.1,474.0,456.5,435.1,721.0,592.4,533.3,500.7,473.3,449.8,410.7,806.0,647.7,560.4,519.2,489.8,462.9,409.7,957.2,743.4,621.9,552.0,516.3,489.0,439.7,1105.3,858.1,716.9,624.4,568.8,532.1,480.6,0.7591,1.0011,1.1262,0.5885,0.8157,0.9398,0.0,0.0000,2026,0.9132,657.0,04330004O2S,7.993,4108,21.4,25.4,25.7,66.7,0.0,790.4,599.3,532.8,1019.5,735.6,638.4,655.8,611.7,0.9149,0.9808,604.9,498.7,472.6,40.4,165.8,774.3,530.6,510.1,475.6,445.7,418.0,386.1,349.1,384.7,435.6,1664.2,1252.6,1662.8,46.6,142.8,1678.4,1065.8,991.0,946.2,978.3,980.5,1020.4,1170.5,1429.0,1650.0
FRA,26077a,F39243_26077a,FRA-39243,SCHEGGIA,SUN FAST 3200,JEANNEAU SA,ANDRIEU Daniel,2008,34110 - LA PEYRADE,,,,ORC,CLUB,C,577,06 03 2026 20:06:21,9.790,9.194,1.918,3.44,3688.,0.0,0.18,633.1,0.8664,692.5,1.0694,561.0,1059.9,844.1,726.0,656.8,621.5,599.6,571.6,0.0,0.0,0.0,0.0,0.0,0.0,0.0,812.3,660.6,583.5,539.5,514.0,495.9,468.9,0.0,0.0,0.0,0.0,0.0,0.0,0.0,1055.8,792.8,655.6,575.4,533.6,500.9,444.8,44.2,42.3,40.4,38.8,38.7,38.7,39.1,145.6,149.4,151.6,158.4,165.5,169.3,168.2,1100.4,894.1,786.0,729.7,709.6,700.0,697.9,714.2,596.9,540.6,513.1,500.6,495.3,490.4,674.8,572.0,524.8,500.1,485.9,479.2,471.6,651.8,556.5,512.7,488.6,469.3,455.1,441.4,640.3,540.3,497.0,469.9,449.3,436.7,417.4,647.9,538.0,491.8,461.3,433.9,409.7,375.4,667.8,550.1,497.8,464.1,435.0,409.0,357.2,746.1,596.5,521.9,483.4,451.9,422.9,361.5,882.8,687.7,577.5,515.5,481.3,452.3,397.9,1019.3,794.1,666.1,583.8,533.5,499.2,445.3,0.8147,1.0755,1.2238,0.6303,0.8738,1.0091,0.0,0.0000,2026,0.9818,611.1,04330004H2R,8.784,4479,23.7,30.8,28.4,87.3,65.6,736.5,557.9,490.3,951.9,686.7,594.6,610.8,567.6,0.9824,1.0571,551.8,448.6,423.0,40.8,156.3,713.2,494.0,472.1,435.2,402.1,348.2,321.2,297.4,339.3,390.5,1543.4,1163.3,1539.2,46.6,139.8,1585.6,1004.9,931.3,885.0,886.2,918.3,949.1,1082.8,1300.1,1501.2
FRA,26169a,F39548_26169a,FRA-39548,CANAILLOU,A 35,ARCHAMBAULT,NIVELT Bernard,2005,13006 - MARSEILLE,,,,ORC,CLUB,R,609,13 03 2026 15:59:47,10.617,9.588,2.148,3.59,4354.,0.0,0.00,598.3,0.9139,656.5,1.1222,534.7,964.3,779.2,681.1,630.4,598.8,577.7,550.3,0.0,0.0,0.0,0.0,0.0,0.0,0.0,743.1,613.8,551.0,518.4,497.4,481.3,456.2,0.0,0.0,0.0,0.0,0.0,0.0,0.0,961.6,733.6,617.0,552.7,516.3,485.3,435.6,42.6,40.7,38.9,38.2,37.8,37.7,37.8,142.6,146.9,149.6,156.5,169.6,176.8,176.2,991.8,815.1,729.2,695.8,680.7,672.8,667.8,654.0,555.1,511.1,493.8,486.5,482.1,477.6,622.9,536.7,499.2,481.5,473.1,467.9,461.9,604.6,525.6,491.2,470.2,455.7,446.8,436.6,602.7,512.9,479.5,464.4,450.6,434.5,413.8,593.0,503.3,465.4,438.3,419.0,405.4,381.0,608.6,511.5,470.7,441.1,414.0,388.5,354.7,681.3,552.8,494.1,461.4,431.9,403.0,339.7,811.3,643.7,548.2,495.9,466.6,439.9,386.4,936.8,743.3,633.0,564.9,516.9,482.6,432.8,0.8844,1.1279,1.2607,0.6883,0.9206,1.0477,0.0,0.0000,2026,1.0326,581.1,04330004HNE,9.400,5195,24.4,39.5,30.2,93.0,102.1,678.4,532.0,475.9,871.7,651.7,572.7,580.1,540.4,1.0343,1.1104,522.0,433.8,413.6,39.1,141.2,679.3,478.1,460.8,431.6,402.5,360.0,327.8,277.5,315.8,364.7,1381.6,1046.7,1379.2,45.8,138.9,1405.7,899.1,839.7,802.1,826.9,824.9,854.8,970.4,1175.6,1357.5
FRA,26216a,F39551_26216a,FRA-39551,APHRODITE,APHRODITE 101,BIANCA YACHTS,ELVSTROM/KJAERULFF,1979,06600 - ANTIBES,,,,ORC,CLUB,C,503,21 03 2026 00:29:03,9.904,8.255,1.756,2.44,3316.,0.0,0.03,660.9,0.8329,720.4,1.0065,596.1,1028.4,837.4,744.7,693.0,664.6,645.5,619.0,0.0,0.0,0.0,0.0,0.0,0.0,0.0,794.3,665.4,609.2,580.0,563.0,549.9,529.1,0.0,0.0,0.0,0.0,0.0,0.0,0.0,1028.7,790.8,678.1,616.1,582.8,555.4,510.5,42.4,39.8,38.6,38.1,37.8,37.6,37.5,145.3,149.8,152.2,161.3,170.0,176.8,176.2,1025.6,863.5,805.7,783.2,772.1,763.9,756.6,681.9,595.6,568.3,558.3,552.9,549.1,544.6,651.6,579.1,554.7,545.0,539.6,535.7,530.8,633.4,568.1,543.1,529.9,522.6,517.3,509.4,647.9,569.3,539.4,521.9,509.9,500.6,488.0,648.0,559.6,529.3,512.2,500.1,489.6,471.7,669.9,565.6,528.4,505.4,486.8,472.5,450.2,754.4,609.3,544.7,514.0,488.8,464.9,420.1,893.1,702.7,593.3,540.1,512.1,487.9,438.1,1031.3,811.4,683.6,602.8,557.0,527.1,481.4,0.8221,1.0125,1.1001,0.6431,0.8390,0.9370,0.0,0.0000,2026,0.9308,644.6,04330004IJP,7.763,4008,17.8,26.1,28.4,77.2,0.0,729.8,592.6,545.4,933.0,715.1,640.3,643.1,595.9,0.9329,1.0068,602.1,514.8,494.8,38.6,164.0,769.6,544.7,529.6,505.5,478.9,457.3,432.3,388.0,381.4,434.6,1474.1,1111.6,1478.2,45.5,136.6,1433.7,917.9,858.9,824.6,851.3,906.1,939.6,1079.7,1311.6,1514.5
FRA,26053a,F39601_26053a,FRA-39601,ARCHITEUTHIS²,DUFOUR36Performanc,DUFOUR YACHTS,FELCI Umberto,2012,13002 - MARSEILLE,,,,ORC,CLUB,C,683,03 03 2026 09:06:34,10.970,10.200,2.184,3.62,6140.,0.0,0.23,618.2,0.8858,677.4,1.0934,548.7,1029.4,824.8,712.5,644.8,606.3,583.3,557.8,0.0,0.0,0.0,0.0,0.0,0.0,0.0,788.0,643.3,569.4,527.7,503.6,487.9,466.1,0.0,0.0,0.0,0.0,0.0,0.0,0.0,1023.5,773.5,641.5,563.4,522.8,492.9,444.2,44.2,42.0,40.4,39.3,38.5,38.3,38.9,143.4,147.1,150.7,158.1,165.3,176.8,178.1,1088.7,884.6,776.3,716.3,691.1,680.3,675.3,707.3,590.5,531.1,500.6,486.7,480.8,476.0,668.4,564.7,514.1,487.9,474.0,466.9,461.1,645.1,547.6,501.9,477.8,461.4,449.7,437.7,621.6,522.0,480.5,461.9,451.4,442.9,420.7,613.0,512.4,471.0,445.7,425.6,410.7,391.4,630.7,523.6,477.3,450.3,427.1,405.8,370.8,705.7,571.2,503.3,469.1,444.3,421.0,376.0,840.1,662.5,562.0,503.8,471.7,448.4,405.3,970.0,765.0,648.8,573.3,521.5,486.2,440.3,0.8384,1.1005,1.2406,0.6472,0.8918,1.0354,0.0,0.0000,2026,1.0029,598.3,04330004FEQ,9.445,7078,29.0,39.8,29.1,91.7,97.3,715.6,545.2,483.6,927.1,672.8,579.5,598.1,553.9,1.0031,1.0833,542.7,450.4,428.7,40.1,177.0,684.1,476.2,460.2,432.7,407.7,376.7,349.5,321.9,362.2,401.2,1497.3,1127.3,1489.5,46.7,138.7,1574.3,997.6,924.7,878.0,870.2,856.0,886.1,1014.5,1230.0,1420.3
FRA,26172a,F39609_26172a,FRA-39609,OXIBIEN,DEHLER 34 Q,DEHLER YACHTBAU,Van DE STADT Ricus,1981,83600- FREJUS,,,,ORC,CLUB,C,507,16 04 2026 20:12:03,10.112,8.377,1.761,3.41,4328.,0.0,0.13,675.9,0.8161,735.2,0.9967,602.0,1106.6,888.2,769.7,699.9,662.4,639.3,615.9,0.0,0.0,0.0,0.0,0.0,0.0,0.0,850.8,699.0,622.2,579.9,556.3,539.6,517.5,0.0,0.0,0.0,0.0,0.0,0.0,0.0,1105.5,836.3,697.2,617.4,577.1,545.7,494.9,44.1,42.1,40.4,38.9,38.2,38.3,38.8,146.4,150.9,153.8,160.8,167.8,176.3,178.1,1118.2,922.5,821.7,770.5,751.0,741.4,741.5,728.1,618.0,568.2,545.1,533.9,528.9,525.4,689.5,594.2,553.4,532.7,521.2,515.4,509.8,667.5,579.8,542.2,521.5,507.3,496.7,484.9,680.7,584.0,539.9,516.4,501.8,486.8,462.9,696.2,580.8,532.7,506.1,484.5,464.9,439.0,722.3,596.8,540.1,510.1,486.2,463.0,425.3,805.1,649.8,567.3,527.2,500.9,476.5,430.1,948.4,739.8,624.2,558.9,524.1,499.8,453.4,1095.1,853.8,717.7,629.2,573.8,537.2,490.4,0.7743,1.0033,1.1204,0.6016,0.8225,0.9429,0.0,0.0000,2026,0.9171,654.2,04330004LQ9,7.944,5031,22.5,31.4,31.9,65.6,0.0,774.9,598.0,535.5,997.3,729.5,636.3,648.9,612.7,0.9247,0.9792,600.8,503.5,479.1,40.1,176.3,753.7,525.6,507.7,477.4,448.4,425.0,404.1,392.4,412.9,448.0,1605.8,1205.5,1607.8,46.8,142.4,1585.2,1003.1,928.9,882.1,908.1,973.2,1015.5,1166.1,1408.4,1626.3
FRA,26348a,F39648_26348a,FRA-39648,BAGATELLE,J 92,J-COMPOSITE,JOHNSTONE Rodney,1992,83120 - LE PLAN DE LA TOUR,,,,ORC,CLUB,R,490,01 07 2026 21:36:40,9.140,8.194,1.813,3.04,2603.,0.0,0.00,631.9,0.8635,694.8,1.0589,566.6,1002.5,814.3,715.2,667.3,642.4,623.8,583.8,0.0,0.0,0.0,0.0,0.0,0.0,0.0,773.7,645.3,582.9,550.7,530.6,514.3,481.5,0.0,0.0,0.0,0.0,0.0,0.0,0.0,999.5,767.7,650.2,585.7,550.1,518.5,461.9,42.7,40.5,38.2,37.1,36.7,36.6,36.7,143.4,148.0,149.9,154.1,158.2,158.2,142.4,1032.3,853.7,765.5,733.3,720.5,713.9,709.5,682.9,586.0,546.5,530.7,523.8,519.6,514.9,651.8,569.3,535.3,518.7,510.4,505.3,498.8,635.4,559.6,526.6,505.8,492.0,483.3,471.5,622.4,544.2,510.7,490.0,476.6,466.2,443.8,619.6,534.5,496.7,470.3,449.3,431.1,390.3,635.1,541.3,499.6,467.0,437.2,408.0,368.1,711.3,580.9,523.0,486.6,452.7,417.1,338.3,842.4,671.0,575.9,524.6,493.8,465.2,396.6,972.7,774.9,665.0,601.2,564.2,533.6,458.0,0.8456,1.0632,1.1856,0.6605,0.8705,0.9781,0.0,0.0000,2026,0.9765,614.4,04330004UK6,8.244,3276,18.5,28.3,25.8,0.0,86.1,709.6,564.3,506.1,908.4,689.3,613.4,614.3,571.6,0.9767,1.0497,529.9,447.5,425.7,37.9,143.0,719.4,514.7,496.6,464.8,427.8,361.4,322.0,274.2,294.8,340.4,1428.1,1081.5,1425.7,45.6,139.6,1451.6,929.2,868.7,832.1,836.4,860.5,888.4,1006.3,1216.4,1404.6
FRA,26287a,F39666_26287a,FRA-39666,AOD LOR,SUN FAST 3200,JEANNEAU SA,ANDRIEU Daniel,2007,29120 - PONT L'ABBE,,,,ORC,CLUB,C,576,06 05 2026 23:39:59,9.790,9.207,1.920,3.44,3727.,0.0,0.18,634.6,0.8644,694.1,1.0673,562.1,1065.1,847.9,728.9,658.4,621.6,599.1,570.9,0.0,0.0,0.0,0.0,0.0,0.0,0.0,814.9,662.5,585.1,540.6,514.5,496.2,468.7,0.0,0.0,0.0,0.0,0.0,0.0,0.0,1060.6,795.8,657.7,576.7,534.2,501.5,444.4,44.2,42.3,40.4,38.8,38.7,38.5,39.0,145.5,149.3,151.8,158.5,165.7,170.2,169.3,1110.8,901.4,791.1,731.5,708.8,698.4,695.4,721.0,601.0,543.1,514.2,500.5,494.4,489.6,681.0,575.3,526.7,501.4,486.2,478.1,470.8,657.3,557.1,511.9,490.0,470.3,455.3,440.7,632.6,536.1,494.9,469.2,450.9,440.4,417.2,648.3,538.4,492.3,461.5,434.1,409.6,376.0,668.1,551.1,498.7,465.3,436.5,410.2,356.6,744.7,597.2,523.3,484.8,453.6,424.8,363.7,882.9,688.0,578.4,516.8,482.6,453.8,399.9,1019.5,794.4,666.8,585.2,534.4,499.9,446.4,0.8122,1.0732,1.2233,0.6273,0.8715,1.0098,0.0,0.0000,2026,0.9793,612.7,04330004OT4,8.771,4513,23.7,32.7,25.5,84.0,63.7,738.7,559.1,490.5,956.5,688.5,594.2,612.2,568.7,0.9801,1.0551,550.9,448.2,422.1,40.5,155.9,709.4,491.1,471.1,435.1,401.3,351.5,319.1,299.4,341.4,392.4,1552.6,1167.2,1547.5,46.7,138.9,1603.7,1016.7,942.3,895.1,873.8,908.0,946.1,1080.1,1300.3,1501.4
FRA,26084a,F39691_26084a,FRA-39691,55° SOUTH,LINCE 5.5,TIXIDRE SANDE II,TIXIDRE,2005,12310 - LAISSAC SEVERAC L'EGLISE,,,,ORC,CLUB,R,274,11 03 2026 11:57:46,5.528,5.310,1.103,2.44,550.,0.0,0.00,818.5,0.6663,900.6,0.8247,727.5,1335.6,1085.1,946.1,861.4,811.1,781.0,745.6,0.0,0.0,0.0,0.0,0.0,0.0,0.0,1032.4,854.4,761.2,704.3,666.2,638.4,597.1,0.0,0.0,0.0,0.0,0.0,0.0,0.0,1328.6,1019.2,854.7,754.0,692.9,643.8,556.4,43.5,42.6,42.6,41.4,40.4,40.3,41.4,150.1,154.8,160.6,166.8,176.8,177.2,175.7,1405.0,1176.2,1055.0,985.3,946.3,930.1,934.3,922.7,781.4,710.2,675.4,655.1,641.5,633.8,879.4,751.1,689.2,654.6,630.9,612.6,597.9,852.5,723.3,663.6,631.3,601.5,577.7,548.8,813.4,691.7,632.5,589.7,561.2,544.0,515.4,817.4,694.9,636.2,586.4,542.9,502.8,432.4,851.5,713.4,649.8,601.1,559.0,516.6,417.0,954.8,776.1,684.7,632.9,587.1,546.6,458.0,1096.6,865.8,738.7,669.9,623.0,581.1,504.9,1266.2,994.0,837.2,737.6,676.0,631.9,556.9,0.6360,0.8262,0.9526,0.4957,0.6698,0.7739,0.0,0.0000,2026,0.7568,792.8,04330004HE5,4.952,884,7.5,11.0,6.7,17.9,0.0,943.4,726.2,629.9,1210.4,895.8,775.3,799.2,730.0,0.7508,0.8219,719.2,563.7,514.3,44.3,135.8,978.4,643.5,599.0,539.1,484.9,392.4,335.4,325.7,398.3,460.0,1919.7,1449.0,1914.1,45.7,143.9,1975.5,1265.0,1183.4,1135.7,1101.2,1110.8,1169.1,1349.6,1614.1,1863.8
FRA,26096a,F39694_26096a,FRA-39694,TEAM CAPTAIN NASON'S,SUN FAST 3200,JEANNEAU SA,ANDRIEU Daniel,2007,83380 - LES ISSAMBRES,,,,ORC,CLUB,C,568,06 03 2026 10:20:51,9.790,9.154,1.911,3.44,3582.,0.0,0.18,637.5,0.8587,698.7,1.0635,564.2,1079.4,857.2,735.7,662.2,622.8,600.3,572.5,0.0,0.0,0.0,0.0,0.0,0.0,0.0,822.2,667.0,588.1,542.1,514.9,496.6,469.3,0.0,0.0,0.0,0.0,0.0,0.0,0.0,1073.9,803.7,662.9,579.1,534.3,500.5,446.7,44.3,42.6,40.7,39.1,38.8,38.6,39.2,145.6,149.4,151.8,158.3,165.5,169.6,168.4,1134.3,917.3,802.8,737.6,710.1,699.7,698.2,735.7,609.9,548.6,517.1,501.4,494.5,489.9,694.5,583.1,531.2,504.2,487.4,477.6,470.4,643.5,546.5,505.5,484.0,472.5,456.2,439.8,624.9,532.7,492.8,466.1,445.5,433.1,417.6,651.7,540.0,493.0,462.2,437.6,416.2,372.8,672.1,553.1,499.6,465.7,436.4,409.5,364.4,750.0,599.8,524.5,485.4,453.8,424.6,362.3,887.2,690.4,580.0,517.9,483.3,454.2,399.3,1024.5,797.2,668.6,586.7,535.5,500.8,446.8,0.8058,1.0694,1.2222,0.6196,0.8657,1.0076,0.0,0.0000,2026,0.9747,615.6,04330004FU4,8.675,4356,23.4,30.0,24.4,83.6,0.0,744.6,561.1,490.9,968.4,693.1,595.5,615.8,570.2,0.9743,1.0522,552.8,448.2,421.8,40.8,155.7,714.0,493.1,470.7,433.8,399.9,346.2,318.1,297.2,340.7,391.6,1580.2,1181.7,1573.5,46.8,139.3,1647.1,1044.1,968.0,887.4,855.3,909.7,954.5,1090.0,1310.5,1513.3
FRA,26016a,F39850_26016a,FRA-39850,JACK MATHURIN,DUFOUR 34 2003 GTE,DUFOUR YACHTS,FELCI Umberto,2002,95210 - SAINT GRATIEN,,,,ORC,CLUB,C,632,16 03 2026 20:51:12,10.300,9.567,1.946,3.48,5700.,0.0,0.30,646.0,0.8503,705.6,1.0429,575.3,1060.9,851.7,736.9,672.4,636.6,614.4,590.2,0.0,0.0,0.0,0.0,0.0,0.0,0.0,814.0,668.3,593.4,553.9,531.9,517.2,496.9,0.0,0.0,0.0,0.0,0.0,0.0,0.0,1060.7,801.7,666.4,590.5,551.9,522.6,476.2,43.6,41.6,40.4,39.3,38.7,38.4,38.6,146.0,150.3,152.3,158.5,165.5,172.3,177.7,1062.2,877.8,781.1,739.3,722.6,714.2,710.4,691.7,587.7,539.1,518.1,510.3,505.7,501.4,654.8,565.3,525.0,505.6,496.8,492.1,486.9,632.6,550.3,514.1,494.3,481.8,474.5,465.4,646.4,553.7,513.3,491.6,476.1,463.7,447.3,671.7,556.5,507.4,482.0,463.2,448.4,421.3,694.9,572.0,514.3,485.3,463.6,444.2,413.3,773.7,623.5,541.4,501.4,476.8,455.2,415.0,917.6,715.3,601.1,533.8,499.2,476.4,436.4,1059.5,825.7,692.8,605.5,550.7,514.6,469.9,0.8095,1.0506,1.1690,0.6274,0.8573,0.9822,0.0,0.0000,2026,0.9580,626.3,04330004HTK,8.864,6567,25.8,33.0,33.6,80.4,0.0,741.2,571.1,513.3,956.3,699.9,610.9,619.9,586.5,0.9679,1.0230,577.4,483.7,461.6,39.5,176.8,721.0,501.9,485.9,460.2,436.9,400.6,389.6,378.8,398.9,433.7,1537.7,1152.2,1541.2,46.4,137.6,1502.3,949.1,875.9,831.8,857.9,942.9,979.6,1123.9,1362.3,1573.1
FRA,26138a,F39894_26138a,FRA-39894,TABON,SPRINT 98,ARCHAMBAULT,JOUBERT/NIVELT,1992,17000 - LA ROCHELLE,,,,ORC,CLUB,C,546,16 03 2026 21:05:50,9.415,8.739,1.903,2.92,2615.,0.0,0.18,650.9,0.8363,717.4,1.0368,578.7,1074.5,861.2,745.1,682.7,653.4,632.6,596.6,0.0,0.0,0.0,0.0,0.0,0.0,0.0,824.8,673.6,598.5,557.8,534.9,517.1,487.2,0.0,0.0,0.0,0.0,0.0,0.0,0.0,1068.9,808.3,672.6,595.2,555.6,521.3,464.0,43.4,41.4,39.7,38.3,37.8,37.7,38.0,143.1,147.3,148.7,152.3,156.8,157.7,143.1,1131.3,920.4,810.9,757.3,739.4,730.2,724.9,742.2,619.4,562.0,535.6,525.3,519.7,514.0,704.6,594.3,546.1,521.7,509.5,503.2,495.7,683.1,578.8,533.8,508.7,489.9,477.6,464.9,652.7,551.0,513.1,495.7,482.0,463.6,438.1,640.1,538.1,495.0,464.0,442.3,427.2,400.1,659.1,547.6,500.3,464.9,434.8,408.1,370.1,742.2,596.4,526.6,488.3,453.7,421.1,347.8,881.4,694.6,588.2,528.6,495.7,466.3,405.7,1017.8,802.0,679.2,608.1,567.4,535.0,468.4,0.8009,1.0429,1.1756,0.6199,0.8438,0.9611,0.0,0.0000,2026,0.9523,630.0,04330004HTL,8.258,3353,19.7,26.9,18.9,0.0,75.7,749.2,575.3,510.4,967.9,711.1,624.3,632.4,583.0,0.9488,1.0292,548.8,457.4,435.1,39.1,141.9,736.4,514.6,496.1,459.6,425.2,376.5,340.0,282.1,312.8,361.1,1560.1,1179.7,1552.9,46.0,139.0,1631.5,1042.9,973.2,931.0,917.6,903.1,933.2,1065.8,1289.2,1488.7
FRA,26159a,F39911_26159a,FRA-39911,LADY V,NITRO 80,C.N CAPARROS,FAUROUX Jacques,1997,06600 - ANTIBES,,,,ORC,CLUB,S,430,20 03 2026 23:41:47,7.995,7.616,1.748,2.47,1114.,0.0,0.00,614.0,0.8693,690.2,1.0804,555.4,937.2,785.4,717.4,676.9,644.4,612.4,562.9,0.0,0.0,0.0,0.0,0.0,0.0,0.0,723.6,624.0,576.2,546.1,521.8,499.3,468.1,0.0,0.0,0.0,0.0,0.0,0.0,0.0,935.8,740.4,647.5,586.0,543.2,503.7,441.2,42.6,39.4,38.3,38.2,38.7,38.9,40.2,143.0,147.6,152.1,150.2,146.9,144.8,146.3,951.0,833.5,795.1,779.9,773.1,769.0,780.8,628.9,575.2,557.9,548.1,542.2,537.7,537.1,600.1,554.9,539.2,527.7,519.9,513.8,509.4,579.2,531.6,509.0,496.3,484.6,475.1,465.0,581.6,526.2,487.8,467.1,452.9,439.9,419.8,595.8,524.3,478.5,451.1,428.5,400.2,369.2,608.0,523.6,472.3,436.9,405.3,382.0,349.9,673.8,558.3,494.4,438.4,389.1,352.0,302.1,799.6,638.4,555.5,497.2,446.6,394.7,298.8,923.3,737.2,639.8,574.0,515.7,455.8,345.0,0.8904,1.0780,1.2165,0.6967,0.8679,0.9969,0.0,0.0000,2026,0.9933,604.1,04330004IJI,7.474,1670,13.4,24.2,16.4,0.0,69.5,673.9,556.6,493.2,861.2,691.3,601.9,615.4,542.2,0.9749,1.1065,543.2,455.0,422.5,42.8,150.7,819.0,547.2,516.2,463.1,407.5,352.6,320.4,262.0,232.2,267.5,1324.1,997.4,1324.4,45.6,139.8,1321.4,843.6,781.3,735.5,744.5,803.4,850.4,952.4,1149.1,1326.8
FRA,26103a,F4013N_26103a,FRA-4013N,KISSCOOL,FIRST 40 PTE,BENETEAU SA,FARR Bruce,2008,97118 - SAINT FRANCOIS,,,,ORC,CLUB,C,792,06 03 2026 16:01:35,12.240,11.285,1.965,3.86,8002.,0.0,0.20,598.7,0.9157,655.2,1.1306,530.7,1005.7,799.7,686.9,622.4,587.1,565.0,539.4,0.0,0.0,0.0,0.0,0.0,0.0,0.0,769.3,623.7,549.4,509.6,486.9,471.6,450.7,0.0,0.0,0.0,0.0,0.0,0.0,0.0,1000.2,750.1,618.8,544.2,505.3,475.8,430.4,45.1,42.9,41.2,40.1,39.6,39.3,39.4,144.2,148.3,151.6,156.7,164.2,170.0,174.5,1061.4,857.2,750.3,696.2,674.2,663.1,656.2,682.0,566.0,508.0,480.3,468.1,462.3,457.1,639.4,538.9,490.4,466.3,454.3,448.3,442.5,612.7,520.7,477.9,455.5,440.8,430.5,419.8,618.4,514.8,471.6,454.5,437.7,423.4,402.4,603.9,500.6,457.5,434.6,418.4,408.0,390.9,620.9,511.3,462.5,435.9,414.5,396.3,372.1,694.1,556.8,486.1,450.9,426.4,404.1,360.1,822.8,642.7,540.6,481.9,450.2,427.2,384.5,950.0,742.1,623.5,548.7,499.9,466.9,422.6,0.8615,1.1391,1.2832,0.6647,0.9233,1.0697,0.0,0.0000,2026,1.0370,578.6,04330004H1N,10.244,9106,35.3,51.4,34.5,127.5,0.0,696.5,526.7,467.6,902.7,649.8,560.9,578.9,535.2,1.0365,1.1210,523.8,435.7,415.3,40.4,165.1,664.3,457.0,441.2,415.0,390.7,379.5,352.9,312.5,338.5,383.2,1471.5,1105.9,1464.4,47.8,140.8,1542.6,968.0,888.4,835.3,859.1,851.2,879.8,1007.4,1212.7,1400.4
FRA,26109a,F42092_26109a,FRA-42092,ROCH GUARINE 2,SURPRISE Q,ARCHAMBAULT,JOUBERT/NIVELT,1977,06600 - ANTIBES,,,,ORC,CLUB,S,369,05 05 2026 21:59:12,7.640,6.867,1.563,2.38,1179.,0.0,0.00,669.4,0.8180,733.5,1.0000,600.0,1054.6,856.6,756.0,706.9,678.8,657.1,607.2,0.0,0.0,0.0,0.0,0.0,0.0,0.0,819.0,684.8,619.9,584.2,560.5,540.6,503.2,0.0,0.0,0.0,0.0,0.0,0.0,0.0,1050.4,808.7,689.0,622.9,582.7,545.0,476.9,42.7,40.7,38.2,37.7,37.7,37.8,38.6,146.2,150.5,156.4,162.2,163.8,162.7,143.5,1097.1,911.5,825.9,801.3,793.4,790.4,792.8,726.7,626.7,588.9,573.7,567.3,563.2,558.2,694.5,609.6,575.4,556.7,548.2,542.3,534.1,677.4,599.5,563.3,536.9,520.0,510.6,495.9,671.1,586.2,545.1,516.3,499.5,484.4,458.6,657.1,573.1,531.7,494.9,465.8,444.2,401.7,674.9,577.9,529.4,493.3,458.4,422.5,374.6,752.1,614.5,550.6,504.0,459.5,415.6,345.9,876.5,694.4,599.5,543.3,501.2,459.6,365.1,1012.1,801.6,686.0,612.6,564.2,523.9,421.6,0.7980,1.0024,1.1287,0.6279,0.8234,0.9319,0.0,0.0000,2026,0.9233,649.9,04330004OM4,6.907,1678,12.9,19.0,17.3,63.9,42.0,751.9,598.6,531.6,955.6,728.7,643.8,658.0,595.5,0.9119,1.0076,561.3,472.0,441.3,40.7,149.2,816.1,561.1,533.0,488.9,441.6,372.1,323.9,271.0,265.4,306.4,1507.5,1146.9,1504.0,45.4,142.2,1542.3,989.3,926.9,889.7,904.6,914.6,942.3,1067.7,1275.4,1472.7
FRA,26329a,F43520_26329a,FRA-43520,AZZAHR,SOLARIS 44,SERIGI,SOTO ACEBAL Javier,2012,75006 - PARIS,,,,ORC,CLUB,C,965,23 07 2026 10:34:38,13.600,12.820,2.644,4.18,11805.,0.0,0.22,555.6,0.9793,612.7,1.2158,493.5,926.5,742.3,639.1,581.9,553.8,535.1,510.3,0.0,0.0,0.0,0.0,0.0,0.0,0.0,707.8,577.0,509.6,474.1,454.9,441.7,421.7,0.0,0.0,0.0,0.0,0.0,0.0,0.0,922.3,696.1,575.1,506.2,472.0,445.7,404.7,44.0,41.8,40.4,39.3,38.5,38.2,38.0,141.9,145.8,147.4,151.5,154.3,159.3,161.7,968.6,785.2,689.2,641.1,620.9,609.8,599.2,629.5,524.4,471.4,447.6,437.3,432.1,426.2,594.0,501.6,456.8,435.8,425.5,420.3,413.8,570.8,485.9,446.5,426.7,413.9,405.0,395.1,553.8,468.7,432.5,414.5,403.3,396.0,380.3,558.2,463.4,424.1,402.5,387.0,377.2,355.5,571.1,470.6,427.9,404.0,384.2,367.1,344.1,641.7,512.4,450.5,419.9,397.5,377.3,337.7,765.9,605.6,510.0,453.5,425.3,405.6,370.6,884.4,699.3,588.9,522.6,486.7,460.4,421.5,0.9340,1.2251,1.3714,0.7191,0.9880,1.1310,0.0,0.0000,2026,1.1141,538.6,04330004VKH,11.835,13190,43.2,63.2,51.0,0.0,186.1,642.4,489.8,437.5,834.4,607.3,530.5,535.7,500.4,1.1200,1.1991,493.4,406.2,389.5,38.8,145.3,599.3,424.3,411.4,389.4,369.7,339.5,322.0,292.8,335.5,387.5,1345.2,1009.9,1339.9,47.1,138.3,1397.5,882.7,814.1,767.1,757.6,787.0,813.6,922.0,1119.7,1292.9
FRA,26072a,F43543_26072a,FRA-43543,X-TREM,XP 33 crois,X-YACHTS,X-YACHTS DESIGN Gr,2011,13920 - SAINT MITRES LES REMPARTS,,,,ORC,CLUB,C,589,16 03 2026 12:17:08,9.991,9.273,1.921,3.22,4322.,0.0,0.12,616.8,0.8859,677.3,1.0888,551.1,994.5,805.1,703.1,649.5,617.2,596.6,569.8,0.0,0.0,0.0,0.0,0.0,0.0,0.0,767.0,634.0,568.2,533.6,512.1,496.0,471.5,0.0,0.0,0.0,0.0,0.0,0.0,0.0,989.6,757.2,636.4,569.3,531.9,500.6,448.9,43.5,41.5,39.7,38.6,38.7,38.6,39.0,143.3,147.6,150.5,159.0,166.8,172.3,172.3,1043.2,857.6,763.0,722.6,706.7,698.1,693.7,682.7,577.9,529.4,508.2,499.5,494.5,489.8,647.6,556.3,515.7,495.4,485.1,479.5,473.2,626.3,542.8,506.0,484.1,468.3,457.6,446.6,622.5,528.4,491.4,474.1,462.1,447.6,424.8,610.7,517.4,478.4,450.5,428.8,414.9,391.5,625.5,526.0,483.8,454.0,427.3,402.3,365.7,691.7,565.7,506.8,474.0,445.3,417.9,358.7,819.1,651.7,557.1,507.9,479.1,453.1,402.8,945.8,752.6,643.1,576.5,527.6,495.1,446.0,0.8566,1.0947,1.2224,0.6668,0.8925,1.0140,0.0,0.0000,2026,1.0015,599.1,04330004HQR,8.907,5130,23.6,35.9,28.6,92.0,91.8,700.4,548.1,490.8,899.8,672.3,591.7,599.8,554.7,1.0003,1.0816,548.0,450.6,428.3,40.6,141.3,708.3,491.1,473.6,441.7,412.6,371.1,336.9,288.5,335.8,387.8,1421.9,1077.1,1416.4,46.4,139.7,1477.3,938.4,871.4,828.7,852.7,842.7,869.3,980.0,1183.5,1366.6
FRA,26202a,F43586_26202a,FRA-43586,COLIAND 6,SPRINT 98 Mod,ARCHAMBAULT,JOUBERT/NIVELT,1992,38330 - MONTBONNOT SAINT-MARTIN,,,,ORC,CLUB,C,558,14 05 2026 13:11:25,9.415,8.783,1.919,2.92,2830.,0.0,0.19,651.4,0.8377,716.2,1.0356,579.3,1071.3,859.6,744.4,682.0,651.3,630.2,598.6,0.0,0.0,0.0,0.0,0.0,0.0,0.0,824.6,674.3,599.3,558.6,535.1,517.5,489.6,0.0,0.0,0.0,0.0,0.0,0.0,0.0,1065.8,807.5,672.6,595.5,555.7,522.1,467.1,43.3,41.1,39.4,37.8,37.3,37.1,37.2,143.4,147.3,149.2,152.1,157.0,159.5,144.7,1126.4,917.1,807.2,751.2,731.2,721.3,715.1,740.8,619.1,561.7,534.6,523.3,517.8,512.0,704.3,594.9,546.3,521.7,508.6,502.2,494.8,684.0,580.2,534.8,509.8,491.1,478.2,465.6,657.6,554.3,514.6,496.7,483.3,466.5,440.3,645.6,541.7,498.6,467.8,445.3,430.4,404.6,663.8,552.1,504.4,469.7,440.3,414.2,375.6,742.2,599.8,530.6,492.9,459.2,428.1,359.0,880.1,694.6,590.2,532.4,500.0,471.5,417.5,1016.2,802.0,681.5,612.9,571.4,539.1,482.1,0.8006,1.0418,1.1731,0.6215,0.8452,0.9621,0.0,0.0000,2026,0.9521,630.2,04330004PUS,8.343,3585,20.1,26.5,20.2,0.0,75.3,749.4,575.9,511.5,965.4,709.9,623.6,631.2,585.4,0.9505,1.0249,553.5,460.5,439.3,38.1,140.9,723.3,511.9,494.4,459.7,427.2,381.8,345.3,291.0,332.3,383.7,1552.2,1175.9,1545.4,46.0,139.3,1619.7,1036.8,968.8,928.5,922.5,904.7,933.5,1063.4,1285.7,1484.6
FRA,26347a,F43593_26347a,FRA-43593,MARMAVA 3,SORMIOU 29,MCTEC,LNM,2001,50460 - URVILLE NACQUEVILLE,,,,ORC,CLUB,C,520,01 07 2026 23:26:10,8.800,8.483,1.970,3.03,2170.,0.0,0.18,653.4,0.8421,712.5,1.0329,580.9,1076.9,859.0,743.4,677.8,644.5,622.7,590.5,0.0,0.0,0.0,0.0,0.0,0.0,0.0,828.2,675.2,601.8,560.6,536.0,517.6,489.0,0.0,0.0,0.0,0.0,0.0,0.0,0.0,1072.2,807.6,673.5,597.2,555.8,521.8,466.3,43.1,41.3,39.6,38.1,37.7,37.6,37.9,145.1,149.2,152.3,159.3,166.4,167.8,162.0,1124.1,913.6,810.3,759.1,741.8,733.3,730.3,738.4,615.1,562.9,538.4,527.8,522.4,517.3,701.3,590.6,547.1,524.3,511.6,505.3,498.1,679.8,576.7,534.4,510.1,491.2,478.7,466.3,661.7,561.6,525.4,507.0,483.7,464.0,438.4,651.9,547.8,506.1,477.2,457.8,443.1,417.3,672.4,558.9,510.5,474.7,445.3,421.1,386.5,750.4,603.5,534.7,495.1,459.4,425.3,354.7,891.7,696.6,587.2,529.2,493.0,460.3,394.2,1029.7,804.4,676.5,596.5,547.3,512.1,450.7,0.7982,1.0386,1.1731,0.6199,0.8493,0.9739,0.0,0.0000,2026,0.9510,630.9,04330004UKC,8.111,2870,17.6,24.7,17.2,64.3,0.0,751.7,577.7,511.5,967.9,706.5,616.1,633.8,583.2,0.9466,1.0288,553.6,464.4,441.0,39.3,144.6,744.5,518.7,497.5,461.0,424.5,396.3,358.1,299.3,314.2,362.8,1566.7,1186.6,1560.9,45.6,139.2,1625.5,1040.9,971.6,929.3,932.6,916.0,948.1,1085.3,1306.0,1508.0
FRA,26209a,F43604_26209a,FRA-43604,FLEO,SUN FAST 3200,JEANNEAU SA,ANDRIEU Daniel,2007,76530 - LES ESSARTS,,,,ORC,CLUB,C,575,30 04 2026 13:24:29,9.790,9.200,1.919,3.44,3707.,0.0,0.18,639.9,0.8584,699.0,1.0598,566.2,1077.5,856.3,735.5,662.9,623.8,601.0,573.1,0.0,0.0,0.0,0.0,0.0,0.0,0.0,826.3,669.8,590.0,543.9,516.7,498.2,470.7,0.0,0.0,0.0,0.0,0.0,0.0,0.0,1072.7,803.9,663.4,580.4,536.7,503.7,446.0,44.5,42.6,40.8,39.1,38.8,38.6,39.1,145.6,149.4,152.4,158.4,165.5,170.0,169.6,1126.0,912.1,799.3,736.0,709.9,699.4,697.0,728.8,605.6,545.9,515.7,501.0,494.7,490.2,686.9,578.7,528.6,502.7,487.0,478.3,471.3,661.6,561.9,516.6,491.2,471.5,456.2,441.1,659.9,549.8,501.6,474.2,456.8,445.7,418.6,655.9,542.9,494.3,462.2,434.8,410.5,378.0,676.6,556.5,501.7,468.1,439.0,412.6,357.7,753.5,603.3,527.7,488.1,457.0,428.4,368.4,891.2,693.3,582.9,520.5,485.6,456.9,403.7,1029.0,800.5,671.6,589.9,537.7,502.7,449.3,0.8021,1.0658,1.2183,0.6205,0.8652,1.0062,0.0,0.0000,2026,0.9723,617.1,04330004NV3,8.716,4492,23.7,30.3,26.8,81.4,66.4,748.0,563.0,492.5,967.0,693.5,596.3,616.8,573.6,0.9727,1.0461,554.8,451.1,424.4,40.7,158.2,712.7,491.9,471.5,434.8,402.3,355.4,321.8,304.5,346.2,397.0,1577.1,1189.5,1571.8,47.1,138.8,1630.8,1031.7,954.0,903.6,928.8,928.0,960.0,1095.5,1319.3,1523.4
FRA,26341a,F43605_26341a,FRA-43605,LADY JANE,J-120 Alu,J-EUROPE,JOHNSTONE Rodney,1994,44370 - VARADES,,,,ORC,CLUB,R,791,28 06 2026 21:59:42,12.244,11.258,2.153,3.67,6707.,0.0,0.20,586.6,0.9337,642.6,1.1521,520.8,975.8,779.0,670.2,610.0,580.7,560.8,532.9,0.0,0.0,0.0,0.0,0.0,0.0,0.0,748.5,608.7,538.2,500.9,480.1,465.0,441.2,0.0,0.0,0.0,0.0,0.0,0.0,0.0,970.6,731.3,605.0,533.7,498.2,469.5,423.7,44.0,41.8,40.0,38.3,37.4,37.0,36.9,142.4,146.2,148.5,152.0,155.2,159.4,157.3,1027.3,829.5,725.1,671.3,649.0,636.7,625.0,668.0,555.7,500.7,475.9,464.8,459.2,452.6,631.1,532.7,486.6,464.8,453.4,447.3,439.9,609.6,518.3,476.7,455.2,441.1,431.0,419.5,602.3,502.0,464.3,449.3,437.2,423.0,402.5,586.2,488.4,449.4,426.6,409.5,397.8,376.4,599.6,495.6,452.5,426.1,404.3,384.8,353.2,672.1,538.3,474.6,442.4,416.3,392.4,339.3,800.4,630.9,532.9,476.6,447.9,425.4,383.4,924.2,728.5,615.4,548.7,512.4,484.9,440.8,0.8842,1.1602,1.3048,0.6838,0.9422,1.0805,0.0,0.0000,2026,1.0581,567.1,04330004U9R,10.577,7811,32.4,45.5,34.3,0.0,131.8,678.6,517.2,459.8,877.4,636.8,555.3,565.9,527.2,1.0603,1.1382,499.9,417.9,401.3,37.4,142.7,624.1,450.3,436.9,413.1,389.1,356.9,327.1,285.0,325.4,375.7,1421.8,1074.9,1415.1,46.7,138.8,1488.5,942.8,873.4,829.4,852.7,829.0,855.3,968.9,1173.5,1355.1
FRA,26068b,F43624_26068b,FRA-43624,IVANE,SALONA 33,AD Boats,JJ/Salona design,2013,06650 - LE ROURET,,,,ORC,CLUB,C,605,03 03 2026 12:39:46,10.000,9.349,2.152,3.30,4950.,0.0,0.24,635.2,0.8597,697.9,1.0581,567.1,1027.7,830.8,723.9,666.6,636.5,616.8,593.8,0.0,0.0,0.0,0.0,0.0,0.0,0.0,792.8,653.9,584.1,547.5,526.4,511.6,490.8,0.0,0.0,0.0,0.0,0.0,0.0,0.0,1023.2,781.4,654.9,583.3,546.4,516.9,469.4,43.4,40.8,39.4,38.1,37.5,37.3,37.6,143.5,147.8,149.6,152.2,157.3,161.7,162.1,1072.5,882.2,782.5,732.1,712.6,703.7,701.2,704.3,596.5,544.1,519.3,508.0,503.2,499.4,668.9,573.5,529.3,507.0,495.3,489.9,484.8,647.8,558.5,518.5,496.7,482.2,472.3,462.4,643.8,544.8,504.2,486.5,476.1,464.5,443.7,630.9,531.9,491.9,467.1,447.4,433.4,413.4,647.4,541.5,497.1,469.7,445.9,424.4,391.1,719.4,585.9,520.5,487.3,461.4,436.8,388.2,851.2,674.9,576.1,522.2,492.9,470.8,429.4,982.8,779.3,665.2,601.0,560.5,529.9,486.5,0.8295,1.0652,1.1823,0.6457,0.8672,0.9786,0.0,0.0000,2026,0.9737,616.2,04330004FF7,8.834,5785,25.2,31.9,33.8,0.0,93.5,723.3,563.3,507.5,929.2,691.9,613.1,614.6,574.1,0.9762,1.0451,579.2,475.3,454.5,38.6,153.2,712.2,500.2,484.0,457.3,432.1,397.0,370.2,333.1,387.1,446.2,1479.9,1121.0,1475.1,46.0,139.4,1528.3,974.0,906.2,862.9,891.0,875.9,902.9,1026.3,1239.7,1431.5
FRA,26033a,F43817_26033a,FRA-43817,JUBILATE,J 97,J-EUROPE,JOHNSTONE Alan,2009,56000 - VANNES,,,,ORC,CLUB,C,511,23 02 2026 21:59:34,9.600,8.527,1.906,3.35,3718.,0.0,0.21,644.2,0.8460,709.2,1.0428,575.4,1042.7,843.4,735.0,677.1,647.6,628.5,604.3,0.0,0.0,0.0,0.0,0.0,0.0,0.0,801.9,662.6,593.2,555.9,534.2,519.2,497.1,0.0,0.0,0.0,0.0,0.0,0.0,0.0,1035.5,792.1,665.0,592.4,554.2,523.7,476.0,43.5,41.4,39.8,38.4,38.2,38.1,38.6,143.9,147.9,150.1,153.2,158.2,161.6,158.6,1114.6,914.2,808.1,753.1,732.2,723.1,721.3,730.4,615.3,560.1,533.3,521.3,516.2,512.2,693.4,590.9,544.8,521.1,508.5,502.1,496.6,661.7,564.3,525.2,508.3,494.6,483.4,471.9,634.5,546.6,510.3,489.2,474.7,465.6,451.5,626.2,533.9,496.6,471.5,451.8,438.7,410.7,640.9,541.5,500.5,471.5,446.1,423.6,392.6,711.9,581.3,521.9,489.4,460.5,433.3,378.9,840.7,669.1,573.3,523.4,495.5,471.5,425.6,970.7,772.6,662.0,601.0,563.1,534.0,487.3,0.8194,1.0493,1.1658,0.6362,0.8536,0.9612,0.0,0.0000,2026,0.9598,625.2,04330004CCD,8.195,4418,21.1,27.5,24.1,0.0,91.1,732.2,571.8,514.7,943.1,702.9,624.2,627.5,577.3,0.9562,1.0394,573.8,473.9,453.3,40.1,141.3,736.0,513.7,496.7,466.9,438.1,388.6,364.3,309.9,356.5,411.6,1498.1,1131.8,1488.7,46.0,139.9,1591.8,1014.9,945.3,901.9,859.1,868.7,893.4,1008.3,1216.2,1404.3
FRA,26325a,F43907_26325a,FRA-43907,CALLISTO,JPK 1080,JPK,VALER Jacques,2014,20221 - CERVIONE,,,,ORC,CLUB,R,663,18 06 2026 20:57:06,10.800,10.075,2.185,3.56,4984.,0.0,0.00,601.4,0.9144,656.1,1.1242,533.7,995.3,796.5,687.8,624.1,589.9,568.7,541.5,0.0,0.0,0.0,0.0,0.0,0.0,0.0,766.3,626.1,554.9,514.0,490.0,472.9,446.7,0.0,0.0,0.0,0.0,0.0,0.0,0.0,990.7,748.7,622.0,547.9,508.8,478.2,424.4,43.8,41.6,39.8,38.5,38.3,38.2,38.4,141.3,148.5,151.6,158.1,165.1,168.7,167.1,1040.4,847.9,747.2,692.9,671.2,660.9,656.6,680.8,571.2,517.3,489.3,476.0,470.3,465.6,646.0,549.0,503.0,478.2,463.4,455.7,448.8,626.1,535.3,493.4,469.5,450.8,436.3,422.2,618.1,518.3,475.3,451.7,439.2,429.0,402.3,607.4,508.8,466.8,437.4,412.0,391.5,367.0,622.8,518.2,472.4,442.2,415.4,390.3,341.8,694.8,559.9,494.2,459.5,430.7,403.5,344.9,822.8,645.2,545.0,489.9,458.5,431.9,379.7,950.1,745.0,628.5,555.3,508.6,476.5,426.4,0.8618,1.1300,1.2839,0.6697,0.9214,1.0642,0.0,0.0000,2026,1.0333,580.7,04330004THO,9.681,5899,27.5,38.1,30.9,115.4,88.3,696.2,531.0,467.3,895.9,651.2,563.8,581.0,539.3,1.0327,1.1126,519.8,427.9,404.3,39.6,149.4,666.9,466.3,447.7,416.1,387.3,350.6,314.8,290.7,322.8,372.8,1443.0,1094.1,1437.7,46.1,140.8,1496.5,954.5,889.7,849.5,868.7,852.8,879.2,1001.4,1203.4,1389.6
FRA,26152a,F43918_26152a,FRA-43918,APLYSIA 3,SUN FAST 3200 R2,JEANNEAU SA,ANDRIEU Daniel,2016,87100 - LIMOGES,,,,ORC,CLUB,C,575,06 03 2026 12:54:37,9.790,9.201,1.910,3.44,3637.,0.0,0.18,626.0,0.8761,684.8,1.0797,555.7,1041.3,832.2,718.2,651.2,615.0,593.1,565.0,0.0,0.0,0.0,0.0,0.0,0.0,0.0,796.9,651.7,578.1,535.5,510.0,491.9,464.6,0.0,0.0,0.0,0.0,0.0,0.0,0.0,1036.6,781.4,649.0,571.2,529.6,497.0,440.2,43.8,41.8,40.0,38.4,38.2,38.0,38.5,145.3,149.4,153.0,159.0,166.2,170.4,168.9,1087.7,886.1,780.2,722.3,699.7,689.7,686.9,709.1,594.1,538.8,510.8,497.1,491.1,486.1,671.3,569.8,523.4,498.5,483.1,474.8,467.2,644.2,546.1,506.5,487.6,467.7,452.4,437.5,613.3,526.0,488.6,464.7,450.2,440.0,415.0,629.9,530.8,486.1,454.3,427.3,404.7,375.2,654.7,543.7,494.5,461.4,432.3,403.9,350.9,731.0,589.1,519.4,481.8,450.8,422.0,360.7,861.6,674.0,570.3,513.3,479.6,450.9,396.7,994.9,778.3,656.2,580.1,530.3,496.4,443.0,0.8284,1.0850,1.2341,0.6405,0.8829,1.0204,0.0,0.0000,2026,0.9914,605.2,04330004FW4,8.874,4420,23.1,32.0,24.7,83.7,70.7,724.3,553.0,486.2,936.8,679.6,588.0,605.1,562.3,0.9916,1.0671,544.2,443.8,418.0,40.0,156.6,699.8,487.2,467.0,431.1,398.5,351.7,315.8,295.7,337.9,388.6,1512.7,1135.2,1507.7,46.3,140.4,1562.7,993.7,923.1,878.5,837.8,867.4,921.6,1055.4,1266.8,1462.8
FRA,26104a,F43944_26104a,FRA-43944,VENT DES SABLES,SUN FAST 3200 R2,JEANNEAU SA,ANDRIEU Daniel,2016,79290 - LORETZ D'ARGENTON,,,,ORC,CLUB,C,584,13 03 2026 10:44:37,9.790,9.228,1.914,3.44,3709.,0.0,0.18,628.7,0.8763,684.7,1.0750,558.1,1039.7,831.8,718.3,651.0,615.1,593.2,564.9,0.0,0.0,0.0,0.0,0.0,0.0,0.0,800.6,654.0,580.0,537.8,512.5,494.5,468.2,0.0,0.0,0.0,0.0,0.0,0.0,0.0,1035.1,782.1,650.0,572.9,531.9,498.9,446.0,43.9,41.8,40.0,38.3,38.2,38.0,38.5,145.3,149.3,152.5,159.0,165.9,170.0,168.9,1085.8,885.5,780.4,722.8,700.3,690.1,686.7,708.0,594.0,539.2,511.3,497.7,491.6,486.4,670.5,570.0,523.8,499.1,483.9,475.6,467.9,648.7,555.1,512.7,488.2,468.5,453.5,438.4,649.3,544.8,501.6,483.1,466.1,446.7,416.6,635.6,531.9,488.4,458.8,436.0,421.6,398.3,654.1,543.5,494.4,461.5,433.1,407.7,372.4,728.7,587.6,517.9,480.7,449.8,421.2,360.4,860.5,673.9,569.7,512.2,478.9,450.3,396.5,993.6,778.1,656.2,579.1,530.0,496.4,443.1,0.8250,1.0807,1.2266,0.6412,0.8830,1.0203,0.0,0.0000,2026,0.9890,606.7,04330004HLM,8.881,4507,23.3,31.6,25.8,88.6,0.0,727.3,555.2,489.2,935.7,679.5,588.1,607.5,564.2,0.9876,1.0635,544.0,448.2,426.0,39.9,155.9,699.1,488.6,467.4,431.8,400.1,378.6,346.3,296.0,337.7,389.0,1507.4,1141.3,1502.3,46.3,140.7,1558.5,991.0,920.8,876.6,904.7,891.6,920.6,1050.9,1261.2,1456.4
FRA,26125a,F43981_26125a,FRA-43981,JAMBO,J 97,J-EUROPE,JOHNSTONE Alan,2009,92200 - NEUILLY,,,,ORC,CLUB,C,512,28 04 2026 08:03:32,9.600,8.545,1.907,3.35,3732.,0.0,0.20,638.8,0.8554,701.4,1.0501,571.4,1024.7,830.7,725.0,670.7,643.0,624.1,598.2,0.0,0.0,0.0,0.0,0.0,0.0,0.0,790.7,655.1,588.0,553.0,532.4,517.0,493.6,0.0,0.0,0.0,0.0,0.0,0.0,0.0,1018.3,781.0,657.3,588.6,552.4,521.9,473.0,43.3,41.1,39.4,38.0,37.8,37.8,38.1,144.0,148.0,150.1,153.3,158.4,161.4,157.7,1088.6,895.2,792.8,744.3,726.0,716.8,712.5,714.9,605.2,553.6,529.9,519.2,514.3,509.4,679.5,582.7,539.7,517.9,506.4,500.6,494.0,658.9,568.6,529.2,507.2,492.1,481.4,469.6,637.1,545.0,511.4,496.7,485.6,472.0,449.0,620.2,531.2,494.7,469.9,451.2,438.1,415.7,634.2,538.1,498.1,469.1,443.7,421.4,391.5,705.0,576.4,519.0,486.5,457.3,429.7,373.4,832.0,663.6,569.3,520.3,492.7,468.2,421.5,960.7,766.3,657.2,597.1,559.9,531.3,483.8,0.8300,1.0563,1.1717,0.6468,0.8631,0.9692,0.0,0.0000,2026,0.9677,620.1,04330004N7H,8.297,4436,21.1,28.9,25.1,0.0,94.9,722.9,568.0,512.1,927.6,695.2,619.1,622.0,573.6,0.9647,1.0460,562.6,468.8,448.8,39.4,141.9,724.1,510.0,493.4,463.8,435.1,397.7,364.6,305.9,347.4,401.1,1465.5,1111.9,1457.5,46.0,140.1,1545.4,985.6,918.4,876.6,882.1,858.4,882.8,994.9,1199.9,1385.5
FRA,26368a,F44058_26368a,FRA-44058,AD HOC,JPK 10.10,JPK Composites,VALER Jacques,2010,56260 - LARMOR PLAGE,,,,ORC,CLUB,R,601,25 06 2026 15:20:20,10.036,9.382,1.997,3.41,4022.,0.0,0.00,626.8,0.8745,686.1,1.0773,557.0,1037.2,831.3,718.2,652.9,617.7,596.2,569.3,0.0,0.0,0.0,0.0,0.0,0.0,0.0,795.4,650.3,577.4,536.5,512.7,496.3,470.8,0.0,0.0,0.0,0.0,0.0,0.0,0.0,1032.5,780.6,648.6,572.2,532.3,501.0,447.9,43.7,41.5,39.9,38.5,38.0,38.3,38.7,143.4,147.1,152.8,158.9,166.1,171.3,171.8,1084.9,882.8,778.1,724.6,704.7,695.7,693.0,711.4,594.4,538.4,511.2,499.1,493.8,489.5,676.0,571.1,523.4,499.1,485.6,478.9,472.6,656.6,556.7,513.1,489.0,471.0,457.9,444.9,623.9,530.0,492.0,471.5,459.5,450.1,423.3,624.3,523.0,481.3,452.5,429.5,414.0,388.0,642.5,534.6,488.3,457.2,430.1,404.6,364.4,719.7,582.2,514.9,479.5,450.4,422.7,363.2,857.0,675.2,571.9,513.7,480.5,453.0,401.1,989.6,779.7,658.3,581.2,530.6,496.7,445.6,0.8300,1.0837,1.2224,0.6422,0.8814,1.0144,0.0,0.0000,2026,0.9893,606.5,04330004U64,8.939,4842,24.0,31.9,25.4,84.7,83.8,722.9,553.7,490.8,934.3,680.7,591.5,606.6,562.8,0.9892,1.0662,549.9,450.9,426.7,40.0,155.0,705.4,490.8,472.7,439.1,409.0,368.8,330.0,297.2,342.9,394.4,1504.9,1134.8,1499.1,46.3,138.6,1562.2,998.5,932.5,893.4,862.0,872.0,902.3,1034.1,1253.6,1447.5
FRA,26257a,F4407_26257a,FRA-4407,BAGHEERA,SPRINT 95,ARCHAMBAULT,JOUBERT/NIVELT,1989,13580 - LA FARE LES OLIVIERS,,,,ORC,CLUB,C,553,16 04 2026 21:46:49,9.415,8.747,1.801,2.92,2600.,0.0,0.18,655.9,0.8389,715.2,1.0299,582.6,1084.4,866.0,747.1,680.8,645.3,622.3,588.7,0.0,0.0,0.0,0.0,0.0,0.0,0.0,834.7,680.4,603.5,561.6,536.4,518.1,490.0,0.0,0.0,0.0,0.0,0.0,0.0,0.0,1079.8,814.0,676.2,598.5,556.5,522.3,468.0,43.6,41.5,39.7,38.3,37.8,37.6,37.8,145.6,149.6,153.2,159.4,166.4,169.6,167.1,1130.9,920.7,811.5,759.0,740.7,730.5,723.1,740.1,618.4,562.0,536.2,526.2,520.3,513.9,701.9,593.0,545.8,522.1,510.4,503.9,495.8,680.1,577.2,533.1,508.3,490.0,478.3,465.3,667.5,563.2,523.0,504.6,482.0,462.7,438.4,661.2,551.9,507.4,478.0,457.8,443.8,420.9,683.7,565.5,512.9,477.9,448.7,425.1,392.9,763.2,613.9,539.6,499.0,463.8,432.5,367.4,898.9,702.6,593.5,533.1,496.6,464.1,403.6,1037.9,811.3,682.8,602.6,550.0,514.0,454.3,0.7920,1.0360,1.1715,0.6152,0.8457,0.9749,0.0,0.0000,2026,0.9473,633.4,04330004LQL,8.244,3346,19.7,28.7,18.7,63.7,0.0,757.6,579.2,512.2,975.3,709.5,615.4,635.3,587.3,0.9445,1.0217,560.9,468.2,446.3,38.9,145.7,733.7,513.9,494.3,459.9,426.1,399.1,366.7,310.4,336.1,388.1,1578.9,1193.7,1574.3,46.4,139.1,1625.1,1036.8,966.1,923.1,936.3,925.7,961.0,1101.8,1327.4,1532.7
FRA,26081a,F44086_26081a,FRA-44086,VEGA,SUN FAST 3200,JEANNEAU SA,ANDRIEU Daniel,2007,30240 - LE GRAU DU ROI,,,,ORC,CLUB,C,570,12 03 2026 09:28:29,9.790,9.166,1.913,3.44,3611.,0.0,0.18,634.0,0.8650,693.7,1.0683,561.6,1065.3,847.3,728.2,657.6,621.3,599.2,571.2,0.0,0.0,0.0,0.0,0.0,0.0,0.0,814.4,661.9,584.5,540.0,514.2,495.9,468.2,0.0,0.0,0.0,0.0,0.0,0.0,0.0,1060.6,795.2,657.0,576.1,534.0,501.4,443.3,44.2,42.3,40.4,38.8,38.7,38.5,39.1,145.3,149.4,151.6,158.3,165.5,169.3,167.8,1111.7,901.3,790.9,731.6,709.2,699.3,697.4,721.7,601.1,543.1,514.2,500.4,494.6,490.0,681.8,575.6,526.8,501.3,486.0,478.0,470.8,658.4,557.4,513.1,490.0,470.0,454.9,440.4,629.8,534.2,493.9,469.2,454.0,443.7,416.8,645.1,537.7,491.6,459.4,431.8,407.6,376.8,667.1,549.9,497.7,463.9,434.8,408.2,353.4,743.5,595.5,521.9,483.3,451.7,422.3,359.6,882.3,687.1,577.1,515.5,481.2,452.1,396.7,1018.8,793.4,665.5,583.7,533.4,499.1,445.0,0.8129,1.0743,1.2242,0.6274,0.8722,1.0097,0.0,0.0000,2026,0.9801,612.2,04330004HHQ,8.749,4390,23.5,30.6,26.5,86.7,68.6,738.1,558.5,490.1,956.3,687.9,594.2,612.0,567.7,0.9804,1.0569,550.8,448.0,421.5,40.7,155.9,712.9,492.0,471.4,434.7,400.7,354.3,318.2,294.8,337.5,388.7,1552.3,1166.6,1546.9,46.6,139.1,1606.4,1018.8,944.7,898.1,871.2,898.0,946.3,1078.8,1297.5,1498.2
FRA,26100a,F44391_26100a,FRA-44391,KARINYA,DUFOUR36Performanc,DUFOUR YACHTS,FELCI Umberto,2012,13100 - AIX EN PROVENCE,,,,ORC,CLUB,C,687,11 03 2026 12:05:48,10.970,10.238,2.188,3.62,6227.,0.0,0.23,613.4,0.8944,670.9,1.1016,544.7,1019.3,818.1,705.2,638.1,600.6,578.6,552.6,0.0,0.0,0.0,0.0,0.0,0.0,0.0,780.8,638.5,565.1,523.9,500.2,484.6,462.2,0.0,0.0,0.0,0.0,0.0,0.0,0.0,1013.9,767.5,635.8,558.9,519.2,489.6,441.1,44.1,41.9,40.3,39.0,38.3,38.3,38.5,143.3,146.4,152.3,158.1,165.3,171.3,175.4,1073.3,873.5,767.3,708.8,683.7,672.7,665.7,698.0,584.1,526.5,497.5,483.8,477.8,472.4,659.9,559.1,510.4,485.4,471.7,464.2,457.7,637.2,542.9,499.0,475.7,459.6,447.7,435.0,619.4,520.2,479.2,460.1,449.6,441.0,419.0,609.4,510.1,469.5,444.4,424.1,408.8,389.3,626.5,520.7,475.7,448.9,425.7,404.5,368.7,702.5,567.9,500.9,467.6,442.9,419.8,374.9,836.0,660.5,558.3,500.2,468.6,445.1,401.9,965.3,762.7,643.1,567.3,517.6,484.5,439.5,0.8455,1.1086,1.2497,0.6531,0.9008,1.0446,0.0,0.0000,2026,1.0105,593.7,04330004HE6,9.557,7173,29.2,39.9,30.5,104.7,101.9,709.6,541.2,480.1,918.7,666.1,574.4,593.1,550.5,1.0115,1.0899,536.4,445.7,424.7,39.5,169.1,672.5,472.0,455.9,429.2,405.1,373.0,346.7,320.2,357.9,400.2,1479.3,1114.6,1472.6,46.8,138.6,1546.3,980.3,908.7,862.9,866.7,852.0,881.4,1008.5,1223.1,1412.3
FRA,26307a,F444_26307a,FRA-444,QUATRE QUARTS 4,SWAN 58,Swan,German Frers,2019,92300 - LEVALLOIS-PERRET,,,,ORC,CLUB,C,660,19 05 2026 14:10:52,17.942,17.044,2.662,5.27,24118.,0.0,0.22,496.5,1.0787,556.2,1.3585,441.7,836.0,668.2,579.6,531.3,503.4,485.8,460.7,0.0,0.0,0.0,0.0,0.0,0.0,0.0,628.7,513.7,456.2,426.0,407.7,394.9,375.4,0.0,0.0,0.0,0.0,0.0,0.0,0.0,831.2,624.7,518.2,456.8,423.4,398.2,358.5,45.5,43.3,41.7,41.0,40.6,40.4,40.1,141.1,142.8,146.2,150.8,152.8,154.7,151.6,883.6,713.6,633.3,597.3,577.7,565.8,553.2,564.7,468.8,423.2,403.3,393.5,387.5,380.9,514.2,440.1,405.2,387.1,378.9,373.8,367.7,473.1,410.6,386.4,374.3,363.9,357.6,349.0,464.9,401.7,374.6,360.8,352.5,345.6,332.3,489.8,414.4,376.8,357.7,342.9,329.2,307.7,516.1,421.2,377.3,354.7,336.7,323.7,304.2,570.2,455.9,397.7,367.8,346.6,326.8,290.0,682.8,539.4,455.5,403.3,373.6,353.9,319.2,788.4,622.8,525.9,465.3,429.1,405.8,368.2,1.0504,1.3673,1.5354,0.7978,1.0873,1.2480,0.0,0.0000,2026,1.2394,484.1,04330004QBO,14.772,25490,70.3,107.4,95.1,0.0,336.0,571.2,438.8,390.8,752.1,551.8,480.8,483.0,444.0,1.2421,1.3514,442.0,361.4,343.7,40.9,146.3,556.4,379.6,366.7,344.5,322.7,294.1,282.7,259.0,283.7,327.6,1219.3,896.4,1212.9,48.3,138.3,1283.2,801.4,712.6,631.4,616.3,664.5,727.6,824.9,1000.6,1155.3
FRA,26248a,F44513_26248a,FRA-44513,LAPOUS GLAZ II,DEHLER 29 GTE,DEHLER YACHTBAU,JUDEL Friedrich,1997,29170 - FORET FOUESNANT,,,,ORC,CLUB,C,527,10 04 2026 13:21:20,8.750,8.368,1.834,3.02,3816.,0.0,0.35,693.2,0.7945,755.2,0.9734,616.4,1140.0,918.4,794.6,718.6,676.3,652.3,627.8,0.0,0.0,0.0,0.0,0.0,0.0,0.0,877.7,719.7,638.7,592.9,566.9,550.7,529.4,0.0,0.0,0.0,0.0,0.0,0.0,0.0,1137.7,863.4,717.8,631.8,588.0,556.8,507.1,43.5,41.5,40.0,38.7,38.0,37.7,37.9,144.7,151.4,155.0,160.8,167.5,176.3,178.1,1163.5,959.6,851.3,790.3,764.8,754.6,752.2,763.2,644.7,587.6,559.4,546.0,540.5,536.5,725.7,618.3,570.9,546.7,533.0,526.2,521.1,704.5,602.1,558.4,535.5,519.6,508.4,497.5,708.2,591.6,543.3,518.8,503.6,494.9,478.2,704.7,587.2,538.6,511.8,489.6,470.2,442.6,730.4,604.5,547.9,518.2,494.4,472.5,434.5,818.2,662.0,578.6,538.2,512.3,489.5,447.0,967.0,760.4,642.9,573.9,537.3,512.9,470.4,1116.6,877.1,737.8,647.0,587.9,550.0,503.3,0.7512,0.9800,1.0973,0.5830,0.8000,0.9243,0.0,0.0000,2026,0.8942,671.0,04330004KSN,7.754,4529,20.0,24.9,24.7,53.0,51.2,798.7,612.2,546.8,1029.2,750.0,649.1,666.0,627.5,0.9009,0.9562,614.5,516.1,491.0,38.9,177.7,764.2,537.3,519.9,492.2,466.6,428.3,406.9,408.3,431.1,464.8,1654.7,1246.9,1654.4,46.2,139.9,1657.5,1055.5,982.8,939.0,969.1,980.5,1022.1,1183.6,1430.6,1651.9
FRA,26212a,F44619_26212a,FRA-44619,SAM,SUN FAST 3200,JEANNEAU SA,ANDRIEU Daniel,2007,85160 - SAINT JEAN DE MONTS,,,,ORC,CLUB,C,570,21 03 2026 00:24:13,9.790,9.167,1.913,3.44,3614.,0.0,0.19,636.6,0.8610,696.8,1.0647,563.6,1074.2,853.6,733.0,660.6,622.1,599.6,571.8,0.0,0.0,0.0,0.0,0.0,0.0,0.0,819.5,665.7,587.2,541.7,514.9,496.4,468.9,0.0,0.0,0.0,0.0,0.0,0.0,0.0,1069.3,800.7,660.9,578.2,534.9,501.6,443.8,44.3,42.4,40.6,38.9,38.7,38.5,39.1,145.3,149.4,152.0,158.5,165.5,169.8,168.7,1123.2,909.6,796.9,734.0,708.3,698.0,696.2,728.8,605.6,545.8,515.5,500.5,494.0,489.5,688.2,579.4,529.0,502.8,486.5,477.3,470.2,658.7,554.0,511.2,491.6,471.4,455.5,439.7,626.3,532.6,493.0,468.3,453.0,442.7,417.4,643.4,539.8,491.9,459.6,432.0,407.8,377.0,672.8,553.8,500.0,466.2,436.9,408.9,353.6,749.5,600.1,525.0,485.9,454.5,425.4,363.6,887.8,690.8,580.4,518.4,483.7,454.7,400.2,1025.1,797.6,669.1,587.3,535.9,501.2,447.3,0.8080,1.0704,1.2228,0.6225,0.8680,1.0088,0.0,0.0000,2026,0.9761,614.7,04330004IJO,8.723,4392,23.5,30.0,26.0,83.6,69.5,742.6,560.5,490.7,963.9,691.2,594.8,614.2,570.3,0.9769,1.0521,552.3,448.8,422.1,40.7,156.3,711.8,491.3,470.3,433.8,400.3,354.2,319.3,298.8,341.9,392.7,1570.7,1176.7,1565.1,46.8,138.7,1627.1,1031.4,956.3,909.3,863.8,894.1,954.1,1089.1,1311.4,1514.3
FRA,26232a,F44786_26232a,FRA-44786,GANDALF 5,PRIMA 38 OD,SEAQUEST YACHTS,STEPHEN JONES,1998,44500 - LA BAULE,,,,ORC,CLUB,R,726,16 04 2026 21:12:51,11.615,10.716,2.447,3.82,6329.,0.0,0.00,590.7,0.9315,644.1,1.1419,525.4,970.6,778.9,675.2,615.1,579.7,557.3,529.0,0.0,0.0,0.0,0.0,0.0,0.0,0.0,746.6,611.3,544.3,507.2,484.6,468.4,443.7,0.0,0.0,0.0,0.0,0.0,0.0,0.0,969.0,733.0,610.8,540.2,502.8,473.8,424.6,43.2,40.7,38.9,37.5,36.8,36.5,36.3,142.1,146.1,149.4,157.4,165.1,170.9,174.9,987.2,806.2,714.3,669.0,648.4,636.9,626.6,650.6,548.2,501.3,479.9,468.6,462.4,455.8,619.3,528.9,489.3,469.7,457.9,450.1,442.0,601.2,517.2,481.0,461.0,446.3,435.0,420.6,603.4,507.3,469.3,448.7,437.1,428.0,406.1,598.5,499.9,460.4,435.2,414.4,396.3,372.9,616.6,510.5,466.4,439.4,416.2,394.3,351.0,691.5,558.0,491.8,458.7,433.1,409.6,360.3,826.3,650.8,550.9,493.8,461.6,437.3,392.7,954.1,751.5,636.1,561.2,511.1,477.7,431.4,0.8837,1.1481,1.2954,0.6859,0.9376,1.0864,0.0,0.0000,2026,1.0494,571.8,04330004LQH,10.340,7336,30.5,44.4,34.2,105.4,97.8,679.0,522.6,463.2,874.8,639.9,552.3,566.8,536.3,1.0586,1.1187,508.0,423.2,404.2,36.7,164.4,626.0,453.6,438.5,413.7,390.1,355.4,322.6,300.5,342.8,389.9,1408.1,1064.3,1407.3,45.7,138.3,1415.5,905.6,845.9,809.3,837.3,838.3,870.7,998.6,1213.0,1400.7
FRA,26289a,F44876_26289a,FRA-44876,ELIXIR,DUFOUR 36 Performa,DUFOUR YACHTS,FELCI Umberto,2012,,,,,ORC,CLUB,C,678,14 05 2026 07:31:36,10.970,10.153,2.177,3.62,5992.,0.0,0.23,615.6,0.8871,676.3,1.0981,546.4,1031.7,825.8,712.4,643.1,604.1,581.5,555.7,0.0,0.0,0.0,0.0,0.0,0.0,0.0,784.2,641.1,567.7,525.6,501.1,485.0,462.8,0.0,0.0,0.0,0.0,0.0,0.0,0.0,1026.5,773.8,640.9,561.5,520.1,490.0,441.0,44.4,42.1,40.5,39.2,38.5,38.5,38.8,142.8,147.1,152.9,158.3,165.3,171.3,176.3,1083.5,880.4,772.4,712.0,686.1,675.4,669.8,702.6,586.6,527.8,497.9,484.1,478.2,473.4,662.7,560.4,511.0,485.4,471.6,464.3,458.4,620.7,526.9,488.5,473.6,459.0,447.1,434.9,592.9,508.8,473.3,453.3,440.6,432.6,417.9,610.3,515.5,472.4,446.3,424.5,406.4,381.2,637.3,527.5,479.4,451.6,427.6,405.4,364.6,713.2,576.1,506.1,470.9,445.6,422.0,376.3,848.6,667.8,565.9,506.0,472.6,448.6,405.1,979.9,771.1,652.4,574.3,522.1,487.7,441.7,0.8419,1.1047,1.2482,0.6460,0.8933,1.0389,0.0,0.0000,2026,1.0055,596.7,04330004PRO,9.475,6923,28.8,39.7,29.9,93.1,84.2,712.7,543.1,480.7,928.8,671.7,577.5,594.7,553.3,1.0090,1.0844,540.6,446.0,423.3,40.0,170.9,678.9,473.6,457.1,429.8,404.4,362.0,335.7,320.4,361.4,402.2,1501.3,1119.0,1495.0,47.0,138.8,1564.3,990.0,915.4,852.9,805.0,837.1,895.5,1027.6,1245.6,1438.3
FRA,26165a,F44957_26165a,FRA-44957,SORTILEGE,DUFOUR 34 2003 GTE,DUFOUR YACHTS,FELCI Umberto,2002,20200 - PIETRANERA,,,,ORC,CLUB,C,637,24 03 2026 20:39:53,10.300,9.614,1.955,3.48,5880.,0.0,0.35,659.2,0.8344,719.1,1.0260,584.8,1098.7,877.8,757.2,683.5,642.4,617.9,592.8,0.0,0.0,0.0,0.0,0.0,0.0,0.0,842.6,687.4,606.5,561.0,536.3,520.3,500.2,0.0,0.0,0.0,0.0,0.0,0.0,0.0,1097.2,825.4,682.9,598.6,556.6,526.1,478.6,44.4,42.1,40.7,39.5,38.8,38.5,38.6,146.2,150.5,153.2,158.5,165.3,172.7,178.1,1114.1,914.0,808.7,750.3,726.6,715.7,711.2,722.4,609.0,551.9,524.0,511.5,506.2,501.5,682.5,582.0,534.4,510.6,498.3,492.6,487.0,658.4,564.0,521.6,499.3,485.2,475.7,465.9,671.6,569.5,519.1,494.1,481.2,468.0,448.7,684.9,565.2,512.2,485.5,466.2,450.1,429.8,711.1,583.2,520.4,490.0,468.8,449.6,417.0,795.1,638.5,551.8,508.1,482.7,461.9,422.8,938.2,729.1,613.2,543.1,505.5,482.1,443.4,1083.4,841.6,705.7,616.7,558.3,520.0,474.4,0.7843,1.0335,1.1611,0.6071,0.8403,0.9763,0.0,0.0000,2026,0.9417,637.2,04330004IRQ,8.768,6756,26.1,33.9,32.6,70.9,0.0,765.0,580.6,516.8,988.3,714.0,614.6,631.5,597.1,0.9501,1.0049,579.9,487.8,464.9,39.6,177.7,720.6,501.5,485.4,460.4,437.7,416.7,397.2,387.9,407.2,439.2,1606.2,1204.2,1607.3,47.4,142.4,1595.1,1007.0,930.1,879.9,906.5,964.2,1007.0,1160.7,1400.7,1617.4
FRA,26153a,F44964_26153a,FRA-44964,EXELAN,ELAN 410,ELAN MARINE,HUMPHREYS Rob,2006,13400 - AUBAGNE,,,,ORC,CLUB,C,797,30 03 2026 12:21:34,12.277,11.316,2.412,3.88,8300.,0.0,0.20,593.8,0.9253,648.4,1.1373,527.6,983.2,786.7,679.2,617.5,583.2,561.2,534.9,0.0,0.0,0.0,0.0,0.0,0.0,0.0,755.0,616.6,545.5,507.5,485.8,471.3,450.8,0.0,0.0,0.0,0.0,0.0,0.0,0.0,980.7,739.9,613.3,541.2,504.0,475.8,432.4,43.8,41.3,39.9,38.9,38.3,38.1,38.0,144.2,148.5,151.2,156.7,163.7,169.6,175.9,1008.0,823.5,728.4,682.1,662.9,652.4,643.7,658.0,553.2,501.0,477.6,467.3,462.0,456.4,622.6,530.0,485.7,464.8,454.4,449.2,443.1,599.2,514.4,475.0,454.3,441.4,432.6,423.2,612.0,515.8,472.7,453.2,437.4,424.8,406.6,605.8,503.2,459.8,437.3,421.7,411.9,395.4,623.5,514.4,464.8,438.6,418.4,401.0,377.4,696.5,560.9,489.4,453.3,429.5,408.1,367.0,830.0,649.5,546.0,485.3,452.9,430.2,389.4,958.4,750.0,630.0,552.9,503.4,469.9,426.0,0.8748,1.1454,1.2841,0.6780,0.9323,1.0776,0.0,0.0000,2026,1.0444,574.5,04330004JB6,10.451,9418,34.1,50.5,40.6,126.7,0.0,685.9,523.8,467.3,885.0,643.6,556.8,571.7,535.7,1.0495,1.1201,517.9,435.8,417.7,38.6,168.4,647.3,455.4,441.3,418.2,395.7,383.2,359.8,323.8,346.8,388.6,1424.7,1073.0,1422.7,46.5,139.8,1444.9,916.4,848.4,802.8,826.9,849.3,879.2,1007.7,1216.4,1404.5
FRA,26174a,F44992_26174a,FRA-44992,ALDEBARAN,SUN FAST 3200 R2,JEANNEAU SA,ANDRIEU Daniel,2016,14340 - LE PRE D'AUGE,,,,ORC,CLUB,C,582,26 03 2026 00:32:16,9.790,9.223,1.913,3.44,3697.,0.0,0.18,626.3,0.8759,685.0,1.0793,555.9,1041.2,832.4,718.4,651.5,615.1,593.0,565.0,0.0,0.0,0.0,0.0,0.0,0.0,0.0,797.3,651.9,578.4,535.7,510.1,492.1,465.2,0.0,0.0,0.0,0.0,0.0,0.0,0.0,1037.2,781.8,649.2,571.3,529.6,497.0,441.1,43.8,41.8,40.0,38.2,38.1,37.9,38.3,145.3,149.4,153.1,159.0,166.2,170.4,169.8,1081.8,882.4,777.5,720.4,698.1,688.0,684.9,705.5,592.1,537.7,510.2,496.6,490.6,486.0,668.2,568.3,522.5,498.0,482.9,474.5,467.3,645.0,546.9,506.2,487.3,467.6,452.5,437.7,616.4,528.0,489.8,465.0,448.2,437.9,415.7,635.6,531.2,486.5,455.0,428.3,406.1,374.2,655.0,544.0,494.8,462.0,433.0,405.1,352.7,733.5,591.3,521.7,483.8,453.1,424.7,364.6,866.6,677.5,573.0,515.3,481.5,452.9,399.8,1000.6,782.3,659.3,582.6,532.2,498.1,445.0,0.8281,1.0846,1.2333,0.6405,0.8826,1.0204,0.0,0.0000,2026,0.9912,605.3,04330004J1F,8.908,4491,23.2,31.6,25.8,82.0,72.4,724.6,553.2,486.5,936.8,679.8,588.0,604.5,563.7,0.9925,1.0644,545.6,444.5,419.0,39.9,157.4,698.6,486.9,466.6,431.0,399.4,350.2,316.6,298.6,341.9,392.6,1511.1,1134.5,1507.1,46.2,140.4,1551.7,986.6,916.8,872.7,841.7,876.1,921.6,1057.7,1273.5,1470.6
FRA,26260a,F45041_26260a,FRA-45041,LOVELACE,SHOW 34 Gd mât,BARBERIS,PETERSON Doug,1975,35700 - RENNES,,,,ORC,CLUB,C,525,29 04 2026 21:49:09,10.240,8.358,1.824,3.39,5111.,0.0,0.43,691.7,0.7975,752.3,0.9738,616.2,1123.0,906.1,787.8,717.4,678.6,655.0,630.8,0.0,0.0,0.0,0.0,0.0,0.0,0.0,870.1,716.3,636.6,593.3,569.0,552.8,532.6,0.0,0.0,0.0,0.0,0.0,0.0,0.0,1118.9,853.3,713.2,632.2,590.2,558.6,509.7,43.7,41.6,40.3,39.4,39.0,38.6,38.8,147.3,151.4,153.7,160.3,165.9,173.6,177.4,1164.3,962.5,857.5,802.9,779.5,768.2,765.5,760.9,645.7,589.0,561.7,548.3,542.6,538.7,722.0,618.9,571.2,547.3,534.6,528.0,522.9,700.3,601.9,557.7,534.7,520.4,510.2,499.0,715.0,607.9,554.3,530.9,515.1,501.4,480.5,707.7,590.5,539.9,513.8,494.6,479.0,460.7,730.2,603.3,544.7,514.8,492.6,472.7,443.0,802.7,653.1,570.1,529.7,503.8,480.8,440.3,936.9,736.8,624.5,560.5,526.4,502.7,460.0,1081.8,849.8,718.0,632.0,577.7,541.8,496.1,0.7564,0.9805,1.0923,0.5914,0.8033,0.9205,0.0,0.0000,2026,0.8968,669.0,04330004NQW,7.638,5847,23.5,24.3,36.9,82.6,0.0,793.2,611.9,549.3,1014.5,746.9,651.8,669.1,621.8,0.8967,0.9650,618.7,522.3,497.7,39.8,176.3,779.6,540.3,522.5,493.9,467.2,452.2,429.6,411.7,424.6,457.8,1625.0,1228.5,1622.4,46.4,143.3,1650.4,1046.7,971.1,925.0,954.7,983.7,1018.8,1153.3,1385.2,1599.5
FRA,26384a,F4511_26384a,FRA-4511,INTUITION,R/P 69,New England Boat Works,REICHEL/PUGH Yacht Design,2009,06560 - VALBONNE,,,,ORC,INTL,R,1550,18 08 2026 20:05:19,21.110,20.236,4.903,5.12,14551.,158.0,0.00,379.6,1.3867,432.7,1.7679,339.4,623.0,511.5,455.5,422.6,394.1,369.5,335.0,0.0,0.0,0.0,0.0,0.0,0.0,0.0,466.7,394.3,356.5,332.2,312.5,295.8,271.6,0.0,0.0,0.0,0.0,0.0,0.0,0.0,625.4,479.5,406.8,359.6,327.1,298.1,255.1,43.6,41.0,39.6,38.9,38.1,37.5,37.1,141.1,141.9,146.0,146.0,144.0,143.6,146.9,599.3,525.3,489.9,469.1,453.1,442.4,432.6,389.8,351.6,334.5,323.2,314.4,306.6,297.0,364.5,334.3,318.2,306.3,297.7,289.8,279.6,341.0,313.1,296.1,284.4,275.3,266.7,254.2,337.1,302.3,282.7,269.7,259.3,248.5,231.8,364.9,322.0,288.1,262.7,245.0,232.8,210.1,404.9,338.7,300.1,271.2,250.9,230.8,205.1,469.2,366.3,317.8,280.7,251.6,232.0,196.4,560.1,431.0,364.7,325.7,290.2,256.9,205.6,646.8,497.7,421.1,376.0,335.1,296.7,237.4,1.3938,1.7619,2.0626,1.0577,1.3830,1.6542,0.0,0.0000,2026,1.6035,374.2,04330004WIO,20.252,17281,73.2,175.1,107.7,0.0,453.1,430.5,340.5,290.9,567.3,433.8,362.7,372.8,343.3,1.6094,1.7476,316.7,258.9,241.2,37.9,150.0,435.8,297.7,278.9,248.7,220.8,195.0,187.5,175.6,171.1,197.6,896.2,652.6,902.7,46.8,140.2,830.5,524.0,478.0,435.4,430.2,487.4,565.2,694.6,833.0,961.8
FRA,26144c,F45458_26144c,FRA-45458,WALILI,JPK 1030,JPK Composites,VALER Jacques,2019,06410 - BIOT,,,,ORC,CLUB,R,610,05 05 2026 22:07:19,10.313,9.595,1.977,3.23,3742.,0.0,0.00,619.0,0.8765,684.6,1.0925,549.2,1029.7,825.4,714.8,650.7,620.1,600.2,566.6,0.0,0.0,0.0,0.0,0.0,0.0,0.0,789.6,644.4,571.1,528.8,504.3,486.8,457.8,0.0,0.0,0.0,0.0,0.0,0.0,0.0,1022.9,773.9,643.4,565.3,524.0,490.4,433.2,44.2,42.2,40.6,39.5,39.0,40.9,40.8,142.8,146.9,148.6,152.1,155.0,155.0,144.3,1097.1,892.3,787.9,728.7,704.9,695.3,693.7,714.4,596.6,538.9,505.8,490.3,484.4,480.2,676.6,571.6,520.5,492.8,475.8,467.3,460.3,655.1,555.2,507.9,482.1,460.9,444.0,428.8,627.3,526.2,483.7,465.2,451.4,438.4,404.9,609.1,510.7,467.4,434.8,411.9,396.9,370.6,623.4,517.1,472.3,438.1,407.0,378.8,343.2,700.9,562.0,495.3,459.3,427.5,395.9,328.0,833.3,656.8,555.8,497.4,466.3,439.1,380.6,962.2,758.4,641.8,572.7,535.3,505.1,439.4,0.8369,1.0981,1.2492,0.6469,0.8837,1.0126,0.0,0.0000,2026,1.0021,598.7,04330004OM5,8.996,4578,25.2,32.6,26.0,0.0,103.9,716.9,546.4,480.3,927.5,679.0,592.5,602.4,551.6,0.9960,1.0878,526.3,431.3,406.5,42.4,141.4,712.1,483.0,461.3,422.6,388.4,348.2,315.0,262.2,294.8,340.4,1499.2,1133.9,1490.0,46.7,139.3,1591.1,1011.9,942.3,899.9,884.2,862.3,888.3,1008.3,1218.7,1407.3
FRA,26010a,F45521_26010a,FRA-45521,CARPE DIEM,MAXUS 24 EVO,NORTHMAN,DASZKIEWICZ Jacek,2015,06130 - GRASSE,,,,ORC,CLUB,C,428,23 02 2026 20:34:55,7.350,7.269,1.365,2.55,2215.,0.0,0.33,755.2,0.7151,839.1,0.8943,670.9,1252.1,1012.4,883.3,803.5,750.8,722.4,703.1,0.0,0.0,0.0,0.0,0.0,0.0,0.0,958.5,786.3,698.6,647.5,613.2,592.1,571.2,0.0,0.0,0.0,0.0,0.0,0.0,0.0,1237.0,945.6,790.6,694.3,637.2,597.4,539.6,45.6,44.5,43.4,42.2,40.8,40.4,41.3,146.0,148.7,149.4,154.2,160.4,164.2,165.5,1403.5,1145.4,1011.5,926.7,869.5,847.1,856.4,899.5,745.2,666.0,622.9,596.8,583.6,580.5,843.5,705.8,636.0,600.6,578.9,565.2,557.8,809.0,680.4,612.0,582.0,561.1,544.6,524.5,753.4,628.2,575.2,547.0,530.6,520.6,504.5,712.7,605.4,560.6,530.4,504.0,481.5,453.2,737.0,617.8,568.2,536.5,508.4,482.6,437.5,815.8,668.7,593.0,556.4,527.9,501.4,451.7,953.3,761.5,653.9,593.4,561.7,537.1,492.5,1100.7,879.3,755.1,680.3,632.1,597.8,549.8,0.6878,0.8989,1.0178,0.5299,0.7192,0.8307,0.0,0.0000,2026,0.8187,732.9,04330004CBM,6.231,2788,13.9,18.6,13.4,0.0,44.0,872.3,667.5,589.5,1132.3,834.3,722.3,742.8,665.1,0.8078,0.9021,704.7,562.9,524.0,43.9,163.1,900.4,589.3,560.0,518.6,485.3,436.5,403.9,399.2,450.4,508.9,1822.2,1370.0,1799.7,47.8,140.4,2046.7,1284.4,1179.3,1113.5,1054.8,979.8,1012.0,1150.7,1383.6,1597.6
FRA,26239a,F45610_26239a,FRA-45610,ELENDYL,OMEGA 34,OMEGA YACHTS,RON HOLLAND,1982,35350 - SAINT MELOIR DES ONDES,,,,ORC,CLUB,C,536,10 04 2026 11:47:45,10.300,8.539,1.604,3.00,4665.,0.0,0.28,681.7,0.8051,745.2,0.9870,607.9,1117.2,897.2,778.1,709.8,673.7,651.0,625.4,0.0,0.0,0.0,0.0,0.0,0.0,0.0,855.2,702.1,625.9,585.8,563.9,548.6,527.4,0.0,0.0,0.0,0.0,0.0,0.0,0.0,1113.0,842.4,702.8,624.7,585.1,554.3,504.6,44.3,42.3,40.8,40.0,39.5,39.3,39.3,146.0,150.9,152.8,161.2,168.4,177.2,178.1,1158.9,953.2,848.5,800.2,780.4,768.9,760.9,751.4,635.0,580.4,557.4,547.3,541.7,536.4,709.7,607.1,563.0,542.8,532.7,527.3,521.4,686.3,589.5,549.5,529.4,517.1,508.7,499.5,672.4,572.3,533.6,513.9,500.9,491.6,479.2,680.4,570.6,527.9,503.8,484.3,467.2,443.0,703.8,584.6,534.5,508.2,486.8,466.3,431.0,783.1,636.9,558.6,523.1,499.0,476.7,434.8,931.4,729.0,614.5,551.6,520.6,498.0,455.9,1075.4,841.2,707.6,619.3,566.9,533.1,489.7,0.7706,0.9944,1.1020,0.5957,0.8118,0.9273,0.0,0.0000,2026,0.9070,661.5,04330004KSB,7.752,5398,22.3,30.5,25.2,71.0,57.2,778.6,603.4,544.5,1007.2,739.1,647.0,660.9,611.1,0.9079,0.9818,610.1,514.0,489.8,40.1,177.2,769.0,536.1,520.1,494.7,468.0,427.2,410.3,402.5,416.3,451.2,1619.3,1213.5,1615.6,47.1,136.8,1655.5,1044.3,963.7,914.4,916.2,945.0,981.9,1126.0,1371.0,1583.1
FRA,26083a,F45672_26083a,FRA-45672,DALCH MAT II,FIRST 27.7 QR,BENETEAU SA,FINOT Jean Marie,2002,56260 - LARMOR PLAGE,,,,ORC,CLUB,C,557,16 04 2026 20:23:30,8.300,8.358,2.137,3.02,2860.,0.0,0.24,698.6,0.7881,761.4,0.9692,619.0,1158.7,925.9,800.1,723.9,682.6,657.6,627.4,0.0,0.0,0.0,0.0,0.0,0.0,0.0,897.0,729.7,643.3,594.5,566.8,547.6,522.3,0.0,0.0,0.0,0.0,0.0,0.0,0.0,1156.3,871.6,722.7,634.2,588.5,552.8,496.5,42.5,40.6,39.3,38.4,38.0,37.9,38.4,147.6,151.2,154.9,160.1,166.2,173.6,174.1,1183.1,968.8,859.4,799.6,779.2,770.3,768.4,784.2,657.1,594.6,562.3,549.7,544.3,540.0,747.9,631.1,575.9,547.0,533.2,527.1,521.3,727.4,614.3,561.2,533.3,513.9,501.2,489.6,724.7,602.7,547.8,523.5,506.9,486.4,461.3,723.2,597.5,540.0,506.5,479.2,460.7,439.0,753.6,617.6,549.5,512.0,480.4,454.4,415.9,842.6,676.2,584.1,535.5,501.6,470.5,415.2,982.4,765.5,645.4,572.7,531.2,499.8,444.6,1134.4,883.1,740.7,648.1,586.0,545.0,486.4,0.7377,0.9755,1.1052,0.5756,0.7939,0.9195,0.0,0.0000,2026,0.8913,673.2,04330004LQB,7.666,3608,20.2,27.1,20.0,53.1,0.0,813.3,615.1,542.9,1042.4,755.8,652.5,672.3,629.4,0.8925,0.9533,610.7,506.4,480.3,39.6,169.4,783.9,542.2,522.5,484.9,450.7,429.3,393.2,354.0,390.4,437.5,1692.5,1283.4,1692.2,45.3,143.1,1696.4,1090.6,1024.0,984.8,1011.3,1011.0,1060.5,1221.7,1462.5,1688.7
FRA,26019a,F45674_26019a,FRA-45674,TRITON,SUN FAST 3200,JEANNEAU SA,ANDRIEU Daniel,2007,75015 - PARIS,,,,ORC,CLUB,C,565,23 02 2026 20:42:56,9.790,9.133,1.908,3.44,3523.,0.0,0.18,634.0,0.8651,693.6,1.0687,561.4,1066.0,847.5,728.1,657.4,621.0,599.1,571.4,0.0,0.0,0.0,0.0,0.0,0.0,0.0,815.4,662.0,584.4,539.7,513.7,495.4,467.7,0.0,0.0,0.0,0.0,0.0,0.0,0.0,1061.1,795.3,656.9,575.8,533.3,500.5,443.0,44.2,42.3,40.5,38.9,38.8,38.6,39.3,145.3,149.3,151.6,158.1,165.5,169.1,167.3,1114.8,902.9,791.8,732.0,709.4,699.7,698.7,723.5,601.8,543.3,514.1,500.2,494.4,490.2,683.3,576.1,526.9,501.2,485.6,477.5,470.9,659.7,557.8,512.4,489.9,469.7,454.2,440.0,633.5,536.1,494.8,469.0,451.7,441.4,415.8,646.7,536.7,490.9,460.3,432.8,407.8,375.4,665.8,549.0,496.9,463.0,433.6,406.7,353.4,742.0,594.2,521.1,482.5,450.6,420.7,357.0,881.0,685.9,576.1,514.7,480.4,451.1,394.6,1017.3,792.0,664.3,582.8,532.7,498.5,444.0,0.8122,1.0747,1.2256,0.6271,0.8725,1.0098,0.0,0.0000,2026,0.9807,611.8,04330004CBN,8.728,4295,23.3,30.2,25.7,86.7,65.6,738.7,558.3,489.6,956.8,687.7,594.2,612.1,567.1,0.9802,1.0580,550.8,447.5,421.1,40.9,154.6,715.5,494.4,471.9,434.7,400.1,351.5,317.7,291.7,335.0,386.2,1554.1,1169.5,1548.3,46.7,139.1,1612.6,1022.8,948.4,901.5,877.2,911.1,944.7,1076.9,1295.2,1495.6
FRA,26007a,F45815_26007a,FRA-45815,ULYSSE,TOFINOU 9.7 Q,LATITUDE 46,MOLINO Michele,2019,1180 - BRUXELLES (BELGIQUE),,,,ORC,CLUB,C,527,23 02 2026 20:29:54,9.143,8.578,2.006,3.00,2500.,0.0,0.19,641.8,0.8477,707.8,1.0533,569.7,1065.2,853.4,739.5,674.7,641.2,618.3,576.9,0.0,0.0,0.0,0.0,0.0,0.0,0.0,816.8,667.2,593.0,549.8,523.5,503.8,470.0,0.0,0.0,0.0,0.0,0.0,0.0,0.0,1057.4,800.2,666.7,587.0,543.5,507.6,446.9,43.5,41.8,40.2,38.5,37.9,37.6,37.8,143.0,147.3,149.6,152.4,155.6,153.6,143.4,1143.0,926.3,814.4,749.8,722.6,710.3,700.9,747.4,620.0,559.6,528.9,513.9,506.6,498.7,707.5,593.5,542.4,515.3,498.4,488.9,478.7,683.7,577.3,529.9,502.7,480.2,463.7,446.7,639.8,542.2,504.8,486.2,471.4,454.1,420.5,628.1,530.2,485.8,452.8,429.6,412.9,383.7,644.8,539.2,492.0,453.9,421.0,392.5,354.2,720.0,583.3,519.2,479.6,443.9,408.2,333.5,855.1,675.8,575.6,521.1,487.3,456.8,392.2,987.4,780.4,664.7,599.6,559.8,526.2,452.9,0.8086,1.0575,1.2096,0.6255,0.8537,0.9861,0.0,0.0000,2026,0.9670,620.5,04330004CBL,8.256,3212,19.5,27.0,18.0,0.0,75.9,742.0,567.4,496.0,959.2,702.8,608.5,624.7,572.9,0.9605,1.0474,523.2,436.9,414.3,38.8,142.3,707.4,497.8,475.8,438.9,402.6,361.6,323.2,267.0,293.6,339.1,1547.2,1168.9,1536.2,46.0,139.6,1656.6,1057.3,984.1,937.7,896.9,878.8,907.0,1030.4,1245.1,1437.7
FRA,26126a,F45916_26126a,FRA-45916,HALF DUKE,GOLDEN SHAMROCK,SOUTH COAST BOATY.,R. HOLLAND,1975,50100 - CHERBOURG-EN-COTENTIN,,,,ORC,CLUB,C,415,30 03 2026 12:10:37,9.046,7.249,1.652,3.10,3250.,0.0,0.32,719.1,0.7697,779.5,0.9333,642.9,1147.3,929.2,810.4,743.7,708.9,688.0,668.5,0.0,0.0,0.0,0.0,0.0,0.0,0.0,893.0,738.3,661.1,620.6,598.0,582.1,563.4,0.0,0.0,0.0,0.0,0.0,0.0,0.0,1143.9,876.3,737.1,660.0,620.0,588.2,538.6,43.0,41.5,39.8,38.7,38.4,38.6,39.5,147.8,151.6,154.7,162.6,168.7,176.8,177.2,1181.1,982.0,879.2,831.4,814.5,807.1,815.2,778.3,663.1,612.8,589.7,578.5,574.0,573.2,741.7,639.6,597.6,576.6,564.7,559.0,556.0,722.3,625.7,585.8,564.4,549.5,538.7,529.1,737.6,629.8,581.1,559.5,543.9,528.8,505.2,733.1,616.2,569.1,542.4,521.1,503.7,484.7,758.6,629.5,574.1,544.1,519.2,496.4,466.5,833.8,676.4,596.9,558.9,531.7,506.2,462.6,964.2,760.1,646.8,587.2,554.9,529.9,482.7,1113.4,876.4,741.7,656.1,603.4,568.9,521.8,0.7356,0.9400,1.0362,0.5779,0.7765,0.8747,0.0,0.0000,2026,0.8619,696.1,04330004JB2,6.850,3830,18.0,18.1,29.7,62.7,0.0,815.7,638.3,579.0,1038.2,772.7,685.9,695.7,647.7,0.8624,0.9264,658.8,554.8,527.4,40.3,177.2,838.0,577.5,556.7,524.1,493.2,476.3,452.8,432.5,446.0,479.7,1652.5,1254.8,1651.5,46.0,143.5,1662.5,1060.0,989.3,948.9,980.0,1016.9,1056.7,1197.2,1422.4,1642.4
FRA,26294b,F45921_26294b,FRA-45921,MENTALO,FIRST 35s5 Q ailettes,BENETEAU SA,BERRET Jean,1982,35430 - LA VILLE-ES-NONAIS,,,,ORC,CLUB,C,518,04 08 2026 12:11:47,10.446,8.858,1.478,3.57,5325.,0.0,0.36,671.3,0.8201,731.6,1.0046,597.3,1104.9,884.4,765.7,696.4,658.2,635.8,613.0,0.0,0.0,0.0,0.0,0.0,0.0,0.0,849.2,693.8,616.9,575.1,551.4,535.3,514.4,0.0,0.0,0.0,0.0,0.0,0.0,0.0,1099.3,830.7,692.1,613.1,572.0,540.6,490.5,44.8,42.7,41.1,39.9,39.3,39.0,40.0,146.0,150.3,154.1,160.4,167.3,174.5,177.9,1160.9,948.7,840.1,783.2,759.2,749.5,749.6,749.8,628.6,572.0,546.2,533.0,527.2,523.2,705.9,599.9,554.0,532.4,518.9,511.8,506.7,680.5,581.5,539.5,519.3,504.8,494.0,482.1,683.6,575.2,532.4,510.9,499.0,485.6,461.8,673.8,563.0,520.5,496.9,477.1,459.9,438.9,697.6,577.6,524.0,497.2,475.7,453.5,419.3,776.2,625.9,549.0,510.1,485.1,462.7,418.4,908.5,710.4,601.8,541.4,507.6,484.2,439.9,1049.0,820.1,691.3,609.7,557.2,522.0,476.5,0.7777,1.0118,1.1289,0.6032,0.8269,0.9481,0.0,0.0000,2026,0.9239,649.4,04330004W2R,8.065,6041,25.7,32.5,28.9,79.0,0.0,771.5,593.0,531.5,994.7,725.6,632.8,650.1,600.1,0.9229,0.9998,600.4,502.3,476.9,40.7,176.3,764.7,524.3,505.6,476.4,446.6,423.9,403.7,383.7,402.3,436.1,1609.9,1212.5,1604.1,47.1,141.9,1667.2,1050.8,968.2,916.1,942.4,941.6,979.1,1122.7,1344.5,1552.5
FRA,26213a,F45954_26213a,FRA-45954,BELLATRIX 2,KIRK,AMEL,AMEL,1973,17440 - LA ROCHELLE,,,,ORC,CLUB,C,504,20 03 2026 07:49:23,10.359,8.326,1.630,3.08,5340.,0.0,0.44,691.8,0.7938,755.8,0.9731,616.6,1120.4,909.6,791.9,721.1,682.7,658.8,634.5,0.0,0.0,0.0,0.0,0.0,0.0,0.0,866.7,717.6,637.6,593.7,569.4,553.3,533.5,0.0,0.0,0.0,0.0,0.0,0.0,0.0,1115.6,855.8,715.6,633.4,590.9,558.6,508.9,44.0,42.3,41.1,40.4,40.1,40.0,40.3,147.3,151.6,153.8,160.4,165.9,174.5,177.7,1168.2,973.1,867.3,812.2,790.1,778.9,775.9,760.8,648.2,590.1,560.7,547.5,541.6,537.4,719.9,620.3,571.0,545.4,532.5,526.3,520.9,696.1,602.1,556.3,532.2,517.7,507.8,497.4,707.7,605.9,551.4,528.3,511.1,497.3,477.0,703.5,589.7,537.5,511.1,492.5,477.8,459.9,725.1,602.3,542.7,512.6,490.2,470.4,442.3,796.2,650.0,568.0,527.0,501.2,478.5,439.5,929.0,733.8,623.2,558.3,523.8,500.1,458.0,1072.7,846.0,716.4,630.0,575.2,538.8,493.1,0.7574,0.9795,1.0911,0.5911,0.7992,0.9151,0.0,0.0000,2026,0.8951,670.3,04330004ICP,7.543,6042,23.6,29.4,34.0,79.3,0.0,792.2,612.6,549.9,1015.1,750.8,655.7,671.4,620.4,0.8936,0.9671,621.9,522.8,497.0,41.5,177.2,788.5,538.2,519.5,491.7,464.9,447.2,429.2,411.5,424.3,455.3,1609.4,1213.7,1606.2,46.9,142.6,1640.9,1037.0,957.3,908.2,933.2,971.0,1003.9,1136.4,1366.5,1577.9
FRA,26156a,F45963_26156a,FRA-45963,PILI-PILI,ELAN E4,ELAN,HUMPHREYS,2015,83380 - LES ISSAMBRES,,,,ORC,CLUB,C,711,06 03 2026 08:53:02,10.600,10.350,2.151,3.54,5700.,0.0,0.25,618.2,0.8820,680.3,1.0935,548.7,1028.1,826.0,711.7,646.1,613.0,592.5,565.3,0.0,0.0,0.0,0.0,0.0,0.0,0.0,787.9,643.7,569.1,527.8,503.9,488.0,464.2,0.0,0.0,0.0,0.0,0.0,0.0,0.0,1020.9,774.1,640.9,563.3,523.2,492.4,443.8,44.2,41.9,40.4,39.2,38.5,38.1,38.1,143.2,147.3,147.7,152.0,155.6,159.1,157.3,1100.3,895.0,786.2,724.0,694.1,681.3,672.9,715.4,597.9,537.5,506.0,490.3,482.8,476.8,676.8,571.7,519.7,492.8,477.7,468.7,461.4,654.6,554.8,506.9,481.9,465.0,452.0,436.3,625.6,525.2,484.6,467.6,456.0,445.7,419.5,604.4,507.1,467.0,440.9,421.2,408.9,388.4,617.3,513.3,470.0,441.0,416.2,395.1,366.6,698.4,557.3,491.4,458.6,430.5,405.4,354.4,827.9,655.6,551.8,493.4,464.8,441.1,398.6,955.9,757.1,637.1,568.1,531.9,503.8,457.7,0.8382,1.1004,1.2420,0.6472,0.8893,1.0214,0.0,0.0000,2026,1.0029,598.3,04330004FT7,9.429,6682,28.2,35.8,30.7,0.0,126.6,715.8,545.3,483.1,927.1,674.7,587.4,601.1,551.0,0.9982,1.0889,535.3,442.1,422.4,38.8,141.7,678.9,476.3,459.4,429.5,404.0,371.5,343.1,294.1,339.3,391.8,1491.3,1126.0,1481.6,46.8,139.2,1588.8,1005.3,932.9,888.0,876.2,854.7,879.7,997.8,1207.2,1393.9
FRA,26180a,F46020_26180a,FRA-46020,IVANE,SALONA 380,AD Boats,Cosutti,2017,06600 - ANTIBES,,,,ORC,CLUB,C,719,18 03 2026 09:03:13,11.602,10.559,2.255,3.70,6851.,0.0,0.21,603.3,0.8995,667.0,1.1179,536.7,997.0,802.6,695.4,635.4,604.3,584.1,558.9,0.0,0.0,0.0,0.0,0.0,0.0,0.0,762.5,625.8,555.4,516.9,494.8,479.9,458.2,0.0,0.0,0.0,0.0,0.0,0.0,0.0,990.7,752.5,626.0,552.2,513.7,484.0,437.9,44.2,41.8,40.4,39.3,38.8,38.5,39.3,143.0,147.1,149.2,151.7,155.4,160.1,160.6,1059.6,864.8,762.2,707.3,683.5,672.2,665.2,688.9,578.2,521.3,492.0,478.2,472.0,466.4,650.6,552.9,504.2,478.5,464.9,457.9,451.3,620.8,526.5,486.0,468.0,451.9,440.5,428.5,590.7,505.5,467.8,447.7,435.5,427.3,410.8,598.1,501.2,460.0,434.9,415.8,403.3,376.8,611.9,508.8,464.4,437.2,413.7,393.3,365.6,681.9,551.7,487.1,454.1,428.6,404.9,359.4,809.2,641.1,544.4,489.1,459.5,437.5,397.2,934.4,740.3,628.6,563.4,525.2,496.1,452.7,0.8644,1.1251,1.2619,0.6668,0.9070,1.0350,0.0,0.0000,2026,1.0253,585.2,04330004I5R,9.737,7853,30.7,43.9,34.5,0.0,123.7,694.1,533.3,475.5,899.8,661.5,579.7,585.8,540.6,1.0243,1.1099,540.0,440.4,418.7,40.3,142.2,672.4,466.2,449.8,422.7,397.8,359.3,333.5,303.6,353.1,407.7,1441.5,1082.4,1433.3,47.0,139.0,1522.6,964.2,892.4,845.0,801.3,828.0,860.6,974.2,1178.0,1360.3
FRA,26118a,F46115_26118a,FRA-46115,SEDNA,FIRST 31.7,BENETEAU SA,FINOT Jean Marie,1990,44470 - CARQUEFOU,,,,ORC,CLUB,C,581,27 02 2026 09:59:49,9.610,9.013,1.932,3.21,3773.,0.0,0.31,669.9,0.8237,728.5,1.0103,593.9,1115.7,889.2,765.9,691.4,651.4,627.8,601.6,0.0,0.0,0.0,0.0,0.0,0.0,0.0,859.0,698.6,616.1,570.1,544.5,527.2,504.1,0.0,0.0,0.0,0.0,0.0,0.0,0.0,1114.5,837.0,692.1,607.5,565.1,532.9,481.2,43.7,41.5,39.9,38.5,37.9,37.7,37.9,146.4,150.3,152.3,158.8,165.3,171.8,176.3,1128.3,922.7,816.4,758.6,736.0,726.5,724.3,738.6,620.6,564.4,536.6,523.5,518.2,514.0,701.7,595.7,548.1,523.8,510.3,503.7,497.8,681.2,580.3,536.0,512.4,495.9,483.9,472.0,697.1,584.5,530.6,505.7,491.5,475.3,451.7,696.6,574.4,521.7,492.9,470.0,452.0,429.5,722.6,591.8,529.5,497.1,471.3,448.3,408.4,807.3,647.1,559.0,515.8,487.5,462.0,412.1,955.4,741.2,620.9,550.3,513.1,486.9,440.1,1103.2,855.7,715.5,624.2,566.9,529.0,478.9,0.7704,1.0174,1.1475,0.5985,0.8302,0.9617,0.0,0.0000,2026,0.9285,646.2,04330004F6M,8.382,4567,22.2,25.6,27.9,65.5,0.0,778.8,589.7,522.9,1002.5,722.7,623.9,641.8,606.1,0.9348,0.9900,587.0,487.7,464.0,39.0,170.3,737.5,515.3,497.2,466.3,439.1,412.4,382.0,355.6,389.6,436.5,1634.7,1232.0,1636.2,46.4,142.8,1620.6,1032.2,961.7,920.0,952.8,984.6,1026.6,1178.5,1428.0,1648.9
FRA,26367a,F46215_26367a,FRA-46215,VARLOPE,ELAN 310,ELAN MARINE,HUMPHREYS Rob,2009,17000 - LA ROCHELLE,,,,ORC,CLUB,C,568,28 06 2026 21:22:52,9.240,8.876,1.905,3.20,3801.,0.0,0.22,653.9,0.8302,722.8,1.0292,583.0,1067.4,861.1,749.6,689.9,659.2,638.7,613.1,0.0,0.0,0.0,0.0,0.0,0.0,0.0,819.7,674.1,601.4,562.6,540.2,524.2,501.0,0.0,0.0,0.0,0.0,0.0,0.0,0.0,1060.1,807.8,676.0,600.9,561.2,528.8,476.6,44.1,42.0,40.4,39.4,39.0,38.9,39.1,143.8,147.8,149.6,152.5,157.9,161.7,161.0,1140.5,933.3,825.9,771.8,751.5,741.7,738.3,742.2,623.4,565.1,537.7,525.9,520.5,515.6,701.9,596.1,547.1,522.8,510.4,504.5,497.9,678.0,578.6,533.9,509.8,493.1,481.6,469.6,650.5,551.7,512.8,495.8,483.7,470.2,446.7,637.1,538.1,497.4,469.0,448.2,434.8,413.4,653.8,547.9,503.0,471.9,445.1,421.8,389.2,727.8,592.5,527.3,492.8,463.7,436.6,379.9,861.2,683.2,583.0,528.7,498.6,473.8,428.6,994.4,788.9,673.2,608.1,567.0,535.8,487.8,0.8033,1.0358,1.1549,0.6222,0.8375,0.9460,0.0,0.0000,2026,0.9455,634.6,04330004U9N,8.181,4574,21.7,29.7,24.0,0.0,84.5,746.9,579.3,519.5,964.3,716.4,634.2,637.7,585.0,0.9409,1.0257,586.1,479.7,455.6,40.4,140.9,752.3,516.9,497.5,464.0,433.9,395.6,363.4,312.9,363.6,419.8,1539.4,1162.6,1529.9,46.8,139.9,1635.0,1037.2,961.5,913.3,904.9,884.4,911.6,1035.7,1250.5,1443.9
FRA,26160a,F46281_26160a,FRA-46281,LEON,MAXUS 24 EVO GM,NORTHMAN,DASZKIEWICZ Jacek,2015,06150 - CANNES,,,,ORC,CLUB,C,420,28 04 2026 12:07:35,7.350,7.216,1.376,2.55,2094.,0.0,0.26,727.6,0.7423,808.2,0.9247,648.9,1190.3,965.9,842.3,769.3,732.5,714.2,699.0,0.0,0.0,0.0,0.0,0.0,0.0,0.0,910.1,751.4,671.3,625.5,599.0,583.3,564.2,0.0,0.0,0.0,0.0,0.0,0.0,0.0,1179.6,903.5,756.9,668.9,622.5,588.1,530.9,45.3,43.8,42.4,40.9,40.2,40.4,41.9,145.7,148.3,149.2,154.6,160.4,163.1,161.9,1298.0,1070.0,949.2,876.4,847.0,842.8,862.9,834.5,699.9,635.2,601.3,584.7,579.9,580.6,784.4,664.8,611.6,583.7,567.0,559.8,556.5,753.8,643.6,594.0,567.6,547.9,533.3,520.7,708.6,604.5,562.4,542.4,530.0,520.0,493.0,690.8,590.4,548.0,516.7,492.0,474.6,452.2,716.2,600.1,554.1,520.7,491.0,464.2,424.6,799.9,649.9,577.7,541.7,510.5,481.5,422.3,937.6,746.4,637.0,578.4,547.7,521.3,472.6,1082.6,861.9,735.5,662.2,618.1,585.6,535.1,0.7222,0.9308,1.0344,0.5565,0.7492,0.8414,0.0,0.0000,2026,0.8482,707.4,04330004N8S,6.511,2659,15.2,20.1,14.5,0.0,54.6,830.8,644.6,580.0,1078.2,800.9,713.1,714.5,645.1,0.8397,0.9301,699.1,556.4,517.1,44.9,139.9,918.1,593.9,563.1,517.6,479.2,434.4,396.3,349.2,415.8,480.2,1716.3,1289.3,1702.1,48.1,140.8,1858.5,1167.4,1073.2,1012.0,981.0,963.2,995.0,1133.7,1363.2,1574.1
FRA,26302a,F46386_26302a,FRA-46386,SOM-HI,FIRST 25.7 Q,BENETEAU SA,FINOT Jean Marie,2005,17002 - GIRONA (SPAIN),,,,ORC,CLUB,C,438,09 06 2026 11:17:47,7.469,7.264,1.448,2.76,2107.,0.0,0.13,727.7,0.7417,809.0,0.9217,651.0,1172.8,949.9,832.9,775.0,743.7,724.0,702.8,0.0,0.0,0.0,0.0,0.0,0.0,0.0,902.5,744.8,668.2,629.3,606.6,590.7,570.7,0.0,0.0,0.0,0.0,0.0,0.0,0.0,1168.1,892.5,751.4,673.0,631.1,595.8,537.4,44.5,42.3,40.7,40.1,40.1,40.2,41.4,145.6,148.1,149.4,153.9,160.3,175.5,176.2,1219.1,1009.5,905.9,866.0,855.2,852.6,867.1,791.6,672.8,620.2,598.2,591.2,587.2,587.9,748.9,644.2,601.0,580.2,572.1,567.0,565.1,724.5,625.1,585.2,562.1,546.7,538.3,529.5,728.2,614.3,568.9,543.8,530.3,517.2,497.6,720.9,606.4,558.9,525.7,498.9,478.5,453.9,745.5,621.6,567.9,532.1,501.4,474.7,431.2,830.3,674.2,596.0,555.7,523.1,493.8,438.5,975.5,771.0,658.2,595.8,560.8,532.3,482.4,1126.4,890.3,760.0,684.0,632.2,595.4,538.6,0.7285,0.9285,1.0218,0.5653,0.7490,0.8322,0.0,0.0000,2026,0.8468,708.6,04330004SJO,6.605,2699,15.7,21.4,17.7,0.0,44.0,823.6,646.2,587.2,1061.4,801.1,721.0,709.3,654.8,0.8458,0.9163,710.2,566.9,527.1,44.3,175.7,926.9,605.3,573.0,527.8,488.7,438.5,402.4,376.7,434.7,493.4,1688.3,1271.7,1684.8,47.0,140.4,1723.5,1090.2,1010.3,960.3,985.6,996.5,1035.3,1187.9,1431.7,1653.1
FRA,26139a,F46388_26139a,FRA-46388,IL QUATTRO,DJANGO 670,MAREE HAUTE,ROLLAND Pierre,2014,78500 - SARTROUVILLE,,,,ORC,CLUB,S,388,10 04 2026 12:19:26,6.500,6.560,1.607,3.00,1525.,0.0,0.19,738.9,0.7324,819.2,0.9127,657.4,1203.3,982.6,860.7,785.5,738.8,711.8,681.3,0.0,0.0,0.0,0.0,0.0,0.0,0.0,928.8,770.2,687.5,636.3,601.8,578.2,547.3,0.0,0.0,0.0,0.0,0.0,0.0,0.0,1194.2,921.5,774.5,681.1,625.4,583.0,515.2,43.6,42.3,41.1,39.7,38.4,39.1,39.9,146.4,148.5,149.2,154.6,159.9,160.2,158.4,1293.6,1074.6,958.0,883.6,838.1,821.7,823.3,848.0,716.3,651.2,615.2,591.7,578.0,570.4,805.2,686.8,630.4,598.5,574.0,556.8,543.9,780.3,668.1,611.6,582.3,554.8,532.4,506.9,736.8,625.8,574.3,540.0,522.0,508.8,483.2,720.3,613.8,561.9,520.8,487.9,462.0,427.8,746.9,625.0,570.8,527.8,491.4,457.6,397.3,827.1,676.3,599.0,554.3,515.9,481.0,409.2,963.9,771.2,661.1,599.5,561.8,528.7,470.2,1113.0,890.6,763.3,687.4,639.5,601.8,539.3,0.7063,0.9148,1.0480,0.5490,0.7359,0.8485,0.0,0.0000,2026,0.8372,716.7,04330004KSF,6.136,2051,14.7,21.9,14.4,0.0,56.2,849.5,655.9,572.5,1092.9,815.3,707.1,722.4,659.5,0.8306,0.9098,644.5,518.3,485.3,41.7,138.5,834.0,566.1,538.4,496.9,460.2,400.5,361.2,327.1,394.1,455.1,1710.7,1297.2,1699.9,45.8,141.9,1819.1,1162.1,1083.7,1035.3,1008.8,992.1,1024.4,1159.7,1387.7,1602.3
FRA,26298a,F46390_26298a,FRA-46390,SERENDIPITY,POGO 44,POGOSTRUCTURES,FINOT CONQ,2020,44300 - NANTES,,,,ORC,CLUB,C,905,12 05 2026 15:16:49,12.795,12.263,3.053,4.50,6300.,0.0,0.18,528.5,1.0190,588.8,1.2812,468.3,887.7,710.9,617.9,562.2,532.5,510.8,470.4,0.0,0.0,0.0,0.0,0.0,0.0,0.0,676.1,551.5,489.3,451.9,428.7,411.4,380.5,0.0,0.0,0.0,0.0,0.0,0.0,0.0,887.9,667.4,554.6,484.5,445.7,413.5,360.9,44.0,41.5,41.6,39.1,37.3,36.9,36.5,141.9,145.1,148.5,151.2,152.2,150.6,144.4,886.2,724.7,648.2,607.0,587.4,576.3,563.0,574.0,481.0,441.5,428.8,418.3,411.2,401.8,538.8,457.6,426.0,412.8,402.5,394.8,384.9,513.0,443.5,411.3,389.4,378.8,371.5,358.9,517.0,444.7,410.5,381.9,360.7,349.2,332.9,563.2,459.1,412.1,377.6,352.6,336.8,303.0,578.2,467.7,418.4,382.5,350.8,322.4,285.4,644.5,515.4,445.4,407.7,375.1,343.9,279.0,770.1,603.7,508.9,448.6,414.6,385.9,327.1,889.2,697.1,587.6,517.4,477.6,445.4,377.7,0.9775,1.2851,1.4846,0.7506,1.0243,1.1974,0.0,0.0000,2026,1.1708,512.5,04330004PLT,12.183,7581,40.3,60.6,48.9,0.0,148.9,613.8,466.9,404.1,799.4,585.8,501.1,506.7,482.3,1.1842,1.2441,429.5,353.3,336.7,36.7,138.7,558.1,397.1,381.8,352.1,321.7,273.6,259.8,223.0,260.6,300.9,1286.3,959.5,1288.5,46.4,138.8,1263.9,798.8,731.2,678.6,685.9,783.2,826.4,935.0,1133.3,1308.7
FRA,26056a,F46417_26056a,FRA-46417,MARIE-GALANTE,OCEANIS 43,BENETEAU,BERRET/RACOUPEAU,2005,30340 - ST JULIEN DES ROSIERS,,,,ORC,CLUB,C,845,03 03 2026 09:24:57,12.750,11.651,2.007,4.11,8800.,0.0,0.30,612.0,0.8962,669.5,1.1114,539.8,1053.4,832.6,707.9,632.5,591.8,567.7,542.3,0.0,0.0,0.0,0.0,0.0,0.0,0.0,801.2,646.0,562.2,515.5,490.0,473.9,453.8,0.0,0.0,0.0,0.0,0.0,0.0,0.0,1050.5,781.1,635.8,551.0,508.8,478.7,433.1,45.3,43.2,41.5,40.1,39.5,39.1,39.1,145.1,149.2,149.2,155.4,161.9,167.8,176.3,1082.3,873.1,760.7,697.6,670.0,658.4,653.0,694.1,574.2,512.5,481.4,466.9,460.9,457.1,650.2,545.9,493.9,467.7,454.2,447.4,442.7,623.7,527.6,481.0,457.1,442.1,431.7,421.3,637.1,534.5,479.6,454.9,439.4,425.9,405.4,636.5,520.1,466.6,440.4,422.1,408.0,391.1,656.2,534.4,473.6,443.3,421.9,403.3,373.1,733.6,584.9,502.6,460.1,434.7,413.3,373.7,887.3,685.9,567.3,496.1,458.9,435.4,396.2,1024.6,792.0,655.1,567.4,513.7,477.1,431.6,0.8292,1.1203,1.2755,0.6363,0.9034,1.0634,0.0,0.0000,2026,1.0162,590.4,04330004FES,10.407,10000,36.2,41.8,45.3,120.3,0.0,723.6,535.6,470.4,943.0,664.2,564.2,586.4,550.7,1.0232,1.0895,530.4,441.1,419.7,40.1,171.8,664.4,458.2,442.1,416.7,393.6,377.3,354.6,331.1,357.3,396.4,1542.9,1154.4,1539.7,47.9,136.7,1575.3,986.3,904.2,850.2,876.6,907.0,937.6,1074.8,1308.1,1510.5
FRA,26263a,F46421_26263a,FRA-46421,ZACAPA,BAVARIA C45,BAVARIA,COSSUTTI,2018,06250 - MOUGINS,,,,ORC,CLUB,C,993,05 05 2026 15:33:42,13.690,12.975,2.276,4.49,12352.,0.0,0.28,585.5,0.9228,650.2,1.1605,517.0,1000.4,796.7,683.8,617.2,580.9,558.4,531.5,0.0,0.0,0.0,0.0,0.0,0.0,0.0,762.6,617.4,538.9,494.6,470.0,453.8,432.2,0.0,0.0,0.0,0.0,0.0,0.0,0.0,995.6,746.5,611.6,530.6,488.6,458.1,409.5,45.2,43.4,41.8,40.7,40.4,40.1,40.2,142.6,146.7,148.9,150.1,152.6,157.4,163.0,1047.6,846.4,737.8,678.3,652.7,640.6,632.6,671.5,556.1,494.8,462.0,446.8,440.1,433.9,628.2,528.2,474.8,445.9,431.7,424.9,418.5,600.2,509.2,460.5,434.1,418.2,407.7,396.2,607.7,501.4,447.7,421.5,408.3,399.6,378.7,599.7,491.8,438.5,411.0,389.9,372.5,350.8,617.7,504.9,446.3,416.2,393.7,373.5,338.9,692.6,555.7,479.8,436.5,410.9,389.3,350.4,825.4,647.0,545.4,481.7,442.3,418.3,381.4,953.1,747.0,629.7,556.1,509.0,476.2,430.4,0.8695,1.1686,1.3341,0.6677,0.9298,1.0832,0.0,0.0000,2026,1.0592,566.5,04330004OL0,11.334,13773,45.5,65.3,50.4,0.0,134.3,690.1,513.4,449.7,898.6,645.3,553.9,563.6,527.2,1.0647,1.1381,518.0,419.1,394.9,41.0,161.2,640.0,434.2,417.9,390.8,366.5,336.3,314.9,311.5,348.3,395.9,1464.7,1095.5,1459.0,48.2,138.9,1521.2,950.6,868.2,813.6,835.6,844.7,874.8,1005.8,1219.4,1408.1
FRA,26231a,F46553_26231a,FRA-46553,ACHNACARRY,DEHLER342016cruisi,Dehler,Judel/Vrolijk,2016,56470 - LA TRINITE SUR MER,,,,ORC,CLUB,C,647,30 04 2026 13:35:13,10.254,9.740,1.950,3.61,5950.,0.0,0.24,634.1,0.8594,698.2,1.0641,563.8,1048.3,843.6,729.7,664.3,630.0,609.2,585.4,0.0,0.0,0.0,0.0,0.0,0.0,0.0,803.2,657.9,583.5,542.6,519.2,504.0,483.1,0.0,0.0,0.0,0.0,0.0,0.0,0.0,1041.5,790.8,657.1,579.1,539.0,509.0,461.4,44.2,42.1,40.7,39.4,38.8,38.5,39.2,143.4,147.6,148.5,152.1,157.0,161.7,163.0,1116.0,911.0,802.8,740.3,711.2,699.4,693.8,724.9,607.7,547.8,516.5,500.9,493.7,488.4,685.4,580.8,529.9,503.4,488.5,479.8,473.2,662.3,563.2,516.9,492.6,476.4,464.5,450.5,636.2,535.7,494.3,476.1,465.8,457.5,435.4,620.4,521.6,481.8,457.5,438.3,424.8,406.2,636.9,530.2,486.6,460.3,437.4,417.2,386.8,716.6,576.5,509.2,477.1,452.5,429.3,386.1,849.2,672.2,568.7,511.0,482.5,461.5,422.7,980.5,776.2,656.7,588.3,548.9,519.0,477.1,0.8213,1.0714,1.2001,0.6343,0.8665,0.9909,0.0,0.0000,2026,0.9764,614.5,04330004NV4,8.939,6838,27.2,37.7,28.1,0.0,106.0,730.5,560.0,500.0,945.9,692.4,605.5,615.1,567.8,0.9754,1.0567,571.8,468.7,446.8,40.4,159.5,703.2,488.3,471.6,444.7,420.6,391.3,367.5,338.2,385.3,440.5,1519.8,1145.6,1511.0,47.1,139.2,1608.0,1017.4,942.5,895.5,887.6,870.7,898.8,1024.9,1239.9,1431.7
FRA,26058a,F46754_26058a,FRA-46754,LOVELY TIME,FIRST 27.7 QR,BENETEAU SA,FINOT Jean Marie,2002,83320 - CARQUEIRANNE,,,,ORC,CLUB,C,557,03 03 2026 09:50:45,8.300,8.358,2.137,3.02,2860.,0.0,0.19,680.0,0.8065,744.0,0.9902,606.0,1104.5,887.9,772.5,711.6,676.1,654.4,626.9,0.0,0.0,0.0,0.0,0.0,0.0,0.0,854.6,702.0,624.8,585.0,560.9,544.0,519.9,0.0,0.0,0.0,0.0,0.0,0.0,0.0,1105.6,837.7,700.1,624.0,582.2,549.0,495.0,42.3,40.2,38.9,38.2,38.0,38.1,38.2,147.1,150.9,153.7,159.7,165.9,171.8,171.8,1092.6,905.2,814.4,784.1,772.6,768.5,772.3,722.2,617.5,569.9,553.6,547.7,544.7,541.9,690.3,597.1,555.4,538.0,531.4,527.9,522.8,673.7,583.2,543.9,521.1,508.3,501.9,491.0,689.4,587.2,542.0,515.2,493.6,478.0,462.3,713.6,590.4,536.0,503.5,478.8,456.5,424.3,741.8,608.8,543.8,506.9,475.2,450.2,410.9,825.7,664.4,574.3,528.4,493.9,462.8,406.6,966.8,754.5,635.3,564.4,524.8,492.9,437.3,1116.3,870.5,730.7,639.0,579.7,540.3,481.5,0.7709,0.9967,1.1128,0.6023,0.8133,0.9238,0.0,0.0000,2026,0.9110,658.7,04330004FEV,7.806,3609,20.2,26.9,20.2,61.6,0.0,778.3,602.0,539.2,996.2,737.7,649.5,654.8,617.3,0.9163,0.9719,610.9,502.1,473.9,39.9,164.9,790.2,544.2,524.1,486.3,452.0,405.0,369.4,344.6,380.0,431.6,1594.4,1205.2,1600.6,44.9,143.0,1531.7,982.5,920.8,887.3,919.0,997.8,1042.5,1194.7,1435.1,1657.1
FRA,26371a,F46841_26371a,FRA-46841,YANNSOLO,J 99,J COMPOSITES,JOHNSTONE,2018,78600 - MAISON-LAFFITTE,,,,ORC,CLUB,R,560,01 07 2026 22:35:03,9.950,9.092,1.992,3.41,3900.,0.0,0.00,618.2,0.8841,678.6,1.0871,551.9,1001.5,808.0,703.6,647.8,619.7,600.9,573.8,0.0,0.0,0.0,0.0,0.0,0.0,0.0,770.4,635.6,569.6,533.8,512.7,496.9,471.5,0.0,0.0,0.0,0.0,0.0,0.0,0.0,995.1,759.2,637.3,568.3,531.9,501.4,451.0,43.7,41.6,39.8,38.1,37.6,37.4,37.7,143.1,147.5,150.1,153.3,158.2,160.6,146.4,1065.0,870.1,768.4,716.1,696.0,686.9,683.7,696.4,585.7,534.8,510.8,499.9,494.8,490.5,660.5,563.5,521.4,499.7,487.5,481.2,475.0,639.6,550.3,511.8,490.0,473.8,462.4,450.7,615.6,526.2,494.1,479.3,468.0,454.1,428.7,601.2,514.1,478.0,453.0,433.9,419.6,394.0,614.9,520.8,481.7,452.8,426.4,401.8,366.5,684.6,558.9,503.2,470.6,441.3,412.4,348.1,812.3,646.0,553.2,505.0,476.9,452.0,401.7,938.0,745.9,638.7,579.5,543.4,515.0,463.9,0.8535,1.0930,1.2212,0.6632,0.8919,1.0077,0.0,0.0000,2026,1.0011,599.3,04330004UK9,8.895,4669,23.0,33.0,25.9,0.0,100.6,703.0,548.9,491.3,904.7,672.7,595.4,600.6,555.1,0.9991,1.0809,531.0,443.6,423.5,38.9,141.7,693.3,490.8,473.6,444.5,413.5,372.1,336.9,282.5,319.4,368.8,1441.7,1091.8,1433.3,46.1,139.5,1525.2,971.5,903.9,860.5,858.3,835.4,861.2,972.7,1176.2,1358.2
FRA,26252a,F46851_26252a,FRA-46851,CAPRICCIO CUBE,FIRST 36,BENETEAU,MANUARD Sam,2022,83000 - TOULON,,,,ORC,CLUB,C,726,14 05 2026 14:21:28,10.966,10.669,2.243,3.79,5000.,0.0,0.18,588.6,0.9257,648.2,1.1498,521.8,983.2,785.9,676.7,615.5,586.3,566.1,531.2,0.0,0.0,0.0,0.0,0.0,0.0,0.0,753.6,613.5,542.1,502.2,479.4,461.9,433.6,0.0,0.0,0.0,0.0,0.0,0.0,0.0,977.4,737.4,610.1,536.0,497.6,465.5,413.1,44.1,41.8,40.0,38.6,37.9,37.7,38.4,142.6,146.2,147.9,151.8,153.4,151.8,144.5,1041.4,842.8,739.2,683.2,660.7,649.7,642.7,677.2,564.5,508.6,479.9,466.6,460.7,455.0,640.4,540.7,493.0,467.6,452.9,445.6,438.0,619.0,525.4,482.0,457.4,438.0,423.6,410.0,604.3,505.4,466.0,449.2,435.9,416.8,387.8,584.3,488.7,446.6,416.8,397.3,383.1,358.8,595.9,494.4,450.1,416.8,388.3,364.6,333.8,672.5,535.5,473.0,437.9,406.6,376.7,314.1,801.0,631.4,531.9,475.6,445.1,418.3,363.4,925.0,729.1,614.2,547.8,511.9,482.4,419.7,0.8778,1.1559,1.3168,0.6783,0.9334,1.0752,0.0,0.0000,2026,1.0550,568.7,04330004PV6,10.112,6011,30.3,38.5,35.6,0.0,134.0,683.5,519.1,455.7,884.6,642.8,558.0,570.8,526.1,1.0511,1.1405,491.2,408.1,387.9,39.4,141.4,650.4,455.3,437.8,404.2,373.6,338.3,307.1,259.5,287.5,332.0,1432.3,1083.5,1424.5,46.7,138.9,1510.4,958.9,890.4,847.7,854.6,830.8,855.6,969.0,1172.9,1354.3
FRA,26352a,F49_26352a,FRA-49,GLEN ELLEN,SWAN 42 CLUB,NAUTOR,SWAN NY/CLUB FRERS,2006,13007 - MARSEILLE,,,,ORC,INTL,C,900,04 06 2026 15:55:48,12.960,11.873,2.740,3.91,7649.,136.2,0.00,532.6,1.0223,586.9,1.2531,478.8,835.6,681.5,605.1,566.1,543.9,526.9,492.9,0.0,0.0,0.0,0.0,0.0,0.0,0.0,645.9,540.1,492.4,466.7,449.5,435.9,410.8,0.0,0.0,0.0,0.0,0.0,0.0,0.0,833.8,642.9,549.8,496.7,466.2,440.2,394.1,42.5,40.1,38.2,37.3,37.1,36.7,36.7,142.2,145.7,150.1,153.5,155.2,153.7,145.7,853.3,709.9,650.5,626.1,612.1,603.2,594.4,564.9,486.1,458.3,447.4,440.8,436.3,430.9,538.3,471.4,446.8,435.7,429.1,424.1,417.7,520.9,462.6,437.5,422.7,412.9,405.9,395.8,526.4,459.8,437.5,418.5,403.5,391.9,375.6,525.6,453.4,422.2,403.4,387.7,375.3,357.0,540.0,456.3,421.8,396.5,376.5,360.8,328.4,595.0,484.9,439.0,409.7,383.0,356.2,302.7,708.3,565.6,484.9,441.6,415.3,391.5,339.0,817.9,653.1,559.8,506.0,475.7,450.7,391.5,1.0118,1.2577,1.3957,0.7910,1.0288,1.1573,0.0,0.0000,2026,1.1559,519.1,04330004S5K,11.624,8926,35.0,62.6,51.3,0.0,185.0,593.0,477.1,429.9,758.5,583.2,518.4,517.5,481.7,1.1594,1.2455,459.3,390.3,373.1,37.8,144.8,602.2,430.5,415.7,390.9,364.6,338.8,307.8,267.8,274.0,316.4,1189.8,900.1,1188.7,45.3,139.4,1200.2,768.0,714.1,678.0,695.7,717.4,753.7,846.1,1021.4,1179.4
FRA,26188a,F5040B_26188a,FRA-5040B,BEELZEBUTH 3,GRAND SOLEIL 40 BC,DEL PARDO,PAPERINI,2000,50400 - GRANVILLE,,,,ORC,CLUB,C,718,01 04 2026 16:12:58,11.990,10.579,2.374,3.79,6700.,0.0,0.13,594.9,0.9261,647.9,1.1319,530.1,968.0,781.2,676.0,617.8,586.5,566.0,538.7,0.0,0.0,0.0,0.0,0.0,0.0,0.0,747.4,615.2,547.2,511.0,490.6,476.1,454.6,0.0,0.0,0.0,0.0,0.0,0.0,0.0,965.3,735.6,612.8,544.0,508.4,480.5,437.1,42.6,40.7,39.3,38.2,37.6,37.4,37.8,140.0,149.2,150.3,157.7,164.8,169.6,169.1,995.2,818.2,726.7,686.7,669.9,660.5,652.3,655.5,554.9,505.4,484.6,476.3,471.4,466.2,623.4,534.4,492.0,472.4,463.6,458.6,452.6,602.9,521.1,482.9,461.8,448.6,440.6,431.3,616.0,521.4,484.2,460.9,443.7,429.9,412.0,602.6,505.1,464.6,442.9,430.2,419.5,401.8,616.1,513.1,467.9,440.9,419.5,403.8,382.0,686.0,553.6,488.1,454.5,428.2,404.2,358.7,814.8,644.4,541.6,484.0,453.6,428.9,382.6,940.8,744.1,625.3,549.0,503.2,471.6,425.1,0.8806,1.1393,1.2721,0.6860,0.9331,1.0697,0.0,0.0000,2026,1.0416,576.0,04330004JKT,10.019,7707,30.5,46.4,37.6,134.2,0.0,681.4,526.6,471.7,874.6,643.0,560.9,574.8,535.4,1.0438,1.1207,521.3,439.5,422.0,39.1,162.2,661.2,466.3,452.6,427.2,402.2,386.3,363.7,318.6,332.4,381.5,1388.2,1051.6,1385.6,46.0,141.0,1413.6,900.9,838.8,799.0,824.6,840.1,865.7,982.5,1180.1,1362.7
FRA,26355a,F5200_26355a,FRA-5200,AROBAS²,IRC52,COOKSON,BOTIN,2009,,,,,ORC,INTL,R,1250,28 06 2026 15:30:17,15.856,15.225,3.337,4.44,7262.,139.3,0.00,434.6,1.2326,486.8,1.5508,386.9,712.6,574.0,510.5,473.3,444.3,418.4,378.8,0.0,0.0,0.0,0.0,0.0,0.0,0.0,544.2,451.3,406.6,377.6,354.9,336.0,307.9,0.0,0.0,0.0,0.0,0.0,0.0,0.0,712.3,540.7,459.4,406.6,370.0,338.2,289.2,43.6,40.7,38.9,37.8,37.1,36.7,36.3,140.8,141.5,146.4,148.0,146.4,145.4,145.7,715.8,594.1,547.5,523.7,509.5,499.3,487.8,466.7,402.8,380.3,366.8,356.9,349.1,338.0,439.9,387.6,364.3,349.7,339.0,330.9,318.9,421.7,375.7,346.3,327.1,314.5,304.4,289.0,427.5,378.3,345.2,317.8,297.5,283.6,262.7,439.5,378.1,339.7,310.3,289.6,273.0,241.5,463.0,385.4,342.6,312.4,282.9,260.4,231.5,513.0,406.8,359.3,320.0,284.4,255.9,222.2,614.3,479.7,410.0,366.3,328.3,292.2,233.6,709.4,553.9,473.5,423.0,379.1,337.4,269.8,1.2054,1.5476,1.8173,0.9327,1.2324,1.4634,0.0,0.0000,2026,1.4183,423.0,04330004U9L,15.744,9128,44.4,99.8,66.5,0.0,280.5,497.8,387.7,330.2,643.3,486.9,410.0,423.6,389.0,1.4164,1.5423,352.3,288.8,270.9,37.1,148.8,489.8,334.9,313.8,279.6,249.1,218.6,214.3,186.1,186.0,214.8,1034.4,775.0,1035.2,45.8,139.7,1026.8,653.7,602.6,562.8,573.0,613.8,658.0,751.0,902.5,1042.1
FRA,26190a,F526_26190a,FRA-526,J-OACHIM,JOUET 24 Mod,YACHTING FRANCE,TORTAROLO Daniel,1976,75004 - PARIS,,,,ORC,CLUB,C,375,20 03 2026 22:33:03,7.070,6.481,1.505,2.68,1991.,0.0,0.23,732.7,0.7462,804.0,0.9114,658.3,1151.7,944.7,832.3,771.0,739.2,718.7,690.6,0.0,0.0,0.0,0.0,0.0,0.0,0.0,890.5,747.3,677.4,638.9,615.9,599.5,576.3,0.0,0.0,0.0,0.0,0.0,0.0,0.0,1143.7,888.5,755.6,679.8,638.9,605.9,553.2,42.7,41.0,39.3,37.8,37.5,37.3,37.6,146.3,148.6,150.5,157.6,162.7,164.4,162.2,1231.5,1025.5,917.5,862.9,840.4,829.1,823.2,815.5,694.5,643.2,619.0,606.7,600.6,593.8,777.5,670.3,627.6,605.8,592.6,585.0,576.3,755.5,655.5,615.0,592.5,575.6,562.8,547.5,706.0,620.4,587.7,570.5,558.0,547.6,525.2,690.8,607.9,571.0,542.6,520.8,505.8,486.4,715.4,615.6,575.4,542.8,515.5,493.9,465.9,796.5,657.3,596.9,562.2,530.4,502.4,456.5,928.2,748.2,647.1,598.2,569.3,542.6,495.3,1071.8,863.9,747.0,679.1,638.1,608.3,558.1,0.7327,0.9160,1.0086,0.5724,0.7519,0.8412,0.0,0.0000,2026,0.8409,713.5,04330004IJD,6.235,2501,13.6,19.7,14.4,0.0,58.6,818.9,655.0,594.9,1048.2,798.0,713.3,717.4,657.8,0.8364,0.9121,675.3,562.3,538.2,38.9,160.8,835.7,593.5,574.1,539.6,509.5,472.2,449.2,418.9,454.3,514.9,1629.9,1234.9,1620.3,45.6,140.8,1725.9,1104.5,1032.0,987.6,955.8,944.2,973.8,1104.7,1328.5,1534.0
FRA,26269a,F53004_26269a,FRA-53004,VASCO,POGO 36 QR,STRUCTURES,FINOT CONQ,2016,37000 - TOURS,,,,ORC,CLUB,C,779,06 05 2026 22:57:03,10.855,10.818,2.933,4.00,4222.,0.0,0.18,566.3,0.9588,625.8,1.1989,500.5,953.3,763.1,656.8,596.3,564.1,539.7,495.8,0.0,0.0,0.0,0.0,0.0,0.0,0.0,732.4,596.3,524.8,481.7,455.6,435.5,401.9,0.0,0.0,0.0,0.0,0.0,0.0,0.0,950.3,716.9,591.7,515.2,472.8,438.8,381.3,42.7,40.4,39.2,37.7,37.8,36.7,36.4,142.5,146.0,148.0,151.3,150.5,148.5,145.3,983.1,800.5,703.5,651.0,627.4,615.5,603.5,648.6,542.5,488.5,459.9,447.3,439.7,430.2,616.9,521.4,475.2,447.0,430.2,421.5,410.7,599.0,505.5,460.5,436.3,410.8,395.4,380.0,578.7,488.0,444.7,413.2,396.4,384.4,353.1,583.9,482.6,433.6,396.0,371.7,350.5,318.4,597.8,490.1,439.7,399.1,362.8,335.4,301.0,671.4,534.4,467.1,425.8,388.7,352.1,288.0,799.8,628.4,528.3,469.6,433.8,401.7,336.2,923.5,725.6,610.1,541.5,500.8,463.8,388.2,0.9031,1.2022,1.4022,0.6991,0.9642,1.1335,0.0,0.0000,2026,1.0979,546.5,04330004OT1,10.670,5308,30.9,42.4,39.4,0.0,131.0,664.4,499.1,427.9,858.2,622.3,529.3,546.2,509.8,1.0984,1.1769,449.0,372.1,351.6,36.7,140.8,598.7,424.9,405.1,371.5,338.4,297.8,267.7,233.6,259.2,299.3,1383.9,1047.8,1380.9,45.0,139.3,1414.4,909.7,851.7,816.7,799.5,829.5,855.8,968.8,1172.1,1353.5
FRA,26276a,F53018_26276a,FRA-53018,NESS,ELAN S3,Elan Marine,Humphreys,2013,98000 - MONACO,,,,ORC,CLUB,C,574,23 04 2026 09:18:19,9.250,8.966,2.172,3.24,3937.,0.0,0.21,649.3,0.8360,717.7,1.0338,580.4,1049.1,849.8,742.5,686.5,657.5,637.5,611.4,0.0,0.0,0.0,0.0,0.0,0.0,0.0,806.3,666.8,597.3,560.9,540.0,525.0,502.7,0.0,0.0,0.0,0.0,0.0,0.0,0.0,1043.5,798.2,670.7,598.5,560.5,529.7,480.6,43.1,40.8,39.3,38.5,38.2,38.1,38.4,143.7,147.8,149.3,152.5,157.7,161.4,160.6,1104.4,910.7,812.4,766.3,748.8,739.8,735.5,727.3,616.7,562.7,538.0,528.1,522.8,518.1,692.3,592.2,546.0,523.4,512.6,507.3,501.3,660.0,566.8,530.0,510.0,494.9,485.1,474.3,631.8,545.8,510.1,490.8,479.6,470.9,451.7,635.5,538.1,498.6,472.2,453.8,439.8,415.6,652.5,546.3,502.5,472.4,447.1,426.1,399.5,727.6,591.4,525.8,491.3,462.2,435.8,384.5,860.5,683.2,582.5,527.5,497.5,472.7,428.0,993.7,788.9,672.6,606.7,566.1,535.3,487.2,0.8146,1.0405,1.1529,0.6320,0.8433,0.9483,0.0,0.0000,2026,0.9506,631.2,04330004MNB,8.280,4720,22.3,30.6,24.7,0.0,87.6,736.6,576.6,520.4,949.4,711.5,632.7,633.2,582.6,0.9476,1.0299,588.7,483.9,461.1,39.4,141.6,748.5,519.8,502.4,470.1,440.8,400.1,370.0,322.8,371.4,428.8,1509.6,1138.8,1502.9,45.5,139.5,1576.2,1008.5,941.8,899.6,853.1,883.3,910.7,1034.8,1249.7,1443.0
FRA,26230a,F53116_26230a,FRA-53116,PRINCESSE GOTIONUDE II,SUN FAST 3600,JEANNEAU SA,ANDRIEU Y.DESIGN,2013,76600 - LE HAVRE,,,,ORC,CLUB,R,658,03 04 2026 21:01:31,10.800,10.062,2.186,3.56,4940.,0.0,0.00,602.3,0.9060,662.2,1.1208,535.4,993.0,797.2,689.5,629.6,600.8,581.5,555.7,0.0,0.0,0.0,0.0,0.0,0.0,0.0,763.4,624.8,554.4,515.6,493.5,477.6,453.2,0.0,0.0,0.0,0.0,0.0,0.0,0.0,988.0,748.8,622.7,549.8,512.5,481.8,432.0,43.7,41.5,39.7,38.3,38.2,37.9,38.3,142.6,146.7,148.9,152.1,155.9,159.7,146.7,1043.2,849.5,747.4,692.6,672.2,662.6,658.8,683.2,572.9,518.1,489.7,477.3,472.2,467.9,648.5,550.7,504.0,478.7,464.6,457.9,451.8,628.8,536.9,494.5,470.3,451.8,438.1,425.7,613.9,515.8,475.6,458.9,446.8,433.3,404.9,597.9,502.4,461.5,433.1,412.2,399.1,376.0,611.8,509.9,466.7,436.5,409.5,384.2,350.9,686.2,552.4,489.9,456.7,428.2,400.7,339.9,816.5,645.1,547.0,492.2,462.9,438.9,392.0,942.8,744.9,631.6,566.6,529.4,500.4,452.6,0.8644,1.1275,1.2701,0.6703,0.9142,1.0405,0.0,0.0000,2026,1.0299,582.6,04330004K8N,9.679,5846,27.3,37.3,29.8,0.0,113.3,694.1,532.2,472.4,895.1,656.3,576.6,582.3,541.9,1.0303,1.1073,522.3,429.9,409.3,39.5,140.0,670.0,469.3,452.4,421.1,391.0,356.0,324.6,277.5,324.4,374.5,1438.7,1090.4,1432.4,46.0,139.3,1501.7,958.7,894.2,854.5,863.2,842.0,868.2,984.8,1191.4,1375.7
FRA,26376a,F53139_26376a,FRA-53139,VAELMORA,J 99 QP 2R,J COMPOSITES,JOHNSTONE,2019,78110 - LE VESINET,,,,ORC,CLUB,R,572,23 07 2026 08:46:34,9.950,9.161,2.115,3.41,4058.,0.0,0.00,627.8,0.8833,679.2,1.0756,557.8,1033.7,825.4,711.8,646.0,609.8,588.6,561.2,0.0,0.0,0.0,0.0,0.0,0.0,0.0,797.6,650.7,577.7,537.5,513.8,497.1,472.1,0.0,0.0,0.0,0.0,0.0,0.0,0.0,1029.5,776.6,645.7,571.5,532.6,502.1,452.9,43.4,41.3,39.6,37.8,37.1,36.9,37.0,145.1,149.2,153.0,159.7,166.8,171.8,170.4,1075.9,875.2,769.8,713.0,689.1,678.9,673.4,706.8,591.3,537.2,511.1,498.4,492.4,487.2,672.3,569.5,524.0,500.8,487.0,479.2,472.3,653.3,556.9,514.8,492.0,474.9,462.3,448.9,644.3,541.7,502.1,485.5,472.6,456.2,429.5,633.7,531.1,490.9,465.4,446.0,432.6,410.3,653.4,543.1,496.1,467.3,442.3,419.2,384.9,729.0,587.1,518.9,483.6,455.4,429.0,372.5,858.7,671.6,568.1,513.3,481.9,455.5,404.4,991.6,775.5,653.7,578.9,530.5,498.3,449.1,0.8285,1.0822,1.2197,0.6455,0.8905,1.0280,0.0,0.0000,2026,0.9911,605.4,04330004VKA,8.966,4839,24.2,33.1,25.5,89.2,0.0,724.2,554.4,491.9,929.5,673.8,583.7,604.5,564.5,0.9925,1.0629,539.3,451.3,432.4,37.8,159.1,679.5,486.6,470.1,442.0,412.8,393.6,359.3,308.6,346.3,399.0,1506.6,1142.6,1502.1,45.8,141.1,1551.6,992.8,927.6,888.6,906.3,889.4,920.4,1054.7,1265.9,1461.7
FRA,26346a,F53160_26346a,FRA-53160,PEN KOENT,FIRST 40.7 GTE,BENETEAU SA,FARR Bruce,1997,,,,,ORC,CLUB,C,712,01 07 2026 23:10:56,11.924,10.568,2.403,3.77,6826.,0.0,0.17,591.6,0.9332,643.0,1.1416,525.6,974.7,783.0,674.9,611.7,577.3,555.6,528.3,0.0,0.0,0.0,0.0,0.0,0.0,0.0,750.8,615.1,545.1,506.3,483.6,467.6,443.3,0.0,0.0,0.0,0.0,0.0,0.0,0.0,972.8,737.0,611.1,538.6,501.4,473.1,425.6,42.6,40.7,39.2,37.6,37.2,36.9,36.8,139.7,148.9,150.5,157.7,164.8,170.4,172.3,994.4,814.7,719.2,670.3,648.8,637.4,627.8,654.3,551.7,502.7,479.2,467.3,461.3,454.8,621.9,531.3,490.1,468.9,456.4,448.8,441.3,601.4,518.5,481.2,460.3,445.0,433.8,420.5,614.1,514.3,471.3,448.4,434.0,425.2,404.0,604.8,504.8,463.8,439.7,418.6,399.5,372.1,621.0,515.2,469.1,442.1,419.1,398.6,359.8,691.7,558.8,491.5,457.7,432.4,408.6,362.1,827.1,650.7,546.4,487.4,456.9,433.2,388.4,955.0,751.3,630.7,553.0,505.8,473.9,428.7,0.8785,1.1481,1.2973,0.6827,0.9398,1.0894,0.0,0.0000,2026,1.0492,571.8,04330004UKB,10.246,7821,31.1,47.3,36.5,124.5,92.2,683.0,522.6,462.5,878.9,638.4,550.8,567.9,535.3,1.0566,1.1209,508.3,423.6,404.2,37.5,164.5,629.3,452.7,438.1,413.3,388.9,353.1,324.5,306.9,341.4,387.3,1401.2,1059.3,1399.6,45.8,139.0,1416.8,903.3,840.9,800.5,825.5,844.9,872.6,994.7,1199.9,1385.5
FRA,26356a,F53182_26356a,FRA-53182,BLUE 4 PEPPER,CODE 0.1,BLACK PEPPER,LOMBARD Marc,2019,94170 - LE PERREUX SUR MARNE,,,,ORC,CLUB,R,622,18 06 2026 14:37:31,9.974,9.583,2.388,2.99,3020.,0.0,0.00,594.3,0.9193,652.7,1.1395,526.6,987.9,792.0,681.6,621.5,591.8,567.9,523.8,0.0,0.0,0.0,0.0,0.0,0.0,0.0,762.4,621.3,548.2,507.6,483.1,463.0,429.5,0.0,0.0,0.0,0.0,0.0,0.0,0.0,984.6,744.7,616.0,541.6,501.3,466.4,409.5,42.5,40.3,38.7,38.7,36.6,36.1,36.0,142.8,146.7,146.6,152.1,151.6,149.6,143.8,1020.7,831.2,728.5,677.7,658.4,647.4,637.7,676.9,567.0,508.4,484.8,475.1,468.3,460.4,645.5,546.7,496.5,471.9,459.4,451.5,442.2,628.5,530.6,488.2,459.9,438.5,426.3,412.3,617.0,513.4,475.7,457.4,434.7,411.7,384.2,604.7,502.3,455.7,421.9,400.9,384.1,355.0,620.5,510.3,461.4,422.1,388.6,362.7,327.4,695.5,558.1,489.0,447.5,410.4,374.1,301.0,827.1,652.0,549.8,490.9,455.2,423.0,355.0,955.1,752.8,634.8,565.3,525.1,488.4,409.9,0.8673,1.1440,1.3174,0.6742,0.9255,1.0766,0.0,0.0000,2026,1.0461,573.6,04330004TFJ,9.647,3865,23.3,36.4,22.5,0.0,94.5,691.8,524.5,455.4,889.9,648.3,557.3,573.9,535.7,1.0454,1.1200,477.4,401.6,380.8,36.9,143.0,644.7,459.6,439.5,405.6,370.6,334.7,297.9,252.2,268.6,310.1,1426.7,1086.1,1423.2,44.6,139.6,1461.7,944.5,887.5,853.9,867.2,851.4,880.0,997.9,1205.3,1391.7
FRA,26108a,F53195_26108a,FRA-53195,MAUPITI,GRAND SURPRISE9/10,ARCHAMBAULT,NIVELT Bernard,1999,66690 - SAINT ANDRE,,,,ORC,CLUB,R,632,10 04 2026 20:32:31,9.550,9.350,2.076,2.96,2737.,0.0,0.00,625.7,0.8741,686.4,1.0802,555.5,1035.6,828.4,716.4,655.2,620.7,597.5,561.3,0.0,0.0,0.0,0.0,0.0,0.0,0.0,796.6,650.1,577.1,536.5,510.5,491.0,461.0,0.0,0.0,0.0,0.0,0.0,0.0,0.0,1035.4,780.0,648.0,572.6,530.2,494.5,437.7,43.1,40.8,39.1,38.0,37.6,37.4,38.1,144.7,148.7,151.1,157.2,164.8,166.8,161.8,1037.8,852.2,760.2,722.1,706.0,696.6,689.7,683.5,578.1,530.1,510.1,501.3,495.1,488.0,650.7,556.7,515.9,495.3,484.8,477.2,467.3,632.8,542.5,504.9,479.2,460.3,448.7,433.3,647.6,544.6,502.0,475.0,448.9,428.6,402.9,643.7,533.5,487.4,453.6,429.2,413.0,386.1,666.8,547.2,494.3,455.7,422.0,394.5,360.1,750.2,599.3,522.1,480.5,442.7,407.0,341.9,894.9,696.8,582.9,517.5,479.6,444.7,379.7,1033.4,804.6,672.6,588.2,535.3,498.3,432.9,0.8295,1.0850,1.2380,0.6438,0.8805,1.0174,0.0,0.0000,2026,0.9918,604.9,04330004KUV,8.951,3592,20.6,32.7,23.5,70.5,0.0,723.3,553.0,484.7,932.0,681.4,589.7,603.3,565.5,0.9945,1.0610,530.5,437.5,414.7,39.5,145.8,698.5,486.7,464.1,425.9,388.0,359.1,334.2,285.8,313.9,362.5,1499.6,1133.4,1501.6,45.5,138.9,1480.5,950.3,889.9,853.7,882.6,907.0,943.4,1088.4,1315.3,1518.8
FRA,26001a,F53299_26001a,FRA-53299,BLACK SPIRIT,CODE 0.1,BLACK PEPPER,LOMBARD Marc,2019,78230 - LE PECQ,,,,ORC,CLUB,R,622,12 05 2026 16:05:17,9.974,9.583,2.388,2.99,3020.,0.0,0.00,592.1,0.9226,650.3,1.1429,525.0,980.1,786.6,677.8,620.4,590.8,567.0,522.4,0.0,0.0,0.0,0.0,0.0,0.0,0.0,757.1,617.9,546.0,506.7,482.2,462.3,428.9,0.0,0.0,0.0,0.0,0.0,0.0,0.0,976.8,739.8,613.0,540.7,500.4,465.7,409.0,42.4,40.2,38.6,38.7,36.7,36.1,36.0,142.8,146.7,147.2,152.2,151.3,149.5,143.5,1013.0,825.8,724.8,677.6,658.7,647.8,638.3,672.1,563.8,506.6,484.5,475.3,468.6,460.8,641.2,543.5,494.8,471.3,459.6,451.8,442.6,624.0,527.9,486.6,458.4,437.8,426.4,412.8,614.8,512.3,475.5,457.3,432.9,410.5,384.4,602.6,501.1,454.7,421.3,400.7,383.8,354.7,618.0,508.9,460.1,420.8,387.6,362.4,327.0,690.3,555.2,487.5,445.9,408.6,372.1,298.8,820.3,647.2,546.4,489.2,453.3,421.0,352.1,947.2,747.3,630.9,563.2,523.0,486.1,406.6,0.8727,1.1474,1.3194,0.6792,0.9288,1.0787,0.0,0.0000,2026,1.0494,571.7,04330004PN3,9.647,3865,23.3,37.2,22.4,0.0,94.5,687.5,522.9,454.8,883.4,646.0,556.2,572.5,533.6,1.0481,1.1245,476.4,401.3,380.4,37.0,143.2,646.1,460.2,440.0,406.0,371.0,334.4,297.5,251.8,265.7,306.8,1413.5,1077.0,1410.0,44.6,139.9,1448.4,935.8,879.3,845.7,863.3,846.6,874.6,989.3,1193.9,1378.6
FRA,26228a,F53331_26228a,FRA-53331,WHIMJY 99,J 99,J COMPOSITES,JOHNSTONE,2018,06100 - NICE,,,,ORC,CLUB,R,572,01 04 2026 20:56:52,9.950,9.184,2.117,3.41,4084.,0.0,0.00,618.9,0.8864,676.9,1.0864,552.3,1001.2,807.3,702.1,646.5,617.1,597.3,571.4,0.0,0.0,0.0,0.0,0.0,0.0,0.0,772.8,637.0,569.8,534.0,512.5,496.7,472.0,0.0,0.0,0.0,0.0,0.0,0.0,0.0,997.2,759.9,636.9,567.8,531.6,502.0,451.8,43.0,40.8,38.9,37.1,36.7,36.3,36.4,143.1,147.6,150.3,153.0,158.3,162.1,160.3,1041.7,853.2,753.9,703.5,683.7,674.0,668.2,687.3,580.4,531.4,508.3,497.2,491.9,487.0,655.1,560.7,519.6,498.4,486.1,479.2,472.7,637.3,549.2,511.1,489.7,473.8,462.4,450.0,623.4,530.0,494.1,476.1,465.0,455.2,430.4,614.9,521.0,483.0,457.2,435.6,418.5,393.5,631.0,530.5,488.5,460.0,434.4,409.2,366.7,701.1,571.9,511.8,479.1,451.2,424.6,366.6,832.0,659.5,563.3,513.2,484.5,460.9,415.3,960.7,761.5,650.3,589.5,550.4,520.6,474.7,0.8512,1.0926,1.2210,0.6635,0.8941,1.0126,0.0,0.0000,2026,1.0010,599.4,04330004K3I,9.097,4865,23.3,33.4,25.7,0.0,83.5,704.9,549.1,491.4,904.3,671.1,592.5,597.0,560.7,1.0050,1.0701,537.8,447.3,427.3,37.2,140.7,673.8,486.4,470.7,443.9,415.2,378.4,336.9,296.0,348.1,401.9,1441.1,1093.7,1436.7,45.6,139.4,1485.6,952.1,890.7,853.4,869.0,852.5,880.9,1000.2,1209.5,1396.7
FRA,26009a,F53339_26009a,FRA-53339,MAVERICK,XP 33 crois,X-YACHTS,X-YACHTS DESIGN Gr,2012,83300 - LE BEAUSSET,,,,ORC,CLUB,C,582,10 04 2026 20:56:45,9.991,9.209,1.909,3.22,4130.,0.0,0.12,614.8,0.8846,678.3,1.0918,549.6,990.7,802.2,699.8,648.5,623.4,605.3,576.3,0.0,0.0,0.0,0.0,0.0,0.0,0.0,763.2,630.9,565.7,531.8,512.0,496.5,471.3,0.0,0.0,0.0,0.0,0.0,0.0,0.0,985.0,754.0,633.6,567.2,531.4,500.7,450.0,43.7,41.5,39.9,38.8,38.9,38.9,39.3,143.4,147.6,149.4,153.2,157.3,159.3,144.0,1048.2,860.6,765.0,724.8,709.3,701.1,698.1,685.2,579.2,529.9,508.5,500.0,495.2,490.9,649.6,557.4,516.1,495.5,485.3,479.8,473.7,628.3,543.8,506.3,484.0,468.0,457.4,446.3,619.6,527.2,495.0,479.4,463.6,446.7,423.7,599.3,511.0,473.3,447.1,431.5,418.2,394.9,611.1,516.3,476.1,445.7,419.5,399.0,369.0,683.1,553.5,497.1,464.0,433.9,404.6,339.5,808.2,644.2,549.6,498.6,470.5,445.2,393.6,933.3,743.8,634.6,572.2,537.5,509.4,454.5,0.8608,1.0981,1.2221,0.6693,0.8927,1.0018,0.0,0.0000,2026,1.0045,597.3,04330004KV1,8.849,4933,23.2,33.9,29.7,0.0,116.2,697.0,546.4,491.0,896.5,672.1,598.9,599.7,550.9,1.0005,1.0892,535.5,446.2,424.2,41.0,142.7,714.6,492.8,474.5,441.5,411.2,374.8,341.4,286.5,308.6,356.3,1415.8,1073.9,1408.8,46.4,139.8,1486.1,943.4,875.8,832.7,857.4,835.1,858.9,965.6,1165.3,1345.6
FRA,26137a,F53341_26137a,FRA-53341,ALMOGAVER,J 99,J-COMPOSITES,JOHNSTONE,2018,34000 - MONTPELLIER,,,,ORC,CLUB,C,567,10 04 2026 20:26:15,9.950,9.143,2.001,3.41,4056.,0.0,0.18,623.8,0.8823,680.0,1.0807,555.2,1024.5,821.0,710.9,648.6,613.4,591.1,563.0,0.0,0.0,0.0,0.0,0.0,0.0,0.0,786.9,644.4,574.4,535.9,512.9,496.3,470.5,0.0,0.0,0.0,0.0,0.0,0.0,0.0,1017.9,771.0,643.3,570.7,532.0,501.0,450.4,43.7,41.5,39.7,37.9,37.4,37.1,37.4,143.1,147.3,149.8,158.2,171.1,177.2,176.8,1090.3,883.9,775.3,719.5,697.4,686.5,680.4,712.0,594.2,539.2,513.3,501.4,495.7,490.5,674.6,570.7,525.1,502.1,489.1,482.3,475.5,652.8,556.6,514.8,492.3,475.6,463.8,452.0,625.0,530.4,495.7,480.3,469.0,456.7,431.3,611.7,518.5,481.1,455.5,435.7,421.9,397.2,626.9,526.5,485.4,456.7,430.6,406.2,370.4,699.2,567.3,507.7,474.8,446.1,418.3,356.5,830.2,656.5,559.8,509.3,479.3,452.9,401.1,958.6,758.1,646.4,577.7,529.4,495.7,445.7,0.8384,1.0869,1.2225,0.6502,0.8890,1.0236,0.0,0.0000,2026,0.9944,603.4,04330004KUT,8.879,4833,24.2,33.4,25.3,85.4,97.3,715.6,552.0,490.8,922.8,674.9,586.2,604.8,558.1,0.9920,1.0751,535.5,446.7,427.3,38.3,141.4,687.1,489.8,473.5,445.6,416.4,376.0,341.5,289.2,332.4,383.8,1487.0,1124.2,1478.1,46.1,139.6,1575.5,1002.8,932.3,888.4,876.0,855.6,882.4,1001.8,1211.1,1398.5
FRA,26038a,F53345_26038a,FRA-53345,379B,DEHLER 38 SQ course,DEHLER YACHTS,JUDEL / VROLIJK,2021,13007 - MARSEILLE,,,,ORC,CLUB,C,740,28 02 2026 00:53:26,11.293,10.671,2.212,3.76,7423.,0.0,0.14,594.7,0.9146,656.0,1.1308,530.6,968.7,782.9,680.7,626.9,598.1,578.0,553.5,0.0,0.0,0.0,0.0,0.0,0.0,0.0,743.7,613.4,546.8,512.1,492.1,478.0,457.5,0.0,0.0,0.0,0.0,0.0,0.0,0.0,964.5,735.5,614.5,546.4,510.8,482.7,437.8,43.8,41.5,40.0,38.9,38.2,38.0,38.6,143.1,147.6,150.0,152.3,157.2,162.3,163.9,1010.0,829.1,734.1,689.8,671.7,661.6,654.3,659.0,556.9,506.0,483.9,474.9,469.7,464.4,623.9,534.2,491.6,471.6,462.0,456.8,450.6,600.6,519.3,480.7,461.2,447.8,439.0,429.3,585.8,502.5,466.6,447.0,434.5,426.8,411.5,595.7,500.2,460.3,436.1,417.4,404.5,381.5,611.0,509.4,465.6,439.5,417.2,397.5,367.8,677.3,552.2,489.0,456.8,432.6,410.1,367.7,803.1,638.0,543.4,490.1,461.1,440.0,401.8,927.3,736.7,627.4,563.9,524.5,494.4,452.6,0.8843,1.1383,1.2663,0.6851,0.9222,1.0456,0.0,0.0000,2026,1.0385,577.7,04330004F9M,10.021,8451,31.8,51.8,36.7,0.0,114.6,678.5,527.1,473.8,875.8,650.6,573.8,575.2,537.7,1.0431,1.1159,538.9,442.6,423.1,39.7,160.3,661.1,463.8,448.9,424.5,400.6,364.2,346.0,318.1,364.7,416.8,1389.8,1045.5,1385.4,46.5,138.8,1433.4,907.5,839.0,792.7,788.8,821.6,851.2,963.8,1165.8,1346.2
FRA,26296a,F53355_26296a,FRA-53355,LEONARD,J 99,J COMPOSITES,JOHNSTONE,2018,29590 - LE FAOU,,,,ORC,CLUB,R,561,12 05 2026 08:10:12,9.940,9.098,1.994,3.41,3935.,0.0,0.00,620.1,0.8888,675.1,1.0868,552.1,1015.7,814.4,705.2,643.4,609.8,588.2,560.1,0.0,0.0,0.0,0.0,0.0,0.0,0.0,781.4,640.4,571.0,532.9,510.5,493.9,467.9,0.0,0.0,0.0,0.0,0.0,0.0,0.0,1010.5,765.6,639.0,567.1,529.4,498.6,448.0,43.6,41.3,39.3,37.5,37.1,36.7,36.9,142.8,147.1,149.5,158.8,166.4,176.8,176.6,1068.1,867.2,761.9,710.2,690.6,681.0,675.9,700.1,586.3,534.1,510.1,499.3,494.3,489.7,665.3,565.1,521.6,499.6,487.4,481.2,474.9,646.3,553.0,512.8,490.5,474.1,462.7,451.3,627.6,531.2,495.6,478.9,468.2,454.9,429.7,612.9,518.8,480.8,454.7,434.1,419.5,393.7,627.9,526.6,485.0,455.8,429.0,403.6,366.2,699.5,567.9,507.5,474.3,445.0,416.5,353.4,834.3,659.5,561.6,508.8,478.2,451.2,398.0,963.4,761.5,648.4,576.6,529.0,495.4,444.3,0.8440,1.0930,1.2288,0.6557,0.8957,1.0290,0.0,0.0000,2026,1.0007,599.6,04330004PIE,8.970,4705,23.9,32.7,25.8,93.1,99.8,710.9,548.9,488.3,915.1,669.9,583.1,599.9,556.5,1.0002,1.0781,531.1,443.5,423.3,37.8,141.2,683.7,489.9,474.2,445.5,414.9,371.7,331.1,284.8,327.9,378.6,1466.5,1113.0,1459.3,46.0,139.4,1538.3,981.9,916.1,876.8,881.6,860.7,887.2,1005.4,1207.9,1394.7
FRA,26133a,F53419_26133a,FRA-53419,BLACK PEARL,JPK 1030,JPK Composites,VALER Jacques,2019,29140 - ROSPORDEN,,,,ORC,CLUB,R,627,28 04 2026 08:11:38,10.313,9.812,1.996,3.23,4064.,0.0,0.00,619.9,0.8771,684.1,1.0930,549.0,1041.0,832.8,717.9,651.4,613.8,591.1,557.0,0.0,0.0,0.0,0.0,0.0,0.0,0.0,796.7,648.5,572.7,529.2,501.0,481.6,452.5,0.0,0.0,0.0,0.0,0.0,0.0,0.0,1034.4,780.6,646.0,565.8,520.4,485.2,430.3,44.2,42.2,40.6,39.4,38.3,39.6,38.7,143.0,147.1,147.8,151.8,155.0,157.3,144.4,1106.3,897.9,790.1,727.9,690.3,674.7,665.6,721.1,600.2,540.1,507.7,489.2,478.2,471.1,683.2,575.1,522.7,494.7,477.4,464.4,453.3,659.1,551.9,503.2,478.0,461.9,447.7,425.2,630.4,527.9,484.1,460.9,439.4,422.7,405.5,611.7,512.2,468.9,438.1,413.9,395.8,367.6,626.6,519.3,473.7,440.2,411.0,384.4,342.4,711.1,565.7,497.2,461.9,430.5,400.3,334.9,844.9,664.9,559.3,499.2,468.6,442.2,388.3,975.6,767.8,645.8,574.9,537.4,507.6,448.4,0.8304,1.0977,1.2617,0.6404,0.8833,1.0274,0.0,0.0000,2026,1.0011,599.4,04330004N7I,9.115,5223,26.2,33.0,25.8,0.0,106.7,722.5,546.6,475.5,936.9,679.3,584.0,601.6,553.5,0.9974,1.0840,515.3,423.0,402.3,39.7,140.3,674.5,470.7,450.4,416.6,387.9,333.1,312.9,268.5,308.3,356.0,1518.7,1145.6,1509.9,46.6,139.2,1606.9,1021.8,951.9,909.7,874.8,871.5,898.9,1024.2,1238.9,1430.5
FRA,26221a,F53458_26221a,FRA-53458,GWAIHIR VENTURI,J 99,J COMPOSITES,JOHNSTONE,2019,50120 - EQUEURVILLE,,,,ORC,CLUB,R,572,26 03 2026 01:06:07,9.950,9.158,2.114,3.41,4052.,0.0,0.00,623.2,0.8878,675.8,1.0825,554.3,1021.7,817.1,705.8,643.2,609.5,588.8,561.4,0.0,0.0,0.0,0.0,0.0,0.0,0.0,788.5,644.8,573.5,534.5,511.7,495.3,469.4,0.0,0.0,0.0,0.0,0.0,0.0,0.0,1018.0,769.1,640.6,568.5,530.9,501.0,448.4,43.3,41.1,39.3,37.6,37.1,36.9,37.1,145.1,149.2,153.0,159.7,166.8,171.8,169.8,1059.5,863.8,761.6,710.3,690.5,680.9,675.6,696.8,585.1,533.7,509.8,498.7,493.4,488.5,663.1,564.3,521.2,499.2,486.8,480.2,473.6,644.7,552.3,512.3,490.2,473.6,462.1,450.1,635.7,535.8,496.2,475.1,463.5,454.1,429.5,629.9,529.3,488.3,461.1,438.0,418.4,391.7,648.6,540.3,494.6,465.9,440.3,414.9,366.6,722.4,582.8,516.7,481.9,453.6,426.9,369.7,852.2,667.3,565.0,511.3,480.1,453.6,401.7,984.0,770.5,650.1,576.2,528.6,496.7,447.2,0.8372,1.0890,1.2252,0.6526,0.8953,1.0279,0.0,0.0000,2026,0.9970,601.8,04330004J1M,8.999,4834,24.2,33.7,25.9,91.9,73.9,716.7,551.0,489.7,919.4,670.2,583.7,600.7,560.8,0.9988,1.0699,538.3,448.0,426.2,38.0,146.9,682.4,488.0,471.5,443.6,414.4,372.7,334.6,306.9,341.3,394.1,1484.3,1125.8,1480.5,45.8,140.8,1523.0,974.5,910.7,872.3,890.4,882.8,912.6,1043.3,1252.0,1445.6
FRA,26075a,F53462_26075a,FRA-53462,NEIGE,Caravela 950,Caravela Boatbuild,Edward Banaszak,2017,85100 - LES SABLES D'OLONNE,,,,ORC,CLUB,R,80,26 03 2026 21:40:49,9.500,9.133,2.189,3.30,3345.,0.0,0.00,602.7,0.8835,679.1,1.0993,545.8,923.1,777.7,700.2,658.7,635.1,614.3,582.0,0.0,0.0,0.0,0.0,0.0,0.0,0.0,708.9,610.6,561.9,533.9,515.2,499.0,476.1,0.0,0.0,0.0,0.0,0.0,0.0,0.0,921.7,730.8,631.3,571.3,536.1,504.4,450.6,43.1,40.8,39.5,39.4,39.7,39.8,41.1,143.4,147.6,149.6,153.1,151.4,148.9,146.0,937.6,829.8,780.7,761.1,753.2,749.1,763.7,615.2,558.7,535.0,523.1,517.3,513.6,512.6,581.1,532.5,515.3,504.0,498.0,493.9,492.6,554.1,508.0,490.3,480.3,471.1,464.0,456.2,553.3,502.0,474.7,457.7,446.4,437.2,423.2,587.8,510.1,475.5,450.9,426.2,406.2,379.5,599.9,510.8,468.0,437.0,417.3,400.0,367.0,665.7,540.9,485.3,445.2,409.4,375.5,329.0,786.9,628.3,536.6,484.1,448.2,415.3,346.6,908.7,725.5,619.7,556.4,517.0,479.5,400.3,0.9094,1.1010,1.2134,0.7055,0.8868,0.9879,0.0,0.0000,2026,1.0093,594.5,04330004J54,8.416,3593,21.1,40.3,25.1,0.0,108.7,659.8,545.0,494.5,850.5,676.6,607.3,600.6,536.1,0.9990,1.1192,555.2,460.8,428.0,45.4,147.2,808.1,523.5,495.2,452.7,413.5,364.3,337.2,292.7,261.9,302.4,1286.5,962.2,1288.6,46.3,139.7,1265.9,803.7,741.9,692.2,693.6,765.1,836.7,938.1,1132.0,1307.2
FRA,26182a,F53470_26182a,FRA-53470,JUST,J 45 SD,J Composites,Johnstone,2021,85100 - LES SABLES D'OLONNE,,,,ORC,CLUB,C,992,28 04 2026 12:24:16,13.838,13.124,2.338,4.25,11467.,0.0,0.26,565.7,0.9638,622.5,1.1994,500.2,961.8,762.2,652.7,589.9,557.4,536.9,511.1,0.0,0.0,0.0,0.0,0.0,0.0,0.0,734.2,591.7,518.3,479.1,457.7,442.9,422.7,0.0,0.0,0.0,0.0,0.0,0.0,0.0,957.0,714.5,586.1,512.1,475.1,447.3,404.7,45.0,42.7,40.9,39.6,38.7,38.2,38.0,141.7,145.3,148.3,150.7,153.4,158.1,162.1,1009.4,808.8,703.6,647.5,622.6,609.5,598.2,649.0,535.0,477.1,449.7,437.3,431.4,425.6,608.9,509.7,460.6,437.2,425.5,419.6,413.4,583.5,492.7,449.2,427.5,414.2,405.0,395.0,589.2,484.9,440.1,422.3,411.3,398.7,380.0,575.4,471.8,427.4,404.9,388.2,376.4,359.7,590.5,480.8,432.0,406.9,386.9,369.6,342.9,662.0,527.8,458.1,423.6,400.9,380.5,341.9,791.7,619.7,521.2,461.3,429.0,408.6,374.2,914.2,715.5,601.8,532.3,492.3,464.3,424.0,0.9051,1.2092,1.3667,0.6961,0.9723,1.1270,0.0,0.0000,2026,1.0979,546.5,04330004N90,11.881,12890,44.2,57.6,49.1,0.0,153.2,662.9,496.2,439.0,861.9,617.1,532.4,543.5,509.0,1.1039,1.1788,494.4,408.4,390.7,38.2,158.5,597.3,423.7,411.0,389.5,369.4,350.2,324.5,300.8,340.3,391.4,1415.6,1064.2,1409.3,47.5,138.7,1478.1,929.0,853.7,803.2,830.1,819.7,847.0,966.2,1171.7,1353.0
FRA,26295a,F53504_26295a,FRA-53504,UMUNTU,FIRST 44.7 Racing,BENETEAU SA,FARR Bruce,2003,20000 - AJACCIO,,,,ORC,CLUB,C,858,06 05 2026 23:17:16,13.352,11.969,2.639,3.97,9786.,0.0,0.19,572.9,0.9541,628.9,1.1775,509.5,948.0,761.4,658.2,599.9,566.6,544.7,518.3,0.0,0.0,0.0,0.0,0.0,0.0,0.0,725.0,593.8,526.6,490.7,470.1,456.0,435.4,0.0,0.0,0.0,0.0,0.0,0.0,0.0,946.3,715.2,593.2,523.7,487.8,460.5,416.7,43.4,40.8,39.5,38.4,37.8,37.6,37.5,141.7,145.9,151.2,156.2,163.3,169.3,176.3,965.6,789.6,700.1,658.6,641.1,631.1,621.5,632.6,532.2,483.7,462.9,454.1,449.0,443.3,599.2,510.6,469.3,450.5,441.6,436.6,430.7,576.6,496.0,459.3,439.9,427.9,420.0,411.6,567.3,483.1,446.7,428.0,416.2,408.9,394.4,580.8,483.3,442.0,419.0,401.5,388.6,368.2,599.2,494.3,448.2,423.0,402.6,384.2,353.9,673.2,543.0,475.2,441.1,418.3,397.7,357.7,805.8,634.9,534.1,474.3,441.8,419.7,380.3,930.4,733.2,616.3,541.2,492.1,458.4,415.0,0.9100,1.1856,1.3281,0.7020,0.9608,1.1106,0.0,0.0000,2026,1.0795,555.8,04330004OT2,11.125,10999,38.4,61.4,42.5,136.0,121.3,659.3,506.1,451.8,854.7,624.5,540.2,551.3,519.0,1.0883,1.1561,502.0,420.3,402.0,38.9,170.4,624.8,441.9,428.7,407.3,385.3,351.3,333.2,314.7,340.6,379.2,1373.8,1030.4,1372.9,46.3,138.1,1382.7,878.9,814.6,770.7,773.4,809.6,845.4,971.7,1182.0,1364.9
FRA,26259a,F53516_26259a,FRA-53516,SOLENN,JPK1050,JPK,J.Valer,2025,13008 - MARSEILLE,,,,ORC,CLUB,R,526,13 05 2026 21:17:16,10.429,9.075,2.191,3.54,3480.,0.0,0.00,583.2,0.9280,646.6,1.1555,519.3,950.0,770.1,669.8,619.6,593.4,571.1,528.4,0.0,0.0,0.0,0.0,0.0,0.0,0.0,731.9,605.0,540.0,503.3,479.8,459.8,425.0,0.0,0.0,0.0,0.0,0.0,0.0,0.0,948.5,725.1,606.1,537.6,498.1,462.1,402.8,43.1,40.7,41.0,38.2,37.4,37.3,37.5,143.0,147.6,148.9,152.6,153.9,148.7,144.0,964.8,797.8,712.5,677.0,661.7,653.0,648.4,635.2,539.6,497.8,478.4,470.2,464.8,458.0,604.9,522.4,485.8,463.2,452.8,447.1,438.6,585.5,511.2,476.9,450.3,430.4,420.9,408.8,594.7,508.7,469.0,439.5,419.5,401.1,373.8,592.6,499.6,455.3,419.7,391.9,371.3,323.3,606.0,506.5,461.6,423.0,383.0,347.3,309.2,681.9,545.9,486.9,448.2,410.5,369.9,292.0,809.9,643.0,543.1,488.9,455.7,423.6,353.7,935.2,742.5,627.2,562.2,525.1,489.2,408.4,0.8976,1.1580,1.3282,0.6976,0.9341,1.0701,0.0,0.0000,2026,1.0608,565.6,04330004PR2,9.403,4209,26.8,41.4,30.3,0.0,119.3,668.4,518.1,451.7,860.1,642.3,560.7,564.1,528.5,1.0636,1.1353,469.9,388.1,363.8,38.5,141.4,649.0,455.1,435.0,399.0,353.6,295.3,260.8,229.5,251.8,290.8,1356.8,1023.6,1356.6,45.8,139.4,1358.6,866.6,804.8,762.6,779.2,828.0,855.6,970.2,1173.5,1355.0
FRA,26315a,F53556_26315a,FRA-53556,WHITE SHADOW,SWAN 57,NAUTOR,SPARKMAN & STEPHENS,1977,13001 - MARSEILLE,,,,ORC,CLUB,C,1040,19 05 2026 09:54:26,17.460,13.631,2.761,4.74,21391.,0.0,0.50,566.5,0.9668,620.6,1.1925,503.1,937.8,750.4,650.5,593.0,558.5,535.4,509.4,0.0,0.0,0.0,0.0,0.0,0.0,0.0,721.2,589.4,520.6,483.5,462.4,448.8,431.9,0.0,0.0,0.0,0.0,0.0,0.0,0.0,936.5,706.3,586.4,516.5,479.6,452.8,414.8,44.0,41.5,40.1,39.8,39.3,39.1,38.8,144.4,148.5,150.1,154.5,160.3,165.5,176.8,951.4,779.4,695.6,655.7,635.5,623.5,613.2,619.9,523.6,475.0,452.5,442.0,436.0,431.4,587.5,502.1,459.1,438.9,428.6,423.2,419.7,567.2,488.0,448.1,427.9,416.7,409.7,403.0,578.6,494.1,449.5,425.8,412.0,402.6,389.4,593.4,489.7,440.4,417.2,405.1,397.1,385.6,606.2,498.7,443.7,416.1,399.9,387.1,370.6,676.5,540.6,467.4,428.1,406.1,389.9,360.0,800.5,624.8,524.3,462.5,427.5,406.5,375.2,924.3,721.5,605.4,530.2,481.4,447.3,405.6,0.9156,1.2014,1.3457,0.7108,0.9730,1.1291,0.0,0.0000,2026,1.0948,548.0,04330004QAC,12.001,23096,58.4,67.8,96.7,241.6,0.0,655.3,499.4,445.9,844.1,616.6,531.4,544.2,511.1,1.1026,1.1740,494.3,420.6,403.3,38.9,176.3,611.6,430.2,416.9,398.4,380.6,377.0,358.2,336.4,345.6,377.0,1363.5,1026.4,1363.6,47.1,141.5,1362.3,861.2,793.9,749.3,775.0,840.6,864.5,986.0,1181.9,1364.7
FRA,26345a,F53575_26345a,FRA-53575,MAROS,ONE OFF,LEVET Alexandre,REARD David,2008,76000 - ROUEN,,,,ORC,CLUB,C,673,05 07 2026 15:42:40,10.076,9.915,1.994,2.98,3316.,0.0,0.18,623.8,0.8681,691.1,1.0827,554.2,1032.6,826.7,717.3,659.7,630.0,609.3,570.9,0.0,0.0,0.0,0.0,0.0,0.0,0.0,793.1,646.1,573.7,535.1,511.0,492.9,463.5,0.0,0.0,0.0,0.0,0.0,0.0,0.0,1028.9,776.5,646.3,572.2,531.1,496.2,438.9,43.7,41.3,39.8,39.1,38.7,38.6,38.9,142.9,146.9,148.7,151.3,154.7,152.7,145.0,1069.6,873.4,777.4,733.6,716.0,707.1,701.2,698.7,586.4,533.8,510.0,500.6,495.4,490.4,662.2,561.0,516.5,494.6,484.1,478.4,472.2,641.2,543.0,502.8,479.3,462.2,451.5,439.3,639.1,536.3,493.4,474.4,451.6,432.1,407.6,628.6,519.8,474.8,442.5,418.1,401.8,375.8,646.6,529.2,479.3,442.9,410.4,382.9,348.1,724.5,579.4,506.3,467.3,431.4,396.6,332.6,862.2,675.5,569.1,508.1,473.9,443.6,381.6,995.6,780.1,657.2,585.8,544.0,511.5,440.6,0.8338,1.0886,1.2336,0.6454,0.8754,0.9999,0.0,0.0000,2026,0.9929,604.3,04330004UPQ,9.101,4230,22.8,31.4,24.9,0.0,77.6,719.6,551.2,486.4,929.7,685.4,600.1,606.0,559.9,0.9901,1.0716,540.8,443.7,418.4,40.2,142.6,718.4,493.2,474.2,434.6,395.2,363.5,324.7,278.7,314.6,363.3,1507.6,1140.8,1503.6,46.3,139.3,1547.0,985.3,917.3,875.4,906.9,890.0,919.7,1050.1,1271.5,1468.2
FRA,26200a,F5540_26200a,FRA-5540,INTREPIDE,ELAN 410,ELAN MARINE,HUMPHREYS Rob,2006,83270 - SAINT CYR SUR MER,,,,ORC,CLUB,C,811,16 03 2026 15:41:20,12.277,11.385,2.402,3.88,8192.,0.0,0.21,586.7,0.9388,639.1,1.1501,521.7,966.1,773.1,668.3,609.1,575.9,554.7,528.8,0.0,0.0,0.0,0.0,0.0,0.0,0.0,744.1,607.8,538.9,502.3,481.2,466.8,446.3,0.0,0.0,0.0,0.0,0.0,0.0,0.0,963.2,727.4,604.6,535.2,499.0,471.2,428.6,43.6,41.2,39.7,38.5,38.0,37.7,37.7,142.1,148.3,151.6,156.9,164.2,169.6,174.1,995.6,812.3,718.4,672.9,654.1,643.9,635.5,651.1,547.4,496.8,473.9,463.6,458.5,453.2,617.1,525.5,482.7,462.0,451.4,446.1,440.1,595.2,511.1,472.7,452.2,438.9,429.7,419.9,608.9,510.7,470.0,451.4,435.5,422.4,403.5,597.0,497.1,456.0,434.3,419.7,409.8,393.2,613.2,507.0,460.4,434.9,414.6,397.2,374.9,684.8,551.5,482.9,448.7,425.0,403.4,361.6,811.2,635.6,536.1,479.2,448.3,425.7,384.2,936.7,733.9,618.2,545.3,497.7,465.6,422.1,0.8876,1.1582,1.2968,0.6900,0.9461,1.0903,0.0,0.0000,2026,1.0577,567.3,04330004HRT,10.618,9329,34.3,49.6,39.8,133.3,0.0,676.0,518.0,462.7,869.6,634.2,550.3,565.2,528.8,1.0616,1.1346,511.5,431.0,413.7,38.3,166.4,639.3,452.3,438.4,414.8,392.4,381.9,357.1,317.2,340.3,383.7,1402.0,1058.3,1399.4,46.1,140.8,1427.6,906.9,841.4,798.9,824.9,837.0,865.0,989.3,1192.0,1376.4
FRA,26217a,F555_C_26217a,FRA-555_C,SPRITZ,SUN FAST 3600,JEANNEAU SA,ANDRIEU Y.DESIGN,2013,87000 - LIMOGES,,,,ORC,CLUB,R,655,01 07 2026 22:10:50,10.800,10.014,2.176,3.56,4810.,0.0,0.00,598.2,0.9151,655.6,1.1294,531.2,988.4,793.5,687.1,625.3,590.4,567.5,540.1,0.0,0.0,0.0,0.0,0.0,0.0,0.0,759.7,622.1,552.4,512.4,487.7,470.6,444.8,0.0,0.0,0.0,0.0,0.0,0.0,0.0,984.0,745.6,620.6,546.7,506.3,474.4,423.7,43.7,41.4,39.6,38.1,38.0,37.7,38.0,142.3,146.6,149.3,156.4,166.6,175.8,176.3,1032.8,841.2,740.8,687.0,665.8,655.8,651.6,676.8,568.0,514.7,486.9,474.0,468.5,463.6,642.6,546.4,500.9,476.0,461.1,453.5,446.6,622.9,533.0,490.2,467.6,448.2,433.3,419.4,609.8,513.2,472.9,450.3,430.8,419.0,398.3,597.8,502.4,461.2,431.4,407.5,392.8,361.4,613.2,511.2,467.4,436.7,408.7,381.7,343.4,686.1,554.7,492.0,458.3,429.6,401.8,340.7,817.6,645.8,548.6,494.2,462.5,436.2,384.9,944.1,745.8,633.5,563.6,515.0,479.2,428.6,0.8684,1.1349,1.2897,0.6734,0.9214,1.0658,0.0,0.0000,2026,1.0374,578.4,04330004UK8,9.731,5709,27.2,39.7,28.4,89.4,104.9,690.9,528.7,465.2,891.0,651.2,563.0,577.7,538.5,1.0386,1.1142,518.9,423.8,402.0,39.1,139.2,661.2,464.2,446.2,413.3,382.9,334.9,310.0,274.0,326.2,376.6,1430.9,1082.3,1425.5,45.9,138.9,1484.5,948.1,884.4,844.8,843.6,837.7,865.8,984.9,1192.8,1377.3
FRA,26079a,F5827_26079a,FRA-5827,TROIS TRISTES TIGRES,MC CLIPPER,CRAFF,MAURIC Andre,1973,17000 - LA ROCHELLE,,,,ORC,CLUB,C,423,16 03 2026 21:55:32,8.942,7.394,1.830,3.02,2870.,0.0,0.29,716.4,0.7754,773.8,0.9423,636.8,1170.2,939.7,813.2,736.2,693.9,669.5,642.4,0.0,0.0,0.0,0.0,0.0,0.0,0.0,909.1,743.3,659.4,612.9,586.2,568.1,543.4,0.0,0.0,0.0,0.0,0.0,0.0,0.0,1166.8,885.2,737.5,651.8,607.5,574.6,522.1,43.0,41.1,39.6,38.0,37.2,37.0,37.5,147.3,151.2,152.8,161.0,166.8,174.5,176.3,1204.1,991.0,880.0,818.4,787.8,774.8,769.2,796.3,670.7,612.7,584.4,568.9,560.2,554.1,760.6,646.0,596.5,571.5,556.7,546.9,537.9,741.7,632.0,584.5,559.7,543.1,530.1,512.1,754.7,626.6,573.3,548.6,534.4,522.9,495.9,734.3,611.7,561.3,533.1,510.2,490.6,466.7,762.1,625.8,567.1,535.4,509.2,485.4,450.3,840.9,679.3,591.2,551.4,523.3,496.8,449.6,984.1,770.1,648.2,581.8,547.9,522.2,473.6,1136.3,888.5,746.5,653.9,600.0,564.3,515.5,0.7262,0.9485,1.0651,0.5687,0.7810,0.9017,0.0,0.0000,2026,0.8685,690.8,04330004HTN,7.026,3455,17.4,16.2,25.1,59.4,0.0,826.2,632.6,563.3,1055.0,768.2,665.4,689.8,644.7,0.8698,0.9307,626.6,528.5,505.3,38.5,172.9,781.2,553.9,534.8,503.1,478.1,452.5,430.0,410.7,431.5,472.0,1704.0,1295.8,1702.4,45.4,143.8,1720.2,1103.6,1034.2,996.0,1033.5,1034.3,1075.2,1216.9,1461.6,1687.7
FRA,26391a,F60101_26391a,FRA-60101,AROBAS,SWAN 601,NAUTOR SA,FRERS German,2004,92500 - RUEIL MALMAISON,,,,ORC,CLUB,C,1376,01 09 2026 14:05:29,18.306,16.567,3.630,4.54,18009.,0.0,0.00,460.0,1.1822,507.5,1.4583,411.4,740.4,599.4,527.1,488.0,465.2,448.7,416.9,0.0,0.0,0.0,0.0,0.0,0.0,0.0,568.7,470.8,424.8,400.0,383.2,370.1,346.1,0.0,0.0,0.0,0.0,0.0,0.0,0.0,739.9,564.5,476.9,426.3,398.0,374.7,332.6,43.2,40.7,38.7,37.4,37.0,36.4,35.8,141.1,141.3,146.2,152.8,154.2,152.5,147.0,745.2,616.2,559.2,533.0,517.5,506.9,494.1,489.0,417.3,390.0,378.6,371.8,367.0,360.4,463.1,402.1,379.1,368.2,361.5,356.4,349.1,445.5,392.9,370.6,357.3,347.9,341.3,331.1,452.9,394.1,369.8,355.4,341.9,330.9,315.0,467.6,396.3,365.5,347.1,330.1,315.7,293.6,483.0,399.8,365.0,342.4,325.4,312.3,278.2,532.8,425.6,380.0,354.4,331.2,308.6,263.6,637.1,504.4,428.7,385.3,360.5,339.0,294.2,735.6,582.5,495.1,442.9,412.8,390.4,339.7,1.1545,1.4635,1.6466,0.8957,1.1891,1.3609,0.0,0.0000,2026,1.3395,447.9,04330004WWB,16.134,20218,60.7,123.4,94.4,0.0,353.4,519.7,410.0,364.4,669.9,504.6,440.9,443.1,417.9,1.3540,1.4359,387.5,327.3,312.0,36.3,146.0,493.6,357.2,345.1,324.9,303.4,279.0,252.8,235.6,243.7,281.4,1062.3,798.6,1063.1,45.9,139.3,1054.3,671.5,620.8,583.2,593.4,641.7,685.7,768.9,926.9,1070.3
FRA,26148b,F6065_26148b,FRA-6065,SAGITTARIUS,PROTOTYPE,CARLINI,STEPHENS Olin,1971,06650 - LE ROURET,,,,ORC,CLUB,C,660,05 05 2026 22:16:33,12.440,9.879,2.094,3.85,10338.,0.0,0.41,639.1,0.8555,701.3,1.0485,572.2,1015.9,827.8,729.8,674.4,640.0,618.1,593.2,0.0,0.0,0.0,0.0,0.0,0.0,0.0,788.2,655.6,588.6,553.3,532.8,519.3,501.3,0.0,0.0,0.0,0.0,0.0,0.0,0.0,1015.2,780.6,660.1,590.5,552.7,524.2,479.3,43.2,41.1,40.4,40.1,39.8,39.6,39.6,146.6,150.9,153.4,158.3,164.4,170.7,177.9,1022.6,859.5,783.9,752.6,737.1,728.5,721.4,674.2,580.8,538.2,519.6,511.5,507.4,502.2,643.1,559.5,521.9,504.7,497.1,493.1,487.3,624.3,546.3,509.8,492.3,482.0,475.6,467.5,635.0,550.3,508.9,487.6,474.2,464.3,449.7,663.9,554.8,504.1,480.0,464.4,453.6,438.1,682.8,566.9,508.6,480.2,461.1,445.3,422.2,750.9,611.4,533.8,493.4,470.1,450.9,417.2,873.9,690.0,587.5,525.3,491.0,469.5,433.6,1009.1,796.1,675.6,596.2,543.0,507.6,465.0,0.8311,1.0555,1.1630,0.6509,0.8608,0.9768,0.0,0.0000,2026,0.9655,621.5,04330004OM6,8.876,11322,32.8,36.4,69.0,126.3,0.0,721.9,568.5,515.9,921.8,697.0,614.3,618.1,578.4,0.9708,1.0373,579.8,491.4,468.3,40.3,177.2,726.9,501.5,485.3,461.9,440.1,434.9,410.4,393.9,403.8,432.7,1449.8,1094.2,1453.3,46.4,142.4,1415.2,900.0,835.6,795.3,818.9,918.1,947.2,1075.0,1285.6,1484.5
FRA,26233a,F6374_26233a,FRA-6374,ELMA RLEQUIN,SUPER ARLEQUIN GTE,QUERE,MAURIC André,1973,56470 - SAINTE-HELENE,,,,ORC,CLUB,C,384,30 03 2026 15:35:58,9.210,7.102,1.689,2.92,2858.,0.0,0.35,722.8,0.7666,782.7,0.9288,646.0,1152.8,934.0,815.5,747.1,711.3,688.9,664.4,0.0,0.0,0.0,0.0,0.0,0.0,0.0,897.3,742.9,665.5,624.1,600.6,583.4,561.2,0.0,0.0,0.0,0.0,0.0,0.0,0.0,1150.3,881.4,741.9,663.3,622.6,589.7,537.7,42.9,41.0,39.3,38.0,37.7,37.8,38.2,147.9,151.8,154.6,162.6,168.7,176.8,177.0,1177.8,980.8,880.7,832.0,813.6,804.0,803.3,779.1,665.7,617.3,593.9,582.0,576.5,572.9,744.0,643.0,601.8,580.7,568.5,561.6,556.1,725.1,629.2,589.6,568.0,553.2,541.8,527.4,741.1,635.8,585.5,562.2,546.7,531.0,504.7,740.4,621.9,573.3,545.9,523.0,502.7,482.2,764.6,635.3,578.5,547.7,521.8,497.1,465.7,839.6,684.4,602.5,563.5,535.9,508.6,464.2,976.7,769.7,654.1,592.5,559.5,534.0,484.9,1127.8,887.3,750.3,662.3,609.0,573.7,525.6,0.7316,0.9347,1.0357,0.5750,0.7727,0.8755,0.0,0.0000,2026,0.8578,699.4,04330004JBT,6.772,3393,15.8,16.4,25.0,52.7,0.0,820.1,641.9,579.3,1043.5,776.5,685.3,698.3,652.7,0.8592,0.9193,649.4,548.7,523.8,39.3,177.2,816.7,573.9,554.4,519.9,491.3,469.3,449.3,431.4,447.3,482.2,1658.5,1258.8,1659.2,45.8,143.8,1651.9,1056.4,988.8,950.2,982.3,1026.1,1064.3,1203.0,1442.0,1665.1
FRA,26187a,F6573_26187a,FRA-6573,TINTAMARRE,SUPER CHA Mk3 mod,JULIEN,GAUBERT Gilbert,1972,13008 - MARSEILLE,,,,ORC,CLUB,C,428,26 03 2026 19:42:08,8.960,7.543,1.717,2.91,3346.,0.0,0.22,695.6,0.7971,752.8,0.9615,624.0,1101.9,891.7,780.6,720.4,687.7,667.1,641.0,0.0,0.0,0.0,0.0,0.0,0.0,0.0,852.8,708.3,639.8,605.0,584.4,568.9,546.5,0.0,0.0,0.0,0.0,0.0,0.0,0.0,1099.0,841.0,711.6,642.4,605.4,575.1,525.5,43.0,40.6,38.9,37.8,37.3,37.1,37.2,146.6,151.2,155.4,164.2,172.3,178.1,178.1,1131.1,938.8,846.1,806.0,789.7,780.0,772.9,745.5,639.3,596.9,578.9,570.2,565.1,559.8,709.3,618.1,583.1,566.4,557.1,551.7,545.3,689.0,604.3,571.6,553.8,541.7,532.5,521.4,696.9,600.2,564.5,547.8,533.6,520.1,497.8,690.0,590.4,553.4,530.4,510.7,493.7,474.8,713.7,601.5,557.5,531.8,509.2,487.1,456.9,791.9,647.2,579.8,546.7,521.4,496.3,451.9,929.1,732.2,624.9,572.3,543.2,519.5,471.6,1072.8,844.7,715.0,634.7,585.6,554.1,509.0,0.7687,0.9676,1.0631,0.6019,0.8037,0.9058,0.0,0.0000,2026,0.8886,675.2,04330004J4L,7.204,3931,17.4,24.9,21.2,56.1,0.0,780.5,620.1,564.4,996.8,746.5,662.4,674.4,627.8,0.8897,0.9557,621.9,532.7,511.1,38.0,177.7,778.0,558.7,544.0,515.0,483.7,468.1,442.8,420.7,432.4,465.8,1586.8,1198.0,1586.0,45.9,139.4,1595.0,1017.1,947.6,904.8,931.1,949.8,986.7,1130.2,1367.1,1578.6
FRA,26236a,F6605_26236a,FRA-6605,SAUDADE,SUPER ARLEQUIN GTE,QUERE,MAURIC André,1973,56470 - SAINT-PHILIBERT,,,,ORC,CLUB,C,391,14 05 2026 09:15:20,9.210,7.198,1.705,2.92,3020.,0.0,0.18,705.1,0.7871,762.3,0.9506,631.1,1118.6,910.0,795.2,727.9,693.3,671.4,643.6,0.0,0.0,0.0,0.0,0.0,0.0,0.0,869.2,723.5,650.7,610.8,587.8,570.4,546.7,0.0,0.0,0.0,0.0,0.0,0.0,0.0,1115.6,858.4,724.3,648.5,609.1,576.7,525.4,42.7,40.9,39.1,37.6,37.4,37.1,37.3,147.5,151.8,154.3,162.6,170.0,177.2,175.8,1148.5,958.9,861.4,812.8,792.8,781.6,775.4,761.6,653.5,607.3,584.8,572.7,566.4,560.9,727.9,632.8,593.4,572.9,560.4,552.5,544.7,710.2,620.6,582.8,561.5,546.3,534.2,516.6,721.8,616.0,573.2,552.9,540.3,523.9,496.3,705.2,602.3,560.7,534.4,511.2,492.7,474.2,727.0,613.0,565.0,535.7,508.5,485.4,456.4,801.9,658.9,585.5,550.6,522.4,493.9,452.2,942.7,746.8,635.0,577.7,547.2,520.8,471.8,1088.6,861.0,729.0,643.0,593.8,561.1,511.9,0.7534,0.9558,1.0603,0.5916,0.7927,0.9003,0.0,0.0000,2026,0.8784,683.0,04330004PRT,6.974,3563,16.1,20.5,24.0,62.0,0.0,796.4,627.7,565.9,1014.2,756.9,666.4,682.7,635.8,0.8788,0.9437,626.0,532.8,510.9,38.1,177.2,782.8,560.4,541.9,507.4,482.0,461.1,441.6,420.2,434.1,469.1,1594.0,1208.5,1593.3,45.8,137.3,1601.7,1025.5,961.1,924.1,952.9,967.0,998.2,1131.0,1373.9,1586.4
FRA,26386a,F6694_26386a,FRA-6694,45° SOUTH,FARR 727,MALLARD,FARR bruce,1973,76280  -  GONNEVILLE La MALLET,,,,ORC,CLUB,S,308,25 08 2026 14:54:41,7.250,6.112,1.481,2.50,1152.,0.0,0.06,714.2,0.7732,776.0,0.9376,639.9,1126.9,918.2,803.2,742.9,712.7,690.6,653.8,0.0,0.0,0.0,0.0,0.0,0.0,0.0,875.2,733.2,660.7,621.3,597.2,577.3,543.0,0.0,0.0,0.0,0.0,0.0,0.0,0.0,1120.8,865.9,733.3,660.6,619.5,582.4,517.4,42.3,40.4,38.2,36.9,36.7,36.7,37.4,147.7,152.1,158.6,165.3,169.4,168.1,144.9,1187.9,988.6,881.2,840.0,826.9,820.9,821.8,790.0,678.3,629.5,608.2,600.0,594.8,590.2,755.6,657.9,616.4,594.0,583.5,577.0,569.7,736.5,645.5,605.0,578.3,560.1,549.2,535.8,706.0,617.3,580.0,561.2,546.8,528.0,501.9,695.2,607.7,562.7,527.7,500.1,481.3,449.9,715.9,615.9,567.0,529.0,493.5,460.0,407.2,789.8,656.4,589.7,545.2,505.1,464.3,372.8,923.1,735.5,636.3,581.1,540.8,503.7,420.6,1065.9,847.7,725.3,645.8,598.6,560.3,485.7,0.7461,0.9409,1.0537,0.5868,0.7791,0.8793,0.0,0.0000,2026,0.8666,692.4,04330004WOJ,6.217,1576,11.5,17.7,13.1,52.0,41.2,804.2,637.7,569.4,1022.5,770.1,682.4,700.6,637.0,0.8564,0.9420,602.5,511.6,483.7,39.6,147.1,847.2,593.4,569.9,530.9,488.7,426.0,368.0,302.4,309.9,357.8,1598.1,1214.7,1591.9,45.2,137.4,1659.6,1067.9,1002.7,963.9,958.1,946.7,976.0,1101.7,1330.7,1536.5
FRA,26014a,F67212_26014a,FRA-67212,ALGOL V,SWAN 57 DK Sloop,NAUTOR SWAN,STEPHENS Olin,1977,11000 - CARCASSONNE,,,,ORC,CLUB,C,1054,10 04 2026 21:15:06,17.500,13.752,2.815,4.74,23090.,0.0,0.40,560.5,0.9739,616.1,1.2016,499.3,915.9,738.9,644.6,590.3,557.3,535.3,507.7,0.0,0.0,0.0,0.0,0.0,0.0,0.0,704.6,580.0,515.7,481.1,461.3,448.3,430.8,0.0,0.0,0.0,0.0,0.0,0.0,0.0,916.4,695.8,581.0,513.8,478.4,452.2,413.5,43.6,41.2,40.4,39.9,39.6,39.3,38.9,140.3,148.7,148.9,154.5,160.1,165.3,176.3,911.4,756.3,686.0,653.4,635.3,624.8,611.0,596.3,509.4,467.9,449.9,441.6,436.3,431.4,566.9,489.3,452.9,435.7,427.8,422.6,416.6,548.6,476.9,442.4,424.8,414.9,408.6,401.4,559.0,481.9,442.4,421.2,409.0,400.4,388.0,592.7,489.9,440.5,417.0,405.2,397.2,384.6,603.7,497.5,442.9,415.3,399.2,386.9,371.3,672.2,537.2,465.0,426.2,404.5,388.6,359.7,797.2,624.8,522.3,459.9,425.4,404.7,374.1,920.5,721.4,603.2,527.2,479.4,445.7,404.4,0.9341,1.2099,1.3483,0.7252,0.9796,1.1311,0.0,0.0000,2026,1.1031,543.9,04330004KV4,12.100,24903,59.9,69.8,122.0,261.1,0.0,642.3,495.9,445.0,827.4,612.5,530.5,538.4,507.3,1.1144,1.1827,492.3,419.3,402.3,38.8,176.3,608.3,428.3,414.0,396.5,380.7,375.6,358.8,337.1,345.4,376.4,1319.5,992.7,1322.7,46.6,141.1,1286.7,815.2,752.8,710.3,731.1,838.9,861.0,977.7,1171.1,1352.2
FRA,26018a,F67F2_26018a,FRA-67F2,PROTEST,FIGARO BENETEAU 2,BENETEAU SA,LOMBARD Marc,2002,34300 - CAP D'AGDE,,,,ORC,CLUB,R,675,26 02 2026 23:29:06,10.057,9.904,2.072,3.45,3050.,0.0,0.00,603.7,0.9049,663.0,1.1238,533.9,1016.9,811.2,696.8,631.2,594.5,569.9,529.6,0.0,0.0,0.0,0.0,0.0,0.0,0.0,779.1,633.7,558.6,514.8,486.4,465.0,432.6,0.0,0.0,0.0,0.0,0.0,0.0,0.0,1016.6,763.0,628.9,549.8,505.1,468.2,409.7,44.0,41.5,39.9,38.2,37.3,37.1,37.0,144.4,148.5,150.5,156.5,163.7,163.9,154.9,1020.3,833.5,735.0,688.7,668.4,657.7,647.8,666.1,559.7,509.6,488.8,476.9,469.9,461.0,631.6,537.4,495.8,473.8,459.9,451.4,439.9,611.9,522.9,484.5,456.8,436.8,423.2,405.6,626.6,527.8,483.3,453.2,425.5,403.6,375.1,630.1,518.2,469.4,432.6,405.1,384.5,355.9,651.7,532.1,476.8,435.6,399.1,368.6,331.8,732.2,585.3,507.3,463.5,423.4,385.1,321.1,877.7,683.2,570.4,503.0,463.1,426.4,358.2,1013.5,788.9,658.5,573.8,520.5,482.1,411.4,0.8494,1.1273,1.3095,0.6564,0.9106,1.0696,0.0,0.0000,2026,1.0296,582.7,04330004F6D,9.654,4231,23.6,37.7,28.1,80.1,0.0,706.4,532.2,458.2,914.1,658.9,561.0,580.2,547.0,1.0341,1.0969,496.3,407.3,385.7,37.5,143.6,649.5,458.1,435.0,395.3,357.8,329.1,305.6,262.5,297.2,343.2,1468.1,1106.3,1469.6,46.0,138.6,1452.3,926.2,863.1,823.6,850.2,888.2,922.5,1060.9,1285.0,1483.8
FRA,26194a,F6914_26194a,FRA-6914,MAURESQUE,DRAC 10.50,ARCTENA,MAURIC André,1972,13004 - MARSEILLE,,,,ORC,CLUB,C,576,19 03 2026 00:55:05,10.650,8.940,1.962,3.29,6961.,0.0,0.55,666.9,0.8320,721.2,1.0112,593.4,1084.4,876.6,759.5,686.5,646.9,623.0,595.4,0.0,0.0,0.0,0.0,0.0,0.0,0.0,841.5,693.0,614.4,570.7,546.9,530.8,509.1,0.0,0.0,0.0,0.0,0.0,0.0,0.0,1080.8,825.6,688.0,607.0,566.8,536.9,490.8,43.2,41.1,39.8,38.5,37.8,37.4,37.3,146.9,150.9,151.8,159.2,165.7,173.2,177.7,1121.2,928.0,822.8,761.8,734.2,720.1,707.1,738.2,627.2,569.4,540.7,527.0,519.5,512.7,703.3,602.8,553.7,529.2,516.2,508.2,500.3,683.9,587.8,542.5,519.6,505.1,494.9,481.2,698.8,588.0,535.0,513.7,502.1,489.1,468.4,681.8,569.8,522.1,498.1,480.9,466.6,448.8,701.7,581.2,526.6,499.3,478.7,460.4,432.3,772.2,627.9,548.6,512.0,488.7,467.8,431.4,907.3,715.2,603.9,540.8,509.7,488.1,449.5,1047.7,825.1,696.2,611.2,559.6,525.9,483.6,0.7820,1.0178,1.1392,0.6119,0.8371,0.9699,0.0,0.0000,2026,0.9315,644.1,04330004I92,8.312,7771,27.1,28.5,40.9,104.3,0.0,767.3,589.5,526.7,980.6,716.8,618.6,642.6,600.8,0.9337,0.9987,577.1,495.0,476.8,37.5,177.2,705.3,509.9,496.2,473.2,453.3,436.3,419.5,405.4,417.8,448.8,1562.7,1183.9,1560.4,46.0,137.8,1585.6,1009.8,940.9,900.6,931.7,947.7,977.4,1106.3,1333.5,1539.8
FRA,26205a,F7047_26205a,FRA-7047,JOUJOU,J 92,J-COMPOSITE,JOHNSTONE Rodney,1992,50110 - BRETTEVILLE,,,,ORC,CLUB,C,496,01 04 2026 13:39:59,9.140,8.246,1.922,3.04,2730.,0.0,0.00,628.2,0.8747,685.9,1.0657,563.0,993.5,807.0,707.9,658.5,632.7,613.3,570.7,0.0,0.0,0.0,0.0,0.0,0.0,0.0,769.9,642.1,580.4,547.6,526.5,509.1,475.5,0.0,0.0,0.0,0.0,0.0,0.0,0.0,989.3,761.2,645.2,581.4,545.4,513.5,457.2,42.5,40.4,37.8,36.2,35.6,35.2,35.3,143.7,148.0,150.5,154.2,157.9,157.3,142.1,1036.0,853.9,760.0,719.8,704.2,695.8,689.8,687.2,587.7,546.0,527.6,518.9,513.8,508.3,656.8,571.2,535.7,517.0,506.3,500.3,493.1,640.7,562.1,527.8,506.0,490.6,480.0,467.4,628.6,545.0,516.9,501.8,484.3,467.5,440.8,613.8,532.0,495.8,470.3,450.6,433.5,402.4,627.3,538.0,497.5,466.1,436.8,408.6,370.2,697.0,573.5,519.7,483.5,450.0,414.4,334.7,823.7,658.3,568.1,521.3,490.7,462.4,391.0,951.1,760.1,655.7,597.3,561.2,530.9,451.5,0.8499,1.0693,1.1980,0.6665,0.8812,0.9964,0.0,0.0000,2026,0.9846,609.4,04330004JKA,8.427,3411,18.9,28.9,25.3,0.0,91.0,706.0,561.1,500.8,900.2,680.9,602.2,610.0,567.9,0.9836,1.0566,516.3,442.2,423.4,36.1,143.5,695.4,507.3,490.4,459.2,422.8,376.3,335.2,277.1,292.0,337.2,1414.5,1077.5,1409.9,45.4,139.8,1460.4,937.1,877.8,842.5,869.0,846.8,872.3,982.0,1185.3,1368.6
FRA,26090a,F7114_26090a,FRA-7114,BERTHEAUME,X 3/4 TON,LUCAS Paul,LUCAS Paul,1977,44210 - PORNIC,,,,ORC,CLUB,C,435,16 04 2026 20:27:58,10.020,7.966,1.700,3.35,2705.,0.0,0.19,682.8,0.7997,750.3,0.9895,606.3,1133.2,906.7,785.7,713.9,675.1,652.9,626.2,0.0,0.0,0.0,0.0,0.0,0.0,0.0,869.1,709.4,629.8,584.1,557.0,537.5,512.3,0.0,0.0,0.0,0.0,0.0,0.0,0.0,1127.1,850.7,708.2,624.3,578.7,541.8,482.5,44.5,42.8,41.4,40.2,40.4,40.5,41.9,146.2,150.3,153.4,160.8,166.4,170.4,168.0,1195.0,977.9,869.3,810.2,786.0,778.7,786.0,775.0,648.0,588.7,558.3,543.7,537.6,534.6,731.7,618.5,568.1,541.7,526.3,517.9,511.8,705.8,599.2,552.1,525.5,506.8,492.4,476.1,690.6,580.7,534.8,512.1,498.4,478.1,446.5,681.0,569.7,522.0,490.6,463.8,442.6,419.1,704.6,583.7,528.2,492.5,461.0,432.4,392.2,785.2,633.5,556.5,513.9,478.1,445.7,387.0,927.9,723.8,610.7,548.2,510.6,477.5,419.8,1071.4,835.5,702.2,617.5,564.3,527.1,466.4,0.7602,0.9951,1.1258,0.5883,0.8062,0.9253,0.0,0.0000,2026,0.9087,660.3,04330004LQC,7.380,3302,19.3,25.2,19.8,61.6,0.0,789.3,603.0,533.0,1019.9,744.2,648.4,665.0,607.0,0.9023,0.9885,616.8,497.1,464.4,44.5,159.7,819.9,540.7,513.4,470.0,430.2,401.2,362.9,314.7,359.6,413.7,1654.8,1246.9,1647.9,46.6,138.2,1723.7,1093.0,1012.9,962.4,970.1,954.8,991.6,1134.2,1373.4,1585.8
FRA,26380a,F7117_26380a,FRA-7117,YENAEL 3,DEHLER 39 Q,DEHLER YACHTBAU,JUDEL Friedrich,1998,29630 - PLOUGASNOU,,,,ORC,CLUB,C,785,14 08 2026 22:58:46,11.785,11.000,2.048,3.79,7675.,0.0,0.23,605.4,0.9052,662.8,1.1166,537.4,1012.3,809.3,696.2,629.3,593.9,571.9,546.2,0.0,0.0,0.0,0.0,0.0,0.0,0.0,772.2,630.4,557.0,516.4,493.7,478.1,456.8,0.0,0.0,0.0,0.0,0.0,0.0,0.0,1009.4,759.5,627.3,550.9,512.2,483.1,437.7,44.5,42.5,40.8,39.5,38.9,38.6,38.6,138.7,149.2,150.2,157.0,164.4,170.2,176.3,1041.5,850.6,750.0,697.7,676.2,665.3,658.3,672.8,565.3,512.1,487.1,475.1,469.6,464.3,633.6,540.2,496.3,474.5,462.6,456.2,449.8,609.1,523.7,484.9,464.0,449.8,439.2,427.9,605.2,512.8,472.7,451.2,435.9,425.3,411.7,618.5,513.4,469.4,445.3,426.5,408.6,379.9,635.9,524.6,474.6,447.6,425.8,406.9,375.3,708.3,570.6,498.0,462.7,438.3,416.5,375.9,851.4,665.0,556.3,493.3,461.7,438.8,398.3,983.1,767.9,642.4,560.9,511.6,478.5,434.0,0.8555,1.1241,1.2657,0.6588,0.9122,1.0568,0.0,0.0000,2026,1.0237,586.1,04330004WF2,10.080,8775,32.6,46.2,40.2,118.9,80.8,701.3,533.8,474.0,910.7,657.8,567.8,582.7,544.8,1.0297,1.1013,531.4,441.4,419.4,39.4,171.2,665.3,463.7,447.8,421.9,399.2,362.5,342.1,334.3,358.4,397.5,1463.7,1097.7,1460.7,47.6,138.2,1494.3,940.3,864.3,814.3,828.9,868.3,897.4,1026.1,1241.2,1433.2
FRA,26087a,F7122_26087a,FRA-7122,LOLITA,CARTER 3/4 TON,N.Shore Yachts,CARTER,1973,56470 - LA TRINITE SUR MER,,,,ORC,CLUB,C,511,20 03 2026 23:26:37,9.980,8.158,1.801,3.41,4651.,0.0,0.29,689.7,0.8011,749.0,0.9731,616.6,1100.1,893.8,780.1,715.4,680.8,659.6,636.6,0.0,0.0,0.0,0.0,0.0,0.0,0.0,855.6,709.5,634.7,595.1,573.2,558.4,538.9,0.0,0.0,0.0,0.0,0.0,0.0,0.0,1097.1,842.8,708.7,633.1,594.2,564.1,516.4,43.0,41.3,39.8,38.9,38.4,38.2,38.4,147.5,151.6,153.7,161.1,166.8,175.4,177.2,1130.7,943.0,844.3,799.0,781.7,773.7,773.0,745.4,637.4,587.2,564.4,555.0,550.7,547.3,710.2,614.4,572.3,551.6,541.5,537.0,531.9,691.0,600.3,560.7,539.8,526.7,518.1,508.4,704.8,605.1,558.9,536.0,519.6,506.5,487.3,704.2,591.4,544.3,519.3,500.9,486.6,468.0,726.5,603.4,548.6,519.7,497.1,477.2,449.5,797.4,649.6,571.4,533.6,507.9,484.4,443.0,926.2,732.5,622.9,562.5,530.3,506.7,462.7,1069.5,844.7,715.9,631.7,579.9,545.5,500.3,0.7667,0.9798,1.0815,0.6018,0.8073,0.9142,0.0,0.0000,2026,0.8978,668.3,04330004IJH,7.572,5372,22.6,23.6,38.5,81.7,0.0,782.6,612.4,554.8,997.0,743.2,656.3,667.7,621.7,0.8987,0.9651,624.8,529.4,504.9,39.4,176.3,788.9,550.5,532.2,503.6,475.8,462.1,436.3,415.1,426.8,460.7,1578.2,1195.7,1577.8,46.1,143.0,1582.5,1007.8,938.6,897.4,925.7,974.1,1007.0,1139.2,1363.0,1573.9
FRA,26080a,F7578_26080a,FRA-7578,CARDIAC BLUES,HALF TON Proto 2G,Artecna,BERRET Jean,1978,56000 - VANNES,,,,ORC,CLUB,R,413,13 03 2026 10:09:59,9.009,7.402,1.764,3.18,2546.,0.0,0.00,672.9,0.8207,731.1,0.9955,602.7,1070.9,864.0,757.0,700.4,668.8,648.5,620.7,0.0,0.0,0.0,0.0,0.0,0.0,0.0,829.0,686.7,619.5,584.7,562.9,546.5,522.1,0.0,0.0,0.0,0.0,0.0,0.0,0.0,1069.7,815.6,689.7,621.4,583.4,551.6,499.3,42.6,40.4,38.3,37.7,37.4,37.5,37.9,146.2,150.7,155.2,163.3,169.6,177.2,175.8,1081.9,896.3,810.8,778.3,765.4,759.2,757.8,717.7,615.2,575.5,558.6,551.2,546.9,542.3,686.1,597.1,562.8,546.1,537.1,532.1,525.6,669.0,586.6,552.1,532.9,519.4,510.0,498.1,678.5,582.2,546.1,527.2,509.1,493.6,470.5,675.1,574.6,534.0,507.9,485.7,468.4,445.1,698.0,588.3,539.3,508.5,481.5,456.3,421.8,777.1,633.6,565.0,527.5,496.1,466.7,412.6,917.8,720.7,613.7,557.6,524.2,494.9,442.5,1059.8,831.8,703.2,622.6,572.1,537.8,483.6,0.7917,1.0011,1.1082,0.6202,0.8276,0.9329,0.0,0.0000,2026,0.9195,652.5,04330004HLC,7.382,3113,16.5,26.3,21.2,56.0,0.0,757.9,599.3,541.4,967.4,725.0,643.2,651.2,608.6,0.9214,0.9859,605.0,503.9,481.0,39.5,168.1,774.2,543.2,524.1,491.3,456.2,428.2,397.4,343.7,384.0,435.9,1534.4,1161.1,1535.9,45.4,139.1,1519.7,975.7,914.5,878.0,904.1,931.9,968.4,1110.6,1341.6,1549.1
FRA,26150b,F76F2_26150b,FRA-76F2,VARENNE,FIGARO BENETEAU 2,BENETEAU SA,LOMBARD Marc,2002,13011- MARSEILLE,,,,ORC,CLUB,R,675,05 03 2026 20:38:02,10.057,9.876,2.072,3.45,3050.,0.0,0.00,594.5,0.9153,655.5,1.1389,526.8,994.0,797.6,685.7,624.4,592.3,568.0,526.4,0.0,0.0,0.0,0.0,0.0,0.0,0.0,760.9,622.4,550.1,508.2,482.4,461.2,428.9,0.0,0.0,0.0,0.0,0.0,0.0,0.0,991.3,749.1,618.6,543.5,502.3,464.9,404.6,43.9,41.5,39.9,38.3,37.8,37.7,37.7,139.6,148.3,149.4,156.0,162.2,159.1,151.8,1021.3,834.4,735.7,693.3,677.0,667.8,660.0,666.9,560.3,509.9,489.1,480.0,473.9,466.7,632.3,537.8,496.1,474.0,462.5,454.7,445.0,612.5,523.2,484.7,457.0,436.8,425.0,409.1,593.9,506.6,466.8,440.2,424.6,403.4,375.6,611.0,508.2,462.9,423.3,391.7,369.1,338.4,627.7,516.6,466.4,426.0,391.5,358.2,315.7,700.9,561.5,491.6,447.1,406.2,367.5,307.4,837.2,659.0,550.5,487.9,447.5,409.7,340.6,966.7,760.9,635.7,555.6,507.6,468.2,392.7,0.8675,1.1423,1.3205,0.6698,0.9213,1.0743,0.0,0.0000,2026,1.0430,575.3,04330004FRW,9.577,3974,23.2,38.4,27.1,99.6,69.7,691.6,525.3,454.4,895.8,651.3,558.5,576.4,532.5,1.0410,1.1267,490.2,403.9,378.8,38.7,145.5,667.7,466.1,442.2,401.4,360.5,318.7,284.2,249.4,270.8,312.7,1427.2,1076.7,1424.5,46.0,140.2,1454.2,927.5,864.4,824.7,814.3,850.3,886.6,1007.8,1212.6,1400.2
FRA,26008a,F7856_26008a,FRA-7856,IMPULSION,PROTOQUARTERTON79,PICHAVANT,JOUBERT / NIVELT,1979,17290 - LE THOU,,,,ORC,CLUB,S,318,10 04 2026 21:09:30,7.500,6.403,1.397,2.78,1125.,0.0,0.00,684.9,0.7988,751.2,0.9706,618.2,1055.4,863.2,774.3,726.0,697.7,677.1,643.5,0.0,0.0,0.0,0.0,0.0,0.0,0.0,816.6,693.1,637.0,604.8,582.1,562.8,529.8,0.0,0.0,0.0,0.0,0.0,0.0,0.0,1057.8,817.9,707.5,643.6,603.3,566.2,502.2,41.9,39.2,37.4,37.0,37.0,37.1,37.8,146.0,151.6,158.1,167.8,177.2,176.3,162.9,1031.5,874.4,825.2,809.0,801.8,797.1,799.3,688.9,616.4,594.7,585.7,579.7,574.7,569.8,661.8,603.0,579.9,569.9,562.4,556.0,548.5,646.4,593.3,564.2,547.6,536.1,525.8,511.9,654.5,593.5,558.9,532.1,511.6,496.5,470.9,685.8,597.6,553.1,517.7,488.5,468.0,435.3,709.9,610.7,562.3,522.0,483.6,446.1,396.5,790.1,653.5,590.7,548.7,509.9,468.4,378.0,934.7,738.9,636.1,583.0,544.1,507.9,430.6,1079.3,852.1,723.4,643.0,593.6,557.0,487.8,0.7949,0.9721,1.0806,0.6254,0.8038,0.8960,0.0,0.0000,2026,0.8984,667.8,04330004KV3,6.609,1562,11.5,22.3,19.4,35.2,0.0,754.8,617.2,555.2,959.4,746.5,669.6,667.4,624.3,0.8990,0.9611,598.7,497.8,469.9,40.4,143.3,831.6,574.9,549.0,506.7,455.8,401.4,360.2,289.3,316.7,365.7,1483.2,1115.1,1490.8,45.0,139.3,1406.9,903.6,844.6,806.2,824.0,928.9,969.3,1117.2,1350.6,1559.5
FRA,26191a,F8033_26191a,FRA-8033,CIPANGO III,AQUILA GTE,JEANNEAU SA,HARLE Philippe,1973,56470 - LA TRINITE SUR MER,,,,ORC,CLUB,C,413,21 03 2026 00:11:20,8.232,7.093,1.684,2.98,3083.,0.0,0.51,751.8,0.7373,813.8,0.8970,668.9,1224.2,985.9,853.9,772.6,730.9,708.1,687.5,0.0,0.0,0.0,0.0,0.0,0.0,0.0,951.0,778.2,690.5,642.7,617.3,600.7,580.8,0.0,0.0,0.0,0.0,0.0,0.0,0.0,1219.7,927.7,773.3,684.0,640.0,607.2,556.0,43.5,41.7,40.4,39.3,38.7,38.5,39.1,148.2,152.1,153.4,161.9,168.7,177.0,177.9,1270.1,1049.9,933.3,868.3,840.1,830.0,834.7,834.5,703.6,641.1,612.0,597.2,590.2,588.2,794.8,674.4,622.5,597.7,583.5,575.2,571.0,772.9,658.3,608.4,584.2,568.7,557.3,543.7,786.3,651.9,597.7,574.2,562.7,548.9,525.3,766.3,638.1,586.1,559.0,538.4,520.7,499.2,795.9,653.0,592.0,561.0,537.0,515.0,481.4,883.8,709.2,615.7,576.0,549.6,525.3,480.9,1020.5,800.0,673.2,605.1,572.0,547.9,503.0,1178.4,921.9,774.5,676.9,621.8,586.2,540.3,0.6939,0.9042,1.0043,0.5430,0.7434,0.8497,0.0,0.0000,2026,0.8268,725.7,04330004IJK,6.504,3650,16.7,15.7,23.5,53.4,0.0,864.7,663.6,597.4,1105.0,807.1,706.1,726.1,673.7,0.8263,0.8906,677.8,570.7,543.3,40.4,177.0,855.7,590.8,570.4,539.0,510.3,486.1,466.3,450.2,465.5,500.0,1781.9,1352.7,1778.9,46.0,144.8,1812.5,1156.4,1079.4,1035.4,1070.3,1075.5,1120.7,1266.5,1516.7,1751.4
FRA,26285a,F8069_26285a,FRA-8069,CESMA 3,HALF TON Proto 2G,,GAHINET Gilles,1979,29740 - PLOBANNALEC,,,,ORC,CLUB,R,389,11 05 2026 16:24:53,9.296,7.275,1.752,3.20,2504.,0.0,0.06,676.8,0.8143,736.9,0.9930,604.2,1089.1,879.1,767.8,704.9,669.5,646.9,617.4,0.0,0.0,0.0,0.0,0.0,0.0,0.0,842.8,698.1,625.1,584.8,559.5,541.1,516.0,0.0,0.0,0.0,0.0,0.0,0.0,0.0,1088.0,829.6,697.8,622.4,580.7,546.7,491.1,43.0,40.8,38.9,37.7,37.4,37.4,37.9,146.4,151.2,155.9,163.3,168.0,174.9,177.2,1100.0,913.2,820.9,777.1,760.9,753.3,752.7,726.6,624.3,578.4,556.4,545.3,539.7,534.2,693.6,604.5,563.8,543.2,530.9,523.6,515.3,675.4,591.6,551.8,529.3,512.8,499.0,482.8,688.1,589.2,544.5,521.2,502.9,483.2,457.3,689.0,583.6,535.4,504.0,476.3,456.1,432.0,713.4,599.5,542.9,507.8,476.8,453.3,411.2,794.8,648.3,573.2,530.5,495.7,467.5,417.7,933.7,732.5,624.8,564.0,526.5,494.1,445.1,1078.1,845.0,714.6,632.7,578.1,540.6,482.1,0.7788,0.9977,1.1188,0.6097,0.8202,0.9353,0.0,0.0000,2026,0.9156,655.3,04330004PES,7.330,3039,16.5,24.8,20.5,49.0,0.0,770.4,601.4,536.3,984.1,731.5,641.5,653.4,613.8,0.9183,0.9776,605.1,498.3,471.9,39.7,174.8,771.2,536.0,514.4,475.4,443.6,414.4,377.6,344.1,392.1,439.0,1565.1,1181.8,1567.2,45.7,142.1,1544.8,988.7,924.8,885.3,910.8,951.7,990.7,1137.2,1373.0,1585.4
FRA,26050a,F8104_26050a,FRA-8104,ARLIKONE,PROTO 3/4 TON Mod,POUVREAU,NIVELT Bernard,1980,56100 - LORIENT,,,,ORC,CLUB,R,498,03 03 2026 08:53:08,10.352,8.413,1.984,3.28,3484.,0.0,0.04,650.7,0.8437,711.2,1.0311,581.9,1043.3,845.6,739.3,680.9,648.4,626.9,599.0,0.0,0.0,0.0,0.0,0.0,0.0,0.0,805.5,668.0,600.0,563.6,541.4,524.5,500.2,0.0,0.0,0.0,0.0,0.0,0.0,0.0,1041.5,796.7,670.8,600.5,561.7,529.4,476.7,43.0,40.9,39.5,38.5,38.5,38.5,39.0,145.3,150.1,153.9,161.4,168.0,176.3,175.4,1061.9,883.8,796.3,758.8,744.5,736.0,732.0,700.5,599.9,555.8,536.0,527.0,521.6,516.3,666.7,579.1,541.6,522.5,512.1,506.3,499.0,646.5,565.3,530.1,509.1,494.6,484.1,471.4,655.0,560.3,521.5,502.9,485.8,469.2,446.1,651.5,552.8,511.9,484.9,462.6,446.2,424.3,674.3,565.5,518.0,487.8,460.9,436.9,402.4,752.2,611.9,542.9,506.1,476.7,448.6,397.1,887.5,699.4,593.8,537.0,503.9,476.3,423.8,1024.8,807.5,682.2,603.0,552.3,517.8,466.0,0.8144,1.0365,1.1547,0.6353,0.8499,0.9650,0.0,0.0000,2026,0.9497,631.8,04330004FEL,8.080,4166,20.1,33.6,22.7,68.3,0.0,736.7,578.9,519.6,944.4,706.0,621.8,630.6,587.7,0.9515,1.0210,581.7,482.1,458.6,40.3,168.1,744.4,516.9,497.4,464.8,431.4,408.3,378.9,333.1,369.2,419.0,1492.8,1126.5,1493.0,46.0,140.2,1490.8,951.7,888.2,848.1,870.5,896.9,932.9,1074.0,1294.5,1494.8
FRA,26343a,F8198_26343a,FRA-8198,EXIGENCE,HALF TON Proto 2G,PICHAVANT,JOUBERT/NIVELT,1981,56310 - QUISTINIC,,,,ORC,CLUB,C,406,01 07 2026 22:44:39,8.960,7.371,1.650,2.96,2487.,0.0,0.02,682.9,0.8054,745.0,0.9828,610.5,1098.7,885.9,773.7,712.6,678.6,657.2,630.5,0.0,0.0,0.0,0.0,0.0,0.0,0.0,847.2,700.9,628.7,590.8,567.9,550.9,527.2,0.0,0.0,0.0,0.0,0.0,0.0,0.0,1098.5,835.5,702.7,629.2,589.2,556.3,501.5,42.8,40.6,38.8,38.4,38.2,38.4,39.0,146.2,151.2,155.3,163.3,169.6,177.2,177.2,1099.9,912.9,824.1,789.7,776.8,770.9,771.9,726.8,623.9,579.8,560.9,553.0,548.4,544.6,693.2,603.9,565.7,547.2,537.6,532.4,526.5,674.9,591.4,554.4,533.1,518.8,508.8,497.4,685.5,587.0,545.7,525.0,508.1,491.8,468.7,689.0,584.3,538.9,509.8,485.7,465.7,442.4,716.8,600.7,547.2,514.4,485.8,460.1,420.0,803.6,653.4,576.2,535.7,504.6,474.8,423.7,950.4,744.4,630.8,568.0,532.2,503.0,450.5,1097.4,858.8,723.3,635.5,580.4,543.6,489.0,0.7751,0.9886,1.0983,0.6047,0.8120,0.9195,0.0,0.0000,2026,0.9056,662.5,04330004UKA,7.261,3041,16.4,26.8,18.6,46.8,0.0,774.1,606.9,546.3,992.2,738.9,652.5,659.5,619.2,0.9098,0.9690,618.3,511.5,484.4,41.1,176.2,793.8,546.7,525.8,491.6,456.2,429.2,393.4,355.7,397.4,442.7,1577.3,1187.9,1580.8,45.6,138.1,1542.8,988.1,924.5,885.9,910.7,949.6,994.2,1150.8,1396.0,1611.9
FRA,26244a,F8224_26244a,FRA-8224,COTTON CLUB,CLUB 86,CLUB MARINE SA,BRIAND Philippe,1979,29480 - LE RELECQ KERHUON,,,,ORC,CLUB,C,410,16 04 2026 21:26:31,9.271,7.474,1.726,2.96,2655.,0.0,0.24,706.6,0.7770,772.2,0.9535,629.2,1159.9,929.0,804.6,734.7,699.3,676.8,649.2,0.0,0.0,0.0,0.0,0.0,0.0,0.0,891.5,729.6,648.5,606.1,582.6,565.6,542.1,0.0,0.0,0.0,0.0,0.0,0.0,0.0,1160.0,874.4,727.8,646.3,604.7,570.7,515.3,43.0,41.3,39.7,38.7,38.9,39.0,39.7,147.5,151.8,153.9,162.3,168.7,177.2,177.2,1159.8,957.8,857.7,817.6,805.1,799.3,799.3,763.4,646.3,595.9,574.9,566.8,562.4,557.9,726.0,621.9,579.6,559.2,550.2,545.4,539.4,704.7,606.3,565.3,543.5,529.6,521.2,510.6,716.0,602.0,556.7,535.2,518.5,502.9,482.2,719.2,601.0,549.8,520.6,496.3,476.7,452.9,751.0,620.0,559.4,525.0,495.8,469.8,432.8,850.5,684.0,590.7,546.0,514.9,484.7,435.5,1004.7,780.8,653.3,580.9,542.2,513.2,460.1,1160.1,900.2,751.5,651.8,593.5,554.2,499.1,0.7402,0.9605,1.0695,0.5745,0.7840,0.8928,0.0,0.0000,2026,0.8766,684.5,04330004LQJ,7.073,3214,16.9,24.7,19.7,45.1,0.0,810.6,624.7,561.0,1044.4,765.3,672.0,681.5,638.4,0.8804,0.9398,636.0,527.9,500.0,41.5,177.2,818.9,559.6,538.4,505.2,470.4,437.4,410.9,380.7,414.1,453.0,1688.7,1266.8,1692.8,45.8,142.8,1647.2,1052.3,982.0,939.6,968.0,1001.8,1054.1,1226.8,1498.4,1730.2
FRA,26286a,F8235_26286a,FRA-8235,LOUP GAROU,PROTO 1/4 TON 1981,KELT MARINE,FAUROUX Jacques,1981,76310 - LE HAVRE,,,,ORC,CLUB,R,294,02 06 2026 13:25:34,7.650,5.975,1.523,2.80,1307.,0.0,0.00,710.3,0.7740,775.2,0.9349,641.8,1078.3,891.6,798.1,749.2,720.9,700.6,670.5,0.0,0.0,0.0,0.0,0.0,0.0,0.0,843.1,720.2,660.5,627.0,603.9,586.6,560.0,0.0,0.0,0.0,0.0,0.0,0.0,0.0,1077.0,844.7,731.2,666.5,626.1,591.2,534.4,41.3,38.7,37.0,36.7,36.8,37.3,38.1,147.8,152.4,159.7,166.4,174.5,175.4,176.2,1091.4,929.9,863.6,842.4,833.8,829.7,832.9,735.8,656.0,622.0,607.1,600.1,595.4,591.1,708.5,640.3,608.4,591.3,582.3,576.0,568.5,695.3,630.2,596.7,572.8,555.9,544.9,531.1,700.8,622.6,588.0,566.2,539.9,521.8,501.4,696.2,614.7,571.8,536.8,514.1,500.1,476.8,716.8,625.9,579.4,538.0,506.8,482.3,447.4,788.9,664.6,604.0,562.5,523.4,491.5,419.3,922.5,740.7,646.5,595.8,557.2,521.6,460.7,1065.2,853.2,732.5,656.0,608.1,571.4,508.1,0.7676,0.9373,1.0328,0.6092,0.7789,0.8641,0.0,0.0000,2026,0.8667,692.2,04330004RTJ,6.130,1715,11.1,19.7,15.5,44.9,0.0,781.7,640.1,580.9,984.9,770.3,694.4,696.2,643.6,0.8618,0.9323,648.7,539.3,511.3,40.5,147.6,864.5,595.4,569.2,525.8,488.3,456.9,416.4,350.0,375.0,433.0,1490.3,1135.5,1492.2,44.5,139.6,1470.7,955.7,904.2,873.6,894.1,924.3,956.1,1087.0,1307.6,1509.8
FRA,26297a,F8239_26297a,FRA-8239,DALTONER,HALF TON Proto 2G,CN. RHONE LYON,FAUROUX Jacques,1981,44880 - SAUTRON,,,,ORC,CLUB,R,397,11 05 2026 15:07:22,9.010,7.358,1.717,3.17,2469.,0.0,0.00,674.5,0.8142,737.0,0.9850,609.1,1038.8,848.6,756.1,710.8,684.6,667.1,641.1,0.0,0.0,0.0,0.0,0.0,0.0,0.0,805.8,680.5,623.6,594.4,574.5,559.4,538.0,0.0,0.0,0.0,0.0,0.0,0.0,0.0,1037.4,802.6,691.6,632.0,595.7,564.4,513.8,42.6,39.8,38.0,37.6,37.6,38.2,39.0,145.7,150.7,157.2,165.9,173.6,177.7,171.8,1052.5,886.3,820.4,801.6,794.9,791.8,796.7,698.8,615.1,584.1,572.0,566.5,563.0,560.3,668.4,598.8,570.4,557.2,551.0,546.5,541.9,651.2,588.1,558.6,540.7,528.3,520.1,508.9,662.0,585.1,554.6,534.4,514.5,498.0,479.8,658.7,577.4,541.0,513.7,491.5,478.9,460.3,679.8,588.4,546.6,514.6,485.1,464.6,439.7,755.9,624.9,568.8,534.5,501.1,468.9,420.5,887.7,702.6,608.5,562.2,530.7,499.3,442.6,1025.0,810.9,691.9,620.0,574.3,542.5,485.5,0.8074,0.9895,1.0807,0.6358,0.8210,0.9067,0.0,0.0000,2026,0.9122,657.8,04330004PEE,7.149,3015,16.2,28.2,20.1,57.8,0.0,743.1,606.4,555.2,943.7,730.8,661.7,659.5,609.6,0.9097,0.9843,633.9,528.3,501.0,41.7,166.5,832.1,566.0,544.1,505.0,471.4,449.5,421.9,377.8,384.2,435.6,1475.8,1115.7,1477.3,45.4,140.5,1461.4,937.3,877.6,840.1,862.0,897.3,932.5,1071.2,1290.6,1490.3
FRA,26362a,F8330_26362a,FRA-8330,OPLITE,HALF TON Proto 2G,FOUNTAINE,Joubert Michel,1981,50350 - DONVILLE LES BAINS,,,,ORC,CLUB,R,396,18 06 2026 14:30:33,9.020,7.304,1.730,3.00,2257.,0.0,0.00,666.1,0.8208,731.0,1.0017,599.0,1041.4,849.9,754.3,704.6,674.7,654.7,626.7,0.0,0.0,0.0,0.0,0.0,0.0,0.0,806.9,677.1,615.8,583.1,561.4,545.2,521.4,0.0,0.0,0.0,0.0,0.0,0.0,0.0,1040.4,802.7,686.5,621.2,582.3,549.3,496.4,42.3,39.7,38.2,38.2,38.3,38.5,39.5,145.6,150.5,155.7,162.3,169.1,171.8,173.2,1051.3,884.0,815.4,793.6,784.3,779.6,784.3,700.7,611.4,575.1,561.8,555.3,550.9,547.8,670.3,593.6,560.1,545.7,538.6,533.3,528.0,651.9,580.8,547.2,527.8,515.1,506.6,495.1,661.9,577.0,543.6,519.3,498.9,483.7,463.5,657.0,566.9,526.8,498.7,478.3,463.8,442.2,678.7,578.6,531.6,496.8,467.9,445.6,416.2,756.1,621.2,556.1,517.0,480.8,450.8,388.8,893.2,706.7,605.3,550.1,514.1,480.4,423.1,1031.4,815.7,693.2,615.5,565.1,529.8,469.0,0.8087,1.0060,1.1105,0.6345,0.8267,0.9242,0.0,0.0000,2026,0.9251,648.6,04330004TFI,7.192,2801,15.5,27.2,20.2,59.2,0.0,741.9,596.4,540.3,945.6,725.8,649.2,650.8,600.6,0.9219,0.9991,607.3,503.6,476.1,42.2,147.0,820.1,553.0,529.9,491.6,454.1,425.9,388.8,322.5,341.7,394.6,1472.6,1114.7,1474.0,45.2,139.7,1457.8,937.5,879.7,844.1,866.4,895.5,930.3,1068.9,1288.0,1487.3
FRA,26002b,F8501_26002b,FRA-8501,TIKOCCO 2,HALF Ton Proto 2G,PICHAVAN,JOUBERT NIVELT,1982,97411 - SAINT PAUL,,,,ORC,CLUB,R,397,19 05 2026 10:39:44,8.988,7.220,1.698,3.01,2396.,0.0,0.00,675.6,0.8097,741.0,0.9874,607.7,1060.8,861.8,765.2,714.0,683.0,662.4,635.0,0.0,0.0,0.0,0.0,0.0,0.0,0.0,818.8,685.6,623.8,591.4,570.2,554.0,531.3,0.0,0.0,0.0,0.0,0.0,0.0,0.0,1062.8,814.5,696.1,630.0,591.5,559.0,505.1,42.5,39.8,38.5,38.2,38.2,38.3,39.1,146.0,151.4,156.3,164.6,170.9,177.7,177.2,1040.8,875.6,814.6,795.6,788.0,783.4,785.7,691.9,606.2,576.2,565.6,560.2,556.2,552.5,662.1,589.7,561.7,550.3,544.3,539.4,533.8,644.0,577.9,548.1,532.1,521.9,514.5,502.9,655.1,579.3,544.0,521.3,504.0,490.1,471.2,680.4,580.9,537.4,508.2,484.2,465.4,445.2,707.7,597.1,545.4,511.9,482.4,458.8,422.5,793.8,647.9,575.0,534.9,502.0,471.7,421.0,936.0,735.1,626.2,566.7,530.9,499.9,447.6,1080.8,848.0,715.8,632.4,578.1,541.5,484.2,0.7977,0.9921,1.0918,0.6242,0.8156,0.9129,0.0,0.0000,2026,0.9114,658.4,04330004QAK,7.133,2941,16.0,28.7,23.3,44.3,0.0,752.2,604.8,549.6,961.2,735.7,657.2,655.7,614.8,0.9151,0.9760,626.8,518.2,490.0,41.5,175.7,815.0,556.4,534.2,498.3,461.2,437.7,398.6,352.3,391.6,438.7,1512.1,1135.8,1519.5,45.5,138.9,1438.1,921.7,862.9,826.1,847.6,932.1,976.5,1132.2,1373.6,1586.0
FRA,26249a,F8797_26249a,FRA-8797,FREELANCE,HALF TON Proto 2G,QUERE,BRIAND Philippe,1982,75009 - PARIS,,,,ORC,CLUB,R,410,16 04 2026 21:36:49,9.144,7.443,1.762,3.22,2496.,0.0,0.02,665.9,0.8286,724.1,1.0043,597.4,1056.7,855.5,750.8,693.6,662.7,642.6,613.9,0.0,0.0,0.0,0.0,0.0,0.0,0.0,814.4,679.4,615.1,580.4,558.4,541.4,516.2,0.0,0.0,0.0,0.0,0.0,0.0,0.0,1055.2,807.3,684.3,616.6,578.8,546.8,493.7,42.8,40.2,38.2,37.2,36.9,36.8,37.3,145.6,150.5,154.6,163.5,170.9,177.2,173.0,1071.1,890.9,807.1,773.3,759.7,752.2,749.9,709.2,612.9,574.7,557.8,549.8,544.7,539.6,677.2,594.8,561.8,545.1,535.5,529.6,522.3,659.4,582.9,550.7,531.3,517.1,506.1,492.5,658.1,574.4,541.7,524.5,507.1,490.1,465.0,655.4,566.5,529.8,502.7,479.3,461.5,440.0,677.4,578.0,535.0,503.8,475.0,450.7,415.0,755.9,620.4,557.3,522.4,490.5,460.5,405.0,902.6,710.6,605.4,551.5,519.6,489.6,435.6,1042.3,820.1,694.5,613.9,565.6,532.9,477.9,0.8033,1.0089,1.1189,0.6276,0.8351,0.9421,0.0,0.0000,2026,0.9276,646.8,04330004LQK,7.450,3056,16.3,28.0,17.2,58.0,0.0,746.9,594.7,536.2,956.0,718.5,636.9,646.5,601.9,0.9281,0.9969,594.3,495.5,473.1,38.9,146.4,765.0,540.5,520.9,485.1,451.6,422.2,387.8,333.6,366.9,423.6,1503.5,1136.9,1503.5,45.4,138.3,1503.5,965.0,903.9,865.9,890.5,898.7,934.5,1075.9,1302.0,1503.4
FRA,26243a,F888_26243a,FRA-888,LA RAILLEUSE,PROTO IOR 3/4 T,ALUMINIUM & TECHN.,FINOT Jean Marie,1980,50400 - GRANVILLE,,,,ORC,CLUB,C,473,10 04 2026 11:53:11,10.058,8.179,1.801,3.68,3367.,0.0,0.00,651.8,0.8442,710.7,1.0344,580.1,1065.9,858.1,744.2,678.0,641.1,617.4,587.6,0.0,0.0,0.0,0.0,0.0,0.0,0.0,820.9,676.6,602.1,560.0,534.4,515.7,489.9,0.0,0.0,0.0,0.0,0.0,0.0,0.0,1065.5,808.7,674.4,596.5,554.7,521.2,466.5,43.5,41.6,39.6,38.2,37.8,37.6,37.8,145.8,150.5,153.8,160.8,166.4,173.2,174.5,1069.7,885.2,789.1,741.6,722.7,712.9,708.3,701.7,597.6,551.0,528.0,515.9,509.8,503.4,667.1,576.9,536.9,515.5,502.0,494.1,485.3,648.1,564.7,526.5,503.5,485.8,472.2,457.6,660.9,568.6,521.7,496.4,478.3,459.9,434.1,672.1,562.9,514.3,483.3,457.4,436.8,410.5,697.1,578.5,522.4,488.5,459.2,434.7,392.2,778.9,630.0,552.0,509.9,478.1,449.5,400.0,919.7,719.9,608.3,544.4,507.3,477.6,427.7,1062.0,831.0,699.4,614.5,559.5,522.0,466.9,0.8013,1.0392,1.1749,0.6237,0.8500,0.9801,0.0,0.0000,2026,0.9513,630.7,04330004KSC,8.144,4023,20.5,32.2,29.5,65.7,0.0,748.8,577.4,510.7,962.0,705.9,612.2,625.9,592.6,0.9586,1.0125,570.0,469.8,444.7,39.0,171.2,717.0,502.2,481.3,448.9,419.8,390.7,355.0,333.4,376.8,423.0,1531.7,1153.0,1534.7,46.1,138.7,1502.0,956.7,891.5,851.3,875.9,933.6,972.6,1118.7,1352.2,1561.4
FRA,26208a,F8989_26208a,FRA-8989,MARCEL,JPK 960,JPK Composites,VALER Jacques,2003,29890 - KERLOUAN,,,,ORC,CLUB,C,592,10 04 2026 20:45:46,9.600,9.183,2.000,3.45,3766.,0.0,0.20,646.5,0.8544,702.2,1.0466,573.3,1075.1,857.9,739.1,667.2,627.6,604.6,574.8,0.0,0.0,0.0,0.0,0.0,0.0,0.0,827.6,673.5,595.8,551.6,525.5,507.3,480.8,0.0,0.0,0.0,0.0,0.0,0.0,0.0,1070.1,806.1,668.3,587.5,545.2,512.3,459.9,43.8,41.8,40.1,38.5,37.6,37.3,37.7,145.3,149.6,152.4,159.1,166.0,171.3,171.3,1125.5,914.9,804.2,741.0,712.7,700.7,692.8,734.9,612.8,554.0,524.8,509.9,502.4,495.8,696.5,586.9,537.8,512.6,497.3,487.7,479.1,674.3,571.1,526.0,501.7,483.4,468.9,452.3,666.5,557.6,513.0,492.9,480.1,462.0,433.9,654.6,545.2,501.2,473.0,450.8,435.3,413.2,675.3,558.0,506.9,475.3,448.4,424.9,388.4,751.9,604.8,531.0,493.6,463.3,436.2,380.4,887.4,693.7,585.1,524.9,491.5,463.6,412.6,1024.7,801.0,674.0,593.4,542.5,508.5,456.7,0.7994,1.0526,1.1954,0.6208,0.8606,1.0014,0.0,0.0000,2026,0.9625,623.4,04330004KV0,8.653,4571,23.0,31.0,23.6,80.4,0.0,750.6,570.0,501.9,966.5,697.2,599.2,623.6,579.6,0.9622,1.0352,553.2,459.3,438.8,38.6,154.7,698.9,494.7,476.1,444.6,416.3,394.2,362.0,316.5,353.9,407.5,1569.2,1187.2,1563.4,46.5,139.5,1627.1,1034.9,962.4,917.9,938.8,919.5,951.6,1088.1,1308.7,1511.2
FRA,26076b,F9005_26076b,FRA-9005,KALIMER'EAU,HALF TON Proto 2G,FONTAINE,JOUBERT/NIVELT,1983,29200 - BREST,,,,ORC,CLUB,C,406,19 05 2026 11:57:29,8.982,7.314,1.723,3.04,2475.,0.0,0.02,684.0,0.8048,745.6,0.9821,611.0,1102.7,889.7,775.7,712.4,677.9,656.0,628.9,0.0,0.0,0.0,0.0,0.0,0.0,0.0,850.6,704.4,630.6,591.0,567.2,549.3,524.3,0.0,0.0,0.0,0.0,0.0,0.0,0.0,1103.4,839.5,704.7,629.2,588.6,555.1,498.5,42.9,40.9,39.0,38.3,38.2,38.2,38.8,146.4,151.4,155.6,163.5,170.0,177.7,177.2,1095.3,911.6,821.2,783.3,770.4,764.2,765.2,723.6,621.7,578.0,558.4,549.4,544.5,540.1,690.2,602.4,564.4,545.2,534.2,528.2,521.3,671.9,590.5,553.5,531.5,515.8,503.8,489.9,684.6,591.8,547.2,523.4,506.0,487.9,461.3,699.3,591.1,543.1,512.2,485.5,462.7,435.2,728.1,608.0,552.5,518.7,488.8,462.7,418.9,816.3,662.3,583.1,541.1,509.5,479.1,428.8,961.4,752.4,637.3,573.8,537.0,507.4,454.8,1110.1,867.8,730.1,641.6,585.3,547.7,492.5,0.7717,0.9873,1.1022,0.6023,0.8112,0.9213,0.0,0.0000,2026,0.9046,663.2,04330004QAV,7.291,3031,16.6,27.7,20.5,44.1,0.0,777.5,607.7,544.4,996.2,739.6,651.3,658.3,622.7,0.9115,0.9635,615.3,507.0,478.6,40.6,177.2,783.9,541.5,519.6,481.9,447.9,416.6,382.5,363.7,404.4,446.7,1585.3,1192.3,1590.7,45.8,141.5,1532.0,980.1,916.7,878.0,902.7,965.4,1012.1,1171.6,1419.1,1638.6
FRA,26288b,F9010_26288b,FRA-9010,PICHENETTE,GIBSEA 90 Plus,GIBERT MARINE,FAUROUX Jacques,1982,29480 - LE RELECQ KERHUON,,,,ORC,CLUB,C,426,02 06 2026 22:54:23,9.092,7.491,1.659,3.17,3050.,0.0,0.03,695.4,0.7885,760.9,0.9635,622.7,1109.1,899.0,787.3,728.9,696.0,675.8,652.7,0.0,0.0,0.0,0.0,0.0,0.0,0.0,858.4,712.4,639.3,602.5,580.8,565.4,545.0,0.0,0.0,0.0,0.0,0.0,0.0,0.0,1108.6,847.9,714.7,642.2,602.8,570.7,518.0,43.1,41.5,39.8,39.2,39.5,39.7,40.6,147.3,151.8,155.9,163.0,169.1,177.2,177.7,1114.9,932.0,843.6,813.5,803.6,800.1,805.0,735.1,630.8,587.3,569.4,562.9,559.4,556.7,699.8,609.5,571.8,554.7,547.4,543.0,537.8,680.5,596.4,559.5,540.1,527.5,519.7,509.2,692.3,600.1,556.7,533.5,515.7,501.3,481.6,711.0,598.3,548.7,520.5,497.8,479.5,458.6,737.7,614.4,556.5,524.6,497.9,474.1,441.3,819.6,666.2,585.6,543.8,514.6,486.8,441.6,955.6,751.1,638.5,575.4,539.7,512.6,463.5,1103.4,866.0,731.0,644.2,588.5,551.5,500.4,0.7639,0.9701,1.0683,0.5976,0.7954,0.8926,0.0,0.0000,2026,0.8879,675.8,04330004RUL,7.115,3637,17.6,26.1,26.5,51.8,0.0,785.4,618.5,561.6,1004.0,754.3,672.2,673.3,629.6,0.8912,0.9530,645.1,535.7,505.9,42.7,177.7,832.6,560.6,539.3,503.8,469.3,446.7,423.4,402.2,423.1,457.5,1589.3,1198.1,1592.9,46.1,142.2,1552.6,990.1,923.3,882.6,906.0,979.8,1022.3,1172.4,1408.1,1625.9
FRA,26261a,F9011_26261a,FRA-9011,TURBIDITE,GIB'SEA 90 Plus,GIBERT MARINE,FAUROUX Jacques,1982,76130 - MONT SAINT AIGNAN,,,,ORC,CLUB,C,420,01 05 2026 23:07:05,9.092,7.416,1.649,3.17,2938.,0.0,0.05,700.9,0.7820,767.3,0.9582,626.2,1129.3,914.9,798.2,732.1,698.5,677.3,653.0,0.0,0.0,0.0,0.0,0.0,0.0,0.0,871.8,722.1,645.1,604.3,581.7,565.1,543.9,0.0,0.0,0.0,0.0,0.0,0.0,0.0,1127.8,861.7,722.8,644.4,603.8,570.3,516.2,43.0,41.4,40.0,39.2,39.6,39.7,40.7,147.5,152.3,154.9,163.3,168.9,177.2,176.8,1144.0,955.3,859.5,820.4,808.8,803.8,808.2,755.1,645.6,596.0,573.4,564.6,560.3,557.1,719.5,622.6,579.2,558.0,547.9,543.1,537.7,700.1,608.5,566.1,543.3,528.7,518.8,508.2,706.6,600.3,554.6,533.4,519.2,502.6,480.2,705.4,596.9,547.5,518.5,494.4,475.5,455.2,732.8,613.6,556.1,522.9,494.3,469.5,436.5,818.6,669.2,584.7,542.6,512.1,483.0,437.4,965.2,758.9,641.9,575.1,538.8,510.4,460.2,1114.6,874.5,736.9,643.8,588.1,550.8,497.7,0.7529,0.9645,1.0689,0.5870,0.7885,0.8909,0.0,0.0000,2026,0.8821,680.2,04330004O2V,7.021,3514,17.5,26.2,22.2,54.7,0.0,796.9,622.1,561.3,1022.1,760.9,673.5,679.3,632.0,0.8832,0.9494,644.2,533.6,503.5,42.7,177.2,834.3,560.6,537.8,502.8,468.8,441.0,418.3,394.9,418.3,454.2,1618.7,1218.3,1620.6,45.9,136.5,1600.0,1021.5,953.9,913.6,938.1,965.7,1008.6,1162.6,1418.0,1637.4
FRA,26360a,F9337_26360a,FRA-9337,RUBIS,PROTO 2 TON Mod,BENETEAU SA,BRIAND Philippe,1989,33260 - LA TESTE DE BUCH,,,,ORC,CLUB,R,755,18 06 2026 21:03:18,13.496,10.943,2.281,4.22,8049.,0.0,0.00,573.1,0.9530,629.6,1.1682,513.6,911.9,747.9,656.7,604.7,574.3,553.3,525.2,0.0,0.0,0.0,0.0,0.0,0.0,0.0,702.3,588.5,529.9,498.0,478.5,464.2,442.7,0.0,0.0,0.0,0.0,0.0,0.0,0.0,912.8,705.2,594.6,530.8,496.3,468.4,424.6,42.3,40.4,39.0,38.1,37.6,37.7,37.6,139.9,149.2,150.3,157.9,165.5,170.9,174.5,903.0,757.8,691.3,664.7,650.9,641.7,631.9,598.9,517.0,483.1,470.1,463.0,458.3,452.5,571.0,500.5,470.4,457.1,450.4,445.6,439.1,552.6,490.2,460.6,444.2,434.5,428.3,418.2,561.8,494.3,461.7,441.2,426.3,414.9,399.4,583.2,493.8,454.4,431.7,415.4,404.5,386.0,599.5,503.8,459.9,433.1,411.0,392.3,367.3,667.8,546.3,483.2,449.2,423.8,400.4,357.4,797.4,639.1,538.8,480.4,448.9,424.8,380.6,920.7,738.0,622.0,544.7,497.6,464.8,418.6,0.9296,1.1734,1.3052,0.7230,0.9579,1.0949,0.0,0.0000,2026,1.0737,558.8,04330004THP,10.518,9140,34.1,69.1,50.5,133.8,0.0,645.4,511.3,459.7,829.9,626.4,548.0,552.8,523.2,1.0854,1.1468,507.8,426.8,409.5,38.6,168.2,637.6,450.8,436.3,412.5,388.6,369.6,349.9,310.9,337.0,378.0,1279.2,962.5,1282.9,45.5,139.7,1242.8,794.8,738.7,700.7,716.6,793.9,825.7,942.8,1139.4,1315.6
FRA,26319a,F9406_26319a,FRA-9406,COEUR DE LOUP,FIRST 36.7 GTE,BENETEAU SA,FARR Bruce,2001,44240 - LA CAPELLE SUR ERDRE,,,,ORC,CLUB,C,622,27 05 2026 22:09:06,10.640,9.587,2.225,3.46,5611.,0.0,0.22,636.8,0.8654,693.3,1.0593,566.4,1046.2,839.5,725.8,660.0,624.0,602.2,577.5,0.0,0.0,0.0,0.0,0.0,0.0,0.0,805.6,659.7,585.3,545.0,522.6,507.5,487.2,0.0,0.0,0.0,0.0,0.0,0.0,0.0,1042.9,789.5,656.4,580.7,542.0,512.5,466.3,43.5,41.2,39.8,38.6,38.1,37.9,38.7,145.6,150.1,153.6,159.4,166.4,174.5,177.7,1078.8,885.8,783.6,731.4,711.9,702.7,698.2,706.9,596.2,540.8,514.8,504.1,499.1,494.5,670.0,571.5,525.0,501.9,490.6,485.4,480.2,647.2,555.1,513.5,491.2,476.8,467.4,458.4,649.5,546.6,503.3,485.6,472.6,458.4,438.5,644.5,538.4,494.6,470.2,451.9,439.3,422.0,667.1,552.6,501.2,473.4,451.0,431.5,403.6,744.9,600.8,527.5,490.3,465.3,442.3,399.6,877.8,687.0,580.9,520.7,488.0,464.7,421.9,1013.6,793.1,668.0,588.6,536.1,501.7,456.7,0.8189,1.0669,1.1913,0.6364,0.8722,1.0027,0.0,0.0000,2026,0.9743,615.8,04330004RF8,8.962,6462,26.6,38.6,27.9,80.9,0.0,732.7,562.4,503.7,942.8,687.9,598.4,614.1,573.7,0.9771,1.0459,563.4,474.7,453.3,40.0,175.8,708.6,495.0,480.4,454.5,428.8,415.9,386.7,357.9,381.0,418.1,1518.8,1145.9,1516.5,45.9,139.5,1542.6,982.7,913.1,867.4,892.3,898.6,934.5,1075.2,1294.7,1495.0
FRA,26157a,F9480_26157a,FRA-9480,HERA 3,A 40,ARCHAMBAULT,NIVELT BERNARD,2003,06270  -  VILLENEUVE LOUBET,,,,ORC,CLUB,C,847,06 03 2026 09:30:08,11.990,11.610,2.393,3.76,6344.,0.0,0.18,573.8,0.9505,631.3,1.1762,510.1,945.2,757.7,655.6,601.6,574.5,555.5,524.0,0.0,0.0,0.0,0.0,0.0,0.0,0.0,727.9,594.0,526.9,492.0,471.3,455.7,430.5,0.0,0.0,0.0,0.0,0.0,0.0,0.0,941.4,712.3,592.2,524.8,489.1,459.5,411.9,43.4,41.0,39.3,38.2,37.6,37.3,37.2,142.4,146.0,148.6,151.6,154.1,155.7,146.0,983.0,799.0,705.1,662.6,645.1,634.8,624.2,644.3,539.8,489.1,467.5,458.5,453.1,446.7,611.2,518.6,475.4,455.3,445.2,439.5,432.2,591.3,505.0,465.9,444.3,429.4,419.3,407.7,593.7,495.4,457.6,442.1,424.1,407.8,386.3,578.4,481.1,440.5,414.5,397.0,384.1,362.5,591.8,487.9,443.8,414.0,388.8,368.4,340.4,659.8,530.1,466.7,433.0,403.9,377.4,321.6,785.8,620.5,524.9,469.2,439.1,414.2,366.9,907.4,716.4,606.1,540.5,503.9,476.3,423.7,0.9078,1.1835,1.3329,0.7047,0.9587,1.0940,0.0,0.0000,2026,1.0804,555.4,04330004FTN,10.883,7528,32.8,46.2,37.6,0.0,138.9,660.9,507.0,450.1,851.4,625.8,548.4,554.8,516.8,1.0814,1.1610,488.3,407.2,389.3,37.9,143.1,627.7,445.4,430.9,401.9,374.4,343.8,315.4,271.4,302.2,349.0,1369.1,1038.1,1364.8,46.4,138.9,1412.0,900.2,838.1,798.8,826.6,814.9,840.7,948.3,1148.5,1326.1
FRA,26031a,F9481_26031a,FRA-9481,BICHE,A 40,ARCHAMBAULT,NIVELT Bernard,2003,06600 - ANTIBES,,,,ORC,CLUB,C,853,23 02 2026 21:48:39,11.990,11.640,2.401,3.76,6542.,0.0,0.19,575.3,0.9463,634.1,1.1734,511.3,952.4,763.4,659.6,603.6,575.7,556.6,526.2,0.0,0.0,0.0,0.0,0.0,0.0,0.0,730.4,596.6,528.7,492.6,472.0,456.7,431.3,0.0,0.0,0.0,0.0,0.0,0.0,0.0,948.3,716.8,594.9,525.4,489.6,460.9,413.0,43.4,40.9,39.3,38.2,37.5,37.3,37.1,142.4,146.0,148.6,151.6,154.2,156.8,146.7,993.4,807.1,710.4,664.4,645.6,635.0,624.1,651.2,545.2,492.7,469.2,459.2,453.5,447.0,617.7,523.6,478.7,457.1,446.0,440.2,432.6,598.1,504.6,467.2,446.7,431.4,420.6,408.6,571.0,485.9,449.9,430.6,418.8,409.4,388.0,580.5,482.9,442.0,416.2,398.4,382.3,355.8,594.0,489.8,445.4,416.1,391.0,370.6,339.8,662.8,532.5,468.4,434.8,406.2,380.2,325.8,789.3,623.3,527.2,471.0,440.9,416.5,370.9,911.5,719.7,608.7,542.7,505.8,478.2,428.3,0.9043,1.1808,1.3303,0.6994,0.9545,1.0910,0.0,0.0000,2026,1.0769,557.1,04330004CC5,10.871,7733,33.1,45.8,36.7,0.0,139.0,663.5,508.1,451.0,857.9,628.6,550.0,556.0,517.7,1.0792,1.1589,490.9,407.4,388.5,37.8,143.1,625.9,445.4,430.9,402.3,375.4,336.0,306.9,274.6,308.1,355.8,1381.3,1041.5,1376.4,46.3,138.9,1430.0,911.5,848.9,809.8,782.8,813.0,843.7,952.6,1154.1,1332.6
FRA,26214a,F9507_26214a,FRA-9507,STERGANN,A 40,ARCHAMBAULT,NIVELT Bernard,2003,06140 - VENCE,,,,ORC,CLUB,R,841,01 04 2026 13:14:45,11.990,11.578,2.384,3.76,6137.,0.0,0.00,569.3,0.9577,626.5,1.1834,507.0,930.1,747.3,648.7,598.3,572.7,554.4,522.1,0.0,0.0,0.0,0.0,0.0,0.0,0.0,717.3,586.8,522.7,489.7,470.0,455.1,430.1,0.0,0.0,0.0,0.0,0.0,0.0,0.0,927.0,703.0,586.8,522.2,487.6,458.9,412.0,42.7,40.7,39.2,38.1,37.6,37.4,37.4,142.2,145.8,148.3,152.0,154.0,152.8,145.6,961.6,783.9,696.6,660.7,645.0,635.9,627.5,632.4,531.6,484.7,466.3,458.7,453.8,448.3,601.4,512.1,471.7,453.9,445.8,440.4,433.9,583.1,500.1,463.1,442.4,428.8,420.3,409.2,588.7,493.0,459.1,440.6,421.8,406.4,387.2,571.8,477.5,438.6,413.9,398.4,385.5,364.3,584.5,483.1,440.7,411.2,387.2,369.2,342.2,653.2,523.7,462.6,429.3,400.0,373.4,317.0,778.2,615.5,520.4,465.3,435.7,410.3,360.8,898.6,710.7,600.9,535.8,500.3,472.8,416.6,0.9202,1.1908,1.3349,0.7154,0.9660,1.0973,0.0,0.0000,2026,1.0878,551.6,04330004JK9,10.896,7315,31.8,46.0,38.8,0.0,144.8,652.0,503.9,449.5,838.7,621.1,546.8,551.0,512.5,1.0889,1.1707,487.2,408.1,389.9,38.2,143.5,634.7,448.1,433.5,404.1,376.4,346.0,317.6,273.1,294.2,339.8,1342.4,1018.9,1339.2,45.8,138.6,1375.0,878.7,820.2,783.9,810.6,805.5,831.0,936.5,1134.4,1309.9
FRA,26168a,F9535_26168a,FRA-9535,KICK,BAVARIA38MATCHGTE,BAVARIA YACHTBAU,JAKOPIN J&J,2003,13019 - MARSEILLE,,,,ORC,CLUB,C,746,16 03 2026 13:37:44,11.360,10.724,2.360,3.69,6558.,0.0,0.24,615.2,0.8932,671.8,1.1005,545.2,1028.5,821.6,708.8,638.7,599.2,575.8,548.2,0.0,0.0,0.0,0.0,0.0,0.0,0.0,789.4,641.7,566.5,523.7,499.1,483.3,460.5,0.0,0.0,0.0,0.0,0.0,0.0,0.0,1024.2,771.4,638.4,558.7,517.9,488.4,440.9,43.7,41.4,39.8,38.6,37.8,37.4,37.4,142.6,146.8,148.3,156.7,163.7,169.3,175.4,1071.6,869.8,764.8,705.6,677.9,665.5,655.8,700.8,584.9,526.6,496.7,482.2,475.6,469.3,664.8,560.7,510.5,484.6,470.6,462.9,455.8,644.1,545.0,498.8,474.8,459.0,447.8,434.9,632.4,526.5,481.1,460.8,450.4,441.9,420.2,620.2,513.7,469.7,444.7,425.3,410.6,391.9,637.4,524.1,475.3,448.2,425.7,405.6,372.0,716.6,574.1,501.5,466.4,441.7,419.2,374.8,853.3,669.9,565.3,501.9,468.4,444.9,402.8,985.3,773.5,652.8,571.7,520.5,486.1,440.6,0.8385,1.1077,1.2534,0.6486,0.8990,1.0502,0.0,0.0000,2026,1.0096,594.3,04330004HRQ,9.841,7592,30.6,38.2,33.4,106.6,105.7,715.6,541.7,478.7,925.1,667.4,571.3,592.6,552.8,1.0124,1.0854,530.8,443.8,424.5,37.9,168.2,659.1,468.1,453.5,429.0,407.3,378.1,350.5,324.4,358.4,402.4,1502.5,1136.1,1497.1,46.2,139.1,1557.2,991.1,922.9,881.2,894.5,878.3,907.5,1039.2,1253.9,1447.9
FRA,26149a,F9679_26149a,FRA-9679,JACKPOTES,J 109 OD,J-COMPOSITE,JOHNSTONE Rodney,2001,56470 - SAINT PHILIBERT,,,,ORC,CLUB,R,630,05 03 2026 11:37:31,10.757,9.705,2.149,3.52,5265.,0.0,0.00,615.3,0.8905,673.8,1.0932,548.8,998.0,804.7,698.6,642.8,614.4,595.1,569.8,0.0,0.0,0.0,0.0,0.0,0.0,0.0,771.0,633.7,565.2,529.7,509.4,494.5,472.2,0.0,0.0,0.0,0.0,0.0,0.0,0.0,993.5,756.9,632.8,563.8,528.5,499.7,452.8,43.2,41.2,39.6,38.0,37.3,37.3,37.4,143.3,147.3,149.8,152.5,157.3,161.5,160.7,1043.4,854.2,753.9,704.7,686.0,676.3,669.3,686.5,578.0,526.4,503.4,493.2,488.3,483.1,653.3,557.0,513.7,492.8,481.7,476.1,469.7,634.9,544.6,504.9,483.6,469.3,459.4,448.6,626.9,527.7,490.0,473.5,463.1,451.1,429.8,613.7,515.9,477.3,453.1,434.1,420.3,399.1,628.5,524.5,481.8,454.7,431.1,409.6,376.9,696.7,566.1,504.1,472.0,445.7,420.8,370.7,825.0,654.1,557.1,505.2,477.1,454.9,412.7,952.7,755.2,643.3,580.8,542.9,513.9,470.4,0.8543,1.1006,1.2247,0.6657,0.8985,1.0162,0.0,0.0000,2026,1.0066,596.0,04330004FNO,9.343,6134,26.5,37.4,30.0,0.0,103.9,702.3,545.2,489.9,901.3,667.8,590.4,594.5,555.6,1.0093,1.0799,544.4,451.6,433.4,38.2,141.1,675.0,482.6,468.6,442.8,416.8,381.6,352.6,307.6,358.4,413.8,1437.3,1092.4,1432.1,46.0,139.9,1489.4,951.3,888.1,849.7,877.0,854.6,880.4,994.2,1199.7,1385.3
FRA,26312a,F9687_26312a,FRA-9687,NOISY OYSTER,J-122 Cruising,J-EUROPE,JOHNSTONE Rodney,2006,74560 - MONNETIER MORNEX,,,,ORC,INTL,C,770,18 05 2026 13:57:12,12.190,11.198,2.248,3.64,7630.,120.7,0.17,573.4,0.9515,630.6,1.1707,512.5,927.3,748.2,651.5,602.9,577.7,559.8,534.4,0.0,0.0,0.0,0.0,0.0,0.0,0.0,713.0,587.6,526.2,495.5,477.9,464.8,443.3,0.0,0.0,0.0,0.0,0.0,0.0,0.0,922.7,703.4,589.7,527.7,495.4,469.4,427.3,43.6,41.3,39.6,38.3,37.6,37.3,37.5,142.6,146.2,149.4,152.8,156.5,160.6,158.6,972.5,794.3,705.4,667.8,650.7,641.0,631.4,635.8,535.4,489.9,472.1,464.5,459.8,454.6,602.5,515.3,477.2,460.5,452.5,447.8,442.1,581.1,502.7,468.4,450.1,438.4,430.7,421.8,570.2,489.2,456.3,438.9,428.1,420.5,403.9,566.5,479.5,445.6,425.3,412.8,400.4,375.0,578.2,484.5,447.3,423.0,403.3,387.6,364.2,642.5,520.8,466.3,437.2,413.0,390.1,342.8,763.9,608.0,517.6,468.5,442.4,421.4,381.1,882.1,702.1,597.7,538.1,504.7,478.7,437.4,0.9227,1.1788,1.3043,0.7162,0.9601,1.0815,0.0,0.0000,2026,1.0771,557.1,04330004Q7M,10.599,8718,33.3,50.5,40.3,0.0,152.0,650.3,509.0,460.0,837.8,624.9,554.8,555.9,516.2,1.0794,1.1624,506.5,423.4,406.9,38.5,142.8,636.4,453.4,441.1,417.2,394.3,357.0,335.3,296.2,326.1,376.5,1332.4,1005.9,1326.9,46.3,139.3,1387.5,879.9,814.6,771.5,773.9,788.0,813.4,914.5,1106.1,1277.2
FRA,26238a,F96J_26238a,FRA-96J,MIRAGE,J 111,J-COMPOSITE,JOHNSTONE Rodney,2011,92130 - ISSY-LES-MOULINEAUX,,,,ORC,CLUB,C,699,10 04 2026 13:12:19,11.121,10.496,2.201,3.30,4495.,0.0,0.18,571.6,0.9578,626.5,1.1757,510.3,924.8,742.3,646.2,600.0,576.0,556.8,516.9,0.0,0.0,0.0,0.0,0.0,0.0,0.0,713.3,585.7,525.7,494.8,475.3,459.3,430.3,0.0,0.0,0.0,0.0,0.0,0.0,0.0,920.0,698.7,586.9,526.6,492.7,463.6,413.2,42.8,40.8,38.8,37.2,36.8,36.6,36.5,142.4,145.9,150.1,153.3,153.7,150.8,144.2,972.7,789.4,699.1,663.7,648.3,639.4,630.7,637.4,534.5,491.9,475.6,468.2,463.4,457.8,604.4,515.9,480.2,463.6,455.2,449.8,443.1,584.4,504.5,471.7,451.5,437.5,429.0,418.4,583.4,495.1,468.8,450.2,430.9,415.1,394.7,564.9,480.1,445.1,422.4,406.4,392.0,366.5,576.7,483.9,445.3,415.6,391.1,372.4,340.8,638.5,516.9,465.6,431.6,400.4,368.4,307.3,759.4,602.1,513.9,467.5,438.0,410.9,349.1,876.9,695.2,593.3,536.3,503.8,474.3,403.1,0.9238,1.1816,1.3262,0.7198,0.9657,1.0976,0.0,0.0000,2026,1.0833,553.9,04330004KSL,10.310,5462,26.1,37.8,31.8,0.0,126.5,649.5,507.8,452.4,833.6,621.3,546.6,555.1,512.5,1.0808,1.1707,476.7,405.9,388.5,37.5,144.2,636.6,457.0,442.3,413.1,382.9,345.0,314.2,267.0,274.3,316.7,1335.9,1015.0,1329.8,45.9,139.5,1397.3,890.1,827.5,787.2,814.3,792.4,817.2,914.1,1103.8,1274.6
FRA,26291a,F9708_26291a,FRA-9708,CANHABAQUE,POGO 40 Custom,Chantier STRUCTURE,FINOT Jean Marie,2005,92320 - CHATILLON,,,,ORC,CLUB,R,978,11 05 2026 15:57:53,12.180,12.382,3.010,4.40,5399.,0.0,0.00,534.3,1.0066,596.0,1.2725,471.5,915.4,729.2,624.0,569.1,538.0,510.6,463.3,0.0,0.0,0.0,0.0,0.0,0.0,0.0,696.5,563.5,493.9,454.7,428.9,407.0,373.2,0.0,0.0,0.0,0.0,0.0,0.0,0.0,914.1,683.8,559.7,487.7,446.5,410.8,351.7,42.7,41.0,39.7,38.4,37.8,37.9,37.4,141.7,144.4,144.9,150.9,149.7,146.0,146.3,928.7,752.1,662.7,625.4,607.2,595.8,581.6,611.1,506.1,456.5,436.8,426.5,419.0,407.9,575.1,482.3,442.1,420.6,408.4,399.1,386.2,537.6,457.4,424.6,402.4,381.7,369.4,352.0,529.9,448.8,409.1,380.3,363.6,346.8,321.5,562.3,458.0,408.2,370.9,342.2,316.0,288.0,577.1,465.2,412.2,369.1,333.5,309.9,273.1,653.3,511.4,440.6,397.0,355.3,315.9,259.4,781.3,611.7,506.9,444.5,405.9,368.3,298.7,902.2,706.3,585.3,512.8,468.7,425.3,345.0,0.9524,1.2755,1.5008,0.7296,1.0119,1.2008,0.0,0.0000,2026,1.1595,517.5,04330004PEP,11.891,6780,36.4,68.0,43.7,0.0,167.3,630.0,470.4,399.8,822.4,592.9,499.7,516.6,479.9,1.1614,1.2503,427.7,349.9,327.7,38.2,143.1,581.3,402.9,380.1,342.9,305.8,270.0,249.3,222.8,237.3,274.0,1330.4,995.5,1330.0,46.0,138.6,1334.5,855.5,798.6,730.0,721.9,781.4,833.1,946.5,1148.7,1326.4
FRA,26094a,F9721_26094a,FRA-9721,LA BELUGUE,ELAN 333 GTE,ELAN MARINE,HUMPHREYS Rob,1998,83140 - LE BRUSC,,,,ORC,CLUB,C,601,06 03 2026 15:37:44,10.025,9.236,1.911,3.43,4972.,0.0,0.25,655.3,0.8418,712.7,1.0295,582.8,1079.0,864.3,747.4,677.8,640.4,618.0,593.5,0.0,0.0,0.0,0.0,0.0,0.0,0.0,830.0,678.6,602.4,560.6,537.7,522.1,501.5,0.0,0.0,0.0,0.0,0.0,0.0,0.0,1076.5,813.0,675.9,597.1,557.6,527.7,480.2,43.8,41.5,40.1,38.8,38.2,38.0,38.1,145.6,150.1,152.5,159.4,166.6,174.9,177.7,1103.9,906.3,804.3,750.5,729.2,719.1,714.6,720.8,608.4,555.1,529.7,517.7,512.5,508.1,683.6,583.4,539.3,517.1,505.0,498.8,493.5,662.4,567.5,527.4,506.1,491.7,481.8,471.3,673.2,565.5,519.9,499.6,487.1,473.4,452.8,666.2,555.1,510.6,486.2,467.6,452.7,434.5,689.8,569.6,516.6,488.9,466.9,447.2,415.0,769.8,620.5,542.0,504.7,480.0,457.5,414.4,912.9,712.2,599.3,535.3,502.6,479.6,437.5,1054.1,822.2,690.5,605.0,551.7,517.0,472.4,0.7955,1.0369,1.1577,0.6175,0.8484,0.9765,0.0,0.0000,2026,0.9468,633.7,04330004H1E,8.577,5795,24.3,32.9,28.2,76.8,0.0,754.2,578.6,518.3,971.7,707.2,614.4,630.7,591.0,0.9514,1.0152,579.2,487.6,465.9,39.0,176.3,724.3,508.3,492.3,466.3,440.7,419.9,397.3,374.3,395.4,434.0,1570.4,1182.5,1569.5,46.4,137.9,1579.4,1003.1,931.6,887.6,916.3,932.9,970.5,1116.5,1352.2,1561.3
FRA,26229a,F9772_26229a,FRA-9772,TRADITION BRETAGNE,FEELING 850 GTE,KIRIE SA,BRIAND Philippe,1983,29280 - PLOUZANE,,,,ORC,CLUB,C,445,16 04 2026 19:56:28,9.280,7.739,1.754,3.30,3200.,0.0,0.29,691.6,0.8016,748.5,0.9743,615.8,1124.7,903.3,783.5,713.2,674.3,651.1,626.5,0.0,0.0,0.0,0.0,0.0,0.0,0.0,870.9,715.0,637.0,593.8,568.7,551.1,527.9,0.0,0.0,0.0,0.0,0.0,0.0,0.0,1122.8,851.6,711.6,631.4,589.6,557.3,506.0,43.4,41.5,39.7,38.0,37.5,37.3,37.7,146.8,150.7,154.1,161.2,167.1,174.5,176.5,1143.0,942.5,839.6,784.6,760.7,750.5,749.9,750.4,635.6,585.9,560.9,547.9,541.7,538.2,713.9,612.8,571.1,548.8,535.7,527.7,522.2,694.0,599.6,560.2,537.7,522.0,510.2,495.0,710.2,607.0,556.6,532.3,518.0,501.9,475.7,715.9,596.9,547.5,519.2,496.5,476.8,451.1,741.8,612.0,555.3,523.2,496.7,472.4,435.1,821.3,661.0,580.8,540.6,512.8,485.9,438.5,958.1,748.7,633.2,571.5,536.9,511.4,461.8,1106.3,864.0,727.4,641.9,587.9,551.7,503.2,0.7567,0.9804,1.0973,0.5917,0.8078,0.9264,0.0,0.0000,2026,0.8983,667.9,04330004LQ8,7.492,3816,18.0,18.8,28.0,58.5,0.0,792.9,612.0,546.8,1014.0,742.8,647.7,663.9,626.4,0.9038,0.9579,611.3,513.3,489.2,39.0,176.3,763.6,539.5,520.7,488.5,458.8,436.0,411.7,395.6,420.9,459.1,1630.6,1234.7,1631.6,46.0,143.1,1620.4,1033.2,963.7,923.1,955.3,1004.0,1044.9,1190.2,1420.9,1640.7
FRA,26283a,F9783_26283a,FRA-9783,SPRINGBOK,GRAND SOLEIL 43 R,CANTIERE DEL PARDO,CLAUDIO MALETTO,2012,13007 - MARSEILLE,,,,ORC,INTL,C,900,28 04 2026 11:43:25,12.890,12.050,2.400,3.98,8816.,131.2,0.16,559.4,0.9810,611.6,1.2084,496.5,928.5,745.2,641.3,582.2,549.8,528.3,498.7,0.0,0.0,0.0,0.0,0.0,0.0,0.0,713.9,582.7,514.3,477.9,456.5,441.0,417.9,0.0,0.0,0.0,0.0,0.0,0.0,0.0,924.7,700.1,578.6,509.7,473.6,445.0,400.7,43.4,41.6,40.1,38.7,37.9,37.5,37.3,142.3,146.0,150.6,156.1,162.8,167.5,167.8,967.2,785.5,687.3,641.3,621.9,610.5,598.3,631.4,526.8,473.6,451.6,442.6,437.3,431.1,597.5,505.4,460.7,440.4,430.6,425.3,418.2,576.5,492.3,452.4,430.9,417.3,408.0,397.5,579.3,481.8,442.8,428.5,413.3,398.9,379.4,567.2,471.0,430.0,405.8,389.0,377.7,358.4,581.2,479.8,434.9,407.3,384.3,365.2,338.9,646.8,522.9,459.6,426.7,400.3,376.2,329.5,770.6,610.5,515.8,458.9,427.8,402.8,357.4,889.9,704.9,595.3,523.1,477.7,446.1,399.1,0.9255,1.2160,1.3755,0.7170,0.9878,1.1482,0.0,0.0000,2026,1.1088,541.1,04330004N8O,11.447,10087,38.3,59.3,47.0,165.4,154.9,648.3,493.4,436.2,836.8,607.4,522.6,539.6,504.1,1.1119,1.1902,476.4,399.1,383.0,37.5,159.5,596.5,428.6,415.1,391.3,368.1,342.8,317.5,279.2,309.9,356.4,1337.3,1009.9,1332.8,46.3,138.3,1381.9,876.5,811.2,768.0,791.6,790.5,817.1,923.4,1119.5,1292.7
FRA,26143a,F9791_26143a,FRA-9791,ZIGZAG,A 40,ARCHAMBAULT,NIVELT Bernard,2003,06160 - ANTIBES,,,,ORC,CLUB,R,842,16 03 2026 21:13:36,11.990,11.581,2.391,3.76,6315.,0.0,0.00,573.2,0.9514,630.7,1.1771,509.7,943.5,756.5,654.8,601.0,574.0,555.3,524.8,0.0,0.0,0.0,0.0,0.0,0.0,0.0,726.7,593.3,526.4,491.6,471.0,455.5,430.9,0.0,0.0,0.0,0.0,0.0,0.0,0.0,939.9,711.3,591.5,524.4,488.8,459.3,412.1,43.5,41.1,39.4,38.2,37.6,37.4,37.3,142.4,146.0,148.9,151.6,154.1,156.5,146.2,979.5,796.5,702.9,660.6,643.6,634.0,625.2,641.9,537.8,487.6,466.4,457.8,452.7,446.9,609.0,516.8,474.1,454.4,444.8,439.3,432.4,589.1,503.7,465.1,443.6,428.9,419.2,407.9,593.4,495.3,457.3,441.8,423.3,407.1,386.2,578.9,481.6,440.7,414.6,396.8,383.9,362.2,592.8,488.7,444.2,414.5,389.1,368.5,340.0,659.9,531.1,467.5,433.7,404.6,378.2,322.1,785.9,620.6,525.4,470.1,439.7,414.8,367.6,907.4,716.6,606.6,541.5,504.5,476.6,424.5,0.9091,1.1845,1.3329,0.7059,0.9598,1.0937,0.0,0.0000,2026,1.0813,554.9,04330004HTM,10.900,7491,32.7,47.1,37.6,0.0,135.2,660.0,506.5,450.1,850.0,625.1,548.6,553.9,516.9,1.0832,1.1608,489.9,407.9,389.8,38.0,143.0,630.3,446.2,431.4,402.2,374.8,343.4,314.8,270.9,302.8,349.6,1365.9,1035.3,1361.9,46.5,138.9,1405.9,896.5,835.0,795.4,820.9,814.4,840.5,948.2,1148.2,1325.8
FRA,26020a,F9814_26020a,FRA-9814,KURNIK,J 11 S,J COMPOSITES,Johnstone,2014,35400 - SAINT MALO,,,,ORC,CLUB,R,706,10 03 2026 08:02:00,10.876,10.468,2.209,3.30,4898.,0.0,0.00,593.9,0.9235,649.7,1.1366,527.9,981.8,784.7,674.3,616.6,590.6,572.0,540.2,0.0,0.0,0.0,0.0,0.0,0.0,0.0,754.5,614.2,544.3,508.4,488.5,473.1,447.5,0.0,0.0,0.0,0.0,0.0,0.0,0.0,977.6,737.2,610.3,541.1,506.5,477.6,430.2,43.6,41.4,39.6,37.9,37.2,36.8,36.9,142.6,146.4,147.6,152.4,155.2,157.0,144.8,1024.1,829.5,727.7,680.4,662.3,652.1,643.3,671.3,560.1,507.4,485.3,476.1,471.0,465.3,638.3,539.3,495.1,474.7,464.2,458.7,451.6,620.4,527.4,486.9,465.4,450.7,440.5,428.9,610.0,510.8,477.5,462.5,446.6,431.0,409.3,589.8,494.1,456.8,433.0,417.6,404.7,382.3,602.0,499.3,458.3,429.8,406.2,387.0,358.0,683.6,540.7,478.9,446.4,417.4,389.9,331.2,813.6,640.7,537.6,480.8,452.8,428.3,378.5,939.5,739.9,620.8,552.8,518.9,492.0,437.1,0.8768,1.1446,1.2838,0.6793,0.9326,1.0625,0.0,0.0000,2026,1.0448,574.3,04330004H9C,10.050,5874,26.3,33.6,31.8,0.0,122.4,684.3,524.2,467.4,883.3,643.4,564.7,573.7,533.0,1.0459,1.1256,501.6,423.1,406.0,37.5,142.8,646.2,464.4,449.5,422.6,396.0,362.8,332.9,284.9,309.1,357.0,1428.6,1083.7,1423.5,46.3,139.0,1479.3,944.5,881.9,845.0,864.2,843.0,868.6,985.8,1193.3,1377.9
FRA,26151b,F9815_26151b,FRA-9815,FIRECREST,S-40MOD,MAREE HAUTE,Joubert/Nivelt,2006,32600 - PUJAUDRAN,,,,ORC,CLUB,R,829,02 06 2026 22:19:57,11.970,11.621,2.406,2.97,4265.,0.0,0.00,551.3,0.9846,609.4,1.2300,487.8,932.1,743.8,637.6,580.5,551.0,525.7,479.9,0.0,0.0,0.0,0.0,0.0,0.0,0.0,711.2,577.2,508.3,470.3,446.6,427.0,394.9,0.0,0.0,0.0,0.0,0.0,0.0,0.0,928.1,697.2,573.4,502.7,464.9,431.5,374.9,44.0,41.7,40.6,38.8,38.0,37.6,37.2,141.4,144.1,146.1,151.8,150.1,147.8,144.5,972.4,788.4,691.3,644.5,625.9,614.6,602.4,633.7,525.9,473.3,451.8,443.2,437.1,429.3,598.7,502.9,459.2,437.8,427.9,420.8,411.5,576.2,487.8,449.2,423.7,405.3,395.6,381.9,552.5,467.7,432.1,413.6,395.8,376.2,353.8,558.5,463.2,420.8,393.6,367.3,350.0,322.8,570.3,466.8,420.5,384.2,358.4,338.0,297.4,644.7,505.7,444.0,403.2,365.8,330.7,275.4,772.4,605.6,505.6,448.3,412.3,378.2,309.5,891.9,699.3,583.8,516.4,476.0,436.7,357.4,0.9314,1.2347,1.4290,0.7160,0.9905,1.1654,0.0,0.0000,2026,1.1246,533.5,04330004RUI,11.178,5409,28.8,43.3,32.3,0.0,131.7,644.2,485.9,419.9,838.0,605.8,514.8,534.9,490.3,1.1218,1.2236,443.0,372.8,351.3,37.4,145.5,601.6,426.7,407.7,375.0,339.7,307.4,272.7,247.0,246.2,284.3,1357.2,1022.1,1352.3,46.5,138.3,1406.1,895.4,833.2,794.1,765.8,795.3,825.7,934.3,1133.1,1308.4
FRA,26128a,F9818_26128a,FRA-9818,DEHLYR,Dehler 34 2016,Dehler,Judel/Vrolijk,2016,06210 - MANDELIEU,,,,ORC,CLUB,C,647,13 03 2026 16:38:35,10.254,9.741,1.950,3.61,5950.,0.0,0.21,618.0,0.8857,677.4,1.0870,552.0,999.6,810.9,706.6,647.8,614.8,593.3,568.3,0.0,0.0,0.0,0.0,0.0,0.0,0.0,768.6,635.9,569.2,533.4,512.6,497.7,476.8,0.0,0.0,0.0,0.0,0.0,0.0,0.0,993.5,761.4,638.6,568.8,531.8,502.2,455.8,43.7,41.5,40.1,39.1,38.6,38.5,38.6,140.7,147.6,149.4,157.9,170.8,177.2,177.9,1060.4,872.1,774.5,727.0,708.2,698.6,693.4,692.0,585.9,533.6,509.4,498.4,493.2,488.2,655.4,561.9,518.2,496.4,484.8,479.1,473.0,632.9,546.0,506.8,485.4,471.0,461.0,450.5,616.7,525.6,490.7,476.3,466.1,452.8,431.9,601.0,511.8,475.8,452.9,436.3,425.2,406.8,614.7,518.6,479.6,453.8,431.4,412.2,387.4,687.0,558.6,500.0,469.9,444.9,421.4,377.1,813.0,649.1,553.2,501.5,473.3,450.1,406.6,938.8,749.6,638.7,568.5,521.3,488.0,443.1,0.8544,1.0936,1.2156,0.6628,0.8919,1.0182,0.0,0.0000,2026,0.9995,600.3,04330004HNI,9.089,6841,27.2,42.3,29.7,95.9,115.8,702.2,548.6,493.6,905.3,672.7,589.3,602.1,552.9,0.9965,1.0852,553.0,461.4,440.9,39.6,176.6,702.8,488.2,471.7,445.1,419.9,392.0,368.4,325.1,363.0,403.2,1430.0,1081.4,1422.1,46.4,141.1,1508.8,956.3,886.1,841.0,851.3,832.1,858.7,972.9,1170.1,1351.2
FRA,26350a,F9831_26350a,FRA-9831,TANGARD,DUF 34 DK Le Sdt,DUFOUR YACHTS,FELCI Umberto,2002,14000 - CAEN,,,,ORC,CLUB,C,632,17 06 2026 14:02:26,10.300,9.568,1.946,3.48,5700.,0.0,0.32,658.9,0.8364,717.4,1.0274,584.0,1100.7,879.2,757.1,680.6,638.9,615.2,590.9,0.0,0.0,0.0,0.0,0.0,0.0,0.0,845.6,688.4,606.3,559.8,534.5,518.4,498.4,0.0,0.0,0.0,0.0,0.0,0.0,0.0,1097.5,826.3,682.6,597.0,554.5,524.0,476.9,44.3,42.3,40.8,39.5,38.8,38.4,38.6,146.2,150.3,151.6,158.3,165.1,171.8,177.7,1132.3,926.5,817.7,753.9,725.5,714.4,710.7,735.3,617.3,557.6,526.7,511.8,505.7,501.5,695.7,590.1,539.5,513.5,499.3,492.0,486.9,672.8,572.5,526.3,502.4,487.0,476.3,465.3,687.2,572.9,519.0,495.3,483.9,470.2,448.9,677.3,559.8,508.9,483.0,464.1,449.1,431.0,700.2,575.1,515.7,486.2,464.5,445.1,413.9,779.0,627.2,542.9,502.2,477.4,455.9,415.8,925.8,720.6,603.9,535.0,499.9,477.0,437.3,1069.1,831.8,696.5,607.3,552.2,515.9,471.0,0.7822,1.0350,1.1653,0.6061,0.8424,0.9804,0.0,0.0000,2026,0.9433,636.1,04330004TD0,8.707,6568,25.8,31.5,30.8,80.9,0.0,767.1,579.7,514.9,989.9,712.3,612.0,633.1,593.1,0.9477,1.0116,578.4,486.2,463.8,39.5,176.8,721.8,502.1,485.8,460.3,437.0,417.6,397.0,379.7,399.9,435.1,1609.6,1210.7,1607.7,47.1,136.9,1629.1,1030.0,954.1,907.0,936.7,953.5,989.6,1132.2,1377.1,1590.2
FRA,26054a,F9833_26054a,FRA-9833,MONTEBELLO,FIRST CLASS 10,BENETEAU SA,FINOT Jean  Marie,1983,97190 - GOSIER,,,,ORC,CLUB,R,586,03 03 2026 09:11:16,10.385,9.269,1.823,3.06,3177.,0.0,0.17,630.1,0.8715,688.5,1.0729,559.2,1050.9,836.6,720.7,655.2,618.8,595.4,565.1,0.0,0.0,0.0,0.0,0.0,0.0,0.0,803.3,655.2,580.4,539.0,514.0,495.8,467.9,0.0,0.0,0.0,0.0,0.0,0.0,0.0,1052.9,788.0,651.9,574.4,533.7,500.8,444.7,43.5,41.2,39.1,37.6,37.6,37.4,37.5,144.9,149.2,151.4,157.6,165.1,170.4,171.3,1031.2,843.9,749.7,708.4,692.0,682.7,676.3,674.4,570.9,525.1,504.4,495.4,490.2,484.4,640.2,550.8,512.3,492.0,481.0,475.0,467.4,621.2,538.5,502.8,480.1,463.1,452.2,440.5,636.4,544.1,503.3,478.4,457.4,439.8,415.1,659.6,544.4,495.8,465.2,440.0,419.7,391.8,684.3,561.0,504.0,470.5,442.0,415.3,364.0,770.7,617.1,535.6,493.4,462.5,433.8,369.5,927.2,718.2,599.6,529.3,491.8,462.9,408.1,1070.7,829.3,691.7,601.9,545.7,508.1,453.9,0.8228,1.0787,1.2248,0.6358,0.8784,1.0171,0.0,0.0000,2026,0.9846,609.4,04330004FER,9.077,3982,22.3,29.7,30.5,64.5,0.0,729.2,556.2,489.9,943.7,683.1,589.9,601.3,575.8,0.9979,1.0421,540.7,445.9,422.5,38.6,152.3,683.9,483.9,465.0,433.7,400.6,373.6,334.2,304.4,344.9,397.4,1523.6,1142.6,1529.2,46.1,137.0,1467.6,933.9,868.6,828.2,857.1,932.5,972.2,1123.8,1368.0,1579.6
FRA,26127a,F9846_26127a,FRA-9846,LES BARBARES,FIRST 31.7,BENETEAU SA,FINOT Jean Marie,1990,85100 - LES SABLES D'OLONE,,,,ORC,CLUB,C,581,02 04 2026 14:23:35,9.610,9.013,1.932,3.21,3773.,0.0,0.33,683.8,0.8057,744.7,0.9928,604.3,1155.5,916.2,787.5,707.0,659.9,634.0,606.4,0.0,0.0,0.0,0.0,0.0,0.0,0.0,887.8,716.9,629.5,579.3,550.0,531.9,507.4,0.0,0.0,0.0,0.0,0.0,0.0,0.0,1151.3,860.5,709.1,618.4,570.9,537.7,484.1,44.1,42.2,40.6,39.3,38.5,38.2,38.4,146.6,150.4,153.3,159.0,165.3,171.8,177.2,1197.0,969.7,853.4,783.7,748.7,736.0,731.2,779.5,645.8,580.9,546.7,529.1,521.2,515.8,737.1,616.8,560.8,532.0,515.5,506.2,499.1,712.2,599.1,546.1,519.4,501.5,488.1,472.9,712.3,588.1,532.3,506.1,492.5,481.3,455.1,704.6,579.8,524.5,495.0,471.7,452.8,428.8,732.1,598.1,533.2,500.0,474.4,451.4,410.6,819.3,655.0,565.1,519.8,491.3,466.1,417.2,964.7,747.4,626.9,555.6,516.8,490.4,444.1,1113.9,862.7,721.6,630.3,571.0,532.1,481.6,0.7478,0.9997,1.1380,0.5792,0.8114,0.9522,0.0,0.0000,2026,0.9108,658.7,04330004K6V,8.137,4560,22.1,25.3,22.6,61.0,0.0,802.4,600.2,527.2,1035.9,739.5,630.1,656.7,614.1,0.9136,0.9770,592.4,491.1,466.0,39.6,174.1,745.0,516.8,498.2,466.9,440.1,411.9,381.7,362.1,395.4,439.8,1707.0,1287.6,1703.0,46.4,143.0,1746.7,1108.0,1029.0,979.8,1010.6,997.9,1043.1,1200.5,1443.9,1667.2
FRA,26163a,F9848_26163a,FRA-9848,MARAMEO,DIVA 411,BARBERIS,PAPERINI Massimo,1996,83190 - OLLIOULES,,,,ORC,CLUB,C,760,13 03 2026 12:32:20,11.985,10.883,2.386,3.71,6798.,0.0,0.09,591.0,0.9297,645.3,1.1387,526.9,968.7,775.0,671.9,615.9,584.0,564.1,540.6,0.0,0.0,0.0,0.0,0.0,0.0,0.0,742.4,608.4,542.7,508.4,488.3,474.5,455.0,0.0,0.0,0.0,0.0,0.0,0.0,0.0,969.4,730.0,608.5,541.4,506.6,479.5,435.5,43.2,40.9,39.2,37.9,37.3,37.1,37.3,142.1,148.3,151.2,156.8,164.2,169.8,175.4,962.0,789.9,706.6,672.0,657.5,650.5,647.8,630.3,534.4,494.2,478.2,471.7,468.2,465.4,597.9,515.7,482.0,467.0,460.0,456.2,452.5,577.1,504.1,473.4,456.7,445.9,439.2,431.8,590.2,508.5,473.8,454.4,439.7,428.2,412.7,611.1,506.0,464.1,440.5,422.2,407.6,388.6,629.2,517.2,469.9,443.9,422.3,403.0,368.8,707.1,567.7,496.6,461.2,436.5,414.5,371.5,844.8,658.2,552.3,491.9,460.4,437.3,395.2,975.5,760.1,637.2,559.8,510.6,477.8,433.4,0.8883,1.1469,1.2748,0.6882,0.9377,1.0709,0.0,0.0000,2026,1.0469,573.1,04330004HM8,10.379,7884,31.2,39.8,51.6,113.3,102.5,675.4,523.1,470.7,871.8,639.9,560.3,566.7,538.5,1.0587,1.1142,525.0,440.2,420.6,38.1,166.4,655.2,466.9,452.0,427.3,403.7,376.2,347.5,323.8,350.2,394.7,1405.7,1054.8,1409.1,46.0,138.6,1371.2,870.4,806.9,764.9,788.9,863.1,893.6,1027.6,1247.2,1440.2
FRA,26111a,F9864_26111a,FRA-9864,METEOR,HALLBERG RASSY 36,HALLBERG RASSY,FRERS,1990,27370 - SAINT GERMAIN DE PASQUIER,,,,ORC,CLUB,C,570,02 04 2026 22:16:29,10.771,8.925,1.707,3.57,7999.,0.0,0.72,708.7,0.7659,783.3,0.9526,629.8,1167.8,943.0,822.1,748.4,705.6,678.8,654.5,0.0,0.0,0.0,0.0,0.0,0.0,0.0,897.8,739.2,653.4,604.8,578.1,561.6,542.3,0.0,0.0,0.0,0.0,0.0,0.0,0.0,1161.4,885.1,738.2,648.5,600.7,566.2,513.2,45.6,43.6,42.4,42.2,42.6,42.6,43.4,147.7,151.8,155.4,159.7,164.2,170.9,178.3,1232.6,1020.7,911.6,852.4,827.5,815.4,813.8,788.6,669.6,606.1,571.3,553.7,546.2,540.7,738.8,635.4,579.8,548.9,533.2,525.7,519.4,710.4,611.7,559.0,530.5,515.1,505.5,495.4,720.6,610.8,547.0,516.5,500.7,491.9,478.0,720.0,598.7,537.1,507.4,488.2,471.9,445.2,744.2,616.8,547.2,512.6,491.3,473.1,441.4,825.0,670.0,581.0,530.6,503.5,483.5,447.2,955.3,750.6,639.0,568.7,526.4,502.2,465.3,1103.1,865.3,732.6,644.3,583.6,542.3,495.3,0.7331,0.9592,1.0744,0.5685,0.7707,0.8870,0.0,0.0000,2026,0.8733,687.1,04330004K75,7.531,8802,28.8,30.3,40.8,82.7,72.4,818.4,625.5,558.5,1055.4,778.5,676.4,690.4,631.8,0.8690,0.9496,644.9,532.3,500.1,44.8,178.1,827.8,541.0,518.1,488.7,465.6,433.5,420.4,420.9,433.5,461.9,1692.8,1269.7,1687.0,48.7,143.8,1751.0,1093.0,997.5,937.3,959.9,998.4,1037.7,1189.3,1415.6,1634.6
FRA,26146b,F9877_26146b,FRA-9877,MARGIU,DEHLER 32 2010,Dehler Yachts,Judel/Vrolijk,2010,20230 - TAGLIO ISOLACCIO,,,,ORC,CLUB,C,622,01 05 2026 22:42:02,9.808,9.413,1.776,3.24,4439.,0.0,0.29,663.3,0.8262,726.2,1.0194,588.6,1108.9,881.0,758.9,690.8,652.7,629.4,603.6,0.0,0.0,0.0,0.0,0.0,0.0,0.0,849.6,688.9,607.7,565.5,541.4,525.4,504.2,0.0,0.0,0.0,0.0,0.0,0.0,0.0,1106.3,827.9,684.2,604.0,562.2,530.3,479.8,44.6,42.3,40.7,39.7,39.3,39.3,39.6,145.8,150.1,153.4,158.8,165.7,173.6,177.2,1135.4,923.0,815.6,767.4,749.2,740.7,738.3,733.8,613.6,556.0,531.6,522.2,517.4,513.3,691.5,585.7,537.8,516.0,506.3,501.4,496.2,666.8,567.3,524.1,501.9,488.2,479.7,470.2,681.1,569.5,520.0,499.2,481.3,466.5,447.9,680.7,561.2,510.5,483.3,462.2,446.9,428.7,707.6,579.1,518.5,487.2,462.6,441.6,408.5,795.0,636.0,550.3,507.1,479.4,454.6,407.8,937.4,726.7,610.3,541.5,504.3,478.4,433.0,1082.4,839.0,702.2,614.2,556.1,518.2,468.8,0.7800,1.0277,1.1506,0.6030,0.8336,0.9592,0.0,0.0000,2026,0.9353,641.5,04330004O2T,8.493,5285,24.5,32.3,27.1,65.8,0.0,769.2,583.8,521.5,995.0,719.8,625.5,639.1,597.6,0.9388,1.0041,591.7,491.6,466.3,40.9,174.9,755.4,516.0,497.8,466.5,438.0,421.0,389.1,357.1,385.9,427.9,1628.6,1221.6,1627.4,47.4,142.3,1640.2,1033.8,953.9,903.4,931.7,961.2,1005.1,1162.7,1400.3,1616.9
FRA,26227a,F9878_26227a,FRA-9878,TETRIS,DUFOUR 512 GL,Dufour Yachts,FELCI,1993,13008 - MARSEILLE,,,,ORC,CLUB,C,1093,22 04 2026 21:14:25,14.750,13.956,2.312,4.80,15246.,0.0,0.41,609.8,0.8848,678.1,1.1256,533.1,1098.2,857.5,726.4,644.7,590.2,552.3,510.1,0.0,0.0,0.0,0.0,0.0,0.0,0.0,830.3,656.9,564.1,508.7,473.3,448.5,418.1,0.0,0.0,0.0,0.0,0.0,0.0,0.0,1087.1,799.0,644.7,548.5,492.3,452.1,399.6,46.7,45.4,44.0,42.8,41.7,40.6,40.0,142.3,146.0,148.1,149.2,150.9,154.9,162.1,1209.2,951.2,814.1,728.4,669.1,626.8,588.2,765.5,611.2,531.6,482.6,451.6,431.6,410.9,709.6,573.9,503.6,461.3,435.7,419.3,399.3,675.4,551.2,485.2,443.2,421.0,408.8,386.8,633.0,511.8,448.6,415.9,397.0,383.3,369.1,618.4,499.1,438.5,408.5,388.5,371.3,341.4,636.4,512.6,447.7,414.3,393.3,375.2,342.0,716.3,565.9,483.9,436.4,409.5,390.3,356.2,854.9,661.5,553.2,485.8,443.1,417.3,384.5,987.1,763.8,638.8,560.9,511.2,477.8,431.9,0.8069,1.1307,1.3534,0.6136,0.8875,1.0990,0.0,0.0000,2026,1.0221,587.0,04330004MKT,11.180,16800,52.4,53.8,41.9,0.0,146.0,743.6,530.6,443.3,977.8,676.1,546.0,589.2,538.5,1.0183,1.1142,493.7,401.8,381.4,40.5,162.9,585.7,405.6,390.7,370.9,360.8,320.5,308.8,322.7,356.3,401.6,1648.9,1231.5,1631.7,48.3,139.8,1819.9,1138.5,1038.5,974.2,917.3,891.3,921.2,1059.5,1279.8,1477.7
FRA,26082a,F9883_26082a,FRA-9883,LITTLE WING,J 112 E,J-Boats,Johnstone,2015,31210 - ARDIEGE,,,,ORC,CLUB,C,668,26 02 2026 23:13:45,11.000,10.137,2.095,3.60,5373.,0.0,0.18,584.1,0.9249,648.8,1.1445,524.3,936.4,759.7,674.4,621.9,595.8,577.6,551.6,0.0,0.0,0.0,0.0,0.0,0.0,0.0,712.0,593.8,541.0,509.1,490.3,476.1,453.5,0.0,0.0,0.0,0.0,0.0,0.0,0.0,932.8,713.5,608.3,543.2,508.5,479.9,434.7,45.4,43.0,40.8,38.3,38.0,37.8,38.0,143.0,146.9,150.0,153.0,156.9,159.7,148.3,971.8,803.1,737.2,690.7,672.2,662.5,656.7,620.9,530.6,503.1,489.8,479.4,474.3,469.4,577.6,507.7,485.8,476.7,467.0,461.0,454.8,545.7,490.9,468.4,456.7,449.2,442.7,432.0,543.7,487.2,460.9,442.9,430.3,421.9,409.0,580.8,493.2,457.9,434.9,418.9,406.5,378.8,592.6,498.6,460.1,433.0,410.1,389.5,360.8,657.5,534.5,480.3,449.4,422.0,395.6,340.0,780.2,620.3,529.7,481.9,454.9,431.8,386.6,900.9,716.3,611.6,553.1,519.4,492.7,446.5,0.9190,1.1492,1.2734,0.7075,0.9311,1.0482,0.0,0.0000,2026,1.0527,570.0,04330004F6B,9.742,6298,27.4,39.0,31.3,0.0,125.7,652.9,522.1,471.2,848.1,644.4,572.4,567.8,527.1,1.0567,1.1383,514.6,429.2,411.7,39.1,142.4,664.2,469.4,453.5,426.8,399.7,356.2,335.4,282.9,316.1,365.0,1339.2,994.0,1335.9,48.1,139.5,1372.7,857.0,774.7,706.2,702.3,775.9,834.1,936.3,1130.9,1305.8
FRA,26025a,F9885_26025a,FRA-9885,FLÊCHE BLEUE,AQUILA PTE,JEANNEAU SA,HARLE Philippe,1973,13007 - MARSEILLE,,,,ORC,CLUB,C,413,11 03 2026 08:38:49,8.272,7.139,1.313,2.96,3049.,0.0,0.54,771.0,0.7120,842.7,0.8762,684.8,1274.2,1023.8,886.1,800.9,754.0,729.2,708.3,0.0,0.0,0.0,0.0,0.0,0.0,0.0,981.8,801.3,708.6,657.6,629.2,611.8,591.3,0.0,0.0,0.0,0.0,0.0,0.0,0.0,1266.2,960.1,797.8,702.5,653.1,617.6,562.4,45.6,44.0,43.3,41.9,41.2,41.2,41.6,148.0,151.8,154.3,161.7,168.2,176.3,178.1,1354.5,1115.6,988.5,915.7,879.4,867.2,871.7,866.9,725.2,655.1,622.0,604.4,596.6,597.1,813.9,688.3,630.6,603.3,587.5,578.7,576.2,784.9,667.5,613.6,587.4,571.0,559.0,545.3,798.6,661.6,602.5,576.5,563.8,550.9,526.3,780.0,647.9,591.5,562.5,541.0,522.6,498.6,809.6,663.1,598.7,566.3,541.4,518.4,482.6,895.5,718.0,623.7,581.7,555.2,531.2,484.1,1034.0,808.5,681.8,612.2,577.3,553.1,507.8,1194.0,932.0,783.6,686.1,628.6,591.2,545.0,0.6730,0.8830,0.9861,0.5222,0.7176,0.8247,0.0,0.0000,2026,0.8046,745.7,04330004HDN,6.229,3617,16.8,15.0,22.9,49.9,0.0,891.5,679.5,608.5,1149.0,836.1,727.5,748.8,685.1,0.8012,0.8757,709.8,586.5,551.5,44.0,176.8,915.5,603.6,577.3,542.6,510.7,485.1,465.2,452.0,468.5,504.0,1865.1,1406.2,1856.4,48.4,144.8,1952.1,1220.9,1119.7,1059.8,1090.5,1098.9,1145.9,1293.4,1539.9,1778.2
FRA,26142a,F9887_26142a,FRA-9887,MAB AVEL,A 27 Q,ARCHAMBAULT,JOUBERT-NIVELT,2012,22650 - PLOUBALAY,,,,ORC,CLUB,C,416,13 03 2026 09:57:15,8.350,7.562,1.812,2.93,2164.,0.0,0.08,656.6,0.8296,723.2,1.0179,589.4,1037.0,843.9,743.4,696.3,671.3,650.9,601.2,0.0,0.0,0.0,0.0,0.0,0.0,0.0,800.5,669.2,605.8,573.8,552.9,535.5,501.4,0.0,0.0,0.0,0.0,0.0,0.0,0.0,1030.5,794.6,675.6,611.2,573.8,540.9,479.5,43.3,40.7,38.9,38.3,38.2,38.2,38.7,144.0,148.5,150.1,154.6,156.8,149.4,142.2,1101.8,910.2,815.9,783.7,770.5,764.1,764.3,725.4,620.9,572.3,553.9,546.8,542.8,539.7,691.0,600.3,558.8,539.5,531.1,526.3,521.7,671.7,586.7,549.1,526.0,510.7,502.0,492.4,645.2,565.3,540.8,523.4,502.7,486.7,464.9,624.7,545.7,510.6,490.2,474.0,458.4,428.4,637.6,550.0,509.4,478.6,452.8,431.1,391.8,713.2,586.0,529.4,490.0,451.8,411.6,339.6,842.0,673.4,581.2,531.1,498.0,465.6,379.4,972.3,777.6,671.0,609.0,572.0,537.6,438.1,0.8165,1.0218,1.1384,0.6380,0.8356,0.9414,0.0,0.0000,2026,0.9383,639.4,04330004HLB,7.412,2733,16.3,25.3,19.0,0.0,82.8,734.8,587.2,527.1,940.4,718.0,637.3,644.8,585.1,0.9305,1.0255,560.0,477.6,452.5,41.0,145.6,793.4,544.8,523.6,489.6,454.3,402.6,361.7,298.7,282.8,326.6,1479.8,1122.5,1471.6,45.7,140.1,1561.0,998.3,932.5,891.9,882.8,863.3,889.2,1003.9,1211.2,1398.5
FRA,26028a,F9888_26028a,FRA-9888,MAQUIS,GRAND SOLEIL40 MP GTE,CANTIERE DEL PARDO,M. POLLI,2022,06410 - BIOT,,,,ORC,INTL,C,600,23 02 2026 21:06:50,11.895,11.035,2.412,4.07,8586.,117.1,0.25,599.8,0.9052,662.9,1.1249,533.4,993.5,799.7,691.1,630.3,599.7,580.5,558.1,0.0,0.0,0.0,0.0,0.0,0.0,0.0,759.8,622.6,551.4,512.9,491.5,477.6,458.6,0.0,0.0,0.0,0.0,0.0,0.0,0.0,986.8,749.4,621.9,548.1,510.0,481.4,438.4,44.1,41.8,40.5,39.7,39.3,39.1,39.3,143.1,147.1,148.0,151.8,155.4,160.2,161.9,1060.5,865.8,763.9,708.6,683.3,672.3,667.2,690.0,578.9,520.6,490.2,475.1,468.6,463.4,652.3,553.4,502.7,476.0,461.8,454.2,448.3,623.6,526.6,483.0,464.7,449.4,438.7,426.9,593.0,504.7,465.3,445.0,432.4,424.7,412.1,589.9,494.4,454.1,431.5,415.4,405.1,380.2,600.3,500.0,457.2,432.3,411.5,393.4,371.0,676.0,540.4,477.4,446.9,423.9,402.4,362.7,802.5,635.3,535.6,479.4,451.9,432.1,395.8,926.6,733.6,618.4,552.1,516.1,488.7,449.0,0.8681,1.1331,1.2659,0.6692,0.9132,1.0401,0.0,0.0000,2026,1.0314,581.7,04330004CBR,9.959,9481,34.8,46.9,37.7,0.0,148.2,691.2,529.5,474.0,896.6,657.0,576.9,583.6,534.9,1.0280,1.1218,545.5,445.2,423.3,40.1,157.7,676.8,464.1,447.4,422.0,399.5,364.3,345.6,319.9,360.8,414.2,1442.0,1083.5,1433.1,47.0,139.3,1531.6,968.1,896.0,849.3,806.3,829.5,854.5,968.2,1171.2,1352.4
FRA,26099a,F9889_26099a,FRA-9889,AQUILON,VLC 35,MULLER Yachts,NAUTATEC,2007,75019 - PARIS,,,,ORC,CLUB,R,585,20 03 2026 12:01:52,10.620,9.352,2.289,2.98,4150.,0.0,0.00,600.0,0.9095,659.7,1.1166,537.3,954.9,773.7,678.6,634.3,608.3,589.5,559.2,0.0,0.0,0.0,0.0,0.0,0.0,0.0,739.8,613.2,552.2,522.0,501.8,486.1,460.4,0.0,0.0,0.0,0.0,0.0,0.0,0.0,951.9,729.5,616.4,555.9,520.6,490.0,440.3,42.2,40.1,38.2,37.4,37.0,36.8,37.0,143.1,147.1,150.8,153.4,158.1,160.6,146.2,985.2,811.7,727.9,697.2,682.3,674.1,668.3,654.0,556.7,514.5,498.9,491.8,487.3,482.3,624.3,539.5,502.8,486.3,478.6,473.3,467.2,605.9,529.1,494.9,473.8,460.2,452.4,442.4,607.4,517.9,484.7,469.8,452.9,437.5,418.5,596.5,508.0,469.2,441.8,422.9,408.9,384.7,610.8,515.4,474.3,442.9,414.9,390.0,356.1,675.2,552.8,497.2,463.5,432.7,402.5,337.5,800.8,637.1,545.3,498.1,468.7,442.5,389.8,924.6,735.7,629.2,571.4,534.4,505.0,450.1,0.8869,1.1223,1.2490,0.6942,0.9172,1.0294,0.0,0.0000,2026,1.0295,582.8,04330004IEO,9.263,4953,24.0,40.3,28.7,0.0,91.0,676.5,534.6,480.4,864.3,654.2,582.9,582.5,543.5,1.0300,1.1040,518.2,435.8,414.5,38.5,142.0,682.7,483.7,466.5,438.2,408.2,377.4,327.6,276.1,306.3,353.7,1365.5,1037.7,1362.7,45.5,139.6,1393.5,893.7,836.2,799.8,824.2,823.5,851.4,958.9,1158.2,1337.4
FRA,26305a,F9891_26305a,FRA-9891,MISTY,HANSE 388 GTE,HANSE YACHTS,JUDEL/VROLIJK & Co,2017,44300 - NANTES,,,,ORC,CLUB,C,729,29 05 2026 13:01:13,10.990,10.487,2.031,3.90,8005.,0.0,0.30,626.5,0.8654,693.3,1.0780,556.6,1039.5,836.0,723.9,660.1,626.8,605.1,580.8,0.0,0.0,0.0,0.0,0.0,0.0,0.0,796.5,652.2,576.0,534.6,511.9,497.0,477.5,0.0,0.0,0.0,0.0,0.0,0.0,0.0,1036.5,785.0,650.8,571.8,531.9,502.3,454.5,44.5,42.6,41.3,40.4,39.7,39.5,39.7,143.5,147.6,148.9,150.7,155.2,160.7,165.9,1069.3,877.8,773.6,719.6,699.9,691.5,688.0,692.1,582.3,525.1,497.5,486.4,482.1,477.5,652.8,557.2,508.7,484.3,472.2,467.4,462.1,628.7,540.3,496.8,473.5,458.7,449.0,440.6,638.3,535.3,487.0,463.0,448.5,440.2,422.5,639.6,529.5,479.7,453.6,433.3,416.4,395.5,659.0,544.0,487.9,458.9,436.9,417.1,383.3,737.1,596.0,518.8,478.4,453.4,432.0,393.4,874.4,687.8,583.9,520.3,483.9,461.0,425.0,1009.7,794.2,674.2,600.5,553.7,518.7,473.5,0.8283,1.0859,1.2160,0.6398,0.8725,0.9977,0.0,0.0000,2026,0.9873,607.7,04330004RMK,9.549,9003,33.0,43.0,28.1,0.0,102.4,724.4,552.5,493.4,937.8,687.7,601.4,602.2,568.3,0.9964,1.0558,568.6,465.3,441.2,40.5,180.0,697.0,477.6,460.8,434.8,413.3,378.7,361.6,357.6,392.2,440.2,1504.6,1128.5,1502.7,47.8,139.4,1523.4,958.6,881.6,833.0,859.0,893.2,924.4,1062.8,1286.8,1485.8
FRA,26131a,F9892_26131a,FRA-9892,REVE D'O,GRAND SOLEIL 43 BC,Cantiere Del Prado,BC,2005,7060 - HORRUES (Belgique),,,,ORC,INTL,C,550,06 03 2026 09:15:28,12.950,12.093,2.380,3.92,10436.,122.2,0.29,580.6,0.9340,642.4,1.1602,517.1,960.0,770.4,669.5,616.0,581.8,557.4,530.7,0.0,0.0,0.0,0.0,0.0,0.0,0.0,732.1,599.3,532.9,499.2,478.2,463.7,445.0,0.0,0.0,0.0,0.0,0.0,0.0,0.0,958.7,723.4,602.1,533.9,496.9,468.3,424.8,44.4,42.3,40.9,39.7,38.8,38.5,38.4,142.4,146.4,148.9,150.8,160.8,172.7,178.1,973.1,796.8,710.4,673.7,654.7,644.1,636.6,628.8,528.1,483.2,466.2,458.9,454.7,450.2,590.6,504.0,467.3,451.8,444.9,440.7,436.4,562.1,486.5,454.5,438.3,428.4,422.6,415.7,566.6,488.0,452.6,433.4,420.0,409.5,396.4,601.4,495.1,449.2,426.0,408.6,396.2,380.2,617.2,505.7,454.8,429.1,409.0,391.8,363.6,688.4,553.9,482.0,446.0,423.1,403.3,366.2,820.1,644.3,544.3,484.0,451.0,430.1,393.8,946.9,744.0,628.5,558.4,509.0,470.8,424.9,0.9013,1.1684,1.3034,0.6935,0.9402,1.0840,0.0,0.0000,2026,1.0621,564.9,04330004FTF,10.960,11314,38.0,50.0,50.0,0.0,127.3,665.7,513.5,460.3,865.2,638.2,553.5,558.4,527.5,1.0745,1.1374,516.3,432.4,412.6,39.0,178.1,641.1,449.5,435.7,413.0,389.5,368.4,346.5,326.8,359.0,391.5,1392.3,1038.6,1392.6,47.1,138.9,1388.6,874.1,798.6,741.5,748.9,846.6,874.6,997.5,1208.8,1395.9
FRA,26303a,F9899_26303a,FRA-9899,JUST PLY,J 99,J COMPOSITES,JOHNSTONE,2019,29940 - LA FORÊT FOUESNANT,,,,ORC,CLUB,R,564,13 05 2026 16:59:24,9.950,9.125,2.108,3.41,3943.,0.0,0.00,616.8,0.8993,667.2,1.0909,550.0,998.2,802.6,696.0,636.3,603.9,583.6,556.0,0.0,0.0,0.0,0.0,0.0,0.0,0.0,772.0,635.5,568.3,531.8,509.6,493.3,468.2,0.0,0.0,0.0,0.0,0.0,0.0,0.0,994.9,756.3,633.3,564.8,527.9,498.1,449.6,43.0,40.8,38.9,37.1,36.6,36.3,36.5,144.9,149.2,153.2,160.1,167.3,171.8,169.1,1031.9,846.0,749.0,701.0,682.2,672.8,667.6,680.7,575.9,529.0,506.8,496.0,490.8,485.7,648.7,556.8,517.4,496.6,484.4,477.8,471.0,630.8,545.7,509.1,487.8,471.4,459.8,447.6,630.4,535.5,500.0,485.1,468.6,452.2,426.3,619.2,524.7,487.4,462.8,444.2,431.5,408.6,636.4,534.6,491.8,463.5,438.4,415.4,382.4,707.9,574.9,512.7,478.9,450.5,423.4,364.5,835.3,657.4,559.2,508.1,477.5,450.7,397.6,964.5,759.1,643.1,571.6,525.7,494.5,444.4,0.8526,1.0968,1.2296,0.6664,0.9064,1.0375,0.0,0.0000,2026,1.0067,596.0,04330004PQ2,9.100,4716,23.1,34.3,26.0,92.4,0.0,703.7,547.0,488.0,900.4,662.0,578.3,594.9,556.3,1.0085,1.0785,530.0,445.9,427.9,37.4,146.1,673.7,485.1,468.9,440.8,410.6,390.0,356.3,301.4,334.6,386.3,1438.0,1091.8,1434.9,45.6,141.2,1469.3,941.1,880.0,842.3,869.2,861.1,889.5,1014.4,1218.3,1406.8
FRA,26074a,F99A_26074a,FRA-99 A,SOLANO,SWAN 44,Nautor,S & S,1972,1180 UCCLE -  BELGIQUE,,,,ORC,CLUB,C,755,02 03 2026 19:46:38,13.442,10.848,2.243,3.78,12333.,0.0,0.55,619.7,0.8843,678.5,1.0870,552.0,1007.8,818.4,712.8,648.4,611.4,587.9,562.6,0.0,0.0,0.0,0.0,0.0,0.0,0.0,778.4,643.3,571.1,531.2,509.2,494.7,476.7,0.0,0.0,0.0,0.0,0.0,0.0,0.0,1004.5,769.9,642.9,567.1,528.5,500.0,457.1,43.6,41.4,40.2,39.6,39.0,38.8,38.7,143.8,148.0,152.4,156.9,163.5,168.9,177.7,1041.3,862.3,767.9,718.0,695.8,683.9,675.4,681.8,580.4,526.4,500.1,488.2,482.7,478.3,647.7,556.9,510.4,487.1,475.7,470.4,465.8,626.8,541.4,498.9,476.7,464.0,456.0,448.5,638.2,542.2,491.8,470.5,460.0,448.9,433.6,629.2,524.4,477.6,454.9,439.5,427.6,412.6,643.7,534.5,482.7,457.1,439.1,423.4,397.9,714.5,581.9,508.9,472.2,450.6,432.7,400.2,843.9,670.6,570.9,508.3,473.8,452.8,419.1,974.4,774.4,657.7,578.8,527.0,491.9,449.8,0.8441,1.0942,1.2206,0.6571,0.8892,1.0269,0.0,0.0000,2026,0.9983,601.0,04330004FCB,9.750,13449,37.6,40.5,64.3,144.2,142.0,710.8,548.3,491.6,913.1,674.8,584.3,598.6,559.5,1.0023,1.0725,547.9,465.4,445.6,39.1,177.2,676.6,477.1,463.7,444.0,424.1,403.2,385.7,375.7,389.1,419.3,1443.9,1089.6,1441.3,46.5,141.1,1469.0,931.2,861.2,816.5,841.8,873.7,897.9,1018.8,1228.6,1418.7
FRA,26066b,F9902_26066b,FRA-9902,ADAMASTOR,SAFFIER SE 33,saffier yachts,Peter Bosgraaf,2016,56470 - LA TRINITE SUR MER,,,,ORC,CLUB,C,539,02 04 2026 14:51:06,9.679,8.928,1.684,2.88,2791.,0.0,0.18,613.7,0.8763,684.7,1.0912,549.9,987.5,795.7,704.6,659.2,633.6,613.7,579.9,0.0,0.0,0.0,0.0,0.0,0.0,0.0,754.7,624.9,566.1,534.6,514.0,497.5,469.8,0.0,0.0,0.0,0.0,0.0,0.0,0.0,987.5,749.4,636.4,571.9,534.4,500.6,445.0,43.9,41.5,39.7,39.4,39.2,39.0,39.4,142.8,146.8,149.4,152.5,157.0,159.5,144.5,987.7,815.8,752.4,728.7,717.4,709.1,706.1,641.3,550.1,519.3,508.4,503.5,498.6,493.8,605.4,531.6,503.4,492.3,486.4,481.5,474.4,581.1,519.1,489.8,471.2,461.5,455.5,443.2,588.1,520.1,487.7,462.9,443.6,430.7,416.4,624.6,523.6,480.8,449.0,424.3,408.6,380.5,641.6,532.3,486.5,452.0,420.6,390.7,351.3,718.8,577.4,511.7,475.0,441.7,408.2,337.9,855.0,671.8,568.8,512.8,480.9,452.8,392.9,987.3,775.7,656.8,589.7,549.7,518.2,453.7,0.8698,1.0959,1.2214,0.6729,0.8832,0.9901,0.0,0.0000,2026,1.0026,598.5,04330004K71,8.663,3520,19.4,28.9,19.0,0.0,71.6,689.8,547.5,491.2,891.7,679.3,606.0,595.1,557.5,1.0083,1.0763,541.5,444.1,418.8,41.3,142.0,724.7,496.6,474.9,438.1,401.2,357.1,322.1,273.8,310.2,358.2,1421.2,1063.8,1423.8,46.5,139.6,1394.6,882.0,809.8,759.0,773.1,882.4,911.3,1037.6,1253.8,1447.7
FRA,26255a,F9904_26255a,FRA-9904,SKIPPI,SKIPPI 650 RACE,Skipper Yachts,Wojciech Spisak,2001,74290 - ALEX,,,,ORC,CLUB,S,329,13 05 2026 08:52:47,6.565,6.378,1.315,2.50,794.,0.0,0.00,694.5,0.7836,765.7,0.9679,619.9,1112.0,903.5,796.5,737.1,702.2,678.7,620.0,0.0,0.0,0.0,0.0,0.0,0.0,0.0,860.4,717.9,646.7,603.1,573.5,550.1,502.1,0.0,0.0,0.0,0.0,0.0,0.0,0.0,1105.7,851.2,722.4,644.1,595.6,553.3,470.6,43.0,41.2,38.8,37.2,37.0,37.1,38.3,144.2,148.7,151.8,164.4,177.2,176.6,137.7,1174.2,970.8,868.3,818.8,804.9,800.1,807.7,775.3,659.8,614.2,588.8,575.9,569.2,564.3,739.4,640.1,599.4,571.3,553.2,544.7,535.8,719.5,629.5,586.8,553.1,525.9,508.2,490.5,691.3,600.6,554.2,527.8,509.6,488.1,446.5,682.5,592.2,536.4,490.3,452.9,427.6,386.7,699.1,602.8,547.6,497.5,446.6,402.4,343.9,771.6,639.5,580.1,531.3,484.2,432.1,309.6,909.1,724.2,629.1,580.0,538.3,499.6,374.3,1049.7,836.2,724.7,655.5,599.5,557.3,432.2,0.7603,0.9680,1.1153,0.5954,0.7873,0.9056,0.0,0.0000,2026,0.8913,673.2,04330004POA,6.515,1210,10.2,16.4,9.5,0.0,35.1,789.2,619.8,538.0,1007.7,762.1,662.5,680.7,622.2,0.8814,0.9643,568.4,467.8,434.3,40.0,143.3,823.1,565.2,534.6,482.6,425.3,350.0,299.0,250.2,271.6,313.6,1587.5,1206.1,1580.2,45.6,140.4,1659.9,1064.9,997.3,956.6,951.9,935.4,964.8,1089.6,1312.1,1515.0
FRA,26316a,F9908_26316a,FRA-9908,NARU,Italia 9.98F,Italia Yachts,Matteo POLLI,2014,44380 - PORNICHET,,,,ORC,CLUB,C,608,19 05 2026 14:33:37,10.300,9.472,1.907,3.54,4614.,0.0,0.19,629.4,0.8608,697.0,1.0700,560.8,1032.0,832.0,723.0,664.4,635.1,615.9,593.1,0.0,0.0,0.0,0.0,0.0,0.0,0.0,791.0,650.0,578.9,540.8,519.0,503.4,481.6,0.0,0.0,0.0,0.0,0.0,0.0,0.0,1025.6,780.4,651.5,577.8,539.4,507.8,456.2,44.5,42.4,40.8,39.7,39.3,40.1,40.9,143.2,147.3,149.4,152.3,157.2,161.4,160.1,1095.2,896.2,793.1,741.5,722.7,714.8,716.0,708.3,595.7,540.6,513.6,501.6,496.4,493.1,667.3,569.0,523.0,499.1,486.3,480.4,475.2,641.9,551.0,510.0,486.8,470.2,458.7,448.0,633.3,534.4,493.4,475.0,463.4,449.2,425.2,618.5,520.8,479.8,452.4,431.0,416.6,394.7,634.3,529.3,485.1,455.3,429.4,406.1,370.5,707.5,573.4,508.8,475.1,446.8,420.2,365.9,839.0,664.9,565.5,510.5,480.7,456.6,411.4,968.7,767.7,652.9,587.4,547.6,516.9,470.1,0.8328,1.0770,1.2021,0.6438,0.8688,0.9802,0.0,0.0000,2026,0.9821,611.0,04330004QC3,8.792,5451,24.9,36.8,28.6,0.0,96.9,720.5,557.1,499.1,932.0,690.6,612.1,612.4,564.1,0.9798,1.0637,571.8,463.6,437.5,43.0,141.6,738.9,496.7,477.5,443.9,412.9,376.3,344.7,300.8,350.5,404.7,1488.1,1122.7,1480.2,47.0,139.5,1567.6,989.3,912.4,860.7,884.2,862.8,889.6,1009.6,1220.0,1408.7
FRA,26167a,F9911_26167a,FRA-9911,CHAMAN J,J 111 !,J-COMPOSITE,JOHNSTONE Rodney,2010,66700 - ARGELES SUR MER,,,,ORC,CLUB,C,699,20 03 2026 10:18:37,11.121,10.470,2.203,3.30,4505.,0.0,0.18,571.7,0.9585,626.0,1.1762,510.1,928.2,744.3,646.5,598.7,574.7,555.6,515.0,0.0,0.0,0.0,0.0,0.0,0.0,0.0,714.9,586.3,525.7,494.3,474.9,458.9,429.0,0.0,0.0,0.0,0.0,0.0,0.0,0.0,923.8,700.4,587.2,525.9,492.1,463.3,412.3,42.7,40.8,38.7,37.1,36.7,36.4,36.3,142.3,145.8,149.4,153.2,154.1,151.2,143.9,972.2,788.0,696.9,660.4,644.7,635.5,626.2,637.9,533.8,491.2,474.4,466.7,461.8,455.9,605.2,515.6,480.0,463.0,453.9,448.3,441.4,585.7,504.6,471.8,451.8,437.5,428.0,417.0,582.5,494.5,468.3,450.8,432.1,416.1,393.7,564.0,479.7,445.4,422.9,407.1,392.9,367.3,575.8,483.5,445.8,416.8,392.1,373.4,341.0,642.8,517.3,465.8,432.2,401.9,370.3,306.4,765.7,606.7,516.2,468.0,439.0,412.3,349.7,884.1,700.5,596.1,536.9,504.6,475.7,403.8,0.9222,1.1821,1.3283,0.7175,0.9666,1.1006,0.0,0.0000,2026,1.0833,553.9,04330004ID7,10.347,5473,26.0,37.7,31.5,0.0,130.3,650.6,507.6,451.7,836.2,620.7,545.2,554.2,513.3,1.0827,1.1690,474.1,404.1,386.8,37.2,144.6,631.2,454.9,440.2,411.2,380.6,345.2,313.3,266.8,274.6,317.0,1340.8,1017.8,1335.2,45.7,139.3,1396.2,890.1,828.0,788.2,815.3,794.0,819.4,920.3,1113.1,1285.3
FRA,26040a,F9912_26040a,FRA-9912,MULLOVER,RANGER 32,RDC Oceanica,GARY MULL,1977,79160 - FAYE-SUR-ARDIN,,,,ORC,CLUB,C,499,02 03 2026 08:06:10,9.880,8.092,1.769,3.07,4690.,0.0,0.55,737.9,0.7495,800.6,0.9212,651.3,1244.9,989.6,850.2,760.9,706.4,674.9,645.2,0.0,0.0,0.0,0.0,0.0,0.0,0.0,962.7,777.7,679.7,623.5,590.5,570.3,545.6,0.0,0.0,0.0,0.0,0.0,0.0,0.0,1238.6,929.8,765.5,665.8,612.6,576.9,523.5,44.3,42.5,41.3,40.4,39.3,39.0,38.7,147.9,151.4,153.2,159.1,165.1,171.3,177.7,1307.5,1062.5,933.9,854.0,806.5,783.8,772.9,849.1,706.1,630.9,589.9,567.1,554.3,546.6,804.2,674.7,608.0,573.5,553.5,541.3,531.5,780.8,655.8,591.6,559.6,540.7,527.2,509.5,787.7,645.7,576.9,545.5,530.1,522.2,498.2,766.6,629.4,564.4,533.1,511.9,493.6,469.1,793.1,646.1,571.7,536.0,512.8,491.8,455.1,886.9,703.3,602.4,553.2,525.2,502.5,459.2,1023.9,794.8,665.9,589.3,548.9,523.8,481.7,1182.3,916.7,766.5,667.8,606.3,566.0,517.5,0.6895,0.9276,1.0599,0.5370,0.7537,0.8933,0.0,0.0000,2026,0.8456,709.5,04330004FB4,7.103,5381,21.2,19.0,30.5,68.3,0.0,870.2,646.8,566.1,1117.3,796.1,671.7,710.1,658.8,0.8450,0.9107,631.3,532.3,508.2,39.4,176.8,783.1,546.9,529.5,502.2,480.0,455.6,436.6,427.6,444.1,479.4,1839.0,1396.4,1831.9,46.8,145.1,1909.1,1209.4,1123.8,1077.9,1117.2,1087.0,1132.8,1295.0,1531.9,1768.9
FRA,26161a,F9913_26161a,FRA-9913,FESTINA LENTE IV,FINNSAILER 34,Fiskars,Hans GROOP,1978,34140 - MEZE,,,,ORC,CLUB,C,514,05 05 2026 22:41:52,10.202,8.285,1.519,3.43,6790.,0.0,0.72,734.7,0.7436,806.9,0.9224,650.5,1233.2,989.3,856.9,770.9,715.1,680.8,651.4,0.0,0.0,0.0,0.0,0.0,0.0,0.0,945.0,771.7,679.4,625.1,591.6,570.1,546.5,0.0,0.0,0.0,0.0,0.0,0.0,0.0,1222.6,926.0,768.0,670.0,614.2,575.4,521.6,45.6,43.8,42.6,41.9,41.3,40.8,41.0,147.8,152.1,154.1,159.9,165.9,174.5,178.6,1339.9,1096.0,969.6,890.3,837.0,806.7,792.2,859.7,718.2,643.6,598.5,572.0,557.0,546.5,808.5,682.7,615.0,576.8,554.9,541.8,529.6,779.3,659.2,590.7,556.8,539.5,526.4,509.1,739.0,618.5,558.7,530.3,513.7,502.0,488.4,731.6,608.0,550.3,522.5,502.7,484.8,455.6,754.1,624.5,558.7,527.4,506.2,486.8,453.3,834.1,677.8,588.1,543.3,518.2,497.9,460.4,975.7,765.7,647.3,576.5,539.6,517.0,479.3,1126.6,882.7,744.2,651.5,593.1,554.9,510.5,0.6990,0.9273,1.0589,0.5399,0.7464,0.8845,0.0,0.0000,2026,0.8447,710.3,04330004OM7,6.956,7497,25.7,26.6,25.1,77.7,65.5,858.4,647.0,566.6,1111.3,803.9,678.3,716.8,648.4,0.8371,0.9254,637.7,533.9,507.3,42.1,178.1,799.2,544.3,525.8,499.1,478.6,440.6,431.5,433.7,447.3,476.3,1804.1,1355.1,1790.0,48.0,141.7,1945.5,1220.3,1122.3,1064.7,1022.8,1017.0,1053.2,1200.6,1440.0,1662.7
FRA,26042a,F9915_26042a,FRA-9915,LEVENEZ,ONE OFF,GORBON YACHT,GORBON Fatih,1993,83390 - PUGET-VILLE,,,,ORC,CLUB,C,681,04 03 2026 20:43:58,12.495,10.359,2.419,3.90,7475.,0.0,0.08,598.7,0.9196,652.5,1.1280,531.9,987.9,793.8,685.0,622.2,586.0,561.7,534.3,0.0,0.0,0.0,0.0,0.0,0.0,0.0,760.8,622.1,551.0,512.3,489.5,473.2,450.8,0.0,0.0,0.0,0.0,0.0,0.0,0.0,985.7,746.7,619.1,545.8,507.9,478.6,432.8,43.4,41.2,39.7,38.0,37.3,36.9,36.7,143.1,147.1,148.0,155.5,164.4,175.4,177.7,1009.6,825.6,728.1,677.1,653.3,641.4,632.7,662.5,556.9,506.6,483.1,471.0,465.0,459.5,629.4,536.0,493.8,472.9,460.9,453.7,447.1,609.3,523.6,485.1,464.6,450.7,440.3,427.5,623.5,521.0,477.2,456.6,446.2,434.1,411.9,610.7,507.6,465.2,441.2,421.6,405.3,385.3,626.0,516.7,469.8,443.6,421.1,400.4,367.4,704.8,563.7,494.4,460.0,435.5,412.5,370.6,836.8,659.8,555.8,496.1,463.9,441.0,398.8,966.2,761.9,641.8,567.3,518.6,481.9,435.9,0.8677,1.1350,1.2796,0.6735,0.9254,1.0763,0.0,0.0000,2026,1.0359,579.2,04330004FL4,10.044,8455,31.7,43.2,48.6,112.2,130.5,691.5,528.6,468.9,890.9,648.4,557.5,574.2,542.5,1.0449,1.1059,515.2,433.8,416.2,37.2,176.6,633.3,457.5,443.6,420.0,396.7,370.3,347.4,323.8,360.3,397.1,1423.7,1076.4,1422.1,46.1,140.4,1439.1,916.1,851.9,810.8,837.3,862.6,889.6,1013.3,1219.6,1408.3
FRA,26101a,F9916_26101a,FRA-9916,ROB ROY II,DUFOUR 54 Prestige,DUFOUR YACHTS,MORTAIN & MAVRIKIOS,1989,66000 - PERPIGNAN,,,,ORC,CLUB,C,1008,25 03 2026 23:58:51,15.984,13.480,2.980,4.99,17004.,0.0,0.32,552.0,0.9886,606.9,1.2231,490.5,913.1,734.4,635.1,577.8,547.7,528.1,502.8,0.0,0.0,0.0,0.0,0.0,0.0,0.0,700.9,574.3,507.4,471.3,451.8,438.3,419.9,0.0,0.0,0.0,0.0,0.0,0.0,0.0,912.3,690.9,572.3,503.1,468.8,443.1,403.7,43.2,41.0,39.6,38.3,37.4,37.0,36.9,141.7,145.8,148.0,150.4,153.0,157.3,163.7,921.7,755.5,667.8,621.8,601.8,590.7,579.7,603.5,508.9,461.1,439.5,429.7,424.6,419.2,572.2,488.3,447.9,428.9,419.2,414.3,408.7,551.8,475.2,439.0,420.3,409.3,401.9,393.6,562.8,481.1,437.4,417.0,405.7,395.4,380.3,571.6,471.5,426.5,404.4,389.3,376.8,361.0,585.5,480.7,431.7,407.1,389.5,373.9,347.6,655.7,526.6,458.2,423.2,402.1,384.8,351.9,783.4,617.8,521.7,462.4,429.5,409.6,379.9,904.6,713.4,602.4,533.7,493.6,465.5,425.8,0.9410,1.2319,1.3800,0.7283,0.9960,1.1461,0.0,0.0000,2026,1.1214,535.0,04330004J1C,12.507,18554,51.9,67.9,79.9,0.0,196.2,637.6,487.1,434.8,823.8,602.4,523.5,527.6,504.1,1.1371,1.1902,487.2,407.1,391.4,37.0,162.3,576.4,416.7,405.6,388.0,370.7,348.5,333.2,323.2,351.7,398.0,1322.2,994.0,1322.9,46.4,138.6,1315.1,834.0,771.3,729.0,751.0,805.9,832.9,948.5,1151.1,1329.2
FRA,26129a,F9917_26129a,FRA-9917,AXIS,FIRST 45F5,BENETEAU,FARR,1991,14340 - MANERBE,,,,ORC,CLUB,C,820,01 04 2026 22:16:03,13.720,11.711,2.185,4.23,10570.,0.0,0.29,592.4,0.9189,652.9,1.1414,525.7,989.7,791.8,683.4,621.0,587.9,566.3,541.1,0.0,0.0,0.0,0.0,0.0,0.0,0.0,756.4,617.1,544.3,504.9,483.1,468.2,447.6,0.0,0.0,0.0,0.0,0.0,0.0,0.0,987.2,743.7,614.7,539.4,501.5,473.3,428.6,44.8,42.6,40.9,39.5,38.8,38.3,38.6,142.6,146.7,149.1,150.8,154.3,159.7,165.3,1014.9,826.8,727.6,674.3,651.3,639.5,631.6,654.6,548.0,495.4,470.8,458.9,453.2,448.3,615.6,523.2,479.7,458.9,447.5,441.4,435.8,590.3,507.0,468.7,448.9,436.4,427.4,417.0,601.9,511.9,463.9,441.0,427.6,419.8,401.8,610.0,502.1,455.0,431.1,413.1,397.1,372.2,627.1,514.0,461.6,435.0,415.4,397.0,362.9,701.2,563.6,490.1,452.7,429.7,410.3,372.3,835.4,655.4,553.6,492.0,457.9,436.6,403.3,964.6,756.8,639.3,567.7,524.6,493.2,450.5,0.8737,1.1496,1.2925,0.6736,0.9262,1.0671,0.0,0.0000,2026,1.0454,574.0,04330004K3K,10.760,11761,38.4,52.8,53.2,0.0,117.0,686.7,521.9,464.2,890.7,647.8,562.3,567.6,538.3,1.0571,1.1146,526.7,433.7,412.8,39.3,175.8,634.2,446.8,433.0,411.0,389.0,357.2,337.5,336.7,370.5,419.3,1440.0,1078.8,1438.4,47.4,139.0,1456.2,916.0,840.3,788.5,811.3,860.5,890.2,1018.0,1233.1,1423.9
FRA,26264b,F9919_26264b,FRA-9919,BURRIANA,COMET 36,Comar Yachts,Lupoli,2001,20000 - AJACCIO,,,,ORC,CLUB,C,581,12 05 2026 07:29:13,10.650,9.245,2.152,3.58,5678.,0.0,0.21,637.4,0.8626,695.6,1.0553,568.6,1035.2,837.4,729.0,664.3,627.5,604.7,581.0,0.0,0.0,0.0,0.0,0.0,0.0,0.0,797.2,657.5,587.4,548.6,526.2,511.2,491.0,0.0,0.0,0.0,0.0,0.0,0.0,0.0,1031.0,787.2,659.1,584.2,545.8,516.9,470.8,43.7,41.5,39.9,38.4,37.6,37.6,37.8,143.4,147.6,149.0,157.7,169.6,177.2,178.1,1077.5,887.2,787.2,733.6,710.8,700.8,697.1,704.7,597.1,545.6,521.0,509.2,504.2,500.6,668.4,573.8,531.0,509.6,498.0,492.2,487.4,646.8,559.1,520.5,499.9,486.4,476.8,466.8,647.4,546.7,505.9,486.9,477.2,469.2,449.1,633.2,534.0,494.8,471.5,452.3,436.2,417.1,650.0,543.5,499.9,474.4,452.2,431.3,399.8,726.2,589.3,523.0,490.9,467.3,444.3,402.5,860.0,682.0,580.9,524.0,493.9,472.0,430.0,993.0,787.5,670.7,595.0,544.2,508.5,464.9,0.8250,1.0620,1.1825,0.6408,0.8682,0.9975,0.0,0.0000,2026,0.9707,618.1,04330004PIA,8.766,6488,25.2,31.7,36.2,81.5,98.0,727.3,565.0,507.4,936.3,691.1,601.5,616.1,574.6,0.9739,1.0441,566.8,478.2,457.4,39.0,177.4,707.4,501.2,486.3,461.8,437.2,403.7,383.1,365.7,392.6,426.1,1489.1,1125.3,1484.8,46.4,139.4,1531.7,972.5,902.8,857.5,883.4,883.3,910.4,1036.5,1252.7,1446.5
FRA,26314a,F9920_26314a,FRA-9920,KOKOMO,SWAN 58,Swan,German FRERS,2019,BELGIUM,,,,ORC,CLUB,C,640,09 08 2026 21:23:24,17.942,17.043,2.662,5.27,24118.,0.0,0.22,490.6,1.0837,553.6,1.3678,438.7,806.9,658.1,579.9,531.0,503.1,485.6,460.5,0.0,0.0,0.0,0.0,0.0,0.0,0.0,606.5,504.5,454.3,424.7,407.0,394.4,375.2,0.0,0.0,0.0,0.0,0.0,0.0,0.0,805.2,615.2,517.3,456.1,422.4,397.0,357.6,46.7,44.3,41.8,41.1,40.7,40.4,40.2,141.2,142.6,145.9,150.8,152.8,154.6,151.4,823.9,692.7,634.2,597.4,577.7,565.9,553.5,521.3,448.3,419.7,402.9,393.1,387.1,380.5,481.2,420.5,398.0,386.6,378.4,373.3,367.2,449.1,397.1,377.2,367.4,361.5,357.0,348.5,446.2,392.6,369.7,356.7,347.8,341.0,330.7,481.1,411.2,376.5,356.6,344.7,332.5,310.6,517.2,421.6,377.1,354.2,336.0,322.5,302.8,571.5,455.8,397.3,367.3,346.0,326.2,289.3,684.1,540.0,455.1,402.7,373.0,353.4,318.6,789.9,623.5,525.5,464.6,428.5,405.2,367.6,1.0802,1.3736,1.5371,0.8191,1.0891,1.2486,0.0,0.0000,2026,1.2471,481.1,04330004W7A,14.769,25472,70.3,107.7,96.1,0.0,341.8,555.5,436.8,390.3,732.5,550.9,480.5,477.9,441.4,1.2555,1.3592,441.7,361.3,344.1,41.0,146.2,556.5,379.1,366.2,344.0,322.2,295.3,286.1,257.4,283.1,326.8,1164.0,852.5,1163.5,49.3,138.4,1169.1,725.5,650.7,586.1,578.1,638.6,715.2,827.8,1003.6,1158.9
FRA,26328a,F9923_26328a,FRA-9923,SABRISA,ALPHENA ONE,LATITUDE YACHTS,LE BIHAN Tanguy,2008,20145 - SOLENZARA,,,,ORC,CLUB,S,489,02 07 2026 22:30:12,8.490,8.291,1.619,2.35,1700.,0.0,0.00,644.2,0.8430,711.7,1.0460,573.6,1059.1,845.9,733.5,680.4,653.3,632.6,588.5,0.0,0.0,0.0,0.0,0.0,0.0,0.0,812.4,663.5,592.6,555.6,531.5,512.0,478.3,0.0,0.0,0.0,0.0,0.0,0.0,0.0,1053.7,794.8,663.9,593.1,552.0,515.2,452.4,44.2,42.3,40.0,38.2,37.8,38.0,38.6,142.8,146.7,150.3,153.4,157.2,151.2,142.8,1112.9,901.8,796.4,752.8,738.8,732.6,733.5,724.1,601.9,553.9,533.7,525.5,521.1,518.1,684.6,578.5,539.6,519.1,508.6,502.6,497.5,661.4,565.4,528.0,503.0,483.9,472.6,461.1,648.3,550.3,515.4,497.0,473.7,451.6,423.3,638.3,538.8,494.3,459.9,434.2,414.9,383.5,655.6,548.3,500.7,460.0,422.4,389.7,348.9,731.8,590.0,528.7,487.9,448.2,406.3,325.3,870.5,684.2,580.8,529.7,494.9,461.6,384.1,1005.2,790.1,670.5,608.1,567.9,532.7,443.5,0.8131,1.0509,1.1899,0.6299,0.8509,0.9658,0.0,0.0000,2026,0.9615,624.0,04330004UMK,8.080,2356,14.9,21.5,15.2,0.0,51.5,737.9,570.9,504.2,952.5,705.1,621.2,626.9,577.8,0.9572,1.0384,550.0,454.6,427.4,40.8,142.5,760.5,523.6,501.5,456.8,410.4,365.0,322.1,268.8,294.0,339.4,1540.1,1164.6,1533.4,46.3,139.7,1606.7,1021.7,949.1,903.1,917.5,898.3,927.9,1055.7,1276.0,1473.4
FRA,26388a,F9925_26388a,FRA-9925,ARIA,DEHLER 44 SQ,DEHLER YACHTBAU,SIMONIS & VOOGD,2006,20200 - BASTIA,,,,ORC,CLUB,C,929,21 08 2026 20:30:05,13.698,12.533,2.539,3.86,9715.,0.0,0.19,558.3,0.9715,617.6,1.2081,496.7,926.5,741.2,642.2,589.2,560.5,541.0,515.5,0.0,0.0,0.0,0.0,0.0,0.0,0.0,707.1,577.4,512.5,478.7,458.9,444.7,424.3,0.0,0.0,0.0,0.0,0.0,0.0,0.0,924.6,696.2,578.2,511.5,476.4,448.7,405.0,43.6,41.4,39.9,38.9,38.3,38.0,37.9,141.5,145.1,148.9,151.4,154.7,159.9,162.6,945.7,769.6,682.6,643.6,625.9,615.7,606.4,616.0,516.5,469.2,449.6,441.2,436.2,430.7,581.9,495.3,455.2,437.3,428.7,423.8,417.8,558.7,478.6,443.3,426.7,414.7,406.8,397.3,550.2,470.4,435.3,415.7,401.5,391.5,379.3,568.2,471.2,430.0,406.1,387.2,374.3,354.6,585.1,480.2,435.3,409.8,387.8,368.2,336.6,655.8,526.2,460.5,427.9,404.5,382.7,338.6,785.8,617.3,521.1,463.9,432.9,412.0,374.4,907.4,712.8,601.7,534.8,495.2,466.3,424.6,0.9342,1.2165,1.3618,0.7195,0.9798,1.1187,0.0,0.0000,2026,1.1071,542.0,04330004WMA,11.649,11029,39.4,62.1,46.9,0.0,130.7,642.3,493.2,440.6,833.9,612.4,536.3,536.8,506.6,1.1177,1.1844,498.3,408.2,390.0,39.3,146.2,610.3,429.6,416.0,392.4,369.0,332.5,316.2,292.3,334.6,386.3,1350.0,1011.0,1348.6,46.7,138.1,1363.6,862.3,796.1,751.2,748.1,801.3,832.8,952.2,1157.4,1336.4
FRA,26389a,F9926_26389a,FRA-9926,MANURAU,SWAN 43,Nautors,Sparkman&Stephens,1969,06400 - CANNES,,,,ORC,CLUB,C,667,25 08 2026 13:41:48,13.050,10.104,2.179,3.55,10709.,0.0,0.43,628.8,0.8726,687.6,1.0710,560.2,1020.5,831.4,721.1,657.3,620.6,595.0,567.3,0.0,0.0,0.0,0.0,0.0,0.0,0.0,789.0,653.4,579.1,539.6,517.3,501.8,482.0,0.0,0.0,0.0,0.0,0.0,0.0,0.0,1018.0,782.4,651.2,575.5,536.8,507.2,463.2,43.3,41.1,40.0,39.3,38.6,38.2,38.2,144.3,148.0,147.2,155.7,162.8,174.5,178.3,1045.6,870.6,776.5,727.1,703.9,690.5,678.4,688.6,588.8,536.3,509.4,496.6,490.8,485.2,657.1,567.1,521.0,497.3,485.2,479.2,473.2,639.2,554.0,510.6,487.8,474.6,465.7,455.7,651.6,553.8,502.5,481.3,470.3,458.6,441.3,636.5,532.4,485.4,462.7,446.5,434.1,417.3,650.2,539.6,489.0,463.7,444.6,427.2,402.9,728.9,586.7,511.8,477.4,455.6,436.1,402.5,862.1,686.0,576.5,513.1,480.8,460.2,424.4,995.5,792.1,665.7,587.4,537.4,499.6,456.2,0.8319,1.0779,1.2042,0.6480,0.8773,1.0151,0.0,0.0000,2026,0.9834,610.2,04330004WOI,9.270,11702,33.8,36.4,63.1,0.0,151.4,721.2,556.6,498.3,925.9,683.9,591.1,607.4,567.9,0.9879,1.0565,549.7,469.0,450.3,38.2,178.1,676.2,482.9,469.9,449.1,428.3,406.0,391.0,379.0,395.2,423.2,1453.0,1099.9,1452.1,46.2,138.4,1463.0,930.7,865.1,826.1,854.4,893.9,918.7,1038.7,1249.7,1443.1
FRA,26132a,F9939_26132a,FRA-9939,CASH A L'EAU,JPK 39 FC Q,JPK COMPOSITES,VALER Jacques,2022,78490 - GROSROUVRE,,,,ORC,CLUB,C,768,24 03 2026 12:36:53,11.625,11.104,2.176,4.00,5848.,0.0,0.18,564.8,0.9594,625.4,1.1915,503.6,923.1,743.3,648.5,600.7,570.5,548.4,521.1,0.0,0.0,0.0,0.0,0.0,0.0,0.0,707.2,582.6,520.8,488.1,465.9,449.4,424.9,0.0,0.0,0.0,0.0,0.0,0.0,0.0,922.0,699.5,585.8,521.6,484.7,453.2,402.4,44.3,42.1,40.1,38.9,39.1,38.8,39.0,142.6,146.2,149.0,151.6,161.2,172.3,174.5,934.3,767.6,687.7,656.9,641.9,633.1,629.8,604.8,513.1,473.9,458.5,451.4,448.0,442.6,569.8,494.3,461.5,445.1,437.3,432.9,425.3,548.9,482.8,452.7,432.3,417.4,409.6,398.2,559.4,486.9,452.7,430.0,410.2,393.9,375.8,584.8,485.4,441.7,411.4,387.3,370.6,345.2,597.6,492.8,446.6,415.1,387.4,360.5,320.3,664.1,534.7,470.6,435.8,406.4,378.9,319.2,789.8,622.7,527.7,472.5,441.8,416.2,366.2,912.0,719.0,609.4,544.5,499.1,463.6,412.4,0.9303,1.1968,1.3503,0.7201,0.9662,1.1036,0.0,0.0000,2026,1.0929,549.0,04330004IPC,10.719,6919,32.8,41.9,37.8,120.7,132.9,645.0,501.3,444.3,833.2,621.0,543.7,545.0,513.3,1.1009,1.1690,493.2,402.6,380.5,40.1,138.6,636.7,442.3,423.1,391.0,362.2,323.3,293.3,253.9,302.9,349.8,1327.9,996.7,1328.6,46.8,139.2,1320.9,833.9,764.3,717.2,735.8,825.9,849.5,956.3,1156.0,1334.8
FRA,26166a,F9944_26166a,FRA-9944,DIAMOND HEAD,SHAMROCK 950 MK2,KL NAUTIC,BRETECHET Giles,1991,50760 - MONTFARVILLE,,,,ORC,CLUB,C,516,24 03 2026 23:30:03,9.510,8.613,1.679,2.49,2350.,0.0,0.15,647.7,0.8445,710.5,1.0416,576.0,1074.0,852.9,737.4,678.4,643.8,621.6,591.4,0.0,0.0,0.0,0.0,0.0,0.0,0.0,821.1,668.6,595.0,556.5,532.2,514.3,486.3,0.0,0.0,0.0,0.0,0.0,0.0,0.0,1075.2,803.2,667.5,593.8,552.8,518.5,460.7,43.9,41.5,39.3,38.3,38.5,38.5,39.0,144.9,148.9,152.5,158.8,166.2,171.8,169.6,1062.0,866.9,775.4,743.9,731.0,724.1,721.3,691.5,585.1,541.3,524.7,517.6,513.1,508.3,654.6,564.4,527.4,509.7,501.6,495.9,488.8,634.1,551.4,516.7,493.7,478.3,469.8,457.5,648.9,555.1,516.1,490.0,467.6,450.3,429.0,672.4,555.2,507.9,475.2,449.1,429.6,401.3,698.5,571.2,516.2,480.6,449.8,421.0,372.7,788.9,628.3,547.7,506.1,472.9,441.5,371.8,940.5,726.5,607.1,540.9,503.6,472.6,412.2,1086.0,838.9,699.4,612.9,556.5,519.0,461.5,0.8055,1.0479,1.1804,0.6228,0.8523,0.9743,0.0,0.0000,2026,0.9565,627.3,04330004IRT,8.336,3048,18.0,25.4,23.7,49.6,0.0,744.9,572.6,508.3,963.4,704.0,615.8,622.1,589.1,0.9645,1.0185,568.6,465.5,439.3,40.8,152.3,738.3,509.8,489.3,451.8,415.1,384.6,342.5,302.9,346.1,399.0,1573.2,1178.8,1578.2,46.4,141.5,1523.2,967.1,897.8,855.1,884.4,957.1,999.3,1155.2,1405.7,1623.1
FRA,26158a,F45761_26158a,FRA45761,COCONUX,X 332,X-YACHTS,JEPPESEN Nielsen,1994,56570 - LOCMIQUELIC,,,,ORC,CLUB,C,582,06 03 2026 09:48:43,9.978,9.080,1.814,3.28,4370.,0.0,0.07,643.4,0.8538,702.8,1.0455,573.9,1047.3,842.2,731.0,671.0,637.3,616.4,591.4,0.0,0.0,0.0,0.0,0.0,0.0,0.0,805.8,663.4,591.2,553.9,531.9,516.8,495.6,0.0,0.0,0.0,0.0,0.0,0.0,0.0,1046.3,793.3,662.3,590.3,552.0,521.7,472.8,43.5,41.4,39.7,38.7,38.3,38.3,38.6,145.3,150.1,153.4,160.1,167.1,175.4,176.8,1057.6,872.7,778.7,741.5,727.4,721.2,719.8,692.5,589.0,541.3,521.7,514.3,510.4,506.9,657.3,567.5,527.4,508.6,500.2,495.7,490.8,636.6,553.8,517.3,496.3,482.7,474.7,465.8,649.7,557.2,513.9,494.2,476.2,461.5,443.0,655.6,549.1,505.0,478.5,458.1,443.7,424.3,679.1,563.6,511.8,482.0,457.3,435.6,403.0,759.3,614.0,538.4,500.3,472.6,447.2,399.0,898.1,703.1,593.9,532.0,498.1,472.2,425.0,1037.0,811.8,683.3,600.6,547.1,511.7,463.0,0.8168,1.0527,1.1704,0.6351,0.8610,0.9800,0.0,0.0000,2026,0.9617,623.9,04330004FTV,8.596,5169,23.8,35.4,31.4,76.3,0.0,734.6,570.0,512.6,944.7,696.9,612.2,620.4,583.0,0.9672,1.0292,578.4,481.8,458.4,40.0,170.3,736.5,508.4,491.5,461.6,433.3,415.1,382.2,344.7,376.3,420.2,1510.1,1135.5,1511.8,46.3,139.0,1493.7,948.9,881.3,839.1,863.9,911.4,948.6,1092.8,1322.0,1526.6
FRA,26326a,GBR1180X_26326a,GBR-1180X,JACANDA,MAT 1180,M.A.T.,Mark MILLS,2015,78350 - JOUY EN JOSAS,,,,ORC,INTL,R,794,23 07 2026 10:51:10,11.800,11.044,2.596,3.99,4495.,132.6,0.00,523.3,1.0336,580.5,1.2818,468.1,841.5,680.5,601.6,560.6,536.2,513.4,465.5,0.0,0.0,0.0,0.0,0.0,0.0,0.0,645.3,536.7,485.8,456.7,435.8,416.9,382.6,0.0,0.0,0.0,0.0,0.0,0.0,0.0,839.8,641.2,544.4,487.4,453.1,421.4,362.0,42.9,40.4,38.5,37.6,37.1,36.9,37.0,141.2,144.5,148.3,152.8,150.9,147.3,143.8,858.4,707.9,646.4,622.1,609.3,601.5,595.0,564.8,484.3,455.2,442.6,435.0,429.5,423.0,536.2,470.0,442.8,427.6,418.9,412.5,404.5,517.3,460.8,432.6,410.9,396.3,387.4,374.2,510.7,450.6,420.8,402.6,386.2,368.3,344.4,519.3,447.8,409.8,384.9,358.8,337.5,305.9,530.2,450.3,409.7,375.8,348.9,328.1,279.1,596.0,475.7,430.5,394.3,358.9,320.4,259.2,714.2,565.7,482.3,434.5,401.4,368.4,290.9,824.7,653.2,556.9,499.0,463.2,425.4,336.0,1.0152,1.2825,1.4678,0.7884,1.0378,1.1972,0.0,0.0000,2026,1.1779,509.4,04330004VKI,11.284,5597,29.1,54.8,37.7,0.0,169.4,591.0,467.8,408.8,761.0,578.1,501.2,510.4,469.5,1.1755,1.2780,432.3,361.7,338.4,38.4,146.4,605.9,422.7,402.6,367.8,328.1,288.8,252.9,225.6,224.0,258.7,1210.9,912.9,1209.7,45.4,138.8,1223.0,781.3,725.9,688.2,694.9,717.4,762.0,857.2,1038.1,1198.7
FRA,26334a,GBR1344L_26334a,GBR-1344L,MORRINA IV,BAVARIA 35 MATCH Q,BAVARIA YACHTBAU,JAKOPIN J&J,2004,JE3 5FR - TRINITY (UK),,,,ORC,CLUB,C,685,24 06 2026 08:39:58,10.840,10.073,1.998,3.28,5701.,0.0,0.20,617.3,0.8851,677.9,1.0888,551.1,1001.9,809.3,706.2,649.6,615.8,592.9,566.4,0.0,0.0,0.0,0.0,0.0,0.0,0.0,770.3,634.8,567.9,532.7,511.5,496.3,474.7,0.0,0.0,0.0,0.0,0.0,0.0,0.0,998.0,760.7,637.9,568.5,531.1,500.9,453.3,43.7,41.1,39.7,38.9,38.5,38.2,38.3,142.7,147.1,149.5,156.9,168.2,177.2,178.1,1040.8,855.1,762.8,721.7,704.4,695.0,688.0,680.5,576.5,527.1,505.5,496.4,491.2,486.0,644.9,553.5,511.7,492.0,482.3,477.2,471.2,622.6,538.0,500.4,480.0,466.7,457.7,448.2,622.2,526.9,488.8,472.6,460.9,447.1,428.4,612.0,515.4,476.5,452.3,433.7,421.3,402.4,628.9,524.6,481.6,455.0,432.2,412.1,382.4,701.1,570.0,505.4,472.9,447.9,424.5,378.5,834.0,661.2,562.6,507.2,476.3,452.8,409.4,963.1,763.5,649.6,577.6,527.1,490.9,444.8,0.8540,1.0956,1.2195,0.6625,0.8911,1.0192,0.0,0.0000,2026,1.0005,599.7,04330004TW1,9.318,6642,26.6,41.5,29.4,86.2,96.5,702.6,547.6,492.0,905.7,673.3,588.7,598.8,556.0,1.0020,1.0792,551.5,459.2,438.4,39.4,177.1,698.3,486.2,471.0,443.7,417.7,387.0,361.8,323.8,363.6,404.7,1442.8,1088.8,1438.7,46.4,138.6,1483.0,941.2,872.9,829.0,854.4,849.3,878.8,1001.9,1214.6,1402.5
FRA,26267a,GBR165Y_26267a,GBR-165Y_C,STILETTO,HOLMAN 31,"Tucker Brown, Essex",Kim Holman,1961,UNITED KINGDOM,,,,ORC,CLUB,R,380,19 05 2026 12:20:56,9.595,6.822,1.478,2.78,3135.,0.0,0.50,757.8,0.7158,838.2,0.8769,684.2,1172.1,960.6,863.6,808.2,777.3,758.0,741.8,0.0,0.0,0.0,0.0,0.0,0.0,0.0,908.1,762.6,698.4,665.2,646.1,632.6,617.6,0.0,0.0,0.0,0.0,0.0,0.0,0.0,1168.5,905.2,782.1,710.9,669.9,635.8,582.5,42.7,39.8,39.4,39.7,40.1,40.4,42.3,148.7,154.1,157.6,165.7,174.5,178.6,178.6,1208.6,1023.8,967.0,948.4,940.6,936.6,953.2,800.8,699.3,662.6,649.0,641.6,636.7,635.5,763.6,671.9,636.8,622.4,613.7,608.4,604.7,742.9,650.0,612.2,594.1,584.8,578.6,572.2,732.5,640.3,605.1,581.1,566.3,555.9,543.3,730.9,626.8,584.5,561.4,546.3,535.7,518.7,758.5,640.9,588.9,560.4,537.5,518.3,498.5,843.4,695.3,614.6,576.5,548.9,522.6,480.2,983.5,780.8,665.9,604.2,571.4,545.5,496.4,1135.6,897.4,760.3,668.1,614.0,579.5,530.4,0.7183,0.8829,0.9519,0.5627,0.7214,0.7929,0.0,0.0000,2026,0.8100,740.7,04330004QB0,5.890,3657,19.6,28.4,16.4,48.0,0.0,835.3,679.6,630.3,1066.3,831.7,756.7,750.7,674.1,0.7993,0.8901,753.2,621.5,578.1,45.6,178.6,1019.6,655.2,611.2,571.6,536.7,508.5,486.0,457.4,457.7,486.9,1676.3,1263.0,1675.5,45.8,136.3,1684.9,1076.7,1005.2,962.4,980.7,984.8,1029.2,1183.0,1444.3,1667.8
FRA,26317a,GBR2769R_26317a,GBR-2769R,PER ELISA,HALF TON Proto 2G,LATINI,CECCARELLI,1992,95230 - SOISY SOUS MONTMORENCY,,,,ORC,CLUB,R,387,22 05 2026 11:09:35,8.960,7.248,1.901,3.02,2316.,0.0,0.00,660.5,0.8301,722.8,1.0055,596.7,1007.4,831.7,745.6,699.5,670.9,650.5,620.9,0.0,0.0,0.0,0.0,0.0,0.0,0.0,786.1,667.6,612.9,582.7,562.3,546.6,523.6,0.0,0.0,0.0,0.0,0.0,0.0,0.0,1006.7,787.0,680.7,619.7,582.5,551.3,501.9,40.8,38.9,37.5,37.3,37.3,37.3,37.9,146.2,150.9,156.4,163.7,169.8,170.9,175.4,1014.2,865.3,809.4,789.0,779.2,772.8,772.5,683.7,604.7,575.7,564.3,558.0,553.8,549.7,656.6,588.5,561.1,549.2,542.3,537.5,531.9,640.5,576.5,547.6,530.7,520.0,512.1,501.2,652.7,578.7,544.5,521.6,503.3,489.3,471.7,649.4,566.2,530.6,505.5,488.4,474.5,455.4,668.7,574.6,531.7,499.2,473.3,456.2,432.0,740.1,613.5,553.5,514.8,479.8,453.2,398.0,866.5,691.5,597.7,547.4,511.7,478.4,424.4,1000.5,798.1,681.9,610.0,562.7,528.1,469.3,0.8255,1.0089,1.1072,0.6525,0.8348,0.9310,0.0,0.0000,2026,0.9310,644.4,04330004QT9,7.206,2851,15.3,28.8,21.1,63.5,0.0,726.8,594.7,541.9,919.5,718.7,644.5,647.0,596.5,0.9273,1.0059,599.3,506.0,483.1,40.1,149.3,800.6,554.4,534.3,496.6,462.9,436.8,410.5,345.7,344.7,398.0,1407.9,1070.6,1410.4,44.1,140.2,1383.0,896.5,845.8,814.6,836.5,875.3,906.3,1031.3,1240.9,1432.9
FRA,26052a,GBR3302_26052a,GBR-3302X,SEVENTH SUN,SUN FAST 3300,JEANNEAU,ANDRIEU - VERDIER,2019,"GUERNSEY, GY7 9PR",,,,ORC,CLUB,C,573,19 05 2026 11:31:23,10.000,9.353,1.955,3.41,3757.,0.0,0.18,612.2,0.8891,674.9,1.1038,543.6,1014.9,813.4,704.6,642.7,611.1,590.1,555.9,0.0,0.0,0.0,0.0,0.0,0.0,0.0,777.9,636.4,565.5,524.6,499.5,481.2,451.1,0.0,0.0,0.0,0.0,0.0,0.0,0.0,1009.2,763.6,635.7,560.0,518.9,485.1,428.0,44.1,41.9,40.0,38.5,38.5,38.2,38.5,142.8,147.1,148.0,152.5,155.4,156.3,145.4,1071.8,871.5,770.3,713.8,687.0,674.8,667.8,696.6,584.4,531.1,502.7,487.0,478.6,470.9,658.6,560.7,515.3,490.2,473.1,461.5,451.7,636.4,545.6,504.0,479.2,458.5,441.6,423.4,623.5,525.1,484.0,462.4,448.1,436.5,402.7,604.4,510.2,467.7,435.6,410.4,393.3,365.8,617.9,516.6,472.5,438.5,408.0,379.2,339.4,698.0,558.2,495.4,460.2,428.5,397.1,333.4,829.7,654.2,553.4,497.0,466.8,440.0,384.5,958.1,755.4,639.0,571.6,535.3,505.5,444.0,0.8485,1.1085,1.2645,0.6563,0.8960,1.0300,0.0,0.0000,2026,1.0132,592.2,04330004QAQ,9.052,4545,24.2,33.7,26.5,0.0,104.7,707.1,541.3,474.5,914.2,669.6,582.5,594.0,548.5,1.0102,1.0939,509.7,419.8,397.5,40.4,140.8,679.0,470.1,448.9,415.2,382.5,342.9,309.4,255.1,294.9,340.5,1473.4,1114.3,1466.2,46.4,139.7,1545.7,981.3,910.6,865.6,878.6,857.9,884.5,1004.3,1213.4,1401.1
FRA,26379a,GBR4686_26379a,GBR-4686,MARIPOSA,SWAN 46 MK1,Nautor,German Frers,1983,68100 - MULHOUSE,,,,ORC,CLUB,C,580,09 08 2026 14:42:49,14.350,11.808,2.526,4.40,14626.,0.0,0.40,593.0,0.9281,646.5,1.1386,527.0,978.6,785.2,679.8,617.2,579.8,555.5,528.6,0.0,0.0,0.0,0.0,0.0,0.0,0.0,752.3,616.9,546.3,507.0,484.4,469.3,449.7,0.0,0.0,0.0,0.0,0.0,0.0,0.0,979.1,739.5,614.2,540.5,502.4,474.7,432.6,43.6,41.5,40.1,39.1,38.4,37.8,37.5,145.1,149.2,151.4,155.8,162.6,167.8,178.1,972.8,803.3,715.2,669.4,646.8,633.7,622.6,635.9,540.1,493.1,470.8,459.0,453.0,447.5,603.8,519.0,479.6,460.0,448.9,442.5,436.6,583.6,506.1,470.4,451.5,439.7,431.1,420.7,594.4,511.2,471.0,449.5,435.8,425.2,408.0,630.8,520.4,468.6,443.2,427.0,413.6,396.2,648.4,532.9,474.7,445.6,427.2,411.6,382.7,720.7,578.1,500.8,460.2,437.2,419.8,386.4,852.5,664.3,558.7,494.4,458.9,437.5,404.6,984.3,767.1,644.4,564.9,512.8,477.3,434.6,0.8764,1.1459,1.2884,0.6804,0.9336,1.0880,0.0,0.0000,2026,1.0457,573.8,04330004W78,10.881,15619,44.1,52.7,80.8,156.1,0.0,684.6,523.6,465.7,881.8,642.7,551.5,565.2,540.7,1.0616,1.1097,512.5,436.1,419.0,37.7,177.2,620.3,445.0,432.8,413.6,394.5,383.5,368.3,359.8,373.3,404.7,1418.3,1064.6,1422.3,46.7,139.4,1378.9,872.5,805.6,761.3,783.7,890.5,919.9,1051.0,1262.5,1457.8
FRA,26336a,GBR4809R_26336a,GBR-4809R,JOUSTER,J 109 OD,J-COMPOSITE,JOHNSTONE Rodney,2001,,,,,ORC,CLUB,C,632,24 06 2026 09:05:29,10.757,9.719,2.152,3.52,5320.,0.0,0.20,616.9,0.8875,676.1,1.0909,550.0,1004.7,809.8,702.3,644.4,615.1,595.4,569.8,0.0,0.0,0.0,0.0,0.0,0.0,0.0,774.0,636.0,567.0,530.7,509.9,494.9,472.5,0.0,0.0,0.0,0.0,0.0,0.0,0.0,999.0,760.8,635.4,565.0,529.0,499.9,453.4,43.4,41.2,39.7,38.2,37.4,37.4,37.4,143.3,147.3,149.6,152.8,157.5,161.5,160.6,1061.6,867.5,764.1,710.7,689.5,678.8,670.8,696.1,584.6,530.7,505.7,494.3,488.9,483.4,660.7,561.7,516.6,494.4,482.5,476.2,469.8,640.0,547.5,506.4,484.6,469.8,459.6,448.6,621.9,525.4,489.6,474.5,464.2,451.8,430.0,608.2,513.2,475.9,452.6,434.5,422.1,401.4,622.9,521.2,480.0,453.4,430.2,409.6,379.6,692.9,562.5,501.7,470.2,444.0,419.2,369.5,820.8,651.4,554.8,503.0,475.4,453.3,411.1,947.8,752.1,640.6,578.1,540.8,512.1,468.9,0.8511,1.0981,1.2238,0.6613,0.8953,1.0156,0.0,0.0000,2026,1.0039,597.7,04330004TW6,9.274,6191,26.6,38.0,28.3,0.0,108.1,705.0,546.4,490.3,907.3,670.2,590.8,597.4,555.0,1.0043,1.0811,543.1,451.5,433.7,38.3,141.3,675.1,482.3,468.2,442.7,416.9,384.2,356.3,307.8,356.0,411.1,1448.1,1097.5,1441.0,46.0,139.7,1519.8,968.7,901.6,859.4,868.0,846.8,872.9,987.1,1192.0,1376.4
FRA,26117a,GBR5100_26117a,GBR-5100,FREYA,Swan 41,Nautor,S&S,1973,,,,,ORC,CLUB,C,500,13 03 2026 11:35:22,12.467,9.877,2.077,3.66,10786.,0.0,0.45,637.8,0.8558,701.1,1.0509,570.9,1016.9,833.6,731.9,673.7,637.9,613.4,589.3,0.0,0.0,0.0,0.0,0.0,0.0,0.0,786.2,656.2,588.0,551.9,531.0,516.8,499.1,0.0,0.0,0.0,0.0,0.0,0.0,0.0,1015.4,784.9,661.1,589.2,551.1,522.2,477.8,43.4,41.5,40.4,39.9,39.3,38.9,39.0,144.7,148.5,150.7,156.3,165.5,176.3,178.8,1031.5,866.6,781.5,743.5,725.1,715.3,709.9,678.0,583.1,537.2,517.6,509.5,504.9,500.6,645.6,561.0,521.9,504.5,496.7,492.1,487.1,624.9,547.5,511.2,493.3,483.2,476.7,469.0,634.5,551.3,510.4,489.3,476.0,466.3,452.1,651.9,545.5,498.0,475.1,459.2,445.8,428.7,667.9,555.7,503.3,477.5,458.9,442.5,414.9,739.0,603.6,529.0,492.5,470.7,452.4,419.3,868.0,693.3,591.1,528.8,494.9,474.1,440.4,1002.3,800.5,682.4,603.9,550.7,511.5,468.7,0.8319,1.0575,1.1680,0.6485,0.8602,0.9828,0.0,0.0000,2026,0.9656,621.4,04330004HLV,8.972,11589,32.5,34.1,71.3,0.0,125.0,721.2,567.4,513.7,925.2,697.5,610.5,616.6,579.4,0.9732,1.0356,574.9,487.7,466.1,39.5,178.6,712.3,499.1,484.0,462.5,442.2,418.3,402.3,395.5,410.9,437.5,1438.3,1084.6,1439.6,46.7,141.1,1425.5,903.2,835.5,790.9,810.6,903.6,929.4,1050.8,1256.7,1451.1
FRA,26335a,GBR5559L_26335a,GBR-5559L,LIBERTINA,ARCONA 435,ARCONA YACHTS,S. QVIBERG,2019,"NEWBURY, RG20 8AA (UK)",,,,ORC,CLUB,C,940,17 06 2026 08:06:57,13.328,12.606,2.353,4.03,9960.,0.0,0.19,560.9,0.9692,619.1,1.2061,497.5,938.8,750.9,646.4,588.1,558.5,539.1,514.4,0.0,0.0,0.0,0.0,0.0,0.0,0.0,718.0,584.6,515.1,477.7,457.2,442.5,421.7,0.0,0.0,0.0,0.0,0.0,0.0,0.0,934.9,704.6,581.5,510.5,474.9,446.7,402.1,44.3,42.1,40.3,39.1,38.4,38.1,38.8,141.5,145.3,148.7,150.9,153.8,159.0,161.0,978.6,791.9,691.7,641.2,621.7,611.7,604.4,634.1,528.4,474.0,447.3,436.8,431.7,426.9,597.8,505.6,459.2,435.3,424.2,419.1,413.8,574.3,490.4,449.3,426.7,411.6,401.7,392.6,575.4,478.5,436.8,420.4,410.3,396.4,374.8,565.1,469.2,427.2,402.4,383.6,371.6,353.3,580.5,478.6,433.1,406.9,384.4,364.4,334.4,650.3,524.6,459.4,425.8,401.8,379.7,335.4,778.7,614.9,520.6,463.7,431.9,410.5,372.7,899.1,710.0,601.1,534.9,495.4,466.5,424.3,0.9212,1.2147,1.3687,0.7102,0.9776,1.1222,0.0,0.0000,2026,1.1048,543.1,04330004TC2,11.726,11289,41.3,60.1,46.8,0.0,151.0,651.3,493.9,438.4,844.8,613.7,534.7,539.5,507.3,1.1122,1.1827,499.8,408.2,387.6,39.5,143.9,616.7,428.2,413.4,388.2,364.8,343.4,312.8,285.9,331.5,382.8,1364.1,1026.0,1359.2,47.2,137.8,1412.8,891.3,822.1,775.9,800.7,791.7,820.6,936.3,1139.2,1315.4
FRA,26274a,GBR6316_26274a,GBR-6316,LOCH LOMOND,SUN FAST 36 fonte,JEANNEAU SA,BRIAND Philippe,1992,17003 - GIRONA,,,,ORC,CLUB,C,664,01 05 2026 20:32:47,11.101,9.975,1.943,3.49,6368.,0.0,0.34,642.2,0.8539,702.7,1.0512,570.8,1066.6,851.3,735.4,669.1,631.7,608.7,584.1,0.0,0.0,0.0,0.0,0.0,0.0,0.0,816.1,665.7,589.4,548.7,526.1,511.2,491.4,0.0,0.0,0.0,0.0,0.0,0.0,0.0,1066.0,800.5,663.5,585.6,546.1,516.6,469.3,44.3,42.1,40.6,39.7,39.3,39.0,39.2,145.3,149.8,153.0,158.3,165.5,172.7,178.1,1072.4,879.9,782.2,736.1,718.3,709.6,704.8,695.3,587.0,535.4,512.7,503.1,498.5,493.9,656.6,561.9,519.3,499.2,489.1,484.5,479.2,633.3,545.4,507.3,487.3,474.9,466.7,457.9,646.2,549.2,505.5,483.3,469.5,457.2,439.5,663.6,547.7,498.8,474.0,455.6,440.2,420.8,689.9,565.2,506.6,478.1,457.7,439.0,406.3,776.3,621.2,537.3,495.8,471.4,450.8,411.2,918.6,712.5,598.1,530.1,493.8,471.0,432.2,1060.7,822.7,688.7,602.1,545.0,507.9,463.3,0.8098,1.0594,1.1822,0.6257,0.8608,0.9914,0.0,0.0000,2026,0.9645,622.1,04330004O2Q,9.103,7285,28.1,37.7,35.7,76.4,0.0,740.9,566.4,507.5,958.9,697.0,605.2,616.0,582.2,0.9740,1.0305,571.4,479.0,455.7,40.2,177.4,715.0,494.2,477.9,453.0,429.2,407.4,386.7,374.4,394.3,427.7,1558.7,1166.5,1561.1,46.9,141.5,1534.1,968.2,893.5,846.2,872.5,936.2,979.4,1135.4,1371.1,1583.2
FRA,26140a,GBR7383R_26140a,GBR-7383R,PUMA,REFLEX 38,HARLEY Raceboats,STIMSON,1999,50290 - BREVILLE SUR MER,,,,ORC,CLUB,C,756,13 03 2026 12:23:55,11.625,10.813,2.292,3.88,6108.,0.0,0.16,586.9,0.9292,645.7,1.1444,524.3,949.8,766.2,667.5,617.0,591.4,573.5,547.5,0.0,0.0,0.0,0.0,0.0,0.0,0.0,731.3,602.0,539.3,507.2,487.9,473.6,451.4,0.0,0.0,0.0,0.0,0.0,0.0,0.0,946.9,721.0,604.5,540.4,506.2,477.8,432.6,43.0,40.7,39.2,38.0,37.4,37.2,37.2,142.4,146.3,148.6,152.3,156.1,159.9,157.3,978.7,802.9,717.5,680.1,664.0,655.6,648.5,642.0,544.1,500.8,482.5,474.6,469.9,464.9,609.5,524.5,487.9,470.8,461.8,456.7,450.4,589.9,511.9,478.8,459.7,446.7,437.7,426.9,599.6,506.9,472.6,457.4,440.6,426.5,407.6,583.1,492.0,455.4,431.6,414.8,403.0,382.5,596.2,497.7,458.2,430.9,407.7,388.1,360.7,669.7,538.1,479.0,447.9,420.9,396.0,344.1,797.6,631.7,534.9,481.6,454.1,431.1,387.9,921.0,729.5,617.6,553.9,518.8,491.4,446.4,0.9000,1.1517,1.2798,0.6993,0.9377,1.0559,0.0,0.0000,2026,1.0528,569.9,04330004HM6,10.228,7173,29.7,41.6,41.3,0.0,128.5,666.7,521.0,468.8,858.0,639.9,568.2,568.2,530.4,1.0559,1.1313,516.4,429.9,411.8,37.9,142.9,653.8,464.4,448.5,420.4,395.5,365.2,337.9,291.4,328.3,379.0,1369.7,1035.8,1367.0,46.2,138.8,1396.7,888.4,825.8,785.8,812.3,820.7,847.2,960.0,1162.9,1342.8
FRA,26004a,GBR7384R_26004a,GBR-7384R,SWELL,REFLEX 38,HARLEY Raceboats,STIMSON,1999,56290 - PORT-LOUIS,,,,ORC,CLUB,C,757,18 03 2026 15:07:42,11.625,10.823,2.295,3.88,6160.,0.0,0.10,592.7,0.9234,649.8,1.1356,528.4,968.2,778.5,678.1,622.1,588.2,566.8,539.7,0.0,0.0,0.0,0.0,0.0,0.0,0.0,743.1,610.9,545.7,510.8,489.2,473.6,450.8,0.0,0.0,0.0,0.0,0.0,0.0,0.0,968.7,733.4,613.2,544.8,508.0,478.7,430.3,42.8,40.6,38.9,37.8,37.3,37.1,37.0,142.1,146.3,149.0,157.2,164.6,170.5,174.5,962.5,791.9,709.8,675.0,659.6,651.6,644.7,632.8,538.1,497.3,480.3,472.9,468.5,463.8,601.5,519.7,485.1,468.8,460.3,455.4,449.5,582.3,508.0,476.4,457.9,445.1,436.4,426.1,595.9,511.9,472.4,451.8,438.5,424.6,406.1,608.3,505.3,463.8,437.8,416.1,399.0,376.8,627.5,517.5,470.4,442.6,418.3,396.4,356.6,705.7,568.0,497.7,462.8,436.9,412.7,364.9,843.4,662.6,559.8,499.9,465.9,441.3,396.6,973.9,765.1,646.5,569.1,516.8,481.9,434.7,0.8862,1.1420,1.2795,0.6870,0.9298,1.0677,0.0,0.0000,2026,1.0427,575.4,04330004I7D,10.305,7222,29.8,43.9,42.0,93.8,92.9,677.0,525.4,468.9,873.4,645.3,562.0,568.7,541.1,1.0551,1.1088,521.7,433.3,413.0,37.6,167.2,649.7,463.2,447.6,419.8,394.4,359.0,331.5,311.0,349.7,393.7,1401.0,1053.0,1404.3,45.6,138.5,1368.0,871.4,810.6,771.6,796.9,854.2,887.7,1022.3,1241.9,1434.0
FRA,26387a,GBR745_26387a,GBR-745R,AMANJIWO,FRERS 44,Composite Works,FRERS German,2005,94130 - NOGENT-SUR-MARNE,,,,ORC,CLUB,C,882,21 08 2026 08:50:07,13.332,12.413,2.930,3.39,6058.,0.0,0.00,506.5,1.0761,557.6,1.3262,452.4,815.9,656.9,578.5,538.0,513.1,490.8,445.7,0.0,0.0,0.0,0.0,0.0,0.0,0.0,628.7,519.3,469.0,440.5,420.7,403.4,373.1,0.0,0.0,0.0,0.0,0.0,0.0,0.0,814.1,619.6,524.7,469.4,436.6,407.4,357.0,42.8,40.5,38.2,37.2,36.5,36.0,35.6,141.3,144.1,148.5,152.5,151.4,148.3,144.9,834.0,683.2,619.1,592.8,577.7,567.9,556.5,549.0,465.7,436.6,424.4,416.6,410.8,402.7,521.0,451.1,424.9,411.3,402.6,396.2,387.1,502.6,442.6,415.0,395.5,383.0,374.6,362.1,513.1,446.3,416.2,391.8,371.9,356.8,337.0,509.4,434.0,400.2,380.1,363.1,347.9,321.7,520.9,436.4,397.5,367.7,347.8,329.8,298.7,577.5,462.3,416.5,381.5,348.1,315.0,267.2,690.9,546.2,465.9,420.6,388.9,358.3,290.1,797.8,630.7,538.0,483.2,448.5,413.8,335.0,1.0453,1.3287,1.5139,0.8148,1.0807,1.2513,0.0,0.0000,2026,1.2208,491.5,04330004WLN,12.552,7313,34.0,63.4,44.9,0.0,187.2,574.0,451.6,396.3,736.4,555.2,479.5,490.9,454.7,1.2223,1.3195,412.9,351.3,334.4,36.4,147.0,560.5,400.7,383.3,355.6,323.2,289.7,273.4,239.2,229.8,265.4,1176.6,891.1,1175.1,45.3,139.2,1191.5,762.4,708.3,671.8,691.2,716.2,743.6,832.6,1006.0,1161.6
FRA,26344a,GBR754R_26344a,GBR-754R,XTRACT,X 302 MK2,X-YACHTS,JEPPESEN Nielsen,1994,UNITED KINGDOM,,,,ORC,CLUB,C,518,17 06 2026 08:49:58,9.120,8.381,1.736,3.00,3772.,0.0,0.33,689.3,0.8028,747.4,0.9808,611.8,1142.4,913.0,787.6,710.8,666.5,641.6,615.8,0.0,0.0,0.0,0.0,0.0,0.0,0.0,879.2,717.7,634.8,588.3,561.1,543.9,519.8,0.0,0.0,0.0,0.0,0.0,0.0,0.0,1141.2,859.2,712.5,626.4,581.8,550.3,498.8,43.7,41.7,40.2,38.6,37.8,37.4,38.1,146.9,151.4,155.2,161.4,168.2,177.2,178.6,1154.1,948.5,839.5,777.6,748.6,737.2,732.8,754.1,636.1,579.7,551.8,537.0,529.4,524.2,715.5,610.4,563.7,539.7,525.0,515.9,509.1,693.6,594.5,551.7,528.9,512.7,500.0,484.5,708.0,594.2,543.7,518.3,501.8,492.1,468.5,713.0,592.5,540.9,513.3,491.2,471.0,438.5,743.4,611.8,550.2,519.3,495.8,473.9,432.0,835.2,670.9,582.5,538.7,511.8,488.3,442.8,979.1,760.7,641.4,572.0,534.9,510.1,466.2,1130.6,877.4,735.7,644.0,584.3,546.0,498.9,0.7515,0.9872,1.1129,0.5838,0.8084,0.9402,0.0,0.0000,2026,0.9015,665.6,04330004TCF,7.878,4473,20.9,27.7,23.5,50.7,0.0,798.4,607.8,539.1,1027.7,742.2,638.2,659.0,625.7,0.9105,0.9589,601.1,503.7,479.1,39.3,177.7,743.5,524.2,507.0,477.9,451.5,421.7,398.3,399.0,422.9,458.6,1669.0,1255.1,1671.0,46.4,142.8,1649.5,1047.8,973.5,928.5,957.9,998.6,1050.3,1218.6,1462.4,1688.6
FRA,26361a,GBR8285_26361a,GBR-8285,KINDRED SPIRIT,SIGMA 38 OD,MARINE PROJECTS,THOMAS,1987,UNITED KINGDOM,,,,ORC,CLUB,C,655,01 07 2026 13:42:03,11.552,9.899,2.052,3.69,7000.,0.0,0.26,634.3,0.8670,692.1,1.0606,565.7,1036.9,831.9,723.2,661.5,624.8,601.8,575.9,0.0,0.0,0.0,0.0,0.0,0.0,0.0,794.8,653.0,583.1,546.0,524.4,509.7,488.9,0.0,0.0,0.0,0.0,0.0,0.0,0.0,1037.9,783.4,654.4,581.7,543.9,515.4,469.1,43.5,41.1,39.6,38.9,38.2,37.9,37.7,144.9,150.1,153.3,159.2,166.8,176.3,179.0,1027.4,849.2,763.0,725.0,707.0,697.0,687.7,673.4,573.8,530.3,511.6,503.1,498.1,492.6,639.4,552.5,516.3,499.4,490.6,485.7,479.6,617.8,538.5,505.8,488.4,477.2,469.6,460.1,630.1,541.7,504.6,484.4,471.0,459.6,442.2,651.5,542.3,498.6,475.7,458.3,442.9,422.1,677.5,558.9,505.6,479.3,460.2,442.1,408.5,762.4,614.2,534.7,496.0,472.7,453.2,413.5,906.2,705.5,593.8,528.2,494.1,472.3,434.3,1046.4,814.6,683.4,598.1,542.6,506.6,464.0,0.8288,1.0679,1.1868,0.6421,0.8732,1.0037,0.0,0.0000,2026,0.9747,615.6,04330004UJ7,9.191,7912,29.0,44.2,36.4,78.4,0.0,723.9,561.9,505.6,934.4,687.1,597.8,608.0,577.9,0.9868,1.0382,559.8,474.7,454.5,38.2,177.7,691.0,491.1,477.1,454.0,430.2,408.3,390.3,380.4,396.5,428.5,1503.7,1125.3,1508.6,46.4,138.5,1454.8,923.0,856.0,813.3,837.4,910.5,953.2,1107.7,1344.6,1552.6
FRA,26339a,GBR8633T_26339a,GBR-8633T,ARIEL OF HAMBLE,DUFOUR 40 GTE,Dufour Yachts,Felci/Roseo,2003,CV32 6PH - LEAMINGTON SPA (UK),,,,ORC,CLUB,C,737,17 06 2026 08:40:56,12.060,10.817,2.061,3.89,7679.,0.0,0.34,641.6,0.8557,701.2,1.0631,564.4,1111.5,874.9,745.3,664.5,615.4,587.1,557.9,0.0,0.0,0.0,0.0,0.0,0.0,0.0,849.8,681.1,590.8,538.6,508.3,490.0,467.0,0.0,0.0,0.0,0.0,0.0,0.0,0.0,1108.0,821.0,668.6,576.3,527.9,495.4,446.2,45.3,43.3,41.7,40.5,39.5,39.1,39.6,146.2,149.6,152.8,156.1,162.3,168.2,177.2,1146.9,921.1,800.8,728.6,691.4,676.2,667.4,735.9,606.0,537.3,500.3,481.6,472.6,466.7,690.3,575.7,516.3,485.5,468.7,459.1,452.1,663.5,556.0,501.7,474.0,456.9,444.9,430.5,679.0,559.6,496.5,466.7,451.3,440.5,417.3,677.1,550.4,488.6,458.2,437.6,420.3,396.8,704.8,569.3,498.4,463.2,440.1,420.7,386.5,791.3,626.6,535.0,484.2,455.5,433.6,394.1,931.9,717.6,598.9,525.0,481.5,455.3,415.2,1076.1,828.7,689.8,600.4,539.3,498.1,448.4,0.7839,1.0708,1.2347,0.6041,0.8612,1.0287,0.0,0.0000,2026,0.9720,617.3,04330004TC8,9.609,8710,31.8,41.8,40.0,89.4,0.0,765.4,560.3,485.9,993.2,696.7,583.3,612.6,578.2,0.9795,1.0377,543.5,452.8,429.8,40.6,176.8,674.6,466.2,449.7,424.4,402.4,382.7,361.6,356.2,378.2,412.4,1648.2,1237.9,1644.9,47.7,143.1,1681.2,1056.5,971.3,918.4,949.0,969.6,1015.2,1168.0,1398.7,1615.1
FRA,26299b,GBR8709R_26299b,GBR-8709R,LADY JANE,J 109 OD,J-COMPOSITE,JOHNSTONE Rodney,2001,50350 - SAINT PIERRE LANGERS,,,,ORC,CLUB,C,623,09 06 2026 12:21:29,10.757,9.652,2.138,3.52,5075.,0.0,0.19,617.3,0.8864,676.9,1.0902,550.3,1004.9,809.6,702.3,645.2,616.7,597.3,571.5,0.0,0.0,0.0,0.0,0.0,0.0,0.0,774.6,636.2,567.1,531.0,510.4,495.3,472.6,0.0,0.0,0.0,0.0,0.0,0.0,0.0,999.3,760.7,635.5,565.5,529.7,500.2,453.0,43.4,41.3,39.7,38.2,37.5,37.6,37.7,143.3,147.3,149.7,152.6,157.3,161.0,159.2,1061.4,867.1,763.8,712.1,692.2,682.0,674.9,695.6,584.2,530.5,506.0,495.1,490.0,484.7,660.1,561.3,516.5,494.5,482.9,477.0,470.7,639.4,547.2,506.3,484.5,469.6,459.5,448.8,624.9,527.0,490.6,475.3,464.8,451.1,429.2,610.4,514.2,476.2,452.3,433.9,421.4,400.0,624.7,522.1,480.1,452.8,429.0,407.9,377.3,693.7,563.1,502.0,469.9,442.8,417.3,365.2,821.4,651.3,554.8,503.2,475.2,452.5,409.0,948.4,752.1,640.7,578.4,541.2,512.6,468.1,0.8506,1.0975,1.2231,0.6613,0.8944,1.0127,0.0,0.0000,2026,1.0034,598.0,04330004SJW,9.223,5935,26.2,36.6,29.1,0.0,107.0,705.4,546.7,490.6,907.3,670.8,592.5,598.0,555.1,1.0033,1.0808,541.0,450.1,431.8,38.6,141.4,680.8,484.0,469.6,443.2,416.4,382.3,352.8,301.7,347.5,401.2,1448.9,1099.1,1441.9,46.0,139.9,1519.7,968.3,901.1,858.9,874.0,851.0,876.3,989.1,1193.6,1378.2
FRA,26078a,GBR9014R_26078a,GBR-9014R,JOKE,J 109 OD,J-COMPOSITE,JOHNSTONE Rodney,2001,56740 - LA TRINITE SUR MER,,,,ORC,CLUB,R,627,16 03 2026 22:07:45,10.757,9.686,2.145,3.52,5190.,0.0,0.00,615.8,0.8887,675.1,1.0930,548.9,1003.0,808.3,701.0,643.4,614.5,595.3,570.2,0.0,0.0,0.0,0.0,0.0,0.0,0.0,772.9,635.2,566.1,529.4,508.6,494.0,472.0,0.0,0.0,0.0,0.0,0.0,0.0,0.0,997.6,759.7,634.5,563.7,527.3,498.6,453.4,43.4,41.3,39.7,38.2,37.4,37.4,37.4,143.3,147.3,149.7,152.6,157.3,161.1,159.7,1057.6,864.2,761.2,708.1,687.5,677.6,671.3,695.0,583.8,529.9,504.9,493.8,488.7,483.9,661.3,561.9,516.6,494.3,482.4,476.4,470.3,642.6,543.0,502.4,484.9,470.3,459.9,449.0,617.6,526.3,488.9,468.3,454.3,445.3,430.3,609.9,514.0,476.3,452.7,434.4,421.9,395.7,624.2,521.9,480.2,453.3,429.9,408.9,378.7,693.6,563.0,502.0,470.2,443.6,418.4,367.5,821.4,651.5,555.0,503.3,475.6,453.2,410.4,948.4,752.3,640.9,578.6,541.5,512.9,469.1,0.8522,1.1004,1.2260,0.6625,0.8967,1.0158,0.0,0.0000,2026,1.0060,596.4,04330004HTP,9.290,6055,26.4,36.3,28.8,0.0,108.1,704.1,545.3,489.4,905.7,669.1,590.7,595.9,554.3,1.0069,1.0825,542.0,449.9,432.9,38.3,141.3,677.7,483.6,469.3,443.3,417.3,373.6,354.0,304.7,351.9,406.3,1446.0,1094.8,1439.2,45.9,139.8,1514.1,967.4,903.3,864.6,841.8,850.1,875.5,988.7,1193.4,1378.0
FRA,26222a,GBR9688R_26222a,GBR-9688R,DULCISSIMA,J-130 MOD,J BOATS,JOHNSTONE,1993,85194 - LES SABLES D'OLONNE,,,,ORC,CLUB,C,851,26 03 2026 19:32:01,13.060,11.853,2.575,3.91,7502.,0.0,0.06,551.3,0.9908,605.5,1.2189,492.2,894.4,718.3,625.7,579.2,554.8,537.6,507.6,0.0,0.0,0.0,0.0,0.0,0.0,0.0,688.5,565.0,506.2,476.3,458.3,444.6,420.9,0.0,0.0,0.0,0.0,0.0,0.0,0.0,893.2,676.5,567.1,507.2,475.2,448.5,404.3,43.0,40.8,38.9,37.4,36.9,36.6,36.6,142.1,145.6,148.8,152.1,154.2,155.8,146.2,906.5,740.9,662.4,632.1,617.7,609.5,599.8,595.5,502.9,465.5,451.8,445.3,441.3,436.2,566.0,486.4,454.4,440.7,434.0,429.7,423.7,548.1,476.7,446.7,429.9,419.1,412.6,403.2,558.7,474.5,445.8,427.3,411.7,399.6,383.9,557.9,469.6,432.2,409.9,395.0,383.0,361.1,576.0,475.2,434.2,407.8,386.1,366.9,336.6,640.8,514.3,454.8,423.2,396.6,371.8,316.9,764.1,602.4,510.0,457.4,428.9,405.4,359.7,882.3,695.6,588.9,526.4,491.8,465.8,415.4,0.9573,1.2266,1.3662,0.7441,0.9997,1.1307,0.0,0.0000,2026,1.1218,534.9,04330004J4H,11.508,8734,36.8,51.9,56.4,0.0,157.9,626.8,489.2,439.2,806.3,600.2,530.6,530.7,500.3,1.1305,1.1994,473.7,398.5,382.1,37.2,143.1,601.5,434.5,421.1,397.6,372.6,341.6,310.4,270.6,299.6,345.9,1293.7,976.4,1293.5,45.6,139.0,1295.0,825.3,766.5,729.1,754.2,777.8,817.6,925.0,1119.2,1292.3
FRA,26342a,GBR9779T_26342a,GBR-9779T,JAGO,J 109 OD,J-COMPOSITE,JOHNSTONE Rodney,2001,UNITED KINGDOM,,,,ORC,CLUB,R,629,17 06 2026 13:10:05,10.757,9.701,2.148,3.52,5244.,0.0,0.00,615.4,0.8902,674.0,1.0931,548.9,998.5,805.1,698.8,642.8,614.7,595.4,569.9,0.0,0.0,0.0,0.0,0.0,0.0,0.0,770.9,633.6,565.2,529.8,509.6,494.8,472.4,0.0,0.0,0.0,0.0,0.0,0.0,0.0,993.8,757.1,632.9,563.9,528.7,499.8,453.2,43.3,41.2,39.6,38.0,37.4,37.4,37.4,143.3,147.3,149.7,152.6,157.3,161.5,160.6,1046.0,856.0,755.4,706.1,687.5,677.8,670.3,688.0,579.1,527.1,504.0,493.8,488.9,483.6,654.7,557.9,514.3,493.2,482.2,476.5,470.2,636.1,545.3,505.3,483.9,469.6,459.7,448.9,625.0,526.8,490.0,474.3,463.9,451.2,430.0,611.3,514.7,476.6,452.9,434.2,421.2,400.2,626.0,523.0,480.9,453.9,430.4,409.3,378.0,695.4,564.5,502.9,471.0,444.6,419.7,369.3,823.6,653.2,556.2,504.1,476.2,453.9,411.4,951.1,754.2,642.3,579.5,541.9,513.0,469.4,0.8544,1.1005,1.2243,0.6653,0.8982,1.0158,0.0,0.0000,2026,1.0064,596.2,04330004TCT,9.322,6111,26.5,37.7,29.1,0.0,106.9,702.2,545.2,490.1,901.8,668.0,590.7,595.0,555.0,1.0084,1.0810,543.4,451.4,433.4,38.2,141.3,676.4,483.2,469.2,443.3,417.1,382.7,354.0,306.5,355.4,410.4,1438.2,1092.4,1432.6,46.0,139.8,1494.0,954.3,890.9,852.4,873.8,851.7,877.7,991.7,1197.2,1382.4
FRA,26364a,GBR9911Y_26364a,GBR-9911Y,SAILFISH,GIBSEA 90,GIBERT MARINE,FAUROUX Jacques,1982,UNITED KINGDOM,,,,ORC,CLUB,C,427,24 06 2026 15:45:31,9.092,7.482,1.662,3.17,3138.,0.0,0.31,721.9,0.7619,787.5,0.9371,640.3,1195.9,960.5,831.2,749.7,701.8,675.8,651.3,0.0,0.0,0.0,0.0,0.0,0.0,0.0,922.3,754.2,666.4,615.6,585.1,565.8,543.5,0.0,0.0,0.0,0.0,0.0,0.0,0.0,1189.0,901.7,749.4,657.3,607.2,571.7,518.9,44.3,42.7,41.5,40.2,39.3,39.2,39.8,147.8,151.4,154.3,161.0,166.2,173.6,176.3,1265.4,1039.7,919.2,845.9,806.5,792.3,794.0,822.2,688.6,621.3,586.1,566.8,557.5,555.4,777.8,657.8,600.1,569.7,552.4,542.2,537.4,752.2,639.5,583.9,555.7,537.7,524.3,508.2,730.6,613.8,561.3,534.8,516.8,503.9,488.5,737.2,613.2,556.0,525.3,500.3,477.8,447.2,762.3,628.9,564.3,530.1,503.5,479.1,439.5,838.8,679.1,592.1,547.5,518.1,490.8,445.0,975.5,764.2,647.3,580.5,543.4,516.6,467.6,1126.4,881.4,743.2,653.5,597.1,559.3,508.5,0.7158,0.9427,1.0671,0.5565,0.7668,0.8914,0.0,0.0000,2026,0.8608,697.0,04330004U19,6.858,3725,18.0,18.4,23.9,59.5,49.5,838.2,636.5,562.3,1078.2,782.5,673.1,699.0,643.7,0.8583,0.9321,646.0,533.9,503.5,42.2,176.3,826.6,560.8,538.9,504.9,471.2,430.4,410.0,405.3,428.0,465.3,1742.1,1316.0,1734.8,46.9,143.9,1815.2,1150.3,1066.5,1015.2,1006.0,1029.2,1069.2,1210.8,1445.3,1668.9
FRA,26147b,GER6484_26147b,GER-6484,AKKA,FINNFLYER 36,FINN YACHTS,KAMU STRÅHLMANN,2008,34300 - LE GRAU D'AGDE,,,,ORC,CLUB,C,636,26 03 2026 00:18:39,10.992,9.857,2.194,3.39,5011.,0.0,0.04,602.3,0.9084,660.5,1.1123,539.4,965.8,776.6,683.0,634.7,604.8,585.6,560.9,0.0,0.0,0.0,0.0,0.0,0.0,0.0,743.5,613.5,553.4,523.0,504.0,490.2,470.0,0.0,0.0,0.0,0.0,0.0,0.0,0.0,965.2,732.3,619.3,557.7,522.4,494.2,449.9,42.9,40.7,39.0,38.4,38.2,38.2,39.2,144.3,148.5,153.0,159.2,166.8,172.3,170.9,971.2,800.7,731.8,708.2,696.5,690.2,689.0,639.1,545.1,509.5,497.8,491.6,487.7,484.6,608.0,527.3,495.2,483.7,477.6,473.4,470.3,588.1,516.0,484.6,467.9,458.9,452.7,445.2,599.2,519.5,484.8,463.4,447.0,435.9,422.4,607.1,511.5,473.4,451.0,437.6,426.6,410.9,626.1,522.2,478.2,450.4,427.4,410.1,386.6,701.7,566.1,501.3,467.3,439.9,414.1,361.9,831.7,651.6,551.0,497.0,465.9,440.2,389.6,960.4,752.4,634.1,561.3,513.0,480.9,432.9,0.8843,1.1195,1.2344,0.6887,0.9158,1.0325,0.0,0.0000,2026,1.0248,585.5,04330004J1D,9.374,5890,27.0,43.0,34.5,96.0,0.0,678.5,536.0,486.1,871.2,655.2,581.1,583.3,544.3,1.0286,1.1024,549.7,458.4,439.2,40.4,160.8,715.5,489.4,472.7,442.7,415.0,389.3,378.8,318.5,334.0,383.8,1392.9,1049.0,1394.5,46.0,140.1,1377.6,877.6,815.9,775.7,798.5,847.4,879.9,1011.9,1219.6,1408.3
FRA,26332c,GER6698_26332c,GER-6698,MALU,X-43,X-YACHTS,NIELS JEPPESEN,2003,60318 FRANKFURT (GER),,,,ORC,CLUB,C,550,17 06 2026 15:18:03,12.903,11.616,2.203,3.95,9007.,0.0,0.10,586.2,0.9273,647.0,1.1470,523.1,958.0,770.4,672.9,619.7,588.1,567.9,543.9,0.0,0.0,0.0,0.0,0.0,0.0,0.0,733.2,602.5,538.2,505.2,485.7,472.1,453.0,0.0,0.0,0.0,0.0,0.0,0.0,0.0,957.7,724.4,606.3,540.2,504.7,476.7,431.0,43.6,41.6,40.4,39.8,39.6,39.6,39.7,144.0,148.3,151.1,156.3,163.4,169.1,175.4,961.7,794.8,719.5,690.0,676.4,669.7,665.8,627.7,532.5,491.5,476.1,469.1,465.3,461.4,594.2,510.8,475.4,460.8,454.6,450.8,446.3,571.2,496.6,463.6,447.3,437.9,432.6,424.6,578.9,493.5,457.3,439.9,429.3,418.8,405.8,594.6,499.5,455.8,431.4,412.8,398.1,378.4,620.4,511.8,462.0,435.7,414.7,395.8,363.4,694.3,557.7,485.7,449.7,425.9,405.0,365.8,826.5,646.0,542.7,481.9,449.1,426.4,385.9,954.4,745.9,626.2,549.5,499.9,466.2,422.1,0.8985,1.1551,1.2811,0.6943,0.9344,1.0639,0.0,0.0000,2026,1.0520,570.3,04330004TD7,10.492,9881,35.3,52.7,52.2,126.2,93.4,667.8,519.4,468.3,864.2,642.1,564.0,566.3,529.9,1.0594,1.1323,532.2,441.1,418.1,40.9,169.1,679.2,462.9,447.1,421.1,397.3,363.4,343.4,328.1,345.2,385.1,1384.6,1035.0,1386.4,46.9,140.3,1366.8,863.3,795.6,748.4,768.3,818.8,876.3,1007.1,1214.6,1402.5
FRA,26321a,GER7479_26321a,GER-7479,BLUE BOHEMIA,SYDNEY 46,BASHFORD,MURRAY Ian,1997,27809 LEMWERDER (GER),,,,ORC,CLUB,C,943,04 06 2026 11:46:26,14.280,12.903,3.053,4.05,9775.,0.0,0.17,535.6,1.0193,588.7,1.2588,476.7,891.9,711.8,617.5,562.3,529.7,507.9,479.2,0.0,0.0,0.0,0.0,0.0,0.0,0.0,675.5,553.6,493.6,460.5,440.1,425.3,402.0,0.0,0.0,0.0,0.0,0.0,0.0,0.0,893.8,669.1,556.5,491.1,456.5,429.9,386.7,44.1,41.8,39.4,37.2,36.7,36.3,35.8,141.9,146.4,150.3,154.7,161.2,167.1,169.6,873.8,715.1,642.2,604.6,586.7,575.8,562.6,564.9,476.9,444.2,432.2,423.9,418.9,412.3,529.1,457.0,430.4,420.0,413.0,408.0,400.8,502.8,443.4,418.6,404.6,396.5,390.9,382.5,505.8,444.0,416.7,398.5,384.6,374.7,362.3,554.3,468.9,425.5,402.8,386.2,368.8,340.2,588.2,479.2,430.9,404.9,383.8,365.7,330.7,662.0,526.3,455.6,420.6,396.5,374.6,329.3,788.2,613.6,513.5,454.0,421.4,398.4,355.3,910.1,708.5,592.8,520.0,472.7,439.9,395.8,0.9763,1.2653,1.4277,0.7483,1.0256,1.1938,0.0,0.0000,2026,1.1532,520.3,04330004S4H,12.551,11125,41.3,62.4,51.1,155.0,0.0,614.6,474.2,420.3,801.8,585.0,502.6,510.1,490.9,1.1762,1.2223,457.5,383.0,366.2,36.3,158.6,561.2,411.2,398.5,376.9,353.6,319.0,294.0,282.4,308.3,353.8,1297.9,959.4,1303.1,46.8,140.1,1245.6,784.8,716.5,661.5,666.2,757.6,842.6,968.3,1169.3,1350.1
FRA,26203a,GER8532_26203a,GER-8532,NOZOMI,J 99,J COMPOSITES,JOHNSTONE,2019,14532 KLEINMACHNOW - ALLEMAGNE,,,,ORC,CLUB,C,565,26 03 2026 19:22:19,9.950,9.132,2.000,3.41,4028.,0.0,0.18,627.3,0.8786,682.9,1.0758,557.7,1038.0,827.8,713.5,649.6,615.0,593.7,565.9,0.0,0.0,0.0,0.0,0.0,0.0,0.0,795.3,649.6,577.1,537.6,514.5,497.9,471.8,0.0,0.0,0.0,0.0,0.0,0.0,0.0,1033.7,777.9,646.3,572.5,533.8,503.4,450.3,43.6,41.5,39.7,38.0,37.6,37.4,37.6,145.1,149.2,153.2,159.8,166.8,171.8,170.9,1080.9,878.0,772.0,719.2,698.9,688.7,683.0,706.2,590.6,537.4,512.6,501.3,495.9,490.7,669.1,567.7,523.5,501.1,488.6,482.2,475.4,641.3,544.9,508.1,491.1,474.6,463.1,451.5,613.5,527.3,492.7,472.1,459.6,450.7,430.2,633.5,532.2,490.1,463.0,439.6,419.5,388.9,655.5,544.3,497.0,468.1,442.2,416.8,367.3,731.5,588.5,520.0,484.4,456.0,429.3,372.5,861.8,673.3,569.4,514.3,482.5,455.8,404.1,995.1,777.5,654.9,579.9,531.2,498.7,448.8,0.8305,1.0824,1.2188,0.6432,0.8861,1.0194,0.0,0.0000,2026,0.9892,606.6,04330004J4E,8.877,4802,24.1,33.7,26.1,86.6,70.3,722.5,554.3,492.3,932.8,677.1,588.6,605.3,563.9,0.9913,1.0640,544.3,450.2,427.3,38.6,159.1,690.4,490.1,473.4,445.0,415.3,364.5,330.1,309.3,345.5,398.3,1514.5,1137.0,1510.1,46.1,140.3,1559.2,992.3,922.5,878.9,838.9,875.4,924.4,1059.7,1272.9,1469.9
FRA,26177a,H1410_26177a,H-1410,PERSEPHONE,TINA (Standfast37),MAAS Franz,CARTER Dick,1967,75116 - PARIS,,,,ORC,CLUB,C,521,26 03 2026 20:25:23,11.400,8.609,1.889,3.31,6781.,0.0,0.63,692.4,0.7954,754.3,0.9763,614.6,1140.2,919.1,797.0,719.7,673.4,646.1,616.3,0.0,0.0,0.0,0.0,0.0,0.0,0.0,881.3,723.4,639.4,591.0,562.6,544.3,520.3,0.0,0.0,0.0,0.0,0.0,0.0,0.0,1134.3,863.6,718.8,630.8,583.6,550.0,499.2,43.9,41.9,40.8,39.7,39.0,38.9,38.8,146.9,151.4,153.2,159.4,165.1,171.8,178.1,1199.0,988.4,875.8,808.6,771.9,754.3,739.7,782.7,661.5,596.7,562.1,542.8,532.2,523.9,743.3,633.4,576.9,546.6,529.6,519.2,509.3,722.4,616.0,562.1,533.8,517.0,505.1,488.9,704.7,593.9,541.3,515.3,499.0,486.6,466.8,706.9,589.5,535.1,507.4,487.3,468.9,441.8,730.3,602.7,540.7,510.0,488.6,468.9,437.7,804.2,651.9,566.9,524.3,499.2,477.9,439.8,936.6,736.8,624.1,557.2,521.4,498.5,458.1,1081.5,849.8,718.1,630.8,574.9,538.0,493.0,0.7478,0.9819,1.1114,0.5827,0.7995,0.9349,0.0,0.0000,2026,0.8971,668.8,04330004J4P,7.715,7515,26.4,27.7,34.0,88.7,69.6,802.4,611.1,539.9,1029.7,750.5,641.8,669.6,619.2,0.8961,0.9690,599.2,506.7,484.5,39.3,176.8,741.9,522.1,505.8,478.6,457.2,427.6,416.5,413.8,426.4,456.5,1655.3,1251.5,1649.5,46.9,143.1,1712.7,1086.0,1009.1,964.7,962.1,985.0,1021.0,1157.1,1383.8,1597.9
FRA,26116a,IRL1984_26116a,IRL-1984,BIG BROTHER,PROTO 1/4 TON 1981,,Ron Holland,1984,76600 - LE HAVRE,,,,ORC,CLUB,R,267,13 03 2026 10:58:53,6.890,5.671,1.479,2.87,1095.,0.0,0.19,765.7,0.7170,836.8,0.8786,682.9,1229.5,998.3,876.4,802.1,757.0,731.2,700.7,0.0,0.0,0.0,0.0,0.0,0.0,0.0,954.3,792.2,711.0,661.7,628.9,606.7,575.7,0.0,0.0,0.0,0.0,0.0,0.0,0.0,1223.5,939.9,794.8,706.1,653.1,612.6,542.7,42.9,41.4,40.2,39.6,39.2,39.5,40.8,148.4,152.5,158.3,164.8,171.8,176.3,177.2,1290.0,1075.2,970.7,909.8,875.5,863.3,866.6,851.9,725.7,668.2,635.9,615.4,603.2,598.7,811.7,699.0,648.2,618.5,596.9,581.4,571.4,787.6,682.2,632.4,601.5,575.6,554.9,532.2,770.9,657.4,605.5,571.8,551.9,540.5,507.0,764.7,653.1,600.2,559.1,527.3,500.1,464.1,791.8,668.3,609.9,567.2,532.1,501.3,437.4,874.6,716.8,637.9,592.5,552.8,520.5,453.0,1012.5,800.1,687.5,626.3,585.7,549.4,489.4,1169.1,921.4,782.0,694.4,638.5,599.0,534.8,0.6871,0.8813,0.9989,0.5386,0.7212,0.8262,0.0,0.0000,2026,0.8095,741.2,04330004HLN,5.529,1463,11.5,14.8,11.7,32.9,0.0,873.2,680.8,600.7,1114.0,831.9,726.2,745.9,684.9,0.8044,0.8760,681.3,550.2,514.0,42.4,163.6,883.8,598.5,569.3,523.8,484.7,437.4,386.0,362.4,419.5,478.7,1768.5,1342.2,1763.1,45.4,143.9,1823.1,1168.5,1092.7,1045.2,1055.5,1046.1,1091.0,1243.6,1484.3,1713.9
FRA,26064a,IRL2506_26064a,IRL-2506,M'ENFIN?!,CORBY 25,LION YACHT,CORBY John,2000,44300 - NANTES,,,,ORC,CLUB,R,424,03 03 2026 10:08:39,7.755,7.091,1.838,2.52,2413.,0.0,0.00,718.3,0.7771,772.1,0.9358,641.2,1151.2,926.9,804.9,735.7,699.5,677.5,649.3,0.0,0.0,0.0,0.0,0.0,0.0,0.0,897.3,738.3,660.5,619.1,595.3,578.4,554.4,0.0,0.0,0.0,0.0,0.0,0.0,0.0,1149.3,875.2,734.2,656.6,616.6,584.7,533.9,42.3,40.1,38.4,36.9,36.3,36.0,36.3,147.3,151.6,154.7,163.0,170.4,177.2,177.2,1169.5,966.0,860.8,810.5,791.4,782.0,776.8,780.9,663.5,612.7,589.7,578.7,573.7,568.6,748.8,643.4,600.5,578.9,566.7,560.6,553.6,733.1,631.7,591.3,568.7,552.7,541.1,528.4,744.7,628.1,583.5,563.7,547.7,530.8,506.8,734.7,618.1,573.2,545.4,523.0,506.7,486.3,761.3,632.2,578.7,547.4,520.8,497.2,464.7,841.1,682.1,602.2,564.2,534.5,506.9,457.7,981.1,769.8,653.0,593.1,560.1,532.5,481.5,1132.8,887.9,749.0,660.9,607.7,573.0,521.9,0.7337,0.9421,1.0460,0.5774,0.7836,0.8923,0.0,0.0000,2026,0.8654,693.3,04330004FF1,6.940,2989,16.5,20.4,20.9,52.3,0.0,817.8,636.9,573.6,1039.1,765.7,672.4,690.6,650.0,0.8688,0.9231,631.0,538.6,518.1,37.3,175.8,785.6,568.2,551.7,521.1,492.8,471.0,447.5,417.2,435.5,476.3,1670.0,1271.0,1670.9,44.9,143.1,1660.7,1071.6,1008.7,975.7,1011.0,1021.0,1064.5,1212.5,1454.3,1679.3
FRA,26353a,IRL5474_26353a,IRL-5474,MAJE,SWAN 41,NAUTOR SWAN,Sparkman&Stephens,1973,"Lisburn, BT27 5JR (UK)",,,,ORC,INTL,C,720,05 06 2026 12:36:18,12.467,9.859,2.063,3.66,10548.,131.6,0.38,630.3,0.8692,690.3,1.0649,563.4,1009.3,827.0,722.0,661.7,626.2,601.9,576.1,0.0,0.0,0.0,0.0,0.0,0.0,0.0,781.2,650.4,580.8,544.0,523.1,508.7,489.8,0.0,0.0,0.0,0.0,0.0,0.0,0.0,1006.0,778.0,652.4,580.1,542.5,513.9,470.5,43.4,41.5,40.4,39.6,38.9,38.5,38.2,144.7,148.4,148.3,156.9,166.8,177.2,178.8,1042.2,872.4,779.2,734.5,714.1,702.3,691.9,685.7,587.0,536.9,514.2,504.7,499.4,494.1,652.8,564.6,522.0,502.1,492.5,487.5,481.5,633.2,551.0,511.8,491.9,480.3,472.7,463.5,643.1,547.0,502.6,481.7,469.1,460.2,447.2,632.5,531.8,489.5,468.4,453.0,440.6,421.7,646.7,540.2,493.6,469.6,450.9,434.0,409.5,716.9,585.2,515.8,483.5,462.1,443.0,409.8,845.5,676.8,575.8,516.7,486.3,466.2,430.9,976.3,781.5,664.9,588.9,538.2,501.5,460.4,0.8382,1.0716,1.1876,0.6535,0.8737,1.0029,0.0,0.0000,2026,0.9787,613.0,04330004SAF,9.062,11575,32.5,43.0,56.7,0.0,138.7,715.8,559.9,505.2,918.1,686.7,598.3,610.7,569.1,0.9825,1.0542,559.7,477.1,458.3,38.7,178.6,691.7,492.1,478.4,457.1,435.1,405.5,398.1,387.0,402.1,427.8,1423.1,1077.6,1420.5,46.4,141.1,1448.4,920.2,853.3,811.3,834.4,872.1,896.3,1012.3,1210.5,1397.8
FRA,26292c,IRL725_26292c,IRL-725,BLACK MAGIC,J 35,T & P,Johnson,1983,1180 UCCLE -  BELGIQUE,,,,ORC,CLUB,R,573,13 05 2026 12:20:10,10.820,9.156,2.040,3.65,4427.,0.0,0.00,612.5,0.9027,664.7,1.0949,548.0,979.2,791.2,690.3,636.2,605.6,585.9,559.7,0.0,0.0,0.0,0.0,0.0,0.0,0.0,757.3,628.3,564.7,530.9,510.2,494.6,470.9,0.0,0.0,0.0,0.0,0.0,0.0,0.0,979.7,747.3,629.0,564.1,529.2,500.4,451.4,42.5,40.4,38.2,37.0,36.4,36.2,36.3,145.3,149.6,152.8,159.2,166.4,171.8,170.9,974.2,808.6,726.4,693.3,679.3,671.9,667.6,644.2,554.8,518.7,503.1,496.2,492.2,488.4,614.9,539.3,508.5,493.0,484.7,480.0,474.6,598.0,530.4,501.0,483.0,470.2,461.4,451.6,611.1,534.6,499.6,478.2,463.5,449.3,428.4,633.3,532.4,491.2,464.6,442.0,422.5,395.5,651.1,543.3,497.6,469.3,443.9,420.2,377.3,723.2,585.3,518.9,484.6,457.2,431.5,381.1,852.4,670.1,568.2,513.6,482.9,457.3,408.5,984.2,773.8,654.1,579.2,531.8,500.0,451.8,0.8661,1.1006,1.2254,0.6778,0.9098,1.0327,0.0,0.0000,2026,1.0101,594.0,04330004POO,9.217,5238,24.4,33.1,42.1,96.4,77.7,692.8,545.2,489.6,885.2,659.5,581.0,588.5,558.9,1.0196,1.0736,539.9,451.2,430.5,37.2,163.1,673.7,489.0,473.0,444.6,416.3,375.9,342.0,321.1,355.0,406.2,1398.7,1057.2,1402.4,45.3,141.4,1361.5,870.5,811.7,775.3,799.2,882.9,911.5,1038.0,1243.5,1435.8
FRA,26005a,ITA3049_26005a,ITA- 3049,BIM 3,FARR 30 Sym,CARROLL MARINE,FARR Bruce,1996,83610 - COLLOBRIERES,,,,ORC,CLUB,R,549,10 04 2026 21:02:11,9.435,8.898,2.135,3.04,2284.,0.0,0.00,594.2,0.9203,652.0,1.1265,532.6,940.3,764.0,675.7,629.2,600.9,578.9,532.0,0.0,0.0,0.0,0.0,0.0,0.0,0.0,726.3,607.9,552.5,519.9,496.3,476.9,442.2,0.0,0.0,0.0,0.0,0.0,0.0,0.0,936.2,720.8,615.0,553.6,514.7,481.2,421.9,42.7,39.9,37.6,36.6,36.3,36.1,36.3,143.2,146.1,154.0,160.8,165.1,162.4,143.8,981.8,808.6,731.1,702.0,688.2,680.5,674.7,649.1,557.0,522.4,506.7,498.3,492.6,485.9,618.7,541.0,510.2,492.5,481.9,474.8,466.2,601.3,530.6,499.8,476.0,458.9,447.8,433.2,589.7,519.7,494.9,472.1,447.9,428.1,400.1,575.3,504.4,465.7,439.3,419.2,400.9,369.9,588.7,508.4,465.4,429.5,398.6,377.0,341.0,655.0,539.8,490.9,449.9,408.5,367.9,300.7,778.4,623.0,538.4,493.7,456.0,418.4,337.1,898.8,719.3,620.2,556.4,513.6,477.2,389.3,0.8994,1.1274,1.2800,0.7041,0.9247,1.0586,0.0,0.0000,2026,1.0393,577.3,04330004KV2,8.973,3027,17.8,32.2,18.3,86.1,86.0,667.1,532.2,468.8,852.2,648.9,566.8,581.8,531.8,1.0314,1.1281,490.9,416.5,394.2,37.6,146.3,686.1,485.7,463.8,425.9,383.4,345.5,311.0,259.6,256.1,295.7,1351.7,1027.0,1346.9,45.1,138.9,1399.8,899.6,842.0,805.6,817.8,796.8,826.5,931.9,1129.0,1303.6
FRA,26266b,ITA1144_26266b,ITA-1144_C,VALENTINA,J80,J COMPOSITE,JOHNSTONE,2008,17600 - FIGUERES (ESPAGNE),,,,ORC,CLUB,S,399,02 06 2026 22:44:43,8.032,7.263,1.496,2.49,1425.,0.0,0.00,656.9,0.8295,723.4,1.0198,588.3,1043.1,847.3,746.0,697.0,670.7,647.1,586.6,0.0,0.0,0.0,0.0,0.0,0.0,0.0,806.3,672.8,608.4,573.3,549.6,528.5,486.0,0.0,0.0,0.0,0.0,0.0,0.0,0.0,1036.3,797.9,678.1,610.7,570.0,532.8,462.7,43.3,41.3,38.9,37.7,37.4,37.4,37.9,144.1,148.5,151.8,153.7,152.8,146.7,141.1,1110.9,915.3,816.0,777.2,764.7,758.4,757.9,729.6,620.9,576.9,557.9,549.6,544.3,539.2,693.7,600.7,563.7,543.5,532.5,525.9,518.3,673.0,588.8,552.3,527.0,509.2,497.7,483.3,651.4,567.8,538.9,520.9,497.8,477.1,445.2,635.4,552.6,510.5,480.3,457.1,435.9,398.6,649.2,558.4,511.0,472.6,435.6,405.9,363.3,716.9,593.5,536.5,493.0,449.6,402.7,312.7,844.7,674.9,586.6,537.2,500.5,464.0,359.6,975.3,779.3,676.1,616.7,576.7,535.8,415.3,0.8113,1.0215,1.1587,0.6348,0.8342,0.9519,0.0,0.0000,2026,0.9404,638.0,04330004RUK,7.323,1967,13.6,21.9,14.0,0.0,63.2,739.6,587.4,517.8,945.2,719.3,630.3,645.0,586.4,0.9303,1.0232,541.4,457.5,430.3,40.0,146.0,780.1,542.0,517.9,476.7,426.8,369.7,323.7,263.1,262.2,302.7,1489.3,1131.6,1480.8,46.0,140.3,1574.2,1004.6,936.3,892.8,901.6,876.2,901.6,1010.4,1216.2,1404.3
FRA,26023a,I14505_26023a,ITA-14505,4D,A 40,ARCHAMBAULT,JOUBERT-NIVELT,2003,83700 - SAINT RAPHAEL,,,,ORC,CLUB,C,841,22 04 2026 21:36:47,11.990,11.578,2.384,3.76,6140.,0.0,0.13,559.7,0.9729,616.7,1.2001,500.0,904.4,730.0,637.4,591.0,566.3,547.9,512.8,0.0,0.0,0.0,0.0,0.0,0.0,0.0,696.6,573.9,515.1,484.3,465.3,450.8,425.2,0.0,0.0,0.0,0.0,0.0,0.0,0.0,901.0,687.0,577.3,516.2,482.6,454.9,408.4,43.1,40.4,38.7,37.5,37.1,36.9,36.9,141.9,145.6,148.7,152.3,153.9,151.7,144.9,938.2,767.1,686.2,654.2,638.6,629.9,620.4,616.7,520.6,479.1,463.6,456.2,451.8,447.4,585.3,501.6,465.6,450.4,443.0,438.4,432.9,564.8,489.1,456.0,437.0,424.8,418.1,407.9,569.9,484.8,457.0,434.8,416.3,402.1,385.4,553.6,468.8,433.8,412.7,397.6,384.8,363.5,565.9,473.3,434.4,405.9,383.7,368.6,341.5,631.8,509.8,455.2,422.6,393.5,366.7,309.7,754.0,600.1,509.8,458.9,429.9,404.0,351.0,870.6,692.9,588.7,527.8,493.9,465.9,405.3,0.9445,1.2065,1.3488,0.7342,0.9806,1.1125,0.0,0.0000,2026,1.1038,543.6,04330004ML1,10.999,7320,31.8,49.1,39.8,0.0,154.8,635.3,497.3,444.8,817.2,611.9,539.3,543.4,503.7,1.1042,1.1912,478.2,404.0,386.0,37.9,144.2,630.5,447.0,431.1,402.8,375.6,345.1,316.8,272.5,282.3,326.0,1296.4,981.8,1292.5,45.8,138.8,1334.9,851.5,791.8,751.7,774.3,771.5,798.7,899.2,1089.3,1257.8
FRA,26124a,I14864-26124a,ITA-14864,AKIRA,SHIPMAN 50,SEAWAY,J & J,2001,42700 - FIRMINY,,,,ORC,CLUB,C,1060,27 02 2026 16:38:07,15.015,13.680,2.263,4.51,9876.,0.0,0.14,524.3,1.0255,585.1,1.2848,467.0,876.6,703.1,607.4,557.8,532.5,514.8,482.6,0.0,0.0,0.0,0.0,0.0,0.0,0.0,659.0,541.6,482.5,451.2,432.7,418.4,393.8,0.0,0.0,0.0,0.0,0.0,0.0,0.0,872.4,657.8,545.6,482.6,449.2,421.9,375.9,47.1,42.6,40.7,39.7,39.2,39.0,39.8,141.7,144.5,146.4,152.1,153.4,151.6,146.1,919.1,747.9,661.4,624.5,607.5,598.1,590.5,579.2,488.0,449.4,430.0,421.6,416.5,411.1,532.2,459.5,433.3,416.0,407.9,402.6,396.3,494.4,435.4,413.1,402.3,390.7,382.6,372.0,488.9,430.0,403.6,386.6,375.5,367.3,351.7,518.9,442.2,404.1,380.8,364.7,347.5,319.6,541.7,445.4,404.4,377.0,354.9,337.1,310.2,604.4,478.3,422.9,392.2,365.0,339.2,288.9,722.4,570.2,479.2,426.6,398.3,374.2,324.4,834.1,658.4,553.3,491.1,457.4,431.5,374.6,0.9995,1.2917,1.4538,0.7596,1.0343,1.1832,0.0,0.0000,2026,1.1736,511.2,04330004F8I,12.557,11434,44.2,69.0,57.5,0.0,214.4,600.3,464.5,412.7,789.9,580.1,507.1,509.9,469.2,1.1766,1.2787,455.7,375.6,356.3,41.2,144.7,599.5,411.3,395.3,367.5,340.5,301.7,284.7,250.6,270.2,312.0,1270.0,935.2,1265.1,49.3,138.7,1319.8,818.5,732.3,655.4,644.1,703.6,775.2,872.8,1056.8,1220.3
FRA,26199a,ITA15663_26199a,ITA-15663,GODZILLA,ELAN 37 GTE,Elan Marine,HUMPHREYS ROB,2003,13004 - MARSEILLE,,,,ORC,CLUB,C,698,13 03 2026 16:11:00,11.160,10.240,2.337,3.59,6616.,0.0,0.26,626.1,0.8821,680.2,1.0785,556.3,1031.9,826.5,713.9,647.8,610.5,587.2,560.2,0.0,0.0,0.0,0.0,0.0,0.0,0.0,795.8,650.5,575.6,534.9,512.1,496.6,475.8,0.0,0.0,0.0,0.0,0.0,0.0,0.0,1030.8,778.4,645.9,569.7,531.1,502.2,457.1,43.2,40.7,39.3,38.2,37.5,37.2,37.1,145.1,149.4,152.3,157.6,164.8,171.4,177.7,1042.6,856.7,759.0,708.6,687.5,676.2,666.6,685.9,580.2,527.3,502.6,491.3,485.8,480.1,652.3,557.7,513.0,491.0,479.6,473.5,467.0,633.1,543.1,502.5,481.2,467.5,458.0,447.3,648.2,546.9,498.7,478.2,464.2,451.2,432.1,647.0,535.9,489.2,464.9,447.4,433.8,417.3,669.1,550.0,495.5,467.7,447.1,429.0,399.5,747.5,600.8,522.5,483.7,459.6,438.5,398.7,884.4,689.6,580.5,516.3,482.3,459.7,420.2,1021.2,796.3,668.8,586.9,533.5,498.2,453.9,0.8297,1.0862,1.2179,0.6457,0.8884,1.0293,0.0,0.0000,2026,0.9918,605.0,04330004HNF,9.561,7582,28.8,38.4,33.9,91.8,0.0,723.2,552.4,492.7,929.2,675.4,582.9,600.1,567.9,0.9998,1.0566,543.4,461.2,442.6,37.5,176.3,668.9,478.5,464.5,441.5,420.2,407.2,382.5,359.8,381.0,418.0,1503.7,1134.8,1504.9,45.6,139.3,1491.4,952.4,887.9,848.4,878.2,910.1,945.6,1087.9,1312.9,1516.0
FRA,26122a,ITA16020_C_26122a,ITA-16020_C,ENJÒLIT,FIRST 34.7,BENETEAU,FARR,2005,17003 - GIRONA (ESPAGNE),,,,ORC,CLUB,C,400,06 03 2026 08:17:10,9.982,9.115,2.010,3.37,4802.,0.0,0.21,635.9,0.8536,702.9,1.0530,569.8,1018.3,827.5,725.0,673.3,646.2,627.7,604.8,0.0,0.0,0.0,0.0,0.0,0.0,0.0,782.3,650.0,584.8,551.6,532.5,518.5,497.7,0.0,0.0,0.0,0.0,0.0,0.0,0.0,1012.0,777.3,655.5,588.3,552.5,523.3,475.6,43.3,41.1,39.9,39.0,38.7,38.6,39.0,143.6,147.8,150.2,153.4,158.9,162.6,161.4,1081.8,893.9,798.1,755.0,738.8,730.8,728.6,711.0,603.1,550.8,528.0,518.7,513.7,509.5,675.1,579.3,534.9,514.1,503.8,498.8,493.4,639.3,552.0,520.5,501.6,488.0,478.9,469.4,610.0,531.8,500.2,483.9,474.3,466.5,448.2,617.1,527.2,490.9,468.0,452.5,437.3,413.1,630.4,533.9,494.4,467.8,444.8,425.2,397.7,699.4,572.2,514.5,483.6,457.3,432.3,383.2,826.9,659.2,564.7,515.8,488.7,466.3,422.6,954.8,761.2,651.9,591.7,553.5,524.5,480.9,0.8378,1.0599,1.1669,0.6501,0.8613,0.9620,0.0,0.0000,2026,0.9689,619.3,04330004FSV,8.470,5397,23.6,35.5,25.1,0.0,97.2,716.2,566.1,514.2,922.9,696.6,623.7,621.5,569.8,0.9655,1.0529,588.3,481.9,457.9,40.5,141.9,747.5,511.8,494.7,465.6,436.9,398.0,367.8,325.8,371.7,429.2,1457.9,1096.3,1450.0,46.2,139.8,1536.6,976.9,907.8,860.2,811.3,839.0,875.1,989.1,1194.4,1379.2
FRA,26105a,I16736_26105a,ITA-16736,MADECENNALE,J 92,J BOATS,JOHNSTONE,1992,06560 - ANTIBES,,,,ORC,CLUB,R,498,27 02 2026 07:50:17,9.140,8.259,1.825,3.04,2744.,0.0,0.01,638.9,0.8554,701.4,1.0490,572.0,1021.3,827.6,723.3,671.3,646.1,627.6,590.6,0.0,0.0,0.0,0.0,0.0,0.0,0.0,787.6,654.0,588.5,554.4,534.5,518.7,487.6,0.0,0.0,0.0,0.0,0.0,0.0,0.0,1017.3,779.5,657.0,589.6,554.1,523.1,468.4,43.0,41.0,38.7,37.2,36.9,36.8,37.1,143.5,147.8,149.5,153.9,158.2,158.7,142.5,1060.9,874.1,778.1,739.4,725.7,718.8,715.0,699.6,595.8,551.8,533.7,526.3,522.0,517.6,666.7,577.4,540.3,522.2,513.0,508.0,502.0,649.0,566.8,531.5,510.2,495.8,486.7,475.8,634.3,550.1,515.3,494.3,481.2,471.5,449.6,625.2,537.3,500.0,474.7,455.5,439.0,399.3,640.5,543.7,502.2,470.8,442.9,415.8,377.9,718.5,584.0,524.6,488.8,456.0,422.3,345.7,850.2,676.4,579.0,526.1,496.1,468.4,403.7,981.7,781.1,668.5,603.2,566.5,536.5,466.1,0.8324,1.0543,1.1742,0.6490,0.8629,0.9703,0.0,0.0000,2026,0.9670,620.4,04330004F6J,8.208,3427,18.8,27.7,25.6,0.0,89.3,720.8,569.1,511.0,924.5,695.3,618.4,620.7,576.1,0.9667,1.0415,540.3,455.8,434.1,38.2,142.7,725.3,517.8,500.2,469.6,434.9,371.8,333.1,286.8,307.7,355.3,1460.2,1105.9,1456.3,45.8,139.7,1500.0,958.3,894.7,856.3,857.8,872.7,899.6,1018.6,1230.2,1420.5
FRA,26351b,ITA16824_26351b,ITA-16824,MARICA,DUFOUR36Performanc,DUFOUR YACHTS,FELCI Umberto,2012,83380 - LES ISSAMBRES,,,,ORC,CLUB,C,676,10 08 2026 13:03:07,10.970,10.141,2.175,3.62,5950.,0.0,0.21,609.0,0.8961,669.6,1.1079,541.6,1010.9,811.8,702.4,638.6,601.6,578.5,552.8,0.0,0.0,0.0,0.0,0.0,0.0,0.0,770.2,631.5,561.3,521.9,498.6,483.1,460.8,0.0,0.0,0.0,0.0,0.0,0.0,0.0,1004.4,760.7,632.5,557.3,517.5,487.5,440.1,44.4,42.1,40.5,39.2,38.4,38.5,38.8,142.6,147.1,149.6,156.5,167.5,176.3,177.7,1076.4,875.2,768.1,709.5,685.2,674.7,669.4,698.2,583.5,525.6,496.5,483.4,477.7,473.2,658.6,557.7,509.1,484.0,470.7,463.8,458.1,615.3,524.0,488.4,474.1,457.8,446.1,434.4,587.0,505.7,471.7,453.3,442.5,434.5,416.7,601.6,505.7,466.2,441.0,421.4,408.3,382.5,617.4,515.2,471.9,444.7,420.9,399.3,366.9,688.4,559.1,495.8,463.3,437.7,413.5,365.7,818.8,648.0,551.3,497.8,467.2,443.6,399.5,945.4,748.3,636.6,567.7,518.1,482.4,436.2,0.8561,1.1145,1.2536,0.6584,0.9022,1.0441,0.0,0.0000,2026,1.0157,590.7,04330004W8J,9.500,6879,28.7,41.0,29.4,0.0,105.9,700.9,538.4,478.6,911.3,665.0,574.7,590.8,545.5,1.0155,1.0999,537.2,443.5,421.7,40.0,175.6,678.8,473.3,456.9,429.6,403.6,364.4,335.5,305.6,354.1,395.7,1464.1,1094.6,1455.3,47.1,139.2,1551.9,982.3,908.3,843.3,794.3,823.2,865.4,984.6,1191.9,1376.3
FRA,26306a,ITA17578_26306a,ITA-17578,AMANDE,DUFOUR 335 GL,Dufour Yachts,FELCI,2013,,,,,ORC,CLUB,C,592,03 08 2026 13:53:35,9.980,9.177,1.917,3.49,5450.,0.0,0.41,699.5,0.7744,774.8,0.9731,616.6,1201.8,957.4,825.8,741.7,683.4,643.4,606.3,0.0,0.0,0.0,0.0,0.0,0.0,0.0,916.7,740.9,648.0,592.8,555.8,530.1,501.4,0.0,0.0,0.0,0.0,0.0,0.0,0.0,1191.7,894.7,736.7,636.8,577.8,535.4,480.1,45.5,44.0,42.9,42.0,40.6,39.1,39.0,144.8,147.6,148.6,150.5,155.4,160.8,177.5,1303.0,1053.1,921.1,834.3,770.4,728.9,703.9,835.6,687.0,608.6,560.5,531.6,513.5,498.2,782.9,650.3,580.1,540.4,516.9,501.3,484.0,749.8,627.0,558.1,519.7,500.1,489.1,466.1,712.0,585.8,524.2,494.2,474.5,459.7,443.9,700.3,576.6,518.5,489.0,466.7,446.6,412.3,723.4,593.8,528.5,495.5,472.0,450.7,412.4,808.1,649.6,562.4,516.2,489.2,467.3,427.3,953.2,746.2,632.6,562.4,521.7,496.8,459.7,1100.7,861.7,730.4,649.1,596.5,557.9,508.7,0.7239,0.9767,1.1412,0.5558,0.7761,0.9382,0.0,0.0000,2026,0.8877,675.9,04330004W12,7.792,6252,25.6,29.2,23.7,0.0,67.7,828.8,614.3,525.8,1079.5,773.1,639.5,676.7,622.7,0.8867,0.9635,593.5,486.8,462.7,40.2,177.9,712.9,497.1,480.0,453.1,433.7,389.6,378.8,391.5,426.0,474.1,1776.1,1330.8,1761.9,47.6,140.6,1918.1,1205.5,1105.1,1041.9,1004.1,985.5,1022.5,1175.1,1415.2,1634.1
FRA,26197a,I17630_26197a,ITA-17630,K'MENA,J 99,J Composites,JOHNSTON Alan,2018,98000 - MONACO,,,,ORC,INTL,C,563,13 03 2026 21:09:02,9.950,9.110,2.106,3.41,3905.,0.0,0.15,611.7,0.8946,670.7,1.0961,547.4,980.0,793.0,692.5,641.9,615.9,597.1,568.5,0.0,0.0,0.0,0.0,0.0,0.0,0.0,756.1,626.4,563.3,530.6,510.7,495.0,469.2,0.0,0.0,0.0,0.0,0.0,0.0,0.0,975.3,746.5,628.8,564.4,529.7,499.5,449.9,43.0,40.7,38.7,37.2,36.9,36.7,36.9,143.1,147.5,150.2,153.5,158.4,161.0,146.8,1026.6,842.9,748.2,706.2,690.0,681.0,674.4,676.2,573.6,528.1,508.2,499.2,494.1,488.7,643.3,554.2,516.0,497.0,486.5,480.9,474.0,624.0,542.1,506.9,486.3,471.9,461.7,450.4,611.8,524.5,493.7,479.5,466.7,451.3,428.2,598.2,512.7,477.3,453.1,434.7,420.6,395.3,612.0,519.3,480.5,452.0,426.3,402.1,368.1,681.2,556.8,501.9,469.5,440.3,411.4,347.5,808.3,643.6,551.5,503.7,475.8,450.9,400.5,933.3,743.1,636.7,577.7,541.7,513.3,462.5,0.8680,1.1019,1.2264,0.6768,0.9025,1.0151,0.0,0.0000,2026,1.0107,593.7,04330004HOM,9.026,4680,22.9,34.6,27.0,0.0,101.1,691.2,544.5,489.2,886.5,664.8,591.1,593.8,551.9,1.0105,1.0871,524.2,440.7,422.2,37.8,142.0,680.7,488.1,472.1,444.4,413.3,373.6,339.2,284.1,318.4,367.7,1403.9,1065.8,1398.4,45.7,139.5,1458.9,932.4,869.8,830.0,850.8,829.4,855.8,966.2,1168.2,1349.0
FRA,26210b,ITA4202_26210b,ITA-4202,CONFLUENCE,GP 42,LATINI,FARR YACHT DESIGN,2007,44810 - HERIC,,,,ORC,INTL,R,819,28 07 2026 09:36:04,12.800,12.395,3.009,3.89,4132.,138.3,0.00,484.8,1.1035,543.7,1.3911,431.3,797.3,640.4,568.1,528.1,498.0,469.4,424.7,0.0,0.0,0.0,0.0,0.0,0.0,0.0,609.5,502.7,452.2,420.1,396.2,375.9,345.5,0.0,0.0,0.0,0.0,0.0,0.0,0.0,796.1,602.8,510.9,452.3,413.2,378.6,324.4,43.4,40.9,39.2,38.2,37.8,37.5,37.5,140.3,141.7,147.8,150.7,145.1,143.1,143.5,808.9,664.2,610.5,587.1,574.3,566.2,558.3,529.2,449.8,423.6,410.3,401.2,394.5,385.6,500.3,434.1,406.3,391.2,381.1,373.8,363.8,481.0,423.8,387.3,365.7,353.2,343.6,329.5,479.4,418.4,389.1,354.8,332.5,318.4,297.5,488.2,418.4,372.5,340.5,319.7,302.3,269.2,509.4,423.7,373.0,338.0,307.6,285.7,255.2,566.3,450.7,398.9,352.8,309.9,275.6,236.5,680.4,534.0,455.3,406.4,365.2,322.7,252.1,785.7,616.6,525.8,469.1,421.7,372.6,291.1,1.0789,1.3899,1.6235,0.8347,1.1044,1.3049,0.0,0.0000,2026,1.2725,471.5,04330004VP7,12.667,5311,32.0,62.9,42.6,0.0,176.8,556.1,431.7,369.6,718.8,543.3,459.8,473.6,431.7,1.2668,1.3899,397.0,326.9,306.2,38.5,148.5,564.8,385.7,361.6,321.9,284.4,245.9,238.6,202.0,198.5,229.2,1159.0,871.7,1158.4,45.5,138.9,1164.9,743.6,688.2,649.2,660.3,682.9,729.1,826.0,998.6,1153.1
FRA,26309a,KAZ36_26309a,KAZ-36,JEDI,J 112 E,J-Boats,Johnstone,2015,40231 SPILLANE,,,,ORC,CLUB,C,700,15 05 2026 14:35:50,11.000,10.115,2.088,3.60,5250.,0.0,0.13,586.7,0.9313,644.3,1.1444,524.3,947.4,764.7,665.5,615.5,590.7,572.8,545.0,0.0,0.0,0.0,0.0,0.0,0.0,0.0,729.1,601.6,539.5,507.5,488.5,473.6,449.7,0.0,0.0,0.0,0.0,0.0,0.0,0.0,942.8,719.3,603.5,540.3,506.7,477.9,431.2,43.6,41.3,39.3,37.8,37.5,37.4,37.4,142.8,146.7,149.4,153.2,156.8,159.4,146.7,993.1,812.2,720.1,680.1,663.9,654.8,647.5,649.1,548.4,503.8,485.0,476.6,471.7,466.3,615.4,528.8,491.7,473.9,464.1,458.7,451.8,594.7,516.5,482.9,463.2,449.4,439.8,429.1,592.8,504.0,473.6,459.5,444.1,429.7,408.8,575.7,490.6,455.7,432.7,416.6,403.7,380.9,587.4,495.8,458.0,430.6,407.3,386.3,356.8,657.1,531.7,478.3,447.3,419.5,392.5,335.3,780.9,621.1,529.2,480.1,453.1,429.6,383.2,901.7,717.2,611.0,550.9,517.5,490.8,442.4,0.9018,1.1511,1.2811,0.7009,0.9398,1.0585,0.0,0.0000,2026,1.0537,569.4,04330004Q1T,9.879,6215,27.3,40.4,34.5,0.0,128.9,665.3,521.2,468.3,856.0,638.4,566.8,569.3,528.3,1.0539,1.1357,505.5,424.1,406.4,38.5,142.4,653.7,465.8,450.8,423.4,395.3,361.3,330.3,278.3,309.4,357.2,1360.3,1030.1,1354.9,46.3,139.4,1414.7,898.4,833.6,791.5,816.3,804.3,829.8,935.1,1131.0,1306.0
FRA,26154a,NED4994_26154a,NED-4994,NUMERO UNO,GRAND SOLEIL 34.1,Cantiere del Pardo,VISMARA Alessandro,1999,13001 - MARSEILLE,,,,ORC,CLUB,C,598,06 03 2026 16:24:20,9.990,9.178,1.955,3.27,4600.,0.0,0.11,640.5,0.8624,695.7,1.0490,572.0,1033.6,833.0,724.5,664.1,631.0,610.5,587.1,0.0,0.0,0.0,0.0,0.0,0.0,0.0,798.4,658.5,589.2,552.3,531.1,516.4,496.5,0.0,0.0,0.0,0.0,0.0,0.0,0.0,1033.1,785.5,658.2,587.3,550.5,521.8,476.1,43.2,40.9,39.3,38.0,37.5,37.3,37.5,145.6,150.1,152.9,159.7,166.6,174.5,177.2,1038.4,860.2,769.9,729.6,714.1,706.6,705.0,683.1,583.8,540.0,520.6,512.2,507.9,505.0,650.1,564.2,527.5,509.4,499.5,494.7,490.4,631.6,551.9,518.5,499.0,485.6,476.6,468.2,645.9,556.1,518.5,497.2,480.8,466.9,447.5,660.6,551.8,508.8,484.0,465.2,451.3,433.2,681.7,564.2,514.0,486.2,463.3,443.3,413.5,756.7,610.4,537.1,501.6,476.4,452.8,408.6,890.9,697.9,589.8,530.6,499.4,475.9,431.9,1028.7,805.7,679.0,598.6,547.9,514.5,469.2,0.8236,1.0560,1.1705,0.6429,0.8695,0.9887,0.0,0.0000,2026,0.9670,620.5,04330004H20,8.778,5426,23.1,30.5,34.2,80.1,0.0,728.5,568.2,512.6,933.3,690.1,606.9,615.5,581.6,0.9748,1.0316,572.5,483.2,462.2,38.5,173.2,715.5,506.7,489.9,462.7,437.3,425.1,395.7,364.9,388.7,429.6,1490.8,1124.9,1493.5,46.1,139.3,1464.2,932.3,868.6,829.5,856.7,923.9,956.4,1092.9,1314.2,1517.5
FRA,26046a,NED5660_26046a,NED-5660,SALAMANDER,X 3/4 TON,X-YACHTS,JEPPESSEN Niels,1981,79000 - NIORT,,,,ORC,CLUB,C,477,28 04 2026 07:55:43,10.060,8.209,1.872,3.37,3673.,0.0,0.04,647.4,0.8533,703.1,1.0349,579.8,1026.9,835.6,730.7,673.6,641.7,620.9,592.2,0.0,0.0,0.0,0.0,0.0,0.0,0.0,796.8,664.3,597.8,562.2,539.9,523.1,499.3,0.0,0.0,0.0,0.0,0.0,0.0,0.0,1024.6,788.4,665.5,597.5,559.7,528.2,478.2,42.6,40.4,38.5,37.5,37.1,37.1,37.4,146.0,150.7,154.9,162.8,168.7,175.4,172.3,1049.8,875.4,785.3,745.9,730.9,723.0,719.3,696.6,598.9,556.1,536.3,527.4,522.4,517.2,665.1,580.1,543.3,524.4,513.9,508.3,501.2,646.7,568.5,533.0,512.4,498.0,487.2,474.4,654.0,562.8,525.9,508.8,490.7,474.1,449.1,648.3,554.5,514.6,488.6,466.3,450.0,429.0,669.0,566.6,519.7,489.5,462.5,438.4,408.2,741.9,608.9,543.9,507.2,476.5,448.0,400.2,869.5,689.5,590.3,537.4,504.5,475.5,425.7,1004.0,795.7,676.1,601.2,552.4,518.8,465.1,0.8213,1.0399,1.1574,0.6443,0.8595,0.9751,0.0,0.0000,2026,0.9555,627.9,04330004N7C,8.112,4329,20.9,33.4,24.8,75.0,0.0,730.5,577.0,518.4,931.2,698.1,615.3,627.2,585.9,0.9567,1.0241,576.1,482.6,461.5,38.7,170.8,730.8,517.5,499.6,467.2,435.4,415.9,387.0,341.4,375.5,421.4,1459.2,1104.5,1459.1,45.6,140.1,1460.5,935.4,875.3,838.2,861.0,883.8,916.2,1048.5,1262.5,1457.9
FRA,26385a,NED5755_26385a,NED-5755,BELLE DE HOORN,ILC 30,HOLLAND COMPOSITE,JUDELVROJLIK,1996,35400 - SAINT MALO,,,,ORC,CLUB,R,517,10 08 2026 07:56:04,9.490,8.626,1.981,3.26,2672.,0.0,0.00,623.8,0.8793,682.4,1.0796,555.7,1020.0,819.6,712.1,651.2,618.4,597.2,565.2,0.0,0.0,0.0,0.0,0.0,0.0,0.0,782.9,644.1,575.9,537.6,514.1,495.8,466.3,0.0,0.0,0.0,0.0,0.0,0.0,0.0,1017.1,771.2,645.0,572.6,533.4,499.9,443.6,43.0,40.6,38.5,37.3,36.7,36.6,36.8,142.2,146.9,149.6,158.8,167.8,170.4,163.1,1048.5,856.4,759.0,717.6,701.6,692.9,687.8,691.7,583.7,536.7,516.4,507.5,502.0,495.9,658.9,564.1,524.6,504.0,492.8,486.3,478.4,640.5,552.4,515.3,491.5,474.1,462.7,450.1,620.7,531.6,496.3,477.3,464.1,449.0,422.6,617.0,525.1,483.8,452.3,426.7,407.6,378.4,636.7,535.7,491.8,456.9,424.3,393.2,349.8,718.7,581.6,519.0,482.9,449.4,415.0,345.3,858.7,678.0,576.1,518.5,484.3,453.1,389.5,991.5,782.9,665.2,584.9,535.2,501.4,442.6,0.8409,1.0843,1.2262,0.6523,0.8858,1.0161,0.0,0.0000,2026,0.9932,604.1,04330004W8B,8.644,3371,19.2,31.3,18.5,71.6,69.9,713.5,553.4,489.3,919.8,677.4,590.5,603.9,563.1,0.9936,1.0656,527.5,438.3,416.6,38.2,140.7,699.8,496.4,476.9,444.3,408.2,354.6,318.0,265.3,307.7,355.3,1470.2,1111.2,1467.3,45.4,138.6,1499.0,962.5,900.9,862.9,864.9,861.3,895.9,1030.7,1248.2,1441.3
FRA,26088b,SUI1313_26088b,SUI-1313,BERRET D'EMILE,PROTO IOR 1Ton mod,BURKHALTER,BERRET Jean,1978,1400 - YVERDON-LES-BAINS - SUISSE,,,,ORC,CLUB,C,627,01 05 2026 22:52:25,11.910,9.682,2.401,3.90,5541.,0.0,0.30,653.1,0.8408,713.6,1.0353,579.5,1091.5,866.8,747.1,678.4,640.5,617.0,591.9,0.0,0.0,0.0,0.0,0.0,0.0,0.0,835.8,678.5,599.2,556.7,533.1,516.9,494.6,0.0,0.0,0.0,0.0,0.0,0.0,0.0,1093.0,815.9,674.3,593.9,553.6,522.5,471.4,43.4,41.0,39.6,38.5,38.3,38.2,38.5,145.9,150.5,153.0,159.2,166.4,175.4,178.6,1076.0,880.9,785.2,741.5,725.6,717.6,715.1,706.3,595.0,543.9,521.5,511.2,506.2,501.8,671.2,571.6,528.3,507.3,496.4,491.2,485.7,650.3,556.1,516.5,494.8,480.7,471.2,461.5,664.8,559.9,511.4,486.8,472.6,460.2,438.3,679.0,558.9,508.1,481.1,459.1,438.9,413.5,709.9,579.4,517.5,486.7,464.0,441.2,402.1,804.8,641.7,551.2,506.8,479.9,457.0,409.4,958.7,738.7,615.7,542.6,504.0,479.0,434.7,1107.0,852.7,709.0,615.2,555.5,516.5,468.7,0.7925,1.0433,1.1705,0.6128,0.8480,0.9780,0.0,0.0000,2026,0.9500,631.6,04330004O2U,8.896,6410,27.5,40.5,31.2,65.4,0.0,757.1,575.1,512.6,979.1,707.5,613.5,624.2,594.2,0.9612,1.0098,576.6,480.3,455.8,39.6,176.3,725.8,502.2,484.4,455.9,426.8,400.6,380.1,368.4,390.1,427.4,1604.5,1202.5,1610.2,45.8,142.4,1548.4,988.6,921.1,878.8,908.4,961.5,1013.7,1182.9,1438.2,1660.7
