NAT,CERTN.,FILE_ID,SAILNUMB,NAME,TYPE,BUILDER,DESIGNER,YEAR,CLUB,OWNER,ADRS1,ADRS2,C_Type,Family,D,CREW,DD_MM_yyYY HH:MM:SS,LOA,IMSL,DRAFT,BMAX,DSPL,INDEX,DA,GPH,TMF,ILCGA,APHTOT,APHTOD,WL6,WL8,WL10,WL12,WL14,WL16,WL20,OL6,OL8,OL10,OL12,OL14,OL16,OL20,CR6,CR8,CR10,CR12,CR14,CR16,CR20,NSP6,NSP8,NSP10,NSP12,NSP14,NSP16,NSP20,OC6,OC8,OC10,OC12,OC14,OC16,OC20,UA6,UA8,UA10,UA12,UA14,UA16,UA20,DA6,DA8,DA10,DA12,DA14,DA16,DA20,UP6,UP8,UP10,UP12,UP14,UP16,UP20,R526,R528,R5210,R5212,R5214,R5216,R5220,R606,R608,R6010,R6012,R6014,R6016,R6020,R756,R758,R7510,R7512,R7514,R7516,R7520,R906,R908,R9010,R9012,R9014,R9016,R9020,R1106,R1108,R11010,R11012,R11014,R11016,R11020,R1206,R1208,R12010,R12012,R12014,R12016,R12020,R1356,R1358,R13510,R13512,R13514,R13516,R13520,R1506,R1508,R15010,R15012,R15014,R15016,R15020,D6,D8,D10,D12,D14,D16,D20,OTNLOW,OTNMED,OTNHIG,ITNLOW,ITNMED,ITNHIG,DH_TOD,DH_TOT,VPPYEAR,TMF-OF,OSN,ReferenceNo,CDL,DSPS,WSS,MAIN,GENOA,SYM,ASYM,OTDLOW,OTDMED,OTDHIG,ITDLOW,ITDMED,ITDHIG,PREUPD,PREDND,PREUPT,PREDNT,WL24,CR24,OC24,UA24,DA24,UP24,R5224,R6024,R7524,R9024,R11024,R12024,R13524,R15024,D24,WL4,CR4,OC4,UA4,DA4,UP4,R524,R604,R754,R904,R1104,R1204,R1354,R1504,D4
GRE,02380,A307,A307,GARBIS,OCEANIS 400,BENETEAU,FINOT,1993,SMYN,,,,ORC,CLUB,C,800,17 07 2026 10:13:42,11.800,10.870,1.667,3.92,7250.,0.0,0.41,663.7,0.8221,729.8,1.0291,583.0,1163.7,914.2,777.4,691.8,637.7,606.9,579.7,0.0,0.0,0.0,0.0,0.0,0.0,0.0,884.3,706.5,611.4,556.3,523.1,503.2,480.6,0.0,0.0,0.0,0.0,0.0,0.0,0.0,1156.3,855.2,694.4,596.8,543.6,508.2,456.8,47.1,45.4,44.2,42.7,41.5,40.9,41.0,146.0,149.2,150.9,155.4,161.4,166.6,176.3,1237.5,990.0,859.3,779.2,730.1,708.7,703.2,779.9,634.1,561.1,520.3,497.5,485.5,480.0,721.8,595.1,533.3,500.8,482.1,470.6,463.0,687.4,573.1,515.2,485.9,468.2,455.3,438.6,701.4,578.5,510.7,477.5,460.8,450.5,426.6,691.0,560.2,496.6,465.4,444.3,426.7,402.2,714.9,576.7,504.9,469.3,446.1,426.0,390.7,796.9,629.7,537.3,487.8,460.0,438.4,398.4,943.9,726.1,602.6,527.8,485.7,460.2,420.9,1089.9,838.5,695.5,604.3,545.3,505.1,456.2,0.7543,1.0364,1.2008,0.5775,0.8272,0.9927,0.0,0.0000,2026,0.9386,639.3,03420004VD7,9.108,8368,33.5,30.0,42.2,95.6,0.0,795.4,578.9,499.7,1039.0,725.3,604.4,639.2,590.4,0.9386,1.0163,571.4,468.5,440.8,42.5,175.4,722.0,482.3,461.9,432.3,410.3,387.4,362.5,356.1,383.3,420.8,1736.0,1297.9,1726.5,49.3,143.5,1831.8,1138.1,1029.3,961.4,990.4,996.0,1035.5,1179.4,1420.5,1640.3
GRE,01345,BEL1228,BEL-1228,QUATRAILLE,SLY 42,SLY YACHTS,LOSTUZZI,2007,BRYC,,,,ORC,INTL,C,600,16 06 2026 16:40:01,12.840,11.913,2.586,3.80,7268.,129.7,0.18,543.8,1.0001,599.9,1.2389,484.3,894.3,716.7,621.7,573.3,548.6,529.1,491.8,0.0,0.0,0.0,0.0,0.0,0.0,0.0,685.2,560.5,499.7,468.3,449.5,433.6,405.8,0.0,0.0,0.0,0.0,0.0,0.0,0.0,888.9,672.9,561.3,499.4,466.6,438.5,388.4,43.1,41.1,39.4,38.2,38.2,37.8,37.8,141.7,145.1,148.3,152.8,153.4,151.2,145.1,947.6,765.9,677.2,639.8,622.7,611.4,601.3,620.1,516.0,467.9,449.0,440.9,435.3,429.4,586.9,495.4,454.4,436.3,427.6,421.6,414.6,563.2,477.2,445.2,424.4,410.1,401.1,390.2,539.0,461.4,430.1,412.7,401.9,389.2,368.5,535.9,453.2,418.8,399.0,380.8,362.8,337.2,546.9,456.5,418.4,389.9,369.4,354.0,318.4,609.8,488.6,438.0,406.1,377.2,348.4,293.4,728.2,578.0,490.3,441.3,412.8,387.2,331.1,840.9,667.4,566.2,506.8,474.6,446.8,382.3,0.9633,1.2454,1.4047,0.7449,1.0080,1.1539,0.0,0.0000,2026,1.1374,527.5,03420004TAQ,11.404,8185,35.8,58.0,36.9,0.0,184.3,622.9,481.8,427.1,805.5,595.2,520.0,528.7,485.3,1.1349,1.2364,457.6,385.1,365.0,39.0,144.7,609.0,429.0,413.0,385.6,358.0,320.5,288.5,262.1,265.2,306.3,1293.1,975.5,1285.7,45.9,138.9,1367.2,870.5,807.7,765.5,737.7,750.4,777.7,872.3,1055.6,1218.9
GRE,02199,BEL1325,BEL-1325,SILHOA,FIRST 47.7 SK,BENETEAU,FARR,1999,VVW NIEUWPOORT,,,,ORC,CLUB,C,245,18 03 2026 11:50:23,14.506,12.578,2.272,4.51,11500.,0.0,0.27,579.3,0.9403,638.1,1.1687,513.4,976.9,776.3,668.3,607.4,572.4,549.9,525.4,0.0,0.0,0.0,0.0,0.0,0.0,0.0,744.6,604.2,531.6,492.7,470.7,456.1,437.3,0.0,0.0,0.0,0.0,0.0,0.0,0.0,976.3,729.2,600.7,527.1,488.9,460.2,415.8,44.5,42.6,41.0,40.1,39.7,39.5,39.8,144.0,147.8,150.6,155.0,161.0,166.6,175.9,982.4,800.3,709.8,668.1,650.3,641.7,638.0,634.2,530.2,481.0,458.3,449.0,444.1,440.1,596.5,506.1,463.7,443.8,434.6,430.0,425.3,570.4,489.7,451.6,432.0,420.1,412.5,404.4,579.7,493.6,451.5,429.0,414.0,402.4,385.7,611.4,500.2,447.7,421.9,404.3,391.3,374.8,629.0,512.2,454.0,424.4,403.9,386.3,358.0,703.9,559.3,482.2,440.6,415.9,395.7,357.7,841.2,651.5,543.1,477.3,439.9,416.5,377.9,971.4,752.3,626.9,546.7,494.5,458.2,412.7,0.8897,1.1777,1.3255,0.6845,0.9478,1.0982,0.0,0.0000,2026,1.0696,560.9,03420004I6F,11.285,12089,42.4,59.7,60.7,132.3,0.0,674.4,509.5,452.7,876.6,633.0,546.3,555.0,523.9,1.0811,1.1453,513.2,425.5,403.2,40.8,170.9,649.1,441.0,424.6,399.7,375.9,363.7,341.0,319.9,339.9,377.4,1427.8,1066.6,1429.0,47.8,139.3,1415.7,888.9,815.0,762.9,781.1,869.2,899.6,1033.3,1247.0,1439.9
GRE,02325,BUL42031,BUL-42031,ABOAT TIME,SWAN 42 CLUB,Nautor,Swan NY/Club Frers,2006,St. Nikolay - Sofia,,,,ORC,INTL,R,935,22 07 2026 18:53:49,12.960,11.879,2.740,3.91,7637.,140.2,0.00,531.9,1.0265,584.5,1.2576,477.1,841.5,683.8,603.0,562.3,540.0,523.1,489.1,0.0,0.0,0.0,0.0,0.0,0.0,0.0,650.6,541.8,491.1,464.1,446.6,432.7,407.1,0.0,0.0,0.0,0.0,0.0,0.0,0.0,839.4,645.1,548.2,493.7,462.9,436.8,391.6,42.6,40.4,38.2,37.0,36.8,36.4,36.2,141.9,145.6,149.6,153.4,155.3,153.7,145.4,862.5,712.4,645.1,618.3,604.0,595.1,586.0,570.1,487.6,456.3,443.7,437.0,432.3,426.5,542.9,473.1,445.7,432.6,425.3,420.0,413.0,525.3,464.4,437.9,421.4,409.6,401.9,391.1,535.3,465.7,438.6,419.0,402.7,389.7,371.2,527.9,452.1,420.3,400.1,386.1,373.8,351.8,539.0,455.5,420.8,394.8,373.2,357.5,329.5,596.1,484.6,438.8,409.6,382.7,355.6,300.4,710.6,567.5,485.8,441.8,415.5,391.8,339.6,820.5,655.2,560.9,506.3,476.0,451.1,392.2,1.0064,1.2626,1.4064,0.7867,1.0337,1.1661,0.0,0.0000,2026,1.1598,517.3,03420004VJL,11.773,8951,35.0,61.9,49.6,0.0,186.3,596.2,475.2,426.6,762.7,580.4,514.5,515.6,481.6,1.1638,1.2457,453.0,384.7,368.6,37.1,144.2,590.6,425.1,410.4,385.2,358.5,332.9,305.6,262.7,273.1,315.4,1200.1,909.3,1198.3,45.3,139.1,1217.3,778.5,723.9,687.5,705.9,730.9,757.9,847.5,1024.4,1182.8
GRE,02378,CZE0925,CZE-0925,BE CALM,FIRST 36,BENETEAU,MANUARD,2022,ČANY,,,,ORC,CLUB,R,550,25 06 2026 15:44:47,10.966,10.479,2.240,3.79,4776.,0.0,0.00,572.3,0.9396,638.6,1.1719,512.0,928.0,749.9,660.3,612.8,588.4,570.0,532.3,0.0,0.0,0.0,0.0,0.0,0.0,0.0,707.3,585.2,527.9,496.5,477.6,463.0,435.2,0.0,0.0,0.0,0.0,0.0,0.0,0.0,925.1,704.3,594.8,531.1,495.6,466.4,414.8,44.6,42.3,40.1,39.0,38.6,38.5,39.6,142.2,146.2,148.3,152.4,153.1,151.2,143.8,956.7,788.1,718.9,687.1,672.8,666.1,663.5,617.3,524.1,490.8,478.6,470.9,466.5,462.9,579.0,501.5,472.7,462.9,456.0,451.0,445.8,551.0,485.7,456.4,439.8,431.3,425.3,416.6,553.2,485.3,453.0,428.4,410.5,399.9,386.7,569.7,481.1,442.4,418.5,402.3,388.7,359.1,579.8,485.4,443.8,411.5,386.5,370.0,339.4,653.1,521.9,465.4,430.7,399.5,367.8,300.9,778.7,616.3,521.2,468.1,437.8,410.8,347.4,899.2,711.6,601.8,538.4,504.0,474.0,401.2,0.9284,1.1773,1.3152,0.7152,0.9464,1.0705,0.0,0.0000,2026,1.0748,558.2,03420004U68,9.962,5582,28.9,39.3,34.3,0.0,136.7,646.3,509.6,456.2,838.9,634.0,560.5,558.3,513.3,1.0746,1.1690,498.7,414.7,393.1,41.5,143.9,684.8,466.8,448.7,413.6,380.9,329.8,311.7,264.6,270.8,312.7,1334.0,997.6,1331.4,47.3,139.3,1359.6,855.8,780.6,723.4,728.8,803.7,829.0,936.1,1133.0,1308.3
GRE,02255,CZE814,CZE-814,LIRICA,X-46,X-YACHTS,JEPPESSEN,2003,IOMAG,,,,ORC,CLUB,C,500,25 05 2026 21:05:42,13.990,12.346,2.359,4.09,10389.,0.0,0.01,550.3,0.9865,608.2,1.2194,492.0,888.2,719.3,629.3,582.5,557.1,539.9,517.2,0.0,0.0,0.0,0.0,0.0,0.0,0.0,682.4,564.5,506.0,476.0,458.1,445.3,426.6,0.0,0.0,0.0,0.0,0.0,0.0,0.0,885.8,676.8,568.7,507.9,475.5,449.2,408.0,43.6,41.6,40.1,39.0,38.4,38.2,38.8,141.9,145.3,149.3,152.0,155.2,160.1,161.2,912.6,751.5,673.7,640.3,625.1,617.5,612.1,596.1,504.5,464.5,447.9,440.8,436.8,433.0,564.0,485.1,451.1,436.0,428.7,424.5,419.8,541.5,472.6,441.9,425.3,414.5,407.5,399.4,549.0,475.9,441.4,423.0,408.5,397.1,381.2,553.4,464.9,427.8,406.3,391.8,381.4,363.7,565.7,471.2,431.3,407.2,387.1,369.2,345.6,626.4,509.2,452.2,422.8,400.1,378.7,335.9,748.1,595.0,506.6,455.7,428.1,407.8,370.1,863.8,687.1,585.0,524.7,489.1,462.3,422.3,0.9624,1.2273,1.3590,0.7465,0.9948,1.1201,0.0,0.0000,2026,1.1205,535.5,03420004R5T,11.612,11249,38.3,62.9,57.4,0.0,159.4,623.4,488.9,441.5,803.8,603.1,535.7,532.0,499.2,1.1278,1.2020,500.0,412.0,393.5,39.9,144.9,619.6,432.8,418.5,395.0,371.7,352.5,326.5,288.9,329.5,380.5,1273.2,957.0,1271.1,46.5,138.6,1293.6,818.0,754.4,708.4,721.4,765.8,792.8,894.8,1084.9,1252.8
GRE,01172,ESP9297,ESP-9297,ANDARIN,J-105,J BOATS EUROPE,ROD JOHNSTONE,1991,NOPF,,,,ORC,CLUB,R,420,14 05 2026 12:53:18,10.570,9.479,2.004,3.34,3863.,0.0,0.18,618.4,0.8838,678.9,1.0883,551.3,1008.0,808.2,701.8,649.1,621.6,601.5,562.0,0.0,0.0,0.0,0.0,0.0,0.0,0.0,776.5,636.0,567.7,533.3,512.3,496.0,466.6,0.0,0.0,0.0,0.0,0.0,0.0,0.0,1001.4,759.5,635.5,568.4,531.4,500.5,447.4,43.4,41.1,39.4,38.2,37.7,37.4,37.8,143.0,146.9,149.9,152.5,155.4,155.8,144.2,1073.3,870.8,768.6,724.6,706.4,696.1,686.9,704.0,588.3,533.3,511.5,502.5,496.9,491.1,667.9,565.4,518.6,498.2,488.4,482.7,476.1,645.8,550.7,507.9,485.5,471.3,461.9,451.5,623.8,529.1,498.7,483.4,464.3,449.3,428.7,606.9,512.7,475.4,452.1,437.1,423.4,398.3,619.8,518.4,476.2,447.1,422.9,402.8,369.6,687.6,557.5,497.2,462.0,431.1,400.0,334.9,816.3,645.7,550.0,498.8,468.0,440.8,378.5,942.6,745.6,635.1,573.5,536.7,506.9,437.1,0.8496,1.0948,1.2269,0.6607,0.8915,1.0140,0.0,0.0000,2026,1.0014,599.2,03420004PUR,8.986,4488,23.8,33.8,24.7,0.0,98.3,706.2,548.0,489.0,908.1,673.0,591.7,602.3,552.0,0.9961,1.0869,521.5,442.2,421.8,39.0,143.7,695.4,490.7,474.5,446.6,416.6,382.6,341.8,289.4,301.1,347.7,1460.6,1107.9,1451.8,45.8,139.8,1548.5,988.6,921.1,880.0,872.3,848.2,873.9,985.0,1188.9,1372.8
GRE,00940,FRA222,FRA-222,KALLISTI,MINI TRANSAT 6.5,TEAM COTE D' ARMOR,PIER P. ROLLAND,1993,ANOG,,,,ORC,CLUB,S,300,21 05 2026 18:13:34,6.520,6.537,2.008,2.92,1072.,0.0,0.00,626.4,0.8634,695.0,1.0619,565.0,941.8,795.1,725.1,682.5,651.2,616.5,534.2,0.0,0.0,0.0,0.0,0.0,0.0,0.0,742.0,643.3,591.1,556.7,528.9,501.2,449.1,0.0,0.0,0.0,0.0,0.0,0.0,0.0,939.5,753.5,659.2,593.7,550.1,507.6,423.4,40.7,37.6,36.3,35.3,35.1,35.0,35.7,143.6,150.9,157.5,158.2,150.9,147.3,145.2,965.4,834.0,785.7,762.8,752.3,746.5,742.8,655.9,592.4,567.3,550.3,541.3,535.8,528.4,632.1,577.1,548.7,530.3,520.0,513.3,505.2,615.0,558.8,523.7,504.8,489.8,479.9,466.1,615.8,557.1,510.2,482.3,461.9,444.9,416.5,629.4,552.2,502.3,471.1,436.5,398.5,346.5,640.3,558.7,499.0,451.1,417.3,385.0,315.1,688.8,590.4,529.3,472.7,412.6,350.0,280.3,795.3,655.3,584.0,527.6,476.6,421.3,282.0,918.3,756.1,664.6,602.1,550.2,486.5,325.6,0.8663,1.0555,1.2281,0.6909,0.8593,1.0096,0.0,0.0000,2026,0.9802,612.1,03420004QQ9,7.101,1689,14.0,30.6,11.9,0.0,74.6,692.6,568.5,488.6,868.4,698.2,594.3,620.9,561.3,0.9663,1.0689,497.0,421.2,392.2,36.0,150.1,742.0,523.1,497.7,451.3,390.8,310.3,273.5,240.4,218.4,252.1,1284.6,979.7,1284.3,44.2,143.2,1287.7,834.8,785.1,743.6,745.4,812.5,846.5,937.9,1109.8,1281.4
GRE,00728,F25528,FRA-25528,BIDOURIK,JPK 9.60,JPK COMPOSITES,VALER,2003,IO PATRON,,,,ORC,INTL,R,440,14 05 2026 12:13:38,9.600,9.089,1.974,3.45,3546.,111.5,0.00,637.4,0.8647,693.8,1.0576,567.3,1043.2,835.0,722.5,661.6,628.0,606.9,578.4,0.0,0.0,0.0,0.0,0.0,0.0,0.0,804.8,658.7,586.1,547.7,524.3,507.6,482.3,0.0,0.0,0.0,0.0,0.0,0.0,0.0,1040.2,786.2,655.4,583.2,543.8,512.0,460.8,43.7,41.2,39.5,38.2,37.8,37.6,38.2,145.1,149.4,153.1,159.4,166.6,171.8,170.0,1073.6,878.0,778.0,733.7,717.1,708.8,705.1,703.6,593.6,542.1,519.9,510.6,505.6,500.8,668.4,571.8,528.4,507.4,496.2,490.5,483.7,647.5,558.0,518.5,495.6,479.1,467.7,455.5,657.6,553.9,512.6,493.6,473.0,455.5,431.5,646.1,541.8,499.0,471.2,450.2,437.2,414.8,666.6,553.3,504.2,472.4,445.2,421.6,389.3,743.6,598.6,528.2,490.8,459.9,431.7,371.5,877.2,685.8,579.7,522.2,488.6,459.8,405.0,1012.9,791.9,666.9,589.5,539.0,504.9,451.7,0.8200,1.0641,1.1946,0.6389,0.8722,0.9975,0.0,0.0000,2026,0.9738,616.1,03420004PU5,8.687,4181,22.1,32.8,24.2,75.0,0.0,731.7,563.9,502.3,939.1,687.9,601.5,615.7,573.8,0.9744,1.0456,556.3,462.6,440.6,39.7,150.9,717.8,502.0,483.0,449.6,417.5,397.2,363.6,311.6,342.1,394.9,1516.6,1146.9,1514.4,46.2,139.6,1538.3,980.0,912.9,871.9,900.2,906.0,939.0,1075.9,1294.6,1494.9
GRE,02316,FRA37531,FRA-37531,ALCON II,FIRST 45,BENETEAU,PHILIPPE BRIAND,2008,YCG,,,,ORC,INTL,C,750,16 06 2026 16:24:54,13.665,12.340,2.763,4.20,11290.,112.8,0.21,568.4,0.9655,621.4,1.1854,506.2,929.1,745.4,647.0,594.2,563.1,542.8,517.4,0.0,0.0,0.0,0.0,0.0,0.0,0.0,717.4,586.8,520.9,487.6,468.6,455.7,437.3,0.0,0.0,0.0,0.0,0.0,0.0,0.0,926.3,701.7,584.9,520.0,485.7,459.9,420.0,42.7,40.8,39.6,38.8,38.5,38.3,38.3,142.3,148.0,151.4,156.1,162.8,168.0,172.7,956.6,782.7,697.6,662.6,646.6,637.6,628.7,629.3,528.7,480.1,461.1,453.2,448.5,443.3,597.7,507.9,465.1,447.1,439.7,435.4,430.4,577.4,494.3,455.0,435.4,424.8,418.9,411.6,589.7,497.5,456.6,433.9,419.1,408.1,394.7,578.2,480.5,439.6,422.2,411.6,402.6,390.1,592.0,488.7,442.3,418.3,401.1,390.0,372.5,659.7,531.2,464.0,430.5,408.0,388.1,351.2,780.7,613.2,517.0,460.9,430.2,408.6,369.0,901.5,708.0,596.4,525.8,479.6,448.0,406.1,0.9201,1.1947,1.3274,0.7167,0.9730,1.1145,0.0,0.0000,2026,1.0902,550.4,03420004TAI,11.249,12413,42.1,59.3,51.6,176.0,0.0,652.1,502.2,452.0,837.2,616.6,538.4,549.5,510.7,1.0920,1.1749,503.3,425.7,408.7,39.2,166.4,637.0,443.3,430.5,408.5,387.8,374.7,359.6,324.1,329.2,369.6,1347.1,1018.6,1344.8,45.8,140.4,1369.6,872.7,811.5,772.0,797.5,809.0,835.3,951.3,1147.1,1324.6
GRE,02262,F39714,FRA-39714,ROSMARINE,SUN ODYSSEY 45 DS,,PHILIPPE BRIAND,2007,NO KATAKOLOU,,,,ORC,CLUB,C,300,25 05 2026 14:10:24,13.410,11.589,2.009,4.36,9900.,0.0,0.34,607.2,0.8873,676.2,1.1148,538.2,1026.3,818.0,705.3,642.6,609.8,589.1,567.6,0.0,0.0,0.0,0.0,0.0,0.0,0.0,780.5,633.6,556.9,515.9,493.7,478.9,460.9,0.0,0.0,0.0,0.0,0.0,0.0,0.0,1022.6,766.7,631.6,553.2,513.2,483.4,435.0,45.6,43.4,41.9,41.0,40.7,40.7,41.5,142.1,146.4,148.7,150.4,153.8,159.2,175.7,1063.8,863.3,759.6,708.5,689.3,681.8,686.6,681.3,566.7,509.2,480.9,468.6,463.8,461.7,637.8,538.5,489.0,464.2,452.2,447.3,443.7,607.9,518.5,474.5,451.1,437.2,428.1,420.1,617.4,516.5,465.6,441.3,428.6,420.5,401.8,615.7,507.2,457.3,431.0,411.3,394.4,372.0,634.8,520.5,465.3,436.4,414.9,395.1,359.8,716.1,573.3,497.0,456.3,431.3,410.4,371.0,856.3,669.2,563.8,499.7,462.1,438.6,402.4,988.8,772.7,651.0,576.8,530.4,496.3,448.7,0.8486,1.1240,1.2609,0.6506,0.8956,1.0235,0.0,0.0000,2026,1.0185,589.1,03420004R4U,10.236,10482,38.4,49.2,51.7,0.0,108.9,707.0,533.8,475.9,922.2,669.9,586.2,585.4,547.6,1.0249,1.0956,562.7,452.4,422.7,43.3,175.8,711.0,466.6,445.0,416.7,392.2,357.0,334.6,331.7,368.1,414.3,1501.6,1119.5,1497.8,48.4,138.5,1540.1,962.3,878.0,818.7,838.9,868.0,901.3,1043.7,1267.2,1463.2
GRE,01188,F43833,FRA-43833,EROS,POGO 50,POGO STRUCTURES,FINOT-CONQ,2013,HORC,,,,ORC,CLUB,C,160,07 05 2026 10:20:41,15.243,14.895,3.525,5.19,8900.,0.0,0.01,487.2,1.0943,548.3,1.3797,434.9,793.7,645.2,572.6,530.1,502.5,479.1,441.9,0.0,0.0,0.0,0.0,0.0,0.0,0.0,605.7,501.1,452.5,423.0,402.6,385.5,360.0,0.0,0.0,0.0,0.0,0.0,0.0,0.0,794.5,605.7,513.0,454.5,419.5,388.6,339.7,43.3,40.5,39.7,39.4,39.2,38.9,39.7,140.4,142.8,146.1,151.4,150.9,148.5,146.8,785.3,665.7,621.4,597.0,581.8,571.8,566.9,512.9,446.4,421.9,408.8,400.9,395.5,389.6,483.6,424.0,403.6,392.5,385.0,379.2,371.6,462.5,405.8,384.1,371.0,360.9,353.1,342.6,470.3,406.0,376.0,354.9,341.5,330.8,316.0,501.7,415.2,376.0,347.7,329.8,315.3,287.3,520.4,420.8,375.1,342.3,320.4,299.9,271.1,578.0,455.6,396.4,358.6,323.7,292.3,252.2,694.6,541.0,453.7,401.7,366.8,334.6,274.4,802.1,624.7,523.9,463.2,423.3,386.3,316.8,1.0842,1.3817,1.5779,0.8340,1.0969,1.2739,0.0,0.0000,2026,1.2609,475.9,03420004OVA,13.704,9502,48.1,96.4,69.2,0.0,197.0,553.4,434.2,380.3,719.4,547.0,471.0,475.9,435.5,1.2608,1.3777,418.5,344.9,324.5,40.5,146.7,576.2,392.1,372.4,339.2,306.5,269.3,255.1,221.4,225.9,260.9,1146.1,860.9,1149.9,45.5,138.3,1108.5,709.0,657.6,620.2,634.3,708.3,748.7,845.1,1025.1,1183.7
GRE,00840,FR9550,FRA-9550,ALMYRA,FIRST 36.7,BENETEAU,FARR,2000,NO CHANION,,,,ORC,CLUB,C,400,18 03 2026 15:18:11,10.640,9.504,2.220,3.46,5515.,116.4,0.04,623.4,0.8771,684.1,1.0750,558.1,997.3,808.7,710.3,656.2,624.4,604.6,581.6,0.0,0.0,0.0,0.0,0.0,0.0,0.0,769.9,638.0,573.4,540.3,520.3,506.4,487.2,0.0,0.0,0.0,0.0,0.0,0.0,0.0,996.7,762.3,642.9,576.3,540.1,511.3,464.6,42.4,40.5,39.2,38.3,38.1,38.1,38.5,143.1,147.6,153.4,159.7,166.4,173.6,177.2,1003.4,834.0,754.4,725.5,713.7,708.5,708.7,665.3,568.5,526.5,511.1,504.8,501.5,498.8,634.8,549.9,513.0,497.4,491.2,487.5,483.6,615.3,538.1,503.6,485.1,474.3,468.6,460.9,625.5,538.0,497.4,480.1,466.1,453.9,439.3,628.7,529.0,487.8,462.8,443.0,429.3,410.9,646.8,540.0,493.9,466.8,443.5,422.5,390.7,722.6,587.1,519.3,484.9,459.7,436.0,391.3,858.4,678.5,577.2,519.4,486.6,462.5,418.1,991.2,783.4,666.1,587.0,535.0,500.7,454.5,0.8524,1.0821,1.1936,0.6644,0.8837,0.9984,0.0,0.0000,2026,0.9893,606.5,03420004I7H,8.988,6127,26.1,39.2,37.3,84.8,83.4,703.9,554.5,502.7,903.1,679.0,601.0,603.0,565.7,0.9950,1.0606,571.6,476.0,452.3,39.9,173.6,728.7,501.5,485.6,458.0,430.9,403.3,371.9,341.4,374.9,414.4,1428.4,1077.2,1430.2,45.4,138.8,1410.3,900.7,840.2,801.6,825.0,870.6,902.6,1034.2,1252.7,1446.5
GRE,02026,GBR106,GBR-106,WALLY B,BRENTA 106,PENDENNIS,BRENTA & PARTNERS,1997,YCG,,,,ORC,CLUB,C,1350,25 05 2026 17:31:54,33.000,29.320,4.926,7.91,82098.,0.0,0.24,390.5,1.3853,433.1,1.7434,344.1,676.1,532.3,456.3,412.6,385.7,367.4,343.7,0.0,0.0,0.0,0.0,0.0,0.0,0.0,513.7,411.3,358.5,329.9,312.7,300.1,281.9,0.0,0.0,0.0,0.0,0.0,0.0,0.0,674.6,498.9,407.9,354.2,324.9,303.2,270.4,45.2,43.0,41.3,40.1,39.3,38.8,37.9,140.8,141.3,144.4,147.5,151.5,153.8,151.6,691.8,553.8,484.3,448.6,429.2,415.9,399.4,443.2,362.4,323.6,304.9,295.4,289.3,281.6,411.8,342.0,308.8,293.2,284.9,279.7,272.4,387.7,326.9,297.9,283.6,274.9,268.3,259.2,392.1,330.4,299.6,283.4,272.7,263.9,249.8,424.4,341.7,300.8,281.1,268.9,257.5,239.3,434.2,347.3,302.0,279.5,264.8,254.1,234.5,477.6,374.0,318.8,289.5,272.1,256.9,228.7,572.0,442.3,370.8,326.1,296.9,278.4,249.7,660.5,510.7,428.2,376.5,342.3,319.0,287.9,1.2973,1.7547,2.0239,0.9930,1.3940,1.6525,0.0,0.0000,2026,1.5888,377.6,03420004R58,25.740,88681,161.5,292.3,230.9,0.0,890.7,462.5,341.9,296.5,604.2,430.4,363.1,372.2,352.3,1.6120,1.7029,323.3,267.2,255.3,38.0,148.3,391.0,277.3,267.9,252.8,240.0,226.3,213.9,203.8,221.4,255.7,998.7,745.8,997.2,47.6,139.4,1013.9,635.5,576.9,529.8,534.5,612.6,630.9,708.1,851.8,983.6
GRE,02080,GBR2343X,GBR-2343X,PELAGIA,X4^3,X-YACHTS,JEPESSEN,2021,HORC,,,,ORC,CLUB,C,858,28 05 2026 20:35:57,12.450,11.799,2.247,3.95,9753.,0.0,0.24,577.7,0.9361,640.9,1.1669,514.2,961.1,773.6,669.8,610.7,579.1,558.6,533.4,0.0,0.0,0.0,0.0,0.0,0.0,0.0,728.4,599.0,532.2,495.5,474.1,459.7,439.4,0.0,0.0,0.0,0.0,0.0,0.0,0.0,955.4,724.2,601.8,529.9,492.2,463.8,420.2,44.5,42.3,40.7,39.7,38.9,38.5,38.4,142.6,146.7,149.3,151.4,155.2,160.1,163.3,1017.4,828.9,729.1,675.2,650.1,637.7,627.5,657.8,551.3,496.2,469.1,456.0,449.8,443.5,613.6,519.0,478.7,456.4,444.0,437.0,430.1,563.2,486.5,454.3,439.3,431.4,421.9,409.6,548.4,474.6,443.1,424.7,411.5,402.9,391.8,569.9,483.1,442.8,419.8,402.0,389.1,364.9,592.9,491.6,447.5,422.8,402.4,384.0,354.7,658.6,535.3,471.4,439.3,416.6,396.0,357.3,783.6,622.1,528.8,473.9,444.4,424.4,389.4,904.8,718.3,610.6,546.3,508.0,479.4,439.3,0.9040,1.1742,1.3166,0.6918,0.9433,1.0825,0.0,0.0000,2026,1.0677,562.0,03420004RKS,10.791,10958,36.7,53.0,40.9,0.0,141.0,663.7,511.0,455.7,867.3,636.1,554.3,559.8,520.7,1.0718,1.1523,518.3,425.0,406.9,39.5,160.1,630.4,442.3,428.0,403.7,382.8,346.0,336.6,314.4,355.6,406.3,1388.7,1029.6,1381.5,47.6,138.6,1460.6,919.0,845.5,749.8,726.9,769.6,829.8,940.4,1140.4,1316.8
GRE,02256,GBR5262,GBR-5262,BO,RIVAL 34,SOUTHERN SHIPBULDI,PETER BRETT,1972,NAO KERKYRAS,,,,ORC,CLUB,C,320,22 07 2026 18:47:19,10.312,7.806,1.431,2.98,5400.,0.0,0.73,776.3,0.6993,858.0,0.8718,688.2,1296.0,1036.0,898.7,816.1,771.7,744.9,724.9,0.0,0.0,0.0,0.0,0.0,0.0,0.0,996.3,810.6,713.3,659.0,630.2,612.4,594.7,0.0,0.0,0.0,0.0,0.0,0.0,0.0,1285.0,970.7,805.9,707.3,654.8,616.0,556.8,46.5,44.6,43.4,43.3,43.8,44.0,45.3,148.4,151.8,153.9,159.9,164.6,171.3,178.1,1405.9,1147.8,1021.3,954.6,928.1,916.4,925.7,891.9,746.7,672.4,631.2,610.9,602.2,599.6,831.5,706.6,640.0,603.3,583.4,574.0,568.3,797.3,678.1,613.6,578.2,558.7,547.0,534.9,809.3,671.5,602.1,569.5,549.3,534.6,514.3,780.2,646.7,579.2,546.1,526.3,510.2,490.1,806.5,659.5,584.2,546.3,523.4,503.7,472.1,892.6,713.1,613.4,561.6,533.0,510.8,470.5,1027.2,801.7,675.0,598.9,556.6,531.1,488.8,1186.1,924.1,776.1,677.7,615.2,573.4,524.1,0.6641,0.8791,0.9833,0.5146,0.7052,0.8063,0.0,0.0000,2026,0.7997,750.3,03420004VJJ,6.350,5886,21.1,20.4,30.0,65.1,0.0,903.5,682.5,610.2,1166.0,850.8,744.1,762.5,680.5,0.7869,0.8818,722.5,589.4,546.5,47.5,177.2,959.3,607.2,568.0,529.6,498.5,481.0,459.1,443.8,455.0,485.7,1908.2,1437.4,1894.2,48.9,145.3,2047.5,1273.9,1157.2,1091.1,1119.6,1101.6,1145.7,1294.2,1531.8,1768.8
GRE,02071,GBR5379T,GBR-5379T,JACOBI,TWISTER 28,TYLER,KIM HOLMAN,1964,INO AIGIOU,,,,ORC,CLUB,C,240,17 04 2026 10:26:09,8.610,7.082,1.526,2.46,4521.,0.0,0.72,803.1,0.6815,880.4,0.8436,711.3,1335.1,1073.3,932.0,842.2,783.0,747.8,716.4,0.0,0.0,0.0,0.0,0.0,0.0,0.0,1031.3,843.3,742.0,682.3,647.0,626.7,603.5,0.0,0.0,0.0,0.0,0.0,0.0,0.0,1327.2,1007.8,837.3,730.9,671.8,632.7,575.7,44.1,42.0,40.8,40.6,40.4,40.3,40.5,145.7,150.1,154.7,160.6,171.8,177.2,179.0,1414.4,1161.4,1030.8,952.2,906.7,887.0,876.6,921.9,776.7,697.6,649.5,623.3,612.3,604.2,873.9,743.6,670.1,626.7,603.7,593.1,584.2,846.2,719.6,648.0,607.0,585.2,572.7,559.5,832.9,691.4,617.6,583.8,568.5,560.1,544.3,817.0,678.8,606.6,572.1,551.2,534.3,508.9,845.3,695.7,614.9,575.1,552.6,533.2,498.9,931.7,752.6,652.9,596.2,566.3,544.7,504.8,1087.6,853.3,725.3,644.8,595.5,567.6,527.6,1255.8,985.2,833.3,732.3,659.4,608.6,556.1,0.6401,0.8489,0.9629,0.4983,0.6844,0.8056,0.0,0.0000,2026,0.7736,775.6,03420004LRP,6.001,4893,19.8,15.8,23.2,0.0,45.8,937.4,706.8,623.1,1204.1,876.7,744.8,779.2,714.5,0.7700,0.8398,704.8,591.6,561.4,41.6,179.0,890.2,604.8,582.2,553.8,530.6,490.4,478.2,475.9,492.0,519.3,1956.4,1482.5,1946.7,46.5,142.4,2053.2,1301.7,1208.5,1157.8,1168.4,1142.3,1193.3,1349.7,1610.4,1859.5
GRE,02359,GER31,GER-31,EXCALIBUR,SKIPPI 650 RACER,SKIPPI YACHTS,Jerzy Piesniewski,2005,NOK,,,,ORC,CLUB,S,400,20 05 2026 11:10:43,6.565,6.303,1.289,2.50,650.,0.0,0.00,664.9,0.8089,741.8,1.0100,594.1,1058.8,863.9,768.5,720.8,688.9,656.1,581.9,0.0,0.0,0.0,0.0,0.0,0.0,0.0,819.3,688.9,622.1,580.4,549.7,521.7,470.9,0.0,0.0,0.0,0.0,0.0,0.0,0.0,1051.5,814.2,696.0,621.4,571.7,523.9,438.4,43.4,41.2,38.7,37.3,37.2,37.5,38.9,144.0,149.3,153.0,151.7,148.1,145.1,140.7,1131.4,937.2,844.5,806.9,797.3,794.0,800.0,744.0,639.1,598.2,572.8,561.2,554.1,548.8,707.6,620.4,580.9,550.4,534.9,525.8,516.9,686.4,609.6,564.6,526.9,497.8,481.5,462.5,658.4,579.1,535.1,510.2,482.3,447.0,409.4,649.3,565.9,504.4,455.7,424.7,399.6,357.4,662.2,576.7,514.1,453.2,402.9,368.6,317.4,724.3,611.4,550.7,494.8,435.7,378.4,274.4,854.0,684.7,602.9,550.5,502.7,448.8,315.2,986.2,790.6,692.6,634.7,580.5,518.2,363.9,0.7957,1.0073,1.1773,0.6241,0.8101,0.9427,0.0,0.0000,2026,0.9299,645.2,03420004QJP,6.576,1050,9.7,18.5,8.0,0.0,37.7,754.1,595.7,509.6,961.4,740.6,636.5,659.2,591.7,0.9102,1.0141,548.3,445.9,409.5,40.7,145.8,819.2,550.9,515.0,452.7,388.0,314.5,277.8,237.3,240.2,277.4,1507.2,1144.9,1498.0,45.7,140.3,1599.0,1022.8,954.3,909.6,904.5,881.6,909.7,1018.3,1225.8,1415.4
GRE,02168,GER326,GER-326,GODEN WIND,NORDSEE 39,DUEBBEL & JESSE,U. DUEBBEL,1977,NOTK,,,,ORC,CLUB,C,600,11 06 2026 13:46:56,12.010,9.331,1.897,3.74,7591.,0.0,0.49,671.6,0.8174,734.0,1.0077,595.4,1117.0,895.2,774.5,699.2,654.1,629.1,604.6,0.0,0.0,0.0,0.0,0.0,0.0,0.0,860.0,701.9,619.3,571.9,544.0,526.7,506.4,0.0,0.0,0.0,0.0,0.0,0.0,0.0,1108.1,839.7,697.1,611.2,564.6,531.5,482.9,45.3,43.2,41.9,41.0,40.2,39.9,40.1,146.6,150.5,152.7,158.8,164.4,170.2,176.3,1206.4,983.6,867.7,798.4,760.4,745.4,741.5,775.1,648.2,581.7,545.0,524.7,514.8,509.9,728.1,616.4,558.8,527.1,509.4,499.6,493.4,700.8,595.5,542.1,512.9,495.7,483.9,469.9,698.6,582.7,528.1,505.1,492.2,477.9,455.1,672.3,561.0,510.0,484.2,466.4,453.5,435.6,691.8,571.8,514.3,484.7,462.9,443.4,418.7,763.6,615.9,537.9,497.9,472.9,450.4,412.4,890.0,699.0,591.6,529.4,495.4,472.3,430.1,1027.7,806.8,681.3,600.1,547.8,512.7,467.7,0.7683,1.0143,1.1463,0.5963,0.8226,0.9582,0.0,0.0000,2026,0.9253,648.4,03420004SUF,8.164,8442,31.9,31.5,40.8,119.1,0.0,780.9,591.5,523.4,1006.2,729.4,626.2,653.9,594.6,0.9176,1.0091,597.7,499.8,472.7,41.5,175.3,765.7,515.4,495.9,467.6,439.9,431.9,405.8,385.4,397.2,429.7,1632.8,1233.3,1621.3,47.8,142.6,1747.2,1095.9,1007.1,950.8,977.8,942.4,972.0,1100.6,1315.0,1518.4
GRE,00827,GER4712,GER-4712,TRINITY,FIRST 456,BENETEAU,G. FRERS,1983,Zellemsee Yacht Club,,,,ORC,CLUB,C,720,17 07 2026 10:00:34,13.820,11.788,2.536,4.31,13741.,0.0,0.60,631.0,0.8749,685.8,1.0790,556.1,1077.6,851.9,729.4,652.2,603.6,573.2,542.4,0.0,0.0,0.0,0.0,0.0,0.0,0.0,828.7,667.7,581.6,531.7,502.4,484.1,462.4,0.0,0.0,0.0,0.0,0.0,0.0,0.0,1072.9,800.5,656.0,568.1,521.3,489.8,445.2,44.3,41.9,40.3,39.4,38.8,38.2,37.6,145.7,149.4,151.2,155.4,161.6,167.3,177.7,1124.5,905.6,792.0,722.5,680.8,657.4,640.6,730.9,606.3,540.0,501.0,480.1,468.2,458.1,691.5,580.5,520.1,487.0,468.6,457.5,446.3,669.5,564.1,506.2,476.0,458.5,447.0,432.4,675.4,555.1,493.4,464.9,451.9,444.2,425.5,655.2,537.8,480.1,452.5,435.9,423.1,406.9,675.8,551.6,486.9,455.2,436.1,421.2,394.1,752.2,599.7,516.2,471.5,446.7,429.2,397.4,892.6,691.3,577.9,508.3,470.0,447.0,415.2,1030.7,798.3,666.8,581.9,526.4,489.0,444.2,0.8020,1.0862,1.2486,0.6219,0.8792,1.0540,0.0,0.0000,2026,0.9891,606.6,03420004VD6,10.165,14814,43.3,42.1,46.1,139.3,0.0,748.1,552.4,480.5,964.8,682.4,569.3,604.8,565.6,0.9921,1.0608,527.1,448.7,431.2,37.7,177.7,638.8,455.3,442.8,424.5,411.5,395.0,377.6,368.2,383.8,415.4,1598.1,1208.3,1592.7,46.4,142.8,1653.0,1048.9,972.2,929.1,964.3,935.8,968.9,1105.8,1336.5,1543.3
GRE,01249,GER618,GER-618,NEVA,J-80,J COMPOSITE,R. JOHNSTONE,1995,NO VONITSAS,,,,ORC,INTL,S,350,02 04 2026 09:34:36,8.032,7.423,1.526,2.49,1714.,101.7,0.19,678.9,0.8039,746.4,0.9882,607.2,1088.4,880.3,770.6,715.8,687.7,666.1,618.7,0.0,0.0,0.0,0.0,0.0,0.0,0.0,839.7,695.9,626.4,589.1,566.1,547.4,512.5,0.0,0.0,0.0,0.0,0.0,0.0,0.0,1079.1,827.3,699.1,627.7,587.3,552.2,490.0,43.4,41.3,39.4,37.8,37.4,37.3,38.0,144.3,148.6,151.4,154.1,157.5,155.0,142.6,1181.0,965.9,854.0,803.3,786.5,778.0,774.2,773.5,650.6,595.8,572.4,562.9,557.3,552.0,733.2,625.3,580.1,557.7,546.3,539.9,533.0,708.7,609.0,567.3,542.0,524.0,512.7,501.1,668.1,579.1,550.4,533.3,514.1,495.0,470.5,651.1,563.2,522.6,494.9,476.3,459.5,429.5,665.7,569.2,523.6,488.0,458.3,433.7,395.2,733.0,605.1,547.8,506.4,468.6,429.4,349.3,862.3,688.2,596.0,548.2,513.3,481.5,401.2,995.7,794.7,687.1,628.3,589.0,554.1,463.2,0.7815,0.9923,1.1132,0.6095,0.8100,0.9178,0.0,0.0000,2026,0.9109,658.7,03420004K4N,7.167,2203,14.3,21.6,12.4,0.0,59.4,767.8,604.7,539.0,984.4,740.7,653.7,666.4,603.4,0.9004,0.9943,567.4,482.4,458.3,39.9,144.9,795.0,554.2,532.9,496.5,458.6,403.8,361.8,294.1,294.4,339.9,1563.7,1185.4,1551.0,45.8,140.6,1691.2,1078.5,1002.8,953.8,923.4,897.8,922.7,1034.3,1243.8,1436.3
GRE,02008,GER7,GER-7,MADAME SOUSSOU,GRAMPIAN 37,PORTER & HAYLETT,MACGRUER,1979,NOTK,,,,ORC,CLUB,C,480,18 03 2026 15:33:44,11.083,8.871,1.808,3.20,6300.,0.0,0.59,725.4,0.7576,791.9,0.9390,639.0,1239.4,980.5,841.1,752.6,697.5,666.3,635.8,0.0,0.0,0.0,0.0,0.0,0.0,0.0,954.7,768.5,668.7,610.2,576.4,556.3,533.5,0.0,0.0,0.0,0.0,0.0,0.0,0.0,1231.3,920.1,755.2,653.4,598.6,561.7,508.6,45.6,43.7,42.2,41.4,40.9,40.6,40.6,147.8,150.9,153.7,157.7,163.3,168.4,177.7,1321.0,1064.9,931.9,850.0,803.5,783.9,773.7,845.7,699.1,621.5,575.2,551.0,539.2,532.8,793.1,664.2,594.4,555.7,534.3,523.0,515.7,763.5,641.2,574.9,539.4,519.2,506.9,493.1,779.8,638.7,564.5,529.5,515.3,500.3,478.9,757.2,619.7,549.1,514.0,493.4,477.8,458.3,783.8,635.7,556.9,516.9,493.1,474.0,441.3,864.4,688.6,589.5,535.3,505.3,483.2,443.5,1002.8,776.5,652.4,575.3,530.6,504.0,463.7,1157.9,896.0,750.4,655.2,591.5,548.8,498.0,0.6964,0.9457,1.0854,0.5406,0.7621,0.9054,0.0,0.0000,2026,0.8606,697.2,03420004I7P,7.522,6997,26.7,24.1,37.3,78.1,0.0,861.6,634.5,552.8,1109.9,787.3,662.7,700.1,644.2,0.8570,0.9313,627.8,524.5,497.0,41.8,177.2,793.8,537.6,517.1,490.0,464.9,445.8,425.5,413.0,428.3,461.9,1837.6,1390.4,1827.2,47.8,145.1,1941.3,1218.6,1118.4,1060.3,1094.5,1080.9,1126.2,1269.7,1501.6,1733.9
GRE,02145,GER8453,GER-8453,ON Y VA,First Yacht 53,Beneteau,Biscontini,2019,HORC,,,,ORC,CLUB,C,600,25 03 2026 14:32:16,15.920,14.909,2.392,4.99,15599.,0.0,0.13,510.3,1.0456,573.9,1.3188,455.0,849.1,681.8,595.7,549.5,523.1,505.9,480.1,0.0,0.0,0.0,0.0,0.0,0.0,0.0,639.9,526.0,469.8,439.9,421.5,408.0,386.9,0.0,0.0,0.0,0.0,0.0,0.0,0.0,844.9,638.1,533.0,471.9,437.8,410.8,367.3,45.3,43.2,41.5,41.0,40.7,40.6,40.7,141.5,144.7,148.3,151.3,153.1,154.3,148.8,891.7,725.2,649.6,618.1,601.5,591.8,584.3,572.0,478.0,435.5,416.9,407.9,402.3,396.9,522.5,451.4,416.7,399.9,392.4,387.3,381.7,482.7,422.0,398.8,385.9,374.6,367.4,357.5,475.0,413.4,386.2,370.7,360.9,353.0,337.2,500.6,426.3,388.5,365.3,349.4,333.4,308.8,530.5,434.8,390.9,364.9,342.8,326.0,303.4,584.4,471.5,412.6,381.6,357.2,334.6,290.0,698.5,552.9,469.3,417.1,387.2,365.4,325.5,806.6,638.4,541.9,480.9,444.6,419.9,375.8,1.0293,1.3261,1.4872,0.7838,1.0538,1.1988,0.0,0.0000,2026,1.2044,498.2,03420004IVJ,13.290,16720,55.3,88.8,75.9,0.0,243.6,582.9,452.5,403.4,765.5,569.4,500.5,497.6,457.5,1.2057,1.3115,460.7,372.1,350.6,42.0,144.9,596.4,397.8,382.2,353.1,327.1,293.0,277.5,251.3,281.5,325.0,1226.6,903.2,1221.4,47.9,138.5,1278.7,802.3,717.5,638.4,624.0,672.8,736.0,839.6,1017.2,1174.5
GRE,02353,GER8737,GER-8737,GUARDINGA,TARTAN 3700 CCR,Tartan Yachts,Tim Jackett,1999,NCTh,,,,ORC,CLUB,C,360,29 07 2026 13:35:33,11.293,10.064,2.386,3.84,7235.,0.0,0.22,633.8,0.8622,695.9,1.0676,562.0,1057.0,847.3,731.1,660.5,623.9,602.5,577.6,0.0,0.0,0.0,0.0,0.0,0.0,0.0,811.3,661.8,583.5,539.1,514.5,499.8,479.5,0.0,0.0,0.0,0.0,0.0,0.0,0.0,1049.6,794.4,657.8,575.3,533.9,504.9,459.4,43.2,41.1,39.9,38.7,37.8,37.5,37.6,143.3,147.4,149.2,151.2,155.8,160.3,162.8,1131.7,918.4,801.1,727.9,697.5,687.0,681.3,743.8,618.7,550.4,512.1,495.7,490.1,485.4,705.7,593.0,532.6,499.7,483.3,476.5,471.8,681.8,574.5,519.0,490.4,472.4,460.6,450.7,634.0,531.2,488.1,472.1,462.4,455.9,433.4,624.5,522.0,478.3,453.6,435.6,423.8,406.6,642.0,534.0,485.0,457.6,435.0,415.4,388.5,716.8,582.4,512.2,475.9,450.7,428.0,387.1,850.8,672.3,572.5,514.3,481.7,459.5,420.9,982.4,776.3,661.1,593.1,550.3,518.0,474.0,0.8146,1.0753,1.2100,0.6301,0.8690,1.0025,0.0,0.0000,2026,0.9796,612.5,03420004VRB,9.241,7811,32.3,40.2,27.0,0.0,110.5,736.6,558.0,495.9,952.2,690.4,598.5,613.0,568.0,0.9787,1.0564,568.0,469.6,447.6,39.0,161.0,697.8,487.2,471.5,447.3,422.6,401.9,372.0,346.5,385.7,438.2,1538.5,1159.5,1528.0,45.9,139.0,1643.1,1047.3,976.3,932.1,879.9,866.2,895.5,1025.1,1241.7,1433.8
GRE,00090,GR74,GR-74,ORION,DUFOUR 3800,DUFOUR SA,M.DUFOUR,1978,NO CHIOU,,,,ORC,CLUB,C,380,14 05 2026 12:36:36,9.190,7.644,1.745,3.16,4389.,117.6,0.63,735.3,0.7512,798.7,0.9195,652.5,1210.6,973.5,843.7,760.8,712.2,684.8,658.6,0.0,0.0,0.0,0.0,0.0,0.0,0.0,937.5,767.1,677.8,626.9,597.8,579.4,556.9,0.0,0.0,0.0,0.0,0.0,0.0,0.0,1204.3,915.1,761.4,668.7,620.0,585.8,533.6,44.1,42.1,41.0,40.1,39.3,38.9,39.2,147.9,151.8,154.1,160.8,166.6,175.4,177.9,1273.7,1048.4,930.1,857.9,818.4,801.1,795.2,829.5,699.4,630.6,594.7,575.9,565.9,560.5,786.0,668.5,609.0,578.7,561.9,551.9,544.4,761.4,648.1,593.0,565.2,548.2,535.9,520.3,769.7,639.3,579.1,552.9,540.5,529.4,505.5,750.3,624.1,567.7,539.6,519.1,501.8,479.7,777.2,639.1,574.0,542.0,518.8,497.7,464.4,855.9,692.1,600.5,557.1,530.6,507.6,466.2,993.9,779.5,658.8,589.1,553.3,529.2,486.4,1147.7,898.7,757.3,663.6,606.0,568.4,522.0,0.7040,0.9256,1.0425,0.5494,0.7557,0.8800,0.0,0.0000,2026,0.8456,709.6,03420004PUI,6.852,4933,20.6,19.6,26.4,64.2,0.0,852.3,648.2,575.5,1092.1,794.0,681.8,711.1,657.0,0.8438,0.9132,650.3,547.6,521.4,40.3,177.2,817.2,564.0,545.0,515.4,488.8,467.0,448.7,437.0,451.4,483.4,1764.7,1337.1,1758.5,46.9,144.2,1826.5,1157.4,1074.1,1023.9,1055.9,1049.2,1092.4,1234.6,1474.6,1702.8
GRE,02382,GR2287,GRE 2287,KONSTANTINOS,SUN ODYSSEY 410 (shallow draft),JEANNEAU,MARC LOMBARD,2018,NAOB,,,,ORC,CLUB,C,550,30 07 2026 08:23:53,11.985,11.029,1.499,3.99,8320.,0.0,0.38,686.4,0.7738,775.4,0.9972,601.7,1233.8,966.6,822.6,734.7,679.2,648.9,626.5,0.0,0.0,0.0,0.0,0.0,0.0,0.0,924.7,733.9,632.6,573.2,536.5,515.0,495.2,0.0,0.0,0.0,0.0,0.0,0.0,0.0,1215.9,896.5,725.8,620.0,558.2,516.7,458.9,50.4,48.9,47.6,46.7,45.9,45.9,46.8,143.9,146.9,148.4,149.5,152.1,156.9,162.4,1413.2,1117.3,961.8,867.0,807.3,783.2,788.0,873.6,697.2,606.5,551.9,519.3,503.0,500.2,786.8,640.4,564.1,518.1,490.1,474.6,466.9,739.3,605.3,533.9,492.3,467.8,452.3,435.1,691.4,560.6,493.2,459.3,441.8,432.5,420.1,668.5,541.6,478.2,446.0,423.6,404.4,376.9,688.2,555.8,486.6,451.2,426.8,405.3,366.5,770.8,609.7,522.4,472.6,443.4,420.5,379.3,913.2,706.7,591.8,521.7,478.4,451.5,412.4,1054.5,816.0,683.4,602.4,551.2,514.6,465.1,0.7235,1.0047,1.1697,0.5453,0.7798,0.9258,0.0,0.0000,2026,0.9045,663.3,03420004VS3,8.481,9135,35.7,41.1,33.3,0.0,94.8,829.3,597.2,513.0,1100.3,769.4,648.1,677.7,592.4,0.8854,1.0128,631.1,491.0,446.0,49.3,161.0,833.1,526.7,472.1,431.2,403.1,360.7,333.5,337.5,377.7,429.0,1847.4,1367.0,1820.2,51.8,140.8,2118.7,1304.8,1151.2,1062.2,993.2,959.2,990.4,1134.9,1364.9,1576.0
GRE,02381,GR2312,GRE 2312,ARKTOS,FIRST 35,BENETEAU,Jean Berret,1979,NOTK,,,,ORC,CLUB,C,562,22 07 2026 18:25:04,10.832,9.041,1.920,3.70,4752.,0.0,0.31,681.2,0.8001,749.9,0.9967,602.0,1161.8,917.4,786.8,711.3,669.1,644.9,619.6,0.0,0.0,0.0,0.0,0.0,0.0,0.0,886.9,712.0,624.4,576.9,549.2,531.7,509.8,0.0,0.0,0.0,0.0,0.0,0.0,0.0,1157.1,860.0,706.3,616.8,570.4,537.4,486.1,45.2,43.3,41.6,40.0,38.9,38.5,39.0,144.1,146.7,148.1,150.5,155.8,161.0,177.1,1208.8,971.1,847.8,777.2,743.3,731.9,733.3,777.3,638.8,572.1,539.9,524.0,516.5,514.4,729.7,607.5,552.1,525.6,511.0,502.5,498.4,701.0,587.5,537.9,513.4,497.7,486.0,471.8,707.4,579.0,524.2,498.4,481.8,471.1,453.8,696.5,569.5,516.9,489.3,466.7,445.5,412.1,722.2,586.8,525.8,495.1,470.8,447.4,404.5,814.4,645.5,557.9,515.1,488.7,465.0,418.4,965.4,747.9,628.7,559.2,521.0,497.1,457.0,1114.8,863.6,725.9,645.4,594.9,558.0,505.8,0.7505,1.0049,1.1366,0.5772,0.8074,0.9354,0.0,0.0000,2026,0.9122,657.7,03420004VJB,8.212,5533,25.4,27.0,33.6,0.0,67.5,799.5,597.1,527.9,1039.5,743.1,641.4,652.4,614.3,0.9197,0.9767,614.3,498.8,469.7,40.8,176.9,759.1,518.4,499.5,468.3,437.0,395.7,371.2,373.5,417.4,469.4,1718.4,1292.1,1713.0,47.1,141.1,1772.0,1117.2,1030.6,975.3,1006.1,996.3,1037.8,1198.3,1441.7,1664.8
GRE,01081,GR007,GRE-007,CALYPSO,FIRST 32,BENETEAU,JEAN BERRET,1981,IO PATRON,,,,ORC,CLUB,C,500,15 04 2026 10:30:02,9.767,8.565,1.870,3.32,5261.,122.9,0.54,724.8,0.7627,786.7,0.9356,641.3,1215.8,967.4,835.0,750.4,695.9,662.7,631.4,0.0,0.0,0.0,0.0,0.0,0.0,0.0,936.6,758.8,668.1,616.4,584.4,563.3,536.8,0.0,0.0,0.0,0.0,0.0,0.0,0.0,1207.6,907.6,751.9,658.0,605.9,569.5,516.9,44.3,42.6,41.4,40.4,39.3,38.3,37.8,147.1,150.9,153.9,160.3,167.3,176.3,178.3,1298.2,1053.3,928.9,850.6,798.6,768.3,749.5,843.6,699.4,625.7,586.1,564.2,550.6,536.8,798.0,668.0,602.4,570.1,551.3,538.3,523.0,772.4,648.2,585.8,556.7,538.9,525.6,505.7,746.7,617.8,561.6,535.8,519.9,511.2,497.2,732.8,606.6,554.3,527.4,507.4,489.1,458.6,759.8,623.4,561.1,531.0,509.3,488.8,449.8,840.6,676.1,587.1,546.7,521.7,500.6,457.0,981.6,764.0,644.8,577.1,543.2,520.4,480.1,1133.5,881.5,741.1,650.1,593.2,557.2,513.4,0.7078,0.9412,1.0740,0.5496,0.7662,0.9101,0.0,0.0000,2026,0.8593,698.3,03420004LD6,7.364,5950,23.3,23.2,22.3,67.2,0.0,847.7,637.5,558.7,1091.7,783.1,659.3,700.3,644.7,0.8568,0.9307,616.3,521.1,498.7,38.6,177.0,756.5,536.1,518.8,492.7,475.1,444.4,426.5,423.1,440.4,476.2,1799.8,1361.1,1789.1,46.4,143.9,1907.1,1210.9,1123.1,1073.4,1059.1,1033.2,1078.8,1227.9,1465.7,1692.5
GRE,02142,GR008,GRE-008,ARETI,SUN FAST 3300,JEANNEAU,Andrieu/Verdier,2019,HORC,,,,ORC,INTL,R,320,16 07 2026 12:20:02,10.000,9.198,1.951,3.41,3662.,108.6,0.00,604.0,0.8983,667.9,1.1156,537.8,989.0,797.1,695.0,638.1,609.4,588.8,551.6,0.0,0.0,0.0,0.0,0.0,0.0,0.0,758.5,625.3,558.9,520.2,496.4,478.3,447.9,0.0,0.0,0.0,0.0,0.0,0.0,0.0,984.1,749.0,627.7,555.5,515.2,481.7,425.9,43.7,41.3,39.7,38.9,38.6,38.4,38.8,142.8,147.3,148.9,153.0,155.0,151.5,144.8,1037.8,850.4,759.2,710.5,688.3,678.0,674.8,679.6,575.2,525.6,500.4,486.5,479.6,473.6,645.4,554.1,511.2,488.1,471.8,462.4,453.8,624.3,535.5,496.9,475.9,456.2,440.6,424.8,596.6,515.5,478.4,452.5,435.5,422.0,401.2,597.3,507.5,465.4,434.1,410.7,393.4,357.0,608.2,512.6,469.1,434.3,403.2,376.7,339.2,685.0,549.3,491.1,455.2,422.0,387.3,320.9,814.2,644.1,546.2,492.4,461.6,433.0,371.1,940.1,743.8,630.7,565.7,530.4,499.6,428.5,0.8672,1.1195,1.2727,0.6719,0.9048,1.0345,0.0,0.0000,2026,1.0249,585.4,03420004VAT,9.017,4365,23.7,34.4,26.6,0.0,107.2,691.9,536.0,471.4,893.0,663.1,580.0,587.4,540.7,1.0215,1.1096,503.4,415.6,391.3,40.6,142.7,686.1,473.2,452.0,417.2,382.8,327.7,293.2,253.5,277.7,320.6,1426.8,1075.4,1421.0,46.4,139.7,1485.1,944.7,878.8,837.2,808.8,833.2,866.6,980.9,1185.2,1368.5
GRE,00215,GR01,GRE-01,ASTRAPI,JEANNEAU OD,JEANNEAU,D.ANDRIEU,1991,NCTh,,,,ORC,INTL,R,625,29 07 2026 16:23:52,10.630,9.758,2.000,3.49,4122.,101.8,0.20,633.3,0.8649,693.7,1.0680,561.8,1058.0,842.0,725.9,661.1,623.7,599.6,568.4,0.0,0.0,0.0,0.0,0.0,0.0,0.0,810.6,658.6,582.1,541.1,516.2,498.2,472.0,0.0,0.0,0.0,0.0,0.0,0.0,0.0,1056.7,791.7,655.0,577.7,536.1,502.8,449.0,43.6,41.2,39.6,38.6,38.2,38.1,38.2,144.7,149.2,152.8,158.1,165.5,171.8,173.6,1070.5,872.1,773.0,728.5,710.2,699.7,690.9,699.7,587.2,533.8,510.5,500.6,494.5,487.5,662.9,563.0,517.7,496.0,485.3,478.8,470.5,641.4,546.9,505.3,482.2,466.3,455.4,442.3,647.0,542.2,497.4,477.0,458.1,440.7,418.0,648.9,536.6,489.0,460.0,436.7,419.7,397.5,674.8,553.6,497.1,464.5,436.9,413.0,374.6,761.4,609.2,528.4,486.5,456.1,428.0,373.2,905.4,703.2,589.4,522.2,484.8,456.3,404.2,1045.4,811.9,678.8,593.6,537.2,499.5,445.9,0.8168,1.0747,1.2174,0.6316,0.8716,1.0102,0.0,0.0000,2026,0.9796,612.5,03420004VRM,9.081,4978,24.7,41.1,22.0,68.5,0.0,734.6,558.3,492.9,950.0,688.4,593.9,609.3,572.5,0.9847,1.0480,547.4,452.5,429.7,39.1,162.9,697.4,486.1,467.6,435.3,404.6,378.9,350.1,317.8,348.6,397.4,1545.0,1162.0,1545.8,46.3,139.2,1537.9,980.0,911.7,868.7,896.3,913.5,955.6,1108.9,1344.3,1552.2
GRE,01987,GR016,GRE-016,AETHER,DEHLER 30 OD,DEHLER,JUDEL/VROELIJK,2019,SEANATK,,,,ORC,INTL,R,610,16 03 2026 17:34:35,9.120,8.941,2.170,3.26,2797.,116.4,0.00,601.2,0.9022,665.0,1.1183,536.5,966.5,786.5,689.4,638.7,611.5,588.7,548.1,0.0,0.0,0.0,0.0,0.0,0.0,0.0,746.8,621.8,557.9,520.5,496.6,477.4,443.8,0.0,0.0,0.0,0.0,0.0,0.0,0.0,963.7,741.1,624.6,555.6,515.4,480.7,421.7,42.3,40.1,38.4,37.1,37.1,37.0,37.3,143.4,147.8,149.6,153.0,151.4,149.2,144.3,994.9,825.5,740.4,702.8,687.4,678.6,674.0,658.8,565.5,523.5,502.6,492.3,485.5,478.0,628.9,547.6,511.3,488.8,474.5,466.2,456.1,611.5,536.5,501.5,474.2,452.6,438.2,422.1,603.1,522.9,483.8,453.7,434.4,422.2,392.1,600.9,513.1,467.5,432.0,406.9,388.0,348.3,614.3,519.1,472.2,432.7,397.7,368.7,332.4,686.5,557.5,498.4,456.7,419.1,382.2,309.3,812.5,647.3,552.8,499.9,464.2,431.9,365.6,938.2,747.5,638.3,574.7,535.5,498.8,422.2,0.8768,1.1206,1.2777,0.6845,0.9076,1.0360,0.0,0.0000,2026,1.0287,583.3,03420004HSS,8.985,3626,21.1,34.5,28.0,0.0,98.6,684.3,535.4,469.6,876.6,661.1,579.2,584.9,542.2,1.0259,1.1066,492.8,408.4,382.7,38.8,143.2,684.5,477.4,454.0,414.4,374.9,319.3,278.5,241.9,260.8,301.1,1374.2,1043.1,1372.1,45.0,139.9,1395.5,895.2,837.7,801.6,813.2,835.5,861.7,971.0,1171.7,1352.9
GRE,00077,GR029,GRE-029,SOFIA,OHLSON 29,ARTEKNO,OHLSON EINAR,1979,IO PATRON,,,,ORC,CLUB,C,350,15 04 2026 23:24:58,8.795,6.951,1.556,2.70,3096.,123.9,0.47,776.3,0.7097,845.4,0.8733,687.0,1299.1,1034.3,892.2,803.4,751.8,724.2,696.2,0.0,0.0,0.0,0.0,0.0,0.0,0.0,1003.1,812.1,713.8,658.5,627.0,607.5,583.9,0.0,0.0,0.0,0.0,0.0,0.0,0.0,1287.5,969.7,803.0,703.6,650.5,613.0,556.3,44.8,42.8,41.6,41.0,40.5,40.4,40.5,148.3,151.6,154.3,161.2,167.1,176.3,177.2,1415.4,1146.3,1009.5,927.2,883.4,866.4,860.7,916.8,759.2,677.7,632.3,608.7,598.0,591.9,867.3,724.6,650.8,611.6,590.9,580.2,572.7,839.7,700.3,630.0,594.3,574.1,560.6,545.1,799.0,661.9,600.7,577.0,565.9,552.1,525.7,777.5,643.8,585.0,555.8,534.6,517.7,497.5,805.0,658.1,590.1,556.6,531.0,507.8,478.0,888.0,711.3,616.8,572.0,542.9,516.2,472.9,1024.3,800.0,674.7,604.0,567.3,540.7,492.3,1182.8,922.4,774.9,679.6,620.3,582.0,531.7,0.6611,0.8799,0.9942,0.5143,0.7148,0.8326,0.0,0.0000,2026,0.8027,747.5,03420004LIV,6.069,3586,17.5,17.4,19.1,58.4,0.0,907.6,681.9,603.5,1166.6,839.4,720.6,757.0,682.4,0.7926,0.8792,684.6,574.1,543.4,41.6,177.2,880.0,595.4,572.8,539.7,508.2,491.8,464.1,442.4,455.8,489.1,1916.9,1454.1,1901.0,46.6,145.1,2075.5,1316.3,1222.7,1172.5,1130.6,1094.2,1140.8,1284.1,1522.7,1758.2
GRE,01349,GR4,GRE-04,MELITI,GARCIA 86,GARCIA,NIVELT,2004,YCG,,,,ORC,INTL,C,1800,25 06 2026 15:57:31,26.396,24.475,4.348,6.25,38902.,136.6,0.15,413.7,1.2988,462.0,1.6499,363.7,730.6,570.4,485.8,439.7,410.7,391.3,361.5,0.0,0.0,0.0,0.0,0.0,0.0,0.0,550.9,436.7,379.0,348.8,329.4,315.0,292.6,0.0,0.0,0.0,0.0,0.0,0.0,0.0,730.7,534.0,432.8,375.1,342.7,318.0,279.8,45.2,43.4,41.4,40.3,39.5,38.9,38.6,139.7,140.2,143.3,146.4,150.9,152.5,148.7,730.3,579.0,505.7,473.0,454.2,441.9,425.6,467.8,378.1,338.0,321.3,312.5,306.8,299.1,435.0,357.0,322.9,308.7,301.1,295.7,287.5,411.5,342.8,312.3,297.1,286.8,279.9,269.6,409.8,339.8,309.0,292.4,281.0,269.9,255.0,442.0,358.4,316.6,293.9,276.9,261.0,237.0,469.8,370.3,319.2,293.2,272.8,257.8,235.6,524.8,406.0,342.2,308.4,286.1,265.1,226.5,633.0,486.5,403.5,351.9,318.2,296.0,257.5,731.0,561.8,465.9,406.3,367.1,340.7,297.3,1.2150,1.6605,1.9342,0.9223,1.3081,1.5586,0.0,0.0000,2026,1.4978,400.6,03420004U6D,22.204,42929,115.5,202.1,169.4,0.0,520.9,493.8,361.3,310.2,650.5,458.7,385.0,392.4,375.3,1.5289,1.5988,336.1,274.9,261.2,38.5,146.2,418.5,294.5,282.2,262.6,244.3,221.0,210.2,197.6,219.8,253.8,1085.2,805.7,1086.1,47.4,138.1,1076.8,676.8,617.1,571.7,572.2,629.6,690.2,780.7,947.2,1093.7
GRE,02049,GR045,GRE-045,LAVORO III,DEHLER 30 OD,DEHLER,JUDEL/VROELIJK,2019,NOK,,,,ORC,INTL,R,450,12 03 2026 14:15:49,9.120,8.906,2.168,3.26,2763.,117.3,0.00,588.4,0.9100,659.4,1.1339,529.2,922.7,760.2,682.6,639.5,612.6,589.2,547.9,0.0,0.0,0.0,0.0,0.0,0.0,0.0,708.9,600.6,548.7,516.8,494.9,476.7,444.5,0.0,0.0,0.0,0.0,0.0,0.0,0.0,923.0,716.9,616.6,553.2,513.9,479.6,422.8,43.0,40.3,38.5,37.5,37.8,37.7,38.1,143.2,147.6,149.6,152.8,150.7,147.3,143.6,919.0,782.0,734.2,710.6,697.5,689.8,687.2,605.1,535.5,513.6,503.8,496.1,490.3,484.4,574.8,518.2,496.6,484.9,477.4,470.2,461.7,553.7,504.1,474.0,456.7,446.2,438.5,425.4,553.8,502.1,466.6,438.3,420.4,408.4,391.4,593.4,509.7,464.5,430.5,409.9,392.4,350.5,605.6,514.5,467.3,427.5,393.6,369.9,336.4,677.0,549.8,492.6,450.1,411.1,373.6,298.2,802.3,639.5,546.5,494.0,457.3,423.2,353.9,926.4,738.4,631.1,568.3,527.8,488.6,408.6,0.9163,1.1344,1.2788,0.7131,0.9130,1.0353,0.0,0.0000,2026,1.0422,575.7,03420004HJ1,8.869,3413,20.7,34.4,28.2,0.0,99.8,654.8,528.9,469.2,841.4,657.2,579.5,576.1,532.6,1.0415,1.1265,496.1,413.5,391.1,39.8,144.5,699.0,484.0,459.9,419.2,377.8,322.1,303.7,247.8,254.0,293.2,1299.8,971.5,1303.4,46.1,139.8,1264.0,803.4,742.0,693.9,696.1,778.8,850.9,958.0,1156.6,1335.6
GRE,02050,GR046,GRE-046,OPTIMUM 4,DEHLER 30 OD,DEHLER,JUDEL/VROELIJK,2019,NOK,,,,ORC,INTL,R,450,12 03 2026 14:30:44,9.120,8.903,2.168,3.26,2749.,118.8,0.00,587.2,0.9117,658.1,1.1364,528.0,921.7,759.2,681.4,638.3,611.2,587.6,546.1,0.0,0.0,0.0,0.0,0.0,0.0,0.0,708.2,599.9,547.7,515.7,493.6,475.1,442.6,0.0,0.0,0.0,0.0,0.0,0.0,0.0,922.1,716.0,615.5,552.1,512.5,477.9,420.8,43.1,40.3,38.5,37.4,37.7,37.5,38.0,143.3,147.5,149.7,152.8,150.7,147.6,143.2,917.8,780.5,732.3,708.6,695.2,687.4,684.6,604.3,534.7,512.5,502.5,494.7,488.7,482.6,574.1,517.6,495.5,483.4,475.8,468.4,459.7,553.1,503.5,473.0,455.2,444.4,436.6,423.4,553.1,501.6,465.9,437.2,418.6,406.4,389.0,592.7,509.3,463.8,429.3,408.3,390.6,348.6,605.1,514.1,466.8,426.8,392.3,368.2,334.3,676.3,549.4,492.1,449.7,410.5,372.9,296.4,801.6,639.0,546.1,493.7,456.9,422.5,353.0,925.6,737.8,630.6,567.9,527.3,487.9,407.6,0.9174,1.1367,1.2832,0.7139,0.9147,1.0381,0.0,0.0000,2026,1.0444,574.5,03420004HJ7,8.893,3399,20.7,34.4,28.2,0.0,99.8,654.0,527.8,467.6,840.5,656.0,578.0,574.8,531.9,1.0438,1.1281,493.8,411.2,388.7,39.6,144.4,695.5,481.9,457.8,416.8,375.1,318.8,300.8,245.8,253.0,292.1,1298.5,970.4,1302.1,46.1,139.7,1262.5,802.4,741.1,693.0,695.2,777.7,850.3,957.2,1155.8,1334.6
GRE,00182,GR10IMX,GRE-10,AEGEAS,IMX-38,X-YACHTS,N.JEPPESEN,1992,HORC,,,,ORC,INTL,R,750,08 07 2026 12:05:30,11.360,9.890,2.105,3.66,5516.,110.5,0.00,606.4,0.9076,661.1,1.1066,542.2,975.0,786.4,686.4,633.5,601.8,582.3,556.2,0.0,0.0,0.0,0.0,0.0,0.0,0.0,752.0,622.0,558.1,524.8,504.3,490.2,468.7,0.0,0.0,0.0,0.0,0.0,0.0,0.0,976.4,742.2,623.6,558.3,523.0,495.2,449.2,42.7,40.7,38.6,37.6,37.3,37.6,37.6,145.0,149.2,152.9,158.5,165.3,171.3,175.4,961.4,798.3,719.9,690.1,677.0,671.5,666.0,633.6,545.0,508.2,492.8,486.4,483.2,478.9,603.7,528.4,496.9,481.6,474.6,470.9,465.2,585.9,518.3,488.7,471.2,459.3,452.3,442.9,598.8,522.2,488.6,468.4,452.4,439.2,421.7,632.9,527.9,484.9,460.3,441.1,426.7,407.1,652.7,540.3,490.3,462.4,439.0,418.4,386.3,727.2,586.2,514.6,478.3,452.3,428.2,381.7,856.2,670.7,567.2,509.0,476.7,452.4,407.3,988.6,774.4,652.9,576.8,526.6,493.1,446.5,0.8733,1.1134,1.2354,0.6813,0.9147,1.0391,0.0,0.0000,2026,1.0195,588.5,03420004UWF,9.627,6553,28.0,38.1,48.6,99.2,0.0,687.0,538.9,485.7,880.7,656.0,577.4,581.5,553.8,1.0318,1.0834,539.7,453.3,433.7,38.7,167.2,674.2,480.1,464.2,437.1,410.8,396.5,366.1,331.2,360.8,405.2,1401.3,1055.3,1406.9,45.6,140.5,1346.0,858.6,798.8,761.2,784.3,886.3,917.3,1050.1,1261.5,1456.7
GRE,00095,GR1001,GRE-1001,PELAISIOS,DRACO 33,DRACO,D.CARTER,1971,NAOAPF,,,,ORC,CLUB,C,390,05 04 2026 18:31:13,9.961,8.076,1.845,3.33,5522.,0.0,0.71,737.4,0.7359,815.3,0.9144,656.2,1203.5,974.3,854.2,781.6,737.7,709.7,677.4,0.0,0.0,0.0,0.0,0.0,0.0,0.0,929.9,765.9,680.4,632.3,603.6,584.9,562.1,0.0,0.0,0.0,0.0,0.0,0.0,0.0,1198.9,916.1,768.1,676.7,627.1,590.7,536.1,43.9,41.5,40.3,39.8,39.8,39.6,39.5,145.6,147.7,148.3,150.3,155.9,160.1,175.3,1249.5,1033.1,923.7,861.4,828.1,812.1,804.9,816.4,694.9,629.6,595.0,575.8,565.9,559.6,775.4,665.9,607.4,577.1,560.0,550.2,541.8,752.5,646.0,590.6,561.8,544.8,533.3,519.4,753.4,633.6,574.0,544.2,527.0,514.0,495.9,749.8,623.5,563.8,534.3,513.6,495.4,467.2,773.8,640.9,572.5,539.1,516.7,496.5,462.0,856.6,696.1,605.9,558.4,531.5,510.4,471.2,1002.4,792.9,679.5,607.9,565.9,540.7,504.9,1157.5,915.6,784.7,701.8,647.3,607.2,549.9,0.7076,0.9198,1.0327,0.5510,0.7399,0.8516,0.0,0.0000,2026,0.8391,715.1,03420004KCK,7.043,6090,22.6,19.7,32.8,0.0,60.6,847.9,652.3,581.0,1088.9,810.9,704.6,711.8,666.3,0.8429,0.9005,668.1,552.0,523.5,40.5,175.5,820.1,561.1,541.0,512.0,486.8,452.2,440.3,442.1,471.6,516.1,1747.3,1320.6,1743.7,46.9,141.5,1783.0,1130.1,1050.1,1001.9,1034.2,1042.7,1081.3,1235.6,1482.3,1711.6
GRE,00259,GR1002,GRE-1002,KYMOTHOE,GRAND SOLEIL 343,CANTIERE DEL PARDO,A.JEZEQUEL,1986,NAOL,,,,ORC,CLUB,C,360,25 03 2026 14:48:34,10.415,8.851,1.803,3.40,5349.,0.0,0.40,680.3,0.8088,741.9,0.9906,605.7,1109.9,892.4,775.4,707.5,669.6,646.8,623.8,0.0,0.0,0.0,0.0,0.0,0.0,0.0,858.2,704.6,625.3,582.7,559.2,543.8,524.8,0.0,0.0,0.0,0.0,0.0,0.0,0.0,1106.7,840.3,701.4,621.5,580.1,549.2,500.9,43.8,41.5,40.4,39.9,39.6,39.3,39.6,146.7,150.9,153.4,159.2,165.5,171.8,177.7,1142.0,942.2,840.6,790.6,770.4,760.9,760.9,746.2,632.7,575.7,549.6,537.7,532.7,529.7,708.5,607.0,558.1,535.0,523.1,517.7,513.3,685.6,589.9,545.0,522.1,508.4,499.2,490.2,698.6,595.4,544.0,519.4,502.8,489.9,470.8,700.0,582.1,530.0,503.7,485.5,471.3,453.7,722.8,595.8,535.3,505.0,483.4,464.4,434.0,798.5,644.7,560.9,519.3,493.8,471.9,430.7,933.4,730.2,617.5,551.7,516.3,492.7,451.1,1077.8,842.6,710.3,624.3,568.9,532.6,486.7,0.7679,0.9981,1.1100,0.5993,0.8151,0.9319,0.0,0.0000,2026,0.9116,658.2,03420004IW2,7.993,5908,24.1,25.0,35.8,79.1,0.0,781.4,601.1,540.5,1001.2,736.1,643.8,657.3,611.8,0.9128,0.9807,613.0,514.8,489.0,40.8,176.3,777.0,532.2,513.5,485.5,459.8,446.4,419.2,398.2,412.9,449.0,1612.2,1217.5,1610.9,46.5,142.8,1624.8,1029.0,953.8,908.9,939.4,979.8,1016.9,1156.9,1385.2,1599.5
GRE,00321,GR1007,GRE-1007,AEOLUS II,FIRST 36.7,BENETEAU,BRUCE FARR,2001,NOPF,,,,ORC,INTL,C,695,02 09 2026 09:58:46,10.640,9.537,2.210,3.46,5326.,114.1,0.00,618.8,0.8906,673.7,1.0852,552.9,998.0,804.8,700.5,644.1,612.2,592.1,567.4,0.0,0.0,0.0,0.0,0.0,0.0,0.0,769.8,636.1,569.1,534.3,513.8,499.6,479.4,0.0,0.0,0.0,0.0,0.0,0.0,0.0,998.6,759.2,636.2,568.5,532.9,504.7,459.5,42.4,40.5,38.8,37.7,37.3,37.6,37.8,145.0,149.8,152.8,159.3,166.6,174.5,177.0,991.9,822.4,738.0,704.8,691.8,685.4,681.4,656.1,561.5,519.7,502.6,496.1,492.4,488.5,625.9,543.8,508.1,491.3,483.9,479.8,474.7,607.7,533.0,500.2,481.2,468.9,461.7,452.9,620.3,536.9,499.5,479.1,462.6,449.1,432.2,636.1,532.9,490.9,466.4,447.5,434.4,416.3,657.3,546.4,497.3,469.6,446.6,426.2,396.7,733.9,593.7,522.0,486.3,461.0,437.2,392.9,869.5,681.6,575.8,516.3,484.6,460.9,416.9,1004.0,787.1,663.1,583.5,532.6,498.8,453.5,0.8536,1.0923,1.2107,0.6657,0.8978,1.0206,0.0,0.0000,2026,0.9997,600.2,03420005002,9.258,6268,26.3,39.4,37.9,90.7,0.0,702.9,549.3,495.6,901.3,668.3,587.9,594.4,563.8,1.0094,1.0642,552.8,465.2,445.7,39.0,173.2,691.8,489.0,474.6,448.2,422.0,401.9,378.5,346.2,374.2,413.9,1432.4,1079.6,1436.3,45.8,139.5,1393.6,890.5,831.5,794.5,818.0,885.2,918.9,1056.3,1274.1,1471.2
GRE,00247,GR1009,GRE-1009,DESTINY,ATLANTIC 31,ATLANTIC,JACOPIN & JACOPIN,1990,NOTK,,,,ORC,CLUB,C,250,17 04 2026 10:28:55,9.191,7.964,1.597,3.41,4150.,0.0,0.51,726.6,0.7520,797.8,0.9311,644.4,1207.4,970.5,842.5,761.7,710.9,682.7,659.0,0.0,0.0,0.0,0.0,0.0,0.0,0.0,928.8,759.0,670.6,619.3,588.5,570.1,549.2,0.0,0.0,0.0,0.0,0.0,0.0,0.0,1201.2,910.9,757.0,662.7,611.0,575.8,522.3,44.8,42.6,41.5,40.8,40.1,39.9,40.3,145.3,147.3,152.9,158.8,170.4,176.8,178.8,1269.0,1040.6,922.1,851.9,814.6,802.1,805.8,821.9,691.0,622.4,584.9,565.6,556.3,555.3,776.8,660.1,599.9,568.0,550.1,540.3,535.3,750.8,639.6,583.0,553.4,535.4,523.2,508.8,751.8,623.2,562.9,534.1,517.7,509.0,492.9,734.0,609.4,552.4,523.1,501.1,480.8,450.5,758.5,625.8,561.0,527.6,503.6,480.9,441.0,844.5,681.1,593.6,547.2,519.0,495.5,450.7,992.3,779.8,662.3,590.6,549.2,522.8,479.0,1145.8,900.5,762.9,671.6,607.1,563.2,512.3,0.7110,0.9370,1.0585,0.5510,0.7563,0.8813,0.0,0.0000,2026,0.8535,703.0,03420004LRR,7.055,4552,20.5,18.3,27.5,0.0,57.2,843.9,640.3,566.8,1088.9,793.3,680.8,702.7,650.1,0.8538,0.9229,655.8,541.2,508.6,42.2,178.3,839.8,561.5,538.1,506.0,476.7,436.1,414.4,414.9,439.6,471.9,1763.8,1331.0,1757.2,47.6,141.2,1829.2,1152.9,1066.8,1017.5,1050.7,1029.2,1068.2,1224.0,1470.7,1698.3
GRE,00623,GR1010,GRE-1010,IASON,SUN ODYSSEY 37.1,JEANNEAU,J.FAUROUX,1994,INOA,,,,ORC,CLUB,C,400,07 05 2026 10:56:38,11.230,9.897,1.867,3.83,6451.,108.2,0.39,695.5,0.7869,762.5,0.9818,611.1,1211.5,951.8,811.9,723.7,667.4,634.6,606.6,0.0,0.0,0.0,0.0,0.0,0.0,0.0,925.5,739.5,640.9,583.1,548.6,527.9,505.3,0.0,0.0,0.0,0.0,0.0,0.0,0.0,1201.7,890.5,726.2,625.4,569.9,532.9,480.3,45.9,43.9,42.6,41.7,41.0,40.6,40.8,146.7,150.1,153.0,157.0,163.3,168.7,177.2,1310.1,1045.8,908.9,824.2,773.3,748.9,742.6,836.8,682.6,602.2,553.8,527.0,513.3,507.8,781.3,645.7,573.6,532.5,509.5,496.9,489.3,748.6,620.3,551.9,515.2,494.3,480.5,464.4,728.6,595.4,528.1,497.0,483.1,474.7,450.7,711.2,580.4,515.9,484.5,464.0,447.6,426.8,738.5,597.3,524.2,488.0,464.7,445.0,411.8,822.5,651.9,557.5,506.5,477.7,455.5,415.6,963.8,742.9,620.8,546.1,503.2,477.0,436.0,1112.9,857.7,714.9,623.1,561.5,520.3,470.5,0.7208,0.9888,1.1437,0.5547,0.7915,0.9490,0.0,0.0000,2026,0.8974,668.6,03420004OWD,8.231,7068,29.9,31.5,25.4,79.9,0.0,832.4,606.8,524.6,1081.7,758.1,632.2,673.3,613.7,0.8911,0.9777,599.1,495.1,466.8,42.3,176.8,764.5,510.9,489.3,459.9,434.6,413.2,391.5,378.4,398.2,433.6,1810.8,1362.4,1796.8,47.7,143.9,1951.0,1226.5,1125.1,1062.1,1044.6,1018.7,1064.7,1214.9,1446.8,1670.7
GRE,00130,GR1014,GRE-1014,GALINI,SUN ODYSSEY 36.2,JEANNEAU,JACQUES FAUROUX,1996,IO HALKIDAS,,,,ORC,INTL,C,600,14 05 2026 10:49:05,10.555,9.745,1.430,3.68,6615.,106.5,0.45,706.2,0.7702,779.1,0.9641,622.3,1215.2,963.2,827.4,741.5,685.4,655.0,629.6,0.0,0.0,0.0,0.0,0.0,0.0,0.0,927.6,747.6,651.5,595.3,560.8,541.1,520.9,0.0,0.0,0.0,0.0,0.0,0.0,0.0,1207.9,901.7,739.4,639.2,582.8,545.8,493.9,46.8,45.2,44.1,43.2,42.5,42.3,42.6,147.3,150.7,153.9,158.2,163.5,169.1,178.1,1288.7,1045.1,918.4,840.6,792.6,774.6,774.2,814.1,672.5,600.1,557.6,534.0,522.7,521.1,756.3,633.2,570.3,535.7,516.0,504.8,500.2,724.5,609.3,549.4,518.2,499.8,487.2,472.9,737.2,606.9,536.6,502.5,483.1,470.0,456.1,731.7,598.0,529.4,496.4,475.0,456.6,425.9,759.9,618.1,541.6,503.2,479.6,460.1,425.6,848.4,673.9,577.1,522.9,493.2,472.0,434.3,988.8,763.6,640.5,563.8,518.7,492.1,453.8,1141.7,881.3,736.3,642.4,578.2,535.3,485.0,0.7163,0.9707,1.1144,0.5509,0.7746,0.9188,0.0,0.0000,2026,0.8805,681.4,03420004PTQ,8.028,7462,28.6,28.2,33.5,71.0,61.6,837.6,618.1,538.4,1089.1,774.6,653.0,682.4,627.8,0.8792,0.9557,627.2,512.7,480.1,44.5,177.7,803.9,525.4,499.5,469.0,443.4,405.3,396.5,400.7,419.7,450.6,1803.0,1350.7,1794.3,49.3,144.3,1890.1,1173.8,1062.7,999.2,1027.3,1043.6,1092.5,1252.3,1486.1,1716.0
GRE,00422,GR1018,GRE-1018,PHEVOS,BAVARIA 340 C,BAVARIA YACHTS,A.MOHNHAUPT,1988,LOIATh,,,,ORC,CLUB,C,450,21 05 2026 17:55:28,9.907,9.015,1.373,3.53,5048.,0.0,0.39,720.7,0.7617,787.7,0.9471,633.5,1254.6,984.0,838.6,746.3,688.3,657.5,631.8,0.0,0.0,0.0,0.0,0.0,0.0,0.0,958.2,764.3,663.0,604.3,569.5,550.0,528.0,0.0,0.0,0.0,0.0,0.0,0.0,0.0,1247.8,921.6,750.9,647.2,591.4,555.9,502.9,46.2,44.3,42.9,41.8,40.6,40.1,40.4,147.6,150.7,154.6,159.1,165.1,172.3,178.3,1322.7,1058.6,922.2,836.4,786.7,768.4,767.0,842.5,688.9,610.1,565.6,542.5,532.2,528.1,786.1,651.6,582.8,546.8,526.9,516.3,510.5,753.4,626.4,563.1,531.6,512.8,499.7,485.6,758.8,617.8,548.8,517.3,500.8,492.3,469.3,751.1,610.4,543.1,510.8,488.9,470.0,441.7,784.2,631.3,553.4,516.7,493.2,472.5,434.3,882.5,693.7,591.8,537.6,508.0,485.7,443.9,1027.6,788.0,657.2,577.7,532.9,506.3,465.3,1186.6,909.4,755.0,656.3,589.9,546.6,496.6,0.6967,0.9547,1.0977,0.5360,0.7669,0.9152,0.0,0.0000,2026,0.8658,693.0,03420004QQ5,7.695,5694,25.9,28.6,26.4,59.3,0.0,861.2,628.5,546.6,1119.4,782.4,655.6,691.9,642.6,0.8671,0.9337,624.2,516.6,487.2,42.0,177.7,789.0,531.0,510.0,480.6,454.3,426.8,405.9,403.8,425.5,459.5,1873.3,1410.6,1864.7,47.9,145.3,1959.5,1229.3,1125.7,1063.4,1093.7,1081.3,1139.8,1311.1,1547.7,1787.2
GRE,00536,GR1020,GRE-1020,EX-ANIMO,ATLANTIC 31,ATLANTIC,JACOPIN & JACOPIN,1990,ANOZ,,,,ORC,CLUB,C,300,21 05 2026 17:36:44,9.191,8.060,1.602,3.41,4290.,0.0,0.52,742.2,0.7395,811.3,0.9147,655.9,1252.2,997.9,861.3,773.8,717.1,683.2,655.2,0.0,0.0,0.0,0.0,0.0,0.0,0.0,962.3,780.6,685.4,629.5,595.1,573.3,549.0,0.0,0.0,0.0,0.0,0.0,0.0,0.0,1241.3,934.7,773.2,673.8,617.7,579.2,523.6,45.5,43.7,42.5,41.6,40.8,40.1,40.2,147.7,151.4,154.6,160.1,165.9,172.3,177.7,1361.3,1105.3,973.3,889.9,835.8,806.8,799.7,873.7,724.9,647.2,601.1,574.5,560.1,551.9,820.4,688.9,619.0,580.3,557.9,544.6,534.4,790.1,664.5,598.1,563.2,542.6,528.6,510.7,765.4,633.0,570.0,541.3,527.7,520.1,498.1,746.0,618.2,558.5,528.6,507.7,489.4,464.6,772.1,634.2,565.7,531.0,507.7,486.2,447.8,851.4,685.6,594.6,547.7,519.5,496.2,451.2,989.9,772.0,652.7,582.5,543.5,518.0,473.7,1143.0,890.5,749.4,657.7,598.5,559.6,510.7,0.6885,0.9200,1.0532,0.5333,0.7430,0.8808,0.0,0.0000,2026,0.8387,715.4,03420004QQ2,6.845,4745,21.0,19.6,21.9,62.7,0.0,871.5,652.2,569.7,1125.1,807.5,681.2,722.1,654.5,0.8310,0.9168,645.9,537.5,508.7,41.7,176.3,821.3,554.5,533.5,503.2,478.9,449.4,427.8,415.7,434.2,470.5,1849.8,1395.5,1835.1,47.6,144.3,1996.8,1255.3,1154.1,1095.7,1082.0,1048.8,1093.0,1238.3,1474.8,1702.9
GRE,00055,GR1035,GRE-1035,FIRST LADY,FIRST 32,BENETEAU,JEAN BERRET,1981,SEANATK,,,,ORC,CLUB,C,400,18 03 2026 15:46:18,9.767,8.498,1.859,3.32,5086.,0.0,0.52,712.2,0.7784,770.9,0.9491,632.2,1175.8,939.0,811.9,733.6,687.9,662.5,637.5,0.0,0.0,0.0,0.0,0.0,0.0,0.0,908.8,740.2,655.1,607.7,580.3,563.1,540.3,0.0,0.0,0.0,0.0,0.0,0.0,0.0,1171.3,883.5,734.4,647.2,601.6,569.7,518.7,44.2,41.9,40.5,39.5,38.6,38.2,38.2,147.1,150.9,153.8,160.3,167.8,176.3,178.1,1221.4,999.0,884.8,818.4,782.8,767.4,761.5,795.2,668.8,605.6,574.7,557.6,547.8,542.3,753.7,640.6,587.4,561.5,545.4,535.2,527.4,730.5,622.0,574.1,550.1,533.7,521.4,505.9,745.9,620.8,565.0,538.6,525.0,517.0,493.2,731.2,606.6,555.9,528.8,508.5,490.7,466.8,757.1,621.4,561.6,531.7,509.9,489.2,451.5,837.8,673.9,586.3,546.9,521.7,500.0,455.4,978.8,761.9,642.7,576.6,543.4,520.4,478.5,1130.2,879.1,738.9,648.8,593.0,557.6,513.4,0.7277,0.9559,1.0736,0.5674,0.7839,0.9098,0.0,0.0000,2026,0.8735,686.9,03420004I80,7.578,5669,22.8,22.0,29.7,67.4,0.0,824.5,627.7,558.9,1057.5,765.4,659.5,685.2,639.8,0.8756,0.9379,624.5,527.3,503.7,39.1,176.3,774.2,543.5,526.3,499.7,476.0,452.4,432.8,422.6,438.1,474.8,1726.9,1306.8,1722.9,46.7,143.9,1766.9,1119.6,1040.0,992.8,1026.4,1031.6,1075.2,1221.5,1460.9,1686.9
GRE,00601,GR1038,GRE-1038,ATHINA,HOOD 38,WAUQUIEZ,TED HOOD,1981,LOIATh,,,,ORC,CLUB,C,450,22 05 2026 14:08:17,11.583,9.473,3.314,3.60,11337.,135.3,0.68,679.7,0.8131,737.9,0.9945,603.3,1110.4,892.4,776.2,705.1,662.4,635.5,607.3,0.0,0.0,0.0,0.0,0.0,0.0,0.0,865.7,709.6,626.0,579.1,553.2,537.0,516.7,0.0,0.0,0.0,0.0,0.0,0.0,0.0,1109.9,842.6,702.2,617.7,574.1,543.0,496.4,41.6,39.3,38.5,38.0,37.7,37.5,37.5,147.5,151.2,154.3,158.6,163.5,169.1,178.1,1115.3,923.6,826.7,774.0,749.7,737.2,727.8,748.7,636.9,576.5,546.1,531.3,523.2,516.9,718.5,615.0,559.6,531.5,518.1,509.8,502.8,701.5,600.8,546.8,518.9,504.5,496.0,484.0,717.2,602.7,539.1,509.5,497.0,487.7,472.0,713.4,590.8,528.2,498.6,480.7,466.4,446.3,738.7,608.4,538.0,503.0,482.7,466.1,436.5,822.9,663.0,571.8,520.6,493.7,474.8,440.7,957.4,746.5,631.5,559.5,516.6,492.4,457.4,1105.5,861.2,725.6,636.1,575.1,533.7,486.8,0.7618,1.0014,1.1248,0.5992,0.8178,0.9499,0.0,0.0000,2026,0.9157,655.2,03420004QUE,8.458,12035,32.4,33.7,52.0,105.8,92.9,787.6,599.2,533.4,1001.3,733.7,631.6,651.9,615.7,0.9205,0.9744,592.5,504.5,483.1,38.0,178.1,729.9,514.9,499.8,478.5,458.7,435.3,420.6,416.4,426.9,455.2,1616.4,1230.4,1619.4,44.9,144.2,1586.1,1025.2,965.9,934.3,971.7,1000.6,1043.1,1197.6,1426.1,1646.7
GRE,00523,GR1040,GRE-1040,SOKRATIS P.,GIB SEA 920,GIBERT MARINE,J.FAUROUX,1986,IO PATRON,,,,ORC,CLUB,C,460,14 04 2026 20:52:35,9.160,8.120,1.798,3.19,3720.,104.8,0.28,706.9,0.7797,769.5,0.9551,628.2,1170.3,939.0,811.3,732.0,685.8,661.4,638.7,0.0,0.0,0.0,0.0,0.0,0.0,0.0,897.3,732.7,650.9,604.8,577.5,560.2,538.9,0.0,0.0,0.0,0.0,0.0,0.0,0.0,1162.5,880.1,731.7,644.6,598.4,565.9,516.4,43.9,42.1,40.6,39.4,38.2,37.7,38.0,144.7,147.3,149.7,160.1,173.6,178.1,178.1,1249.2,1017.7,899.3,827.3,788.1,773.4,772.5,816.5,680.0,614.1,581.2,563.7,555.2,551.5,774.6,651.1,595.0,567.4,551.3,542.0,536.5,751.2,633.4,581.1,555.5,539.0,526.7,512.3,706.0,594.4,551.8,532.9,522.5,514.0,496.6,685.2,579.2,539.6,514.8,493.7,475.5,453.6,711.6,588.7,544.9,517.7,492.8,468.8,434.1,795.0,640.9,566.3,534.4,509.3,483.4,434.7,945.3,745.0,626.4,565.4,536.4,513.5,466.3,1091.5,860.3,723.3,636.7,583.5,549.4,504.9,0.7362,0.9615,1.0781,0.5689,0.7852,0.9105,0.0,0.0000,2026,0.8775,683.8,03420004LAL,7.318,4353,20.2,20.0,21.8,53.0,74.6,815.0,624.0,556.5,1054.7,764.1,659.0,686.4,628.9,0.8741,0.9540,624.6,525.5,501.4,39.2,176.8,787.8,553.9,536.3,508.2,479.1,439.1,417.0,396.6,423.5,461.3,1711.4,1293.2,1700.5,46.2,137.3,1820.2,1158.6,1079.6,1033.4,998.9,978.5,1012.5,1147.4,1387.8,1602.5
GRE,00658,GR1043,GRE-1043,SAGINI,TRITON 48,DROMOR YACHTS,TRIANTAFYLOPOULOS,1992,NAOEFK,,,,ORC,CLUB,C,400,27 08 2026 07:40:20,14.000,11.904,2.058,4.47,14310.,118.3,0.57,618.3,0.8819,680.3,1.0952,547.8,1039.2,828.0,715.5,648.6,608.5,583.3,557.6,0.0,0.0,0.0,0.0,0.0,0.0,0.0,795.0,646.7,568.5,525.4,501.0,485.6,467.0,0.0,0.0,0.0,0.0,0.0,0.0,0.0,1034.9,777.3,642.5,562.7,520.6,490.4,445.2,45.6,43.1,41.8,41.6,41.6,41.2,41.0,145.3,149.3,151.8,155.4,162.1,167.8,177.7,1082.5,881.4,781.0,728.2,701.8,687.5,679.7,693.7,580.8,521.9,492.1,477.7,471.1,466.0,650.7,552.2,500.4,475.7,462.7,456.0,450.6,621.8,531.6,485.1,462.4,449.3,440.7,431.5,630.8,535.5,483.2,456.1,442.6,433.3,417.8,641.0,526.7,471.3,445.1,428.4,415.0,395.6,658.2,539.7,478.4,448.8,430.3,415.0,387.3,729.6,584.4,504.6,462.6,439.1,421.7,390.3,862.5,670.9,563.6,497.3,460.7,438.6,406.0,995.9,774.7,649.9,568.9,515.2,479.1,435.5,0.8324,1.1034,1.2436,0.6427,0.8878,1.0345,0.0,0.0000,2026,1.0029,598.3,03420004WPQ,10.157,15066,44.3,50.5,63.8,148.9,120.7,720.8,543.8,482.5,933.6,675.8,580.0,597.2,553.5,1.0047,1.0840,546.6,456.2,432.3,41.7,177.4,687.5,466.1,449.0,426.8,406.9,383.6,367.5,362.9,375.1,405.7,1525.1,1141.0,1520.8,48.3,139.0,1568.1,979.0,892.1,832.1,854.0,906.7,935.3,1066.8,1283.5,1482.0
GRE,00250S,GR1044,GRE-1044,ALKYONI,CARTER 33,OLYMPIC YACHTS,DICK CARTER,1971,NONKE,,,,ORC,CLUB,C,400,02 09 2026 10:10:12,9.961,7.899,1.796,3.33,4743.,0.0,0.64,771.2,0.7036,852.8,0.8814,680.8,1310.4,1040.9,899.7,813.8,759.9,725.6,690.2,0.0,0.0,0.0,0.0,0.0,0.0,0.0,1007.1,811.9,710.0,652.2,617.6,595.0,570.3,0.0,0.0,0.0,0.0,0.0,0.0,0.0,1303.0,976.2,805.2,700.0,641.8,600.7,544.0,44.8,42.9,41.4,40.7,40.4,40.3,40.2,145.1,146.7,147.3,148.9,154.3,158.8,175.0,1384.5,1117.3,982.4,903.4,856.2,831.3,821.2,895.5,739.7,660.5,614.2,589.3,574.9,566.5,845.2,705.5,632.7,593.4,571.2,558.1,548.1,817.7,683.3,611.7,575.2,554.4,540.7,523.7,808.4,660.8,586.8,552.1,533.0,521.2,507.7,790.0,647.1,575.6,541.6,519.4,500.4,469.9,819.8,667.2,586.7,547.0,522.5,501.6,465.3,913.8,728.3,625.3,569.4,538.6,516.1,475.9,1070.7,835.3,707.6,627.3,578.1,548.7,510.2,1236.3,964.5,817.1,724.3,663.7,619.9,559.2,0.6597,0.8874,1.0146,0.5104,0.7076,0.8323,0.0,0.0000,2026,0.8062,744.2,03420005005,6.681,5320,21.5,17.9,29.0,0.0,55.8,909.5,676.1,591.4,1175.5,847.9,720.9,742.6,690.3,0.8079,0.8692,682.2,560.6,530.1,41.4,175.9,842.1,569.8,547.7,517.2,493.5,455.9,441.7,444.2,476.2,522.3,1942.8,1469.4,1933.3,46.7,142.8,2037.8,1290.5,1193.9,1141.2,1157.9,1124.6,1173.8,1343.4,1600.2,1847.7
GRE,00120,GR1050,GRE-1050,ERYTOS II,JV 44,PRO-YACHTING,JUDEL/VROELIJK,1998,NOPF,,,,ORC,INTL,R,855,24 03 2026 16:36:51,13.292,11.826,2.948,4.00,7226.,124.8,0.00,538.4,1.0141,591.7,1.2437,482.4,856.3,696.6,615.3,570.4,541.5,521.4,491.5,0.0,0.0,0.0,0.0,0.0,0.0,0.0,660.5,550.0,498.0,469.3,450.0,435.0,410.6,0.0,0.0,0.0,0.0,0.0,0.0,0.0,856.4,657.2,557.8,500.1,466.6,438.7,394.0,41.9,39.7,37.8,36.8,36.6,36.3,36.1,141.4,144.9,149.6,156.7,163.9,168.2,163.9,855.2,711.2,649.5,624.5,610.4,601.1,590.7,569.2,488.9,459.0,447.4,440.6,435.9,429.7,543.2,473.9,447.2,435.6,428.7,423.6,416.6,526.2,464.6,437.6,422.1,412.3,405.4,395.1,536.2,467.8,438.1,418.1,402.5,390.6,374.1,541.1,459.2,424.3,401.3,386.0,373.2,351.2,556.9,466.0,427.9,400.7,377.2,356.7,328.9,620.1,504.6,450.1,419.4,392.3,365.2,311.2,742.5,590.6,503.2,453.8,423.7,397.7,345.1,857.3,682.0,581.0,516.4,472.6,441.7,392.2,0.9913,1.2481,1.3967,0.7728,1.0193,1.1646,0.0,0.0000,2026,1.1450,524.0,03420004IRB,11.630,8436,34.6,68.2,44.4,144.4,139.7,605.3,480.7,429.6,776.4,588.6,515.2,520.5,490.2,1.1528,1.2241,466.8,392.1,375.1,37.1,149.6,596.9,428.7,414.0,390.1,362.8,335.9,306.0,264.7,291.6,336.7,1221.5,922.4,1223.5,44.9,138.3,1201.3,772.0,720.6,686.5,705.7,747.6,780.3,885.8,1075.4,1241.8
GRE,00384,GR1063,GRE-1063,IRIS,SUNSHINE 38,JEANNEAU,A.CASTRO,1982,NOTK,,,,ORC,CLUB,C,340,17 03 2026 20:46:22,11.090,9.170,1.905,3.81,5859.,113.2,0.38,666.4,0.8274,725.2,1.0139,591.8,1102.3,880.0,760.2,689.7,650.1,627.9,605.4,0.0,0.0,0.0,0.0,0.0,0.0,0.0,850.0,692.0,611.9,568.5,544.1,528.5,509.0,0.0,0.0,0.0,0.0,0.0,0.0,0.0,1097.2,827.3,686.9,606.3,564.4,533.8,486.2,44.3,42.1,40.8,39.8,39.2,38.9,39.3,146.2,150.1,153.2,159.0,165.9,171.8,177.2,1153.7,941.7,832.5,773.6,747.1,737.3,737.6,749.4,627.9,566.7,538.0,524.0,517.9,516.0,707.8,600.1,548.5,523.8,510.4,503.2,500.0,681.5,581.0,535.1,511.7,497.0,486.9,475.6,695.0,580.5,528.9,506.6,492.9,479.6,458.5,679.1,563.3,515.5,490.2,472.0,457.7,439.3,700.7,575.9,520.2,491.5,470.0,450.4,419.6,777.1,622.7,543.8,505.1,480.3,458.1,415.1,910.1,708.8,598.0,535.7,502.2,479.0,435.7,1050.9,818.3,688.0,605.9,553.1,518.5,473.2,0.7782,1.0219,1.1427,0.6054,0.8343,0.9600,0.0,0.0000,2026,0.9325,643.4,03420004I4I,8.311,6397,26.9,28.0,32.4,84.1,0.0,771.0,587.1,525.1,991.1,719.2,625.0,644.1,596.1,0.9316,1.0066,597.1,500.2,474.6,40.8,173.6,760.6,520.7,501.4,473.5,444.6,432.2,404.7,381.5,397.1,433.7,1615.5,1220.7,1610.2,47.1,143.0,1668.6,1054.8,975.4,925.6,955.7,958.4,993.6,1131.9,1353.1,1562.5
GRE,00285,GR1067,GRE-1067,ANEMOS,DUFOUR 32 CLASSIC,DUFOUR,J & J,1995,IO CHANION,,,,ORC,CLUB,C,450,09 03 2026 17:25:34,9.767,8.425,1.300,3.35,4430.,0.0,0.42,727.1,0.7476,802.6,0.9312,644.4,1225.2,974.4,840.7,763.9,718.9,693.4,668.5,0.0,0.0,0.0,0.0,0.0,0.0,0.0,935.7,756.1,667.0,619.2,590.3,572.2,550.6,0.0,0.0,0.0,0.0,0.0,0.0,0.0,1216.7,912.1,754.2,662.3,613.1,578.0,524.9,46.0,44.2,42.6,41.5,40.5,40.2,40.4,144.8,147.1,148.0,151.5,157.5,162.1,176.4,1309.7,1058.4,928.2,853.5,813.0,797.4,796.6,835.3,689.5,617.8,583.2,565.0,555.4,551.7,781.4,653.0,594.1,566.7,550.4,540.1,533.9,750.5,630.1,577.5,552.6,536.3,523.9,508.7,744.7,613.0,559.3,533.0,516.2,506.6,493.0,725.5,598.2,549.5,523.1,501.4,480.6,448.1,750.3,613.3,556.1,527.3,504.4,481.5,440.1,838.3,669.7,583.5,544.8,519.6,497.3,450.7,987.9,771.2,652.3,584.9,550.7,528.4,490.7,1140.7,890.4,753.2,674.3,624.9,589.4,540.4,0.7093,0.9385,1.0552,0.5455,0.7540,0.8690,0.0,0.0000,2026,0.8527,703.7,03420004H8J,7.274,5067,21.6,21.5,28.9,0.0,64.8,845.9,639.3,568.6,1099.9,795.8,690.4,702.8,649.8,0.8537,0.9234,664.3,541.1,510.6,42.1,176.2,822.1,555.9,534.3,504.0,476.1,434.2,415.3,414.5,450.9,506.5,1808.0,1359.5,1797.0,48.2,141.7,1918.0,1200.6,1099.8,1038.9,1062.7,1032.0,1070.4,1225.9,1470.5,1698.0
GRE,00518,GR1071,GRE-1071,ARION,FIRST 27,BENETEAU,ANDRE MAURIC,1979,NAOKTh,,,,ORC,CLUB,C,374,07 05 2026 09:13:08,7.940,6.459,1.371,2.96,2470.,105.7,0.39,770.0,0.7130,841.5,0.8709,689.0,1224.9,996.9,871.5,803.2,769.1,750.0,729.8,0.0,0.0,0.0,0.0,0.0,0.0,0.0,953.5,789.8,706.6,664.8,642.2,627.0,608.2,0.0,0.0,0.0,0.0,0.0,0.0,0.0,1219.6,938.7,790.3,708.9,666.3,632.4,576.8,43.6,42.3,41.0,40.4,40.4,40.6,41.5,148.6,152.5,155.9,163.5,169.6,177.2,177.2,1278.7,1069.6,960.4,915.6,903.7,901.8,912.0,837.1,712.6,657.8,633.0,623.7,620.6,618.6,795.2,683.8,637.5,615.6,605.3,601.3,596.4,773.0,667.0,621.3,598.8,584.5,574.8,564.0,787.1,667.9,614.8,592.9,574.2,558.9,536.2,779.1,654.5,600.9,572.2,549.6,531.2,512.9,804.8,668.9,606.8,573.6,546.2,522.3,494.7,882.4,718.0,631.2,590.0,560.5,532.4,488.6,1014.3,802.6,683.9,619.4,585.0,557.9,508.4,1171.2,924.1,782.6,690.9,634.6,598.3,547.6,0.6883,0.8778,0.9619,0.5401,0.7198,0.8030,0.0,0.0000,2026,0.8030,747.2,03420004OU8,5.890,2983,14.7,15.0,23.5,48.8,0.0,871.7,683.5,623.8,1110.9,833.6,747.2,751.4,688.1,0.7986,0.8720,728.7,604.3,568.4,43.5,177.7,952.8,628.3,599.4,559.0,525.7,501.7,481.6,459.3,472.3,504.6,1759.5,1334.9,1756.1,46.4,144.3,1793.8,1138.4,1058.2,1012.9,1042.5,1072.4,1115.5,1255.9,1494.1,1725.2
GRE,02191,GR1073,GRE-1073,ASSANTE,BAVARIA 36,BAVARIA,,1998,SIP-OTE,,,,ORC,INTL,C,560,23 03 2026 13:22:26,11.057,9.945,1.919,3.58,5914.,104.1,0.38,667.1,0.8142,736.9,1.0162,590.4,1125.7,896.2,774.6,701.0,659.0,634.9,610.5,0.0,0.0,0.0,0.0,0.0,0.0,0.0,861.2,697.3,613.6,566.2,538.8,522.1,502.2,0.0,0.0,0.0,0.0,0.0,0.0,0.0,1117.8,839.3,694.3,606.2,559.6,527.1,478.0,44.8,42.7,41.2,40.2,39.5,39.3,39.7,143.8,147.5,148.9,150.7,155.0,160.1,176.3,1205.6,973.6,855.8,783.7,746.3,732.6,729.4,778.9,644.4,576.6,538.0,518.2,509.6,505.2,733.5,613.2,553.3,520.8,503.0,493.8,488.3,706.6,592.1,535.9,506.6,488.9,477.1,465.3,676.5,562.5,509.4,485.0,473.3,465.4,449.1,665.3,548.6,498.0,471.8,452.1,436.2,415.5,685.0,562.3,504.9,475.8,453.7,433.8,399.9,764.7,614.7,534.7,494.1,469.1,447.5,406.3,905.7,709.1,600.5,535.7,499.6,476.9,440.5,1045.9,818.8,693.4,618.3,571.7,537.2,491.5,0.7700,1.0238,1.1565,0.5935,0.8205,0.9497,0.0,0.0000,2026,0.9307,644.7,03420004IN5,8.604,6707,26.7,30.0,25.0,0.0,74.7,779.2,586.1,518.8,1011.0,731.3,631.8,646.1,594.9,0.9286,1.0086,601.7,491.3,465.0,40.8,176.3,745.8,508.1,489.2,461.7,436.6,400.6,378.0,365.5,405.2,457.5,1660.4,1248.8,1649.3,47.0,140.2,1771.3,1119.0,1032.6,980.0,958.2,938.8,970.6,1112.2,1341.8,1549.4
GRE,00609,GR1076,GRE-1076,AIOLOS,DROMOR 26,DROMOR YACHTS,D. CARTER,1993,NO RACHON,,,,ORC,CLUB,C,420,22 07 2026 18:45:42,7.890,6.852,1.613,2.98,3430.,0.0,0.72,821.8,0.6715,893.6,0.8279,724.7,1391.6,1103.6,948.5,850.2,787.4,752.4,722.8,0.0,0.0,0.0,0.0,0.0,0.0,0.0,1077.2,867.5,756.3,693.1,655.7,633.5,608.2,0.0,0.0,0.0,0.0,0.0,0.0,0.0,1382.8,1036.2,852.9,741.6,680.6,640.3,581.5,45.4,43.4,42.5,41.5,40.5,40.2,40.5,149.3,152.8,157.3,161.3,166.8,175.4,178.6,1479.7,1199.3,1053.4,963.5,908.3,884.0,876.3,953.0,787.1,700.3,653.3,628.0,615.0,608.2,897.6,749.4,671.1,632.0,610.7,598.5,589.6,866.8,725.4,649.7,614.0,594.2,580.4,562.8,879.0,714.8,634.3,599.0,580.7,569.8,546.8,864.4,706.8,626.4,589.6,565.8,545.0,513.0,894.4,726.1,636.8,594.8,569.3,546.1,506.6,986.5,784.9,673.5,614.6,583.2,559.1,514.2,1128.9,875.4,738.1,653.7,607.3,580.0,535.6,1303.6,1007.9,843.7,736.9,666.5,620.8,569.4,0.6171,0.8341,0.9531,0.4809,0.6754,0.7999,0.0,0.0000,2026,0.7596,789.9,03420004VJI,5.828,4002,17.1,15.6,23.7,42.1,0.0,972.3,719.3,629.5,1247.7,888.4,750.1,792.4,730.3,0.7572,0.8215,714.3,597.5,566.2,41.9,178.1,899.3,611.3,589.2,556.6,528.3,499.2,482.6,481.7,497.8,529.3,2063.2,1569.4,2052.4,47.1,146.9,2171.3,1369.9,1264.0,1205.3,1242.9,1230.6,1287.0,1453.7,1693.2,1955.1
GRE,00834,GR1077,GRE-1077,MARSO,DUFOUR 34,MICHEL DUFOUR,MICHEL DUFOUR S.A.,1974,NAOEFΚ,,,,ORC,CLUB,C,350,10 03 2026 18:58:44,10.284,8.024,1.873,3.27,5725.,0.0,0.67,732.0,0.7399,810.9,0.9225,650.4,1207.0,973.8,849.4,775.4,731.2,705.2,678.2,0.0,0.0,0.0,0.0,0.0,0.0,0.0,929.3,762.0,674.3,625.4,596.9,579.4,559.3,0.0,0.0,0.0,0.0,0.0,0.0,0.0,1199.7,913.7,762.2,669.9,620.2,585.0,532.0,44.3,42.0,41.0,40.7,40.4,40.4,40.6,145.3,147.5,147.9,150.7,155.4,160.3,177.1,1279.7,1050.7,933.7,865.6,830.8,817.6,815.8,833.1,702.1,631.3,591.7,571.4,562.9,559.8,788.9,671.0,607.4,572.4,554.5,545.4,540.9,762.6,649.6,589.0,556.8,538.9,527.3,515.1,746.4,622.3,562.6,536.5,525.0,516.8,497.5,727.8,606.7,550.3,522.5,501.8,484.2,464.7,752.7,622.0,557.9,526.4,503.2,481.9,450.7,837.3,678.1,590.4,544.8,518.1,495.3,455.9,982.3,776.8,662.6,593.4,552.4,528.0,489.2,1134.3,897.0,765.1,685.1,631.6,592.8,540.7,0.7095,0.9289,1.0413,0.5503,0.7448,0.8552,0.0,0.0000,2026,0.8455,709.6,03420004HC8,6.988,6250,24.5,23.6,32.8,0.0,76.9,845.7,645.9,576.2,1090.3,805.6,701.6,710.4,655.5,0.8445,0.9154,672.1,552.0,521.4,41.9,177.1,839.2,564.2,542.0,512.1,484.1,454.2,436.4,429.0,455.8,505.0,1758.6,1327.1,1750.0,47.1,141.1,1844.7,1166.1,1081.6,1031.6,1038.7,1013.9,1052.1,1204.6,1448.4,1672.5
GRE,00341,GR1080,GRE-1080,TAZMANIAN DEVIL,MOUNT GAY 33,ONE OFF,DUDDLEY DIX,2004,IO KERKYRAS,,,,ORC,CLUB,R,550,15 04 2026 11:01:25,9.996,9.324,2.253,3.25,2871.,0.0,0.00,599.9,0.9066,661.8,1.1219,534.8,980.5,787.2,682.5,634.3,607.9,586.8,540.8,0.0,0.0,0.0,0.0,0.0,0.0,0.0,751.5,618.3,552.0,518.4,497.0,478.7,445.0,0.0,0.0,0.0,0.0,0.0,0.0,0.0,976.0,740.3,618.0,552.6,515.7,483.0,424.0,43.0,40.5,38.6,37.1,36.9,36.7,36.7,142.4,146.4,150.2,153.0,153.7,151.8,143.3,1025.8,834.2,734.1,697.9,683.0,674.4,668.4,676.4,567.7,518.3,500.1,492.2,486.7,480.6,643.8,548.6,506.7,486.1,476.8,470.1,462.2,607.6,522.9,497.9,471.6,454.3,445.1,432.6,582.6,507.1,473.0,456.3,444.3,426.3,404.6,593.8,504.9,461.8,433.4,410.9,393.3,366.1,609.4,512.6,467.5,430.4,399.4,376.7,334.5,679.6,551.9,494.6,455.7,420.1,382.0,305.1,810.0,641.1,546.4,496.7,463.0,432.8,357.8,935.3,740.3,630.8,570.8,532.8,499.2,413.2,0.8760,1.1267,1.2749,0.6788,0.9139,1.0438,0.0,0.0000,2026,1.0307,582.1,03420004LE3,9.241,3628,22.9,36.3,22.6,0.0,91.9,684.9,532.5,470.6,883.9,656.5,574.8,583.5,539.7,1.0283,1.1117,493.9,417.8,395.4,38.0,144.0,678.7,480.5,460.2,427.5,392.1,346.1,305.8,261.8,267.6,309.0,1417.6,1067.9,1412.0,45.4,139.2,1474.0,946.1,885.2,834.2,791.6,823.6,858.3,973.6,1178.8,1361.2
GRE,00136,GR1085,GRE-1085,SUN FIZZ,SUN FIZZ,JEANNEAU,BRIAND,1981,LOIATh,,,,ORC,CLUB,C,520,21 05 2026 18:33:42,11.740,9.986,1.946,3.77,8391.,0.0,0.53,673.9,0.8143,736.8,1.0087,594.8,1147.6,908.8,779.2,699.7,652.5,624.9,596.6,0.0,0.0,0.0,0.0,0.0,0.0,0.0,879.7,710.2,619.6,568.6,540.0,522.4,501.6,0.0,0.0,0.0,0.0,0.0,0.0,0.0,1142.2,853.0,699.9,608.4,560.8,527.5,478.6,45.2,42.9,41.5,40.8,40.7,40.4,40.2,146.4,150.3,152.1,157.0,163.5,168.7,177.7,1201.6,971.0,851.9,784.1,749.2,733.5,724.5,772.6,642.1,572.5,534.3,515.6,506.9,501.1,726.1,611.3,549.6,517.2,500.6,491.7,485.3,698.4,590.5,533.0,503.5,486.9,476.4,464.3,712.5,587.7,524.4,496.0,483.0,469.7,450.4,694.8,571.7,511.4,482.2,464.3,450.2,433.3,720.0,587.6,518.8,484.8,463.9,446.3,416.8,803.1,641.2,549.6,501.6,474.8,454.7,418.0,947.1,733.4,612.9,539.6,498.9,474.4,436.7,1093.6,846.6,706.5,615.3,555.8,516.3,468.8,0.7547,1.0165,1.1560,0.5835,0.8199,0.9659,0.0,0.0000,2026,0.9240,649.3,03420004QQF,8.620,9166,31.6,36.5,38.8,99.7,0.0,795.0,590.3,519.0,1028.3,731.8,621.2,649.2,601.9,0.9242,0.9968,583.8,489.8,465.8,40.9,177.2,732.9,501.3,483.7,459.3,437.5,420.5,401.4,387.6,402.1,434.7,1695.8,1274.7,1689.9,47.7,143.3,1755.4,1102.1,1012.8,960.0,991.1,985.9,1027.3,1175.8,1417.0,1636.3
GRE,00406,GR1098,GRE-1098,MONTE CRISTO,OHLSON 29,ARTEKNO,G. OHLSON,1979,IO HALKIDAS,,,,ORC,CLUB,C,360,21 08 2026 08:22:43,8.795,7.015,1.570,2.70,3251.,122.1,0.52,740.8,0.7441,806.3,0.9071,661.5,1187.8,964.4,841.3,768.7,731.9,709.1,686.1,0.0,0.0,0.0,0.0,0.0,0.0,0.0,922.9,764.1,681.5,637.4,613.9,597.6,577.5,0.0,0.0,0.0,0.0,0.0,0.0,0.0,1183.7,908.5,762.5,679.0,636.7,603.4,551.3,43.4,41.8,40.6,39.8,39.6,39.5,40.1,148.3,152.1,154.3,161.9,167.8,176.3,177.2,1228.9,1025.9,919.8,866.9,848.8,839.2,840.8,805.8,688.7,632.0,604.8,593.3,588.2,585.1,766.2,661.8,613.5,589.7,578.0,572.5,567.5,744.8,644.7,599.1,575.8,561.2,551.5,541.5,759.3,649.7,594.5,571.9,554.1,539.6,517.9,755.0,633.1,580.1,552.9,532.5,515.8,496.3,780.6,645.7,584.8,553.7,529.3,506.9,477.3,857.6,696.8,608.6,568.1,540.8,515.4,473.5,993.1,783.4,664.0,597.9,564.2,539.1,492.7,1146.8,902.8,762.9,670.5,615.0,579.0,531.4,0.7113,0.9136,1.0099,0.5576,0.7500,0.8497,0.0,0.0000,2026,0.8362,717.5,03420004WLJ,6.475,3762,17.8,16.3,28.9,59.3,0.0,843.5,656.7,594.1,1076.0,800.0,706.1,718.9,664.8,0.8346,0.9026,675.7,568.5,539.7,41.6,177.2,861.1,587.6,567.4,535.8,504.9,489.3,463.8,444.2,457.6,490.3,1709.9,1295.2,1708.2,46.3,144.2,1727.0,1096.4,1019.9,975.8,1006.7,1047.5,1087.0,1224.1,1466.0,1692.8
GRE,00143,GR1100,GRE-1100,IONIA,X-43,X YACHTS,JEPPESEN,2003,NOTK,,,,ORC,INTL,C,840,16 03 2026 17:21:36,12.903,11.565,2.502,3.95,8419.,120.5,0.18,579.2,0.9418,637.1,1.1624,516.2,961.5,769.6,665.8,608.1,574.4,552.6,526.0,0.0,0.0,0.0,0.0,0.0,0.0,0.0,727.5,598.0,533.0,498.1,477.5,463.2,442.3,0.0,0.0,0.0,0.0,0.0,0.0,0.0,961.1,722.5,600.4,531.4,495.3,468.0,424.3,42.9,40.7,39.3,38.2,37.6,37.4,37.3,143.8,148.3,151.6,156.5,163.7,169.6,176.3,965.6,791.4,703.8,664.8,647.9,638.5,629.9,625.8,528.7,488.6,469.0,460.8,456.0,450.9,582.6,502.2,473.3,456.9,448.4,443.7,438.1,548.5,481.8,454.8,442.8,434.3,426.6,417.9,544.3,476.9,447.6,430.1,418.3,410.9,400.0,581.5,494.0,455.3,432.3,415.0,399.0,374.3,620.9,511.1,461.1,434.4,413.5,395.8,363.7,696.7,559.4,487.5,450.7,426.4,404.8,363.9,829.2,647.5,544.4,483.6,450.3,427.3,386.3,957.4,747.7,627.8,551.4,501.0,466.8,422.1,0.9053,1.1697,1.3073,0.6932,0.9488,1.0947,0.0,0.0000,2026,1.0651,563.3,03420004HSO,10.827,9594,35.1,54.0,41.7,119.0,0.0,662.8,513.0,459.0,865.6,632.4,548.1,556.3,526.9,1.0786,1.1388,510.0,427.1,407.7,38.2,169.6,635.3,450.1,436.6,413.7,390.7,356.9,335.5,322.3,344.8,384.8,1396.6,1029.3,1398.3,46.1,138.8,1379.7,871.2,787.6,719.2,714.8,786.7,865.4,1011.9,1224.2,1413.6
GRE,00131,GR1109,GRE-1109,SOUPIA,BAVARIA 40,BAVARIA YACHT,J&J DESIGN,2000,NO KALAMAKIOU,,,,ORC,CLUB,C,480,18 03 2026 15:47:40,12.233,10.388,1.974,3.98,7900.,0.0,0.43,691.4,0.7813,767.9,0.9885,607.0,1217.9,954.9,815.4,729.2,675.2,641.8,609.3,0.0,0.0,0.0,0.0,0.0,0.0,0.0,924.6,736.3,636.8,578.9,544.3,522.5,499.5,0.0,0.0,0.0,0.0,0.0,0.0,0.0,1210.5,892.7,726.0,622.9,566.0,526.9,474.7,46.3,44.2,42.8,42.0,41.3,40.9,41.1,144.3,146.4,147.6,148.5,152.1,157.4,176.2,1291.8,1028.8,893.6,811.1,760.9,735.2,726.7,822.3,669.5,590.3,542.6,516.2,502.2,494.1,766.5,632.7,561.5,521.0,498.6,486.0,476.6,734.6,608.1,540.2,504.0,483.5,470.5,455.1,721.4,586.2,515.8,481.9,463.6,451.6,439.4,709.6,574.4,506.6,474.0,453.4,436.0,406.8,738.3,594.2,518.1,480.4,457.7,438.7,404.5,835.8,657.5,559.8,504.4,474.2,453.4,416.7,990.6,763.0,638.5,560.7,511.6,482.6,446.6,1143.9,881.0,737.2,647.4,589.6,548.5,491.9,0.7225,0.9955,1.1554,0.5523,0.7861,0.9405,0.0,0.0000,2026,0.9004,666.4,03420004I81,8.584,8635,31.3,31.3,37.0,0.0,75.1,830.4,602.7,519.3,1086.4,763.3,638.0,664.5,617.0,0.9029,0.9724,601.2,489.7,460.8,42.4,177.1,746.2,497.6,476.6,449.5,429.3,389.0,375.8,382.8,415.5,456.2,1822.1,1365.1,1811.9,47.8,141.7,1924.1,1207.7,1106.9,1045.8,1041.6,1023.5,1071.7,1241.2,1489.6,1720.0
GRE,00684,GR1116,GRE-1116,IAMOS,GIBSEA 362,GIBERT MARINE,JOUBERT/NIVELT,1988,NO KATAKOLOU,,,,ORC,CLUB,C,300,25 05 2026 12:53:32,10.900,9.297,1.763,3.62,5216.,0.0,0.41,704.1,0.7793,769.9,0.9678,619.9,1210.3,954.2,816.0,729.5,677.5,650.0,629.0,0.0,0.0,0.0,0.0,0.0,0.0,0.0,929.2,745.8,647.9,591.2,558.9,540.8,522.3,0.0,0.0,0.0,0.0,0.0,0.0,0.0,1204.5,895.6,732.3,633.0,580.6,546.2,495.5,45.5,43.4,42.2,41.2,40.4,40.4,41.1,147.6,150.5,153.7,157.7,163.3,168.4,177.2,1268.8,1022.4,894.1,815.7,775.8,763.3,772.5,814.3,671.2,596.2,554.0,533.2,524.5,525.8,763.4,637.0,570.7,535.3,516.9,507.7,505.9,731.5,613.6,552.3,520.5,501.9,490.0,478.7,747.7,617.1,544.7,510.9,494.7,484.0,461.6,740.9,603.3,534.2,500.2,478.3,460.4,436.3,770.8,621.6,543.7,504.5,479.8,459.3,423.6,857.3,677.6,578.9,524.4,493.8,470.7,429.1,997.5,767.7,641.7,564.8,519.8,492.5,450.3,1151.8,886.1,737.9,643.2,579.2,536.8,485.5,0.7164,0.9758,1.1144,0.5544,0.7853,0.9245,0.0,0.0000,2026,0.8864,676.9,03420004R3S,8.000,5713,26.4,20.7,31.9,60.4,0.0,837.5,614.9,538.4,1082.3,764.0,649.0,677.0,628.6,0.8863,0.9546,632.7,518.0,484.7,43.4,176.3,817.6,537.3,510.3,477.6,449.2,422.4,398.5,389.2,411.2,447.8,1800.2,1358.5,1793.5,47.7,145.1,1867.9,1173.9,1077.9,1019.5,1053.1,1064.1,1116.0,1268.2,1500.4,1732.6
GRE,00062,GR112,GRE-112,ARMENISTIS,ALBIN 79,ALBIN MARINE,ROLS MAGNUSSON,1979,IO PATRON,,,,ORC,CLUB,C,280,14 05 2026 12:15:03,7.880,6.257,1.419,2.67,2259.,117.5,0.53,788.1,0.7006,856.4,0.8550,701.7,1276.4,1031.1,896.0,814.8,772.4,749.0,729.2,0.0,0.0,0.0,0.0,0.0,0.0,0.0,993.6,815.6,724.4,675.0,648.0,630.0,610.5,0.0,0.0,0.0,0.0,0.0,0.0,0.0,1269.9,970.2,811.2,719.3,672.2,636.2,581.1,43.7,42.2,40.9,39.9,39.7,39.8,41.0,148.7,152.3,154.8,162.6,168.4,176.8,177.0,1341.4,1110.8,989.9,925.2,898.4,889.1,900.9,877.8,742.2,676.3,643.7,627.7,621.2,620.5,834.3,711.2,654.7,626.6,611.5,603.3,600.1,810.8,691.5,638.0,611.0,593.9,581.4,567.5,823.9,686.3,626.6,601.3,587.5,570.9,544.2,802.2,669.2,612.1,582.1,558.5,538.4,518.4,830.8,683.1,617.2,583.3,555.8,531.0,499.1,915.4,737.0,642.1,599.0,569.0,540.8,496.1,1049.1,826.0,699.1,629.7,594.1,566.6,516.6,1211.3,951.4,802.1,704.4,646.4,608.9,557.5,0.6633,0.8615,0.9567,0.5200,0.7065,0.8027,0.0,0.0000,2026,0.7882,761.3,03420004PU6,5.734,2664,13.6,11.8,21.4,45.3,0.0,904.6,696.5,627.2,1153.8,849.3,747.5,765.4,702.7,0.7839,0.8538,724.9,604.0,570.3,42.1,177.2,935.9,626.8,601.6,563.2,529.4,508.2,484.6,464.3,479.0,513.8,1851.4,1408.4,1845.6,46.3,145.0,1909.6,1214.2,1130.8,1083.7,1118.7,1117.8,1163.6,1309.2,1553.0,1793.2
GRE,00186,GR1122,GRE-1122,KATERINA,APOLLO 12,DROMOR YACHTS,JUDEL/VROELIJK,1990,SEANATK,,,,ORC,CLUB,C,400,23 03 2026 16:44:48,11.891,9.965,1.983,3.64,7467.,0.0,0.40,669.4,0.8216,730.3,1.0128,592.4,1131.2,893.6,767.1,693.8,651.6,625.8,598.5,0.0,0.0,0.0,0.0,0.0,0.0,0.0,866.5,698.8,613.1,567.8,542.3,525.9,504.1,0.0,0.0,0.0,0.0,0.0,0.0,0.0,1129.1,839.8,691.0,606.3,562.9,531.4,481.6,45.2,42.7,41.3,40.5,39.9,39.4,39.3,146.4,149.6,152.3,157.0,164.2,170.4,178.1,1152.9,933.5,823.6,768.2,743.2,730.3,722.4,742.6,618.3,557.6,530.6,518.4,512.5,506.8,699.3,590.2,539.1,516.5,504.8,498.1,491.5,672.2,571.2,525.6,504.1,490.7,481.5,470.4,685.1,576.0,524.9,500.6,484.6,472.6,453.1,706.3,576.6,517.9,490.4,472.0,456.0,433.6,732.8,592.5,524.1,492.4,471.5,453.1,416.9,817.7,646.5,553.4,507.7,481.7,461.7,420.4,960.9,739.4,616.6,543.4,504.7,480.6,441.8,1109.6,853.8,710.5,619.5,559.9,521.4,474.7,0.7667,1.0214,1.1498,0.5926,0.8284,0.9646,0.0,0.0000,2026,0.9289,645.9,03420004INR,8.761,8118,29.3,33.7,47.3,90.0,0.0,782.6,587.4,521.8,1012.5,724.3,622.0,641.4,602.7,0.9355,0.9955,583.8,489.9,466.4,39.9,176.3,728.7,505.9,488.6,463.0,438.3,418.5,398.1,386.1,402.5,439.0,1672.6,1257.3,1671.8,47.7,143.9,1680.2,1054.9,969.9,917.5,949.8,1013.8,1059.8,1209.4,1441.9,1665.0
GRE,00627,GR1125,GRE-1125,NEFELI III,BAVARIA 35 HOLIDAY,BAVARIA,J&J,1996,NAOEFK,,,,ORC,CLUB,C,400,22 05 2026 10:37:30,10.673,9.357,1.817,3.70,6136.,0.0,0.45,690.5,0.7931,756.5,0.9816,611.3,1161.6,925.9,798.9,719.9,672.1,645.6,621.5,0.0,0.0,0.0,0.0,0.0,0.0,0.0,889.8,724.1,636.4,586.0,556.7,539.7,519.4,0.0,0.0,0.0,0.0,0.0,0.0,0.0,1158.4,869.6,718.3,626.8,578.2,545.3,494.8,45.0,42.6,41.4,40.8,40.2,40.0,40.4,147.1,151.4,155.2,160.6,165.9,172.7,178.6,1193.7,977.6,866.3,801.1,767.8,756.1,756.3,770.4,647.9,583.6,548.3,530.7,522.8,519.2,725.5,617.4,561.3,531.3,515.2,506.5,501.3,697.5,596.4,544.7,517.7,500.9,489.8,477.6,710.5,594.1,534.4,505.3,489.2,480.6,462.2,710.8,589.1,529.9,499.8,479.2,461.5,433.2,741.4,608.5,539.9,505.4,483.2,463.8,427.9,833.2,667.5,575.5,525.8,497.5,476.3,437.0,978.2,757.8,637.5,564.0,521.9,496.1,457.1,1129.6,874.2,731.6,638.7,576.4,535.1,486.7,0.7436,0.9885,1.1186,0.5748,0.7984,0.9329,0.0,0.0000,2026,0.8994,667.1,03420004QSM,8.153,6740,27.2,31.2,30.0,63.5,0.0,806.9,607.0,536.4,1043.8,751.5,643.2,664.1,621.4,0.9035,0.9656,613.9,508.9,479.8,41.9,178.1,776.7,522.2,501.0,472.9,449.1,419.2,400.1,400.9,419.6,451.2,1708.6,1279.8,1707.0,47.7,143.3,1724.3,1082.7,997.1,943.1,970.8,1000.6,1053.0,1221.7,1466.1,1692.9
GRE,00302,GR1126,GRE-1126,CAPT. YIOTIS,OCEANIS 440 WK,BENETEAU,BRUCE FARR,1992,IO PATRON,,,,ORC,CLUB,C,750,15 04 2026 09:34:27,13.120,11.456,1.762,4.23,9681.,0.0,0.42,651.7,0.8312,721.8,1.0487,572.2,1150.5,902.7,768.7,685.1,631.5,599.7,569.4,0.0,0.0,0.0,0.0,0.0,0.0,0.0,871.3,693.7,599.7,545.7,513.0,493.7,472.3,0.0,0.0,0.0,0.0,0.0,0.0,0.0,1142.5,843.0,684.0,586.6,533.4,498.2,448.9,47.2,45.4,44.1,43.0,42.2,41.8,41.7,143.2,146.2,147.6,152.8,159.0,170.4,178.1,1231.5,979.6,846.6,766.6,719.8,700.3,691.5,775.9,628.1,552.6,509.3,486.8,475.7,469.7,716.3,590.0,524.6,489.8,471.3,460.7,453.5,682.1,566.2,505.6,474.9,457.6,446.1,432.6,686.9,556.2,489.9,459.2,442.9,433.6,421.1,667.8,539.8,477.8,448.9,430.2,414.3,387.9,689.6,555.9,487.1,454.0,433.2,415.6,382.8,778.6,613.8,524.2,475.3,448.5,429.0,393.7,926.3,715.2,598.3,524.1,479.2,453.1,417.8,1069.6,825.9,690.8,603.6,543.2,499.1,447.2,0.7668,1.0567,1.2232,0.5844,0.8360,1.0062,0.0,0.0000,2026,0.9544,628.6,03420004LC6,9.522,10783,38.0,34.8,49.7,0.0,107.7,782.5,567.8,490.5,1026.7,717.7,596.3,627.8,579.5,0.9558,1.0354,558.9,460.2,433.1,42.7,178.6,702.9,469.9,451.3,426.8,407.3,372.2,354.0,359.2,385.2,415.0,1716.8,1282.8,1705.5,49.2,140.4,1830.0,1137.3,1027.8,961.1,991.3,964.1,999.1,1152.6,1388.8,1603.7
GRE,00271,GR1135,GRE-1135,NIRIIDA,ELAN 37 SD,ELAN YACHTS,R. HUMPHREYS,2004,NCTh,,,,ORC,CLUB,C,590,30 07 2026 09:09:39,11.215,10.284,2.092,3.59,6808.,120.6,0.25,623.6,0.8741,686.4,1.0801,555.5,1021.8,824.0,715.6,654.7,622.2,601.0,576.5,0.0,0.0,0.0,0.0,0.0,0.0,0.0,784.7,644.5,573.4,535.4,513.6,499.0,478.5,0.0,0.0,0.0,0.0,0.0,0.0,0.0,1016.3,773.4,645.1,571.2,533.1,504.2,458.4,44.1,41.6,40.3,39.3,38.5,38.2,38.2,142.8,147.3,149.2,151.8,156.8,161.8,165.1,1077.3,882.5,780.3,725.0,699.9,687.9,679.5,701.9,590.9,534.5,507.4,494.5,488.4,482.9,663.8,565.2,517.8,494.5,482.2,475.2,469.0,640.0,548.0,505.6,483.8,469.7,459.6,448.3,629.8,529.8,489.2,471.5,459.9,451.8,432.9,616.3,516.9,477.4,454.8,437.2,424.1,404.1,632.1,525.9,482.0,457.2,436.7,418.1,387.9,704.4,571.5,505.3,473.2,450.4,429.3,388.2,836.8,663.0,563.7,507.5,478.5,458.4,422.4,966.3,765.6,650.9,584.5,544.4,514.2,473.4,0.8396,1.0875,1.2123,0.6501,0.8811,1.0048,0.0,0.0000,2026,0.9917,605.0,03420004VS7,9.384,7654,28.5,39.3,31.0,0.0,105.3,714.6,551.7,494.9,922.9,681.0,597.1,604.0,561.2,0.9934,1.0692,562.1,463.9,443.2,38.8,161.0,684.3,481.9,467.0,442.9,420.3,386.8,365.4,345.8,386.2,440.0,1479.8,1116.8,1473.0,47.0,138.9,1548.7,980.4,907.5,860.0,878.4,858.7,886.4,1008.6,1222.0,1411.0
GRE,01050,GR11411,GRE-11411,KOALA VI,PROTOTYPE,DE CESARI,VALLICELLI & C.,1987,IOP,,,,ORC,CLUB,C,350,16 03 2026 17:55:09,15.016,12.505,2.949,4.22,15045.,134.5,0.31,577.1,0.9466,633.8,1.1637,515.6,928.8,753.8,661.6,608.4,576.0,554.8,530.2,0.0,0.0,0.0,0.0,0.0,0.0,0.0,717.8,593.4,530.8,497.7,478.8,466.4,449.9,0.0,0.0,0.0,0.0,0.0,0.0,0.0,929.8,710.2,597.1,531.2,496.3,470.6,432.0,42.4,40.4,39.9,39.6,39.3,39.1,38.9,144.7,148.7,150.5,155.2,161.7,166.9,176.8,918.5,773.1,706.5,676.5,660.6,651.6,643.7,609.8,523.5,484.2,467.6,459.8,455.5,451.3,582.3,503.1,468.9,453.5,446.1,441.9,437.6,565.0,490.1,457.6,441.7,432.5,426.7,420.4,576.1,495.0,456.8,437.5,425.7,417.3,405.1,604.7,500.8,454.4,433.5,423.2,415.1,402.3,617.8,509.2,456.4,430.9,414.6,403.6,388.1,686.9,551.4,477.6,440.7,419.3,402.6,371.6,813.2,636.0,534.3,472.3,439.0,418.3,385.2,939.0,734.4,616.7,540.3,491.4,458.1,416.6,0.9152,1.1719,1.2950,0.7132,0.9521,1.0892,0.0,0.0000,2026,1.0699,560.8,03420004HT0,11.125,15807,45.2,54.8,81.9,184.4,0.0,655.6,512.0,463.3,841.3,630.2,550.9,556.1,522.1,1.0789,1.1492,516.4,439.1,421.1,39.3,175.4,646.9,451.7,436.2,416.0,397.8,390.5,375.3,348.2,353.2,385.9,1335.9,1008.3,1340.6,45.5,141.3,1289.1,823.8,768.4,733.3,756.0,848.3,873.1,997.4,1197.4,1382.7
GRE,00334,GR1144,GRE-1144,SOURLOULOU,ELAN 34,ELAN YACHTS,JAKOPIN & JAKOPIN,1996,SEANATK,,,,ORC,CLUB,C,480,23 03 2026 18:50:52,10.005,8.653,1.771,3.28,4687.,0.0,0.38,690.4,0.7980,751.9,0.9788,613.0,1145.1,914.0,789.6,715.1,672.8,649.1,626.0,0.0,0.0,0.0,0.0,0.0,0.0,0.0,880.2,716.8,634.3,589.0,563.6,547.2,525.8,0.0,0.0,0.0,0.0,0.0,0.0,0.0,1141.0,859.0,712.8,628.3,584.7,553.0,502.1,44.6,42.3,40.8,39.8,39.1,38.9,39.2,146.4,150.7,153.7,160.1,167.3,175.4,178.1,1186.0,969.3,858.1,797.9,769.7,758.9,758.2,767.5,644.1,584.1,555.8,541.5,535.0,531.0,723.7,614.5,565.1,541.0,527.6,520.1,514.8,697.1,594.6,550.7,527.9,513.3,503.0,490.8,709.8,595.1,543.8,519.7,507.2,494.3,471.9,705.6,584.9,535.1,508.7,489.1,471.4,447.0,732.5,601.4,542.2,512.2,490.1,469.0,431.5,816.1,654.8,569.5,528.6,503.2,480.9,435.4,956.2,744.1,627.1,560.6,525.6,502.1,459.0,1104.1,858.7,721.0,632.4,575.9,539.4,493.9,0.7514,0.9862,1.1044,0.5828,0.8044,0.9282,0.0,0.0000,2026,0.8994,667.1,03420004IO6,7.829,5357,22.9,27.4,26.0,62.3,0.0,798.5,608.4,543.3,1029.5,745.9,646.4,665.3,620.3,0.9018,0.9672,614.0,513.3,487.4,40.4,176.3,774.1,532.5,513.8,485.1,456.3,432.4,412.2,400.1,418.2,453.9,1677.5,1262.2,1674.3,47.4,142.8,1709.6,1079.2,996.2,942.1,968.7,993.3,1037.3,1189.9,1424.9,1645.3
GRE,01276,GR1147,GRE-1147,INO,AEGEAN 37,AEGEAN MARINE,J.TSIAMAS,1976,IO HALKIDAS,,,,ORC,CLUB,C,300,16 07 2026 11:17:18,11.275,8.925,1.941,3.73,6502.,0.0,0.42,696.3,0.7816,767.6,0.9712,617.8,1158.8,926.6,804.1,732.5,690.7,663.5,639.3,0.0,0.0,0.0,0.0,0.0,0.0,0.0,891.3,725.0,639.2,592.8,567.2,550.2,531.5,0.0,0.0,0.0,0.0,0.0,0.0,0.0,1154.8,870.6,722.4,635.0,589.4,555.1,503.3,44.5,42.3,41.3,41.1,40.8,40.6,40.9,144.1,147.8,150.9,155.7,165.9,175.4,178.6,1199.5,980.3,873.7,820.5,799.1,789.8,792.3,778.8,653.0,589.0,558.6,545.0,539.3,538.8,736.6,623.8,567.1,539.6,526.3,520.7,517.9,711.0,603.6,550.6,523.8,509.1,499.7,491.9,724.6,604.4,542.7,514.4,502.0,488.6,469.4,712.8,586.6,527.7,498.7,478.2,461.1,441.8,736.5,602.0,535.4,502.2,479.0,458.5,426.9,820.0,656.6,566.6,519.9,492.7,470.2,430.4,968.3,755.9,636.5,563.3,521.3,495.4,453.3,1118.1,872.8,734.6,644.5,582.3,537.3,486.3,0.7424,0.9790,1.0960,0.5754,0.7873,0.9074,0.0,0.0000,2026,0.8903,673.9,03420004VAB,7.775,7014,27.5,28.5,48.4,0.0,88.9,808.2,612.9,547.4,1042.8,762.1,661.2,673.9,623.4,0.8903,0.9625,633.6,524.7,493.1,42.4,178.1,819.6,546.0,519.6,488.1,458.2,431.0,412.3,401.9,417.6,447.6,1699.2,1281.0,1695.3,47.3,141.7,1737.8,1096.0,1012.5,963.6,996.5,1008.1,1048.3,1199.2,1438.0,1660.4
GRE,00392,GR1151,GRE-1151,KALLISTO,OLYMPIC SEA 42,OLYMPIC MARINE,D. PETERSON,1990,IOKDP,,,,ORC,CLUB,C,640,02 04 2026 09:30:32,12.221,10.531,2.022,3.91,8798.,0.0,0.48,650.5,0.8463,709.0,1.0427,575.4,1099.3,871.4,748.2,673.2,629.3,604.6,579.7,0.0,0.0,0.0,0.0,0.0,0.0,0.0,842.2,681.5,597.4,551.0,525.0,509.6,489.6,0.0,0.0,0.0,0.0,0.0,0.0,0.0,1095.4,818.6,673.6,588.3,544.8,515.4,470.1,45.3,43.0,41.4,40.2,39.4,38.8,38.6,145.9,149.6,152.1,156.6,163.7,169.6,177.9,1138.2,921.8,809.2,744.8,713.0,699.9,693.8,730.5,608.6,546.4,516.3,502.0,496.0,492.8,685.7,579.7,527.4,502.8,490.0,483.3,479.2,659.3,560.8,514.2,491.8,478.3,469.2,459.4,673.8,567.2,509.3,483.0,468.4,459.9,446.0,679.1,555.3,500.0,474.2,456.5,440.8,411.9,701.3,571.5,508.0,478.7,459.2,442.1,406.8,779.7,621.7,535.8,493.4,469.7,451.2,413.9,918.3,711.0,596.2,527.4,491.4,469.5,434.5,1060.4,821.0,687.2,601.5,545.6,509.2,465.7,0.7876,1.0512,1.1859,0.6089,0.8526,0.9976,0.0,0.0000,2026,0.9559,627.7,03420004K4M,9.285,9743,34.0,30.8,50.9,107.8,86.6,761.8,570.8,505.9,985.4,703.7,601.4,624.2,585.3,0.9613,1.0252,570.1,477.9,455.2,39.7,176.8,706.5,493.8,478.3,455.6,433.7,396.7,380.2,380.2,397.8,433.8,1621.6,1218.5,1618.1,47.8,143.3,1656.6,1038.6,953.5,898.8,928.8,969.5,1005.2,1146.6,1374.0,1586.5
GRE,00016,GR1153,GRE-1153,BLUE LINE,BAVARIA 35 MATCH,BAVARIA,J & J,2005,"NASK ""AEOLOS""",,,,ORC,CLUB,C,580,14 05 2026 10:46:56,10.840,10.041,1.993,3.28,5612.,119.6,0.24,635.4,0.8557,701.2,1.0619,565.0,1051.9,845.3,733.4,670.8,631.9,607.3,581.1,0.0,0.0,0.0,0.0,0.0,0.0,0.0,805.1,658.8,584.7,544.6,520.0,504.3,482.6,0.0,0.0,0.0,0.0,0.0,0.0,0.0,1044.9,792.1,659.4,582.3,540.2,508.7,458.3,44.0,41.7,40.4,39.7,39.5,39.4,39.7,142.8,147.3,149.6,152.2,168.2,177.2,178.6,1120.9,914.7,808.4,751.7,727.4,717.0,711.8,730.3,611.9,550.6,519.0,504.6,498.2,492.7,690.1,584.2,530.9,503.3,489.3,482.1,475.9,666.1,564.1,515.6,490.4,474.1,462.9,450.9,628.3,530.7,490.3,471.9,458.5,450.2,431.7,621.6,521.1,479.8,454.5,434.6,420.0,399.9,640.3,531.7,485.7,458.3,434.9,413.9,380.0,715.5,579.7,511.1,476.8,451.4,427.7,381.2,851.1,671.9,570.1,512.5,481.4,458.9,417.6,982.8,775.8,658.3,590.0,536.3,497.5,450.4,0.8197,1.0689,1.1998,0.6325,0.8615,0.9940,0.0,0.0000,2026,0.9734,616.4,03420004PTP,8.967,6420,26.1,40.7,17.3,0.0,75.9,732.0,561.3,500.1,948.6,696.5,603.6,618.8,567.0,0.9696,1.0581,568.2,467.6,443.1,41.0,178.1,725.4,493.9,475.2,446.5,419.0,382.0,357.7,326.2,373.9,410.9,1534.1,1153.7,1524.6,46.4,138.8,1629.7,1034.0,959.4,911.6,874.7,865.1,897.6,1027.5,1245.8,1438.5
GRE,00556,GR1155,GRE-1155,ZOI,GRAND SOLEIL 37,DEL PARDO,J & J,1997,NAOEFK,,,,ORC,CLUB,C,450,02 04 2026 09:46:14,11.330,9.578,2.027,3.78,6759.,107.5,0.42,683.6,0.8055,744.9,0.9950,603.0,1164.6,920.4,789.5,707.6,657.3,628.8,601.6,0.0,0.0,0.0,0.0,0.0,0.0,0.0,895.4,720.6,629.0,576.6,546.3,528.0,506.2,0.0,0.0,0.0,0.0,0.0,0.0,0.0,1157.8,863.7,709.6,616.5,567.0,533.5,483.6,44.6,42.5,41.1,40.4,39.7,39.3,39.3,146.6,150.1,152.9,157.5,163.9,169.6,177.7,1231.9,992.5,869.5,795.0,753.5,735.6,728.4,797.9,659.4,586.9,545.7,524.3,513.3,507.1,752.5,629.1,563.8,528.8,509.7,499.1,491.4,728.0,608.7,546.8,515.1,496.7,484.5,469.8,718.4,591.5,529.8,502.2,490.6,479.4,457.1,702.2,576.4,517.5,488.8,470.0,454.9,436.3,729.0,592.6,524.5,491.5,469.8,451.3,419.4,811.7,645.7,554.9,508.1,481.6,460.6,421.2,950.2,734.7,616.2,544.7,505.2,480.9,441.5,1097.2,848.3,709.5,620.3,561.0,522.0,474.9,0.7426,1.0025,1.1442,0.5756,0.8107,0.9589,0.0,0.0000,2026,0.9125,657.5,03420004K4T,8.317,7429,28.3,31.3,30.4,88.5,0.0,808.0,598.5,524.4,1042.4,740.1,625.7,659.0,608.6,0.9104,0.9858,591.8,495.7,471.0,40.4,176.8,744.4,509.9,492.0,465.7,441.8,424.7,403.3,388.7,404.5,439.1,1728.2,1307.4,1719.6,46.5,143.5,1814.4,1150.7,1066.3,1019.8,1023.4,1001.0,1045.8,1194.3,1422.1,1642.1
GRE,00456,GR1159,GRE-1159,CHER,GIBSEA 105 (scoop),GILBERT MARINE,JOUBERT & NIVELT,1982,IO PATRON,,,,ORC,CLUB,C,500,15 04 2026 23:04:29,11.000,9.218,1.862,3.54,5867.,0.0,0.47,727.6,0.7438,806.7,0.9390,639.0,1276.5,1003.1,857.1,767.6,709.1,671.4,638.2,0.0,0.0,0.0,0.0,0.0,0.0,0.0,971.7,774.2,670.6,610.6,573.1,548.7,523.8,0.0,0.0,0.0,0.0,0.0,0.0,0.0,1266.4,937.2,763.6,656.8,595.7,553.7,499.5,45.7,44.2,42.7,41.9,41.2,40.4,40.1,144.7,146.4,146.9,148.7,152.5,157.8,163.7,1377.0,1095.7,953.0,864.5,803.3,768.3,754.9,881.0,714.2,630.6,579.0,547.3,530.0,520.2,824.4,676.2,600.5,556.0,529.7,514.1,503.1,792.0,651.8,577.7,537.5,514.1,498.7,480.9,754.7,614.3,542.9,508.2,490.4,481.1,468.4,735.4,597.7,530.9,497.8,476.0,457.6,429.4,766.3,616.1,540.7,503.4,479.5,458.8,422.2,863.6,680.1,579.0,526.0,496.0,474.0,433.5,1018.5,788.6,659.2,580.9,534.1,505.8,468.1,1176.0,910.5,761.1,670.8,614.9,574.4,521.6,0.6873,0.9451,1.0999,0.5264,0.7477,0.8977,0.0,0.0000,2026,0.8557,701.2,03420004LIP,7.593,6583,26.7,24.7,29.0,0.0,73.3,873.0,634.9,545.5,1139.8,802.5,668.4,702.6,645.4,0.8540,0.9296,630.0,513.7,484.9,41.4,177.5,775.1,524.1,503.6,475.7,452.2,415.2,396.6,399.0,434.1,484.9,1909.2,1435.1,1894.6,47.4,142.4,2054.6,1295.1,1192.6,1131.6,1093.6,1064.0,1110.4,1277.2,1527.4,1763.7
GRE,000792,GR1161,GRE-1161,TAKSIDEFTIS,FIRST 32,BENETEAU,J.BERRET,1981,IO KALAMATAS,,,,ORC,CLUB,C,480,26 05 2026 12:14:41,9.767,8.206,1.376,3.35,3806.,0.0,0.33,719.5,0.7659,783.3,0.9423,636.8,1214.0,961.7,825.0,742.7,695.4,671.2,649.4,0.0,0.0,0.0,0.0,0.0,0.0,0.0,930.7,750.1,660.1,610.7,582.0,564.6,542.4,0.0,0.0,0.0,0.0,0.0,0.0,0.0,1205.7,901.2,742.9,651.9,603.8,570.5,516.9,45.8,44.3,42.7,41.3,40.1,39.7,40.2,147.1,150.5,153.4,160.6,167.8,175.4,177.7,1296.1,1046.8,916.4,841.9,802.1,789.3,792.0,827.6,680.8,610.8,577.8,560.5,551.7,549.7,774.6,644.9,588.6,561.9,546.1,536.5,531.6,744.2,624.3,573.5,548.4,531.8,519.5,503.8,747.6,615.3,561.1,536.1,522.8,512.8,486.8,729.7,601.4,551.2,523.4,502.0,482.9,456.5,757.2,617.1,557.7,526.8,502.5,479.3,440.0,839.7,669.2,582.3,542.9,516.5,492.2,442.3,980.1,759.4,637.7,572.5,539.0,514.8,468.0,1131.8,876.6,733.6,643.6,588.6,553.2,506.8,0.7139,0.9499,1.0702,0.5516,0.7727,0.8968,0.0,0.0000,2026,0.8647,693.9,03420004R73,7.249,4468,20.8,21.9,25.9,64.3,0.0,840.5,631.6,560.6,1087.7,776.5,669.0,695.6,639.4,0.8626,0.9384,644.6,533.2,503.3,42.3,172.7,825.2,555.3,533.3,500.3,468.2,442.1,420.1,404.1,424.1,463.9,1793.4,1353.0,1783.0,48.1,144.2,1896.8,1188.4,1090.5,1031.4,1062.9,1038.6,1083.6,1230.9,1463.5,1689.9
GRE,00502,GR1162,GRE-1162,COSMAR,BAVARIA 36 HOLIDAY,BAVARIA,,1998,NAO PERAMATOS,,,,ORC,CLUB,C,280,14 05 2026 09:57:38,10.898,9.626,1.885,3.58,5197.,0.0,0.37,684.0,0.7976,752.2,0.9935,603.9,1168.2,922.0,789.1,712.7,670.2,645.9,626.9,0.0,0.0,0.0,0.0,0.0,0.0,0.0,893.7,719.0,626.5,576.6,549.7,533.3,516.3,0.0,0.0,0.0,0.0,0.0,0.0,0.0,1165.3,865.7,708.4,617.7,571.4,538.0,486.2,44.7,42.6,41.4,40.8,40.8,40.8,41.9,146.8,150.1,153.7,158.2,164.2,169.6,177.2,1197.0,969.2,852.0,794.5,773.7,768.1,782.3,773.8,641.4,572.8,539.9,526.2,521.9,523.3,727.7,610.1,549.8,520.3,506.8,501.9,500.1,697.0,587.3,532.4,504.3,488.5,478.8,471.7,709.8,591.6,527.5,498.1,483.0,468.4,448.9,712.7,582.2,518.7,486.7,464.8,446.9,426.9,744.3,601.5,528.2,491.5,467.2,446.0,409.4,841.6,663.3,565.7,512.6,482.3,458.4,414.5,986.8,757.8,631.2,553.9,508.8,481.0,436.6,1139.4,874.8,726.2,631.0,566.6,523.8,471.6,0.7441,1.0027,1.1299,0.5741,0.8054,0.9304,0.0,0.0000,2026,0.9094,659.7,03420004PSW,8.346,5675,25.3,30.1,31.6,64.1,0.0,806.3,598.4,531.0,1045.1,745.0,644.9,658.5,613.4,0.9112,0.9782,626.2,510.3,475.9,44.0,176.3,820.9,535.1,504.8,469.8,440.1,414.6,388.5,370.7,393.4,431.6,1730.9,1300.0,1729.2,47.3,144.0,1747.7,1101.1,1014.8,960.5,991.5,1019.9,1075.1,1246.6,1484.5,1714.1
GRE,00138,GR1163,GRE-1163,YPERION,DUFOUR 30 CLASSIC,DUFOUR,J & J,1996,NAO PERAMATOS,,,,ORC,CLUB,C,350,15 04 2026 13:17:54,9.030,7.889,1.529,3.04,3100.,0.0,0.30,709.1,0.7628,786.6,0.9508,631.1,1169.5,942.4,820.5,749.8,711.1,689.9,672.3,0.0,0.0,0.0,0.0,0.0,0.0,0.0,895.2,734.9,653.3,607.5,580.9,564.5,545.6,0.0,0.0,0.0,0.0,0.0,0.0,0.0,1162.1,883.3,737.2,649.9,603.7,569.9,514.4,45.2,43.3,41.9,40.7,40.2,40.2,41.5,144.9,148.0,149.3,152.5,158.8,162.6,178.8,1243.1,1020.6,903.3,836.1,808.9,803.0,820.2,799.2,672.1,608.1,574.2,558.3,552.9,553.5,751.0,639.8,585.9,557.4,542.0,535.0,532.7,721.8,618.1,569.4,543.0,525.2,512.7,502.2,710.5,597.0,547.1,521.7,507.5,498.2,476.4,699.7,587.2,539.0,509.5,484.4,463.1,435.1,722.3,601.7,547.1,515.3,487.9,462.5,417.9,805.2,653.4,576.0,535.9,507.1,480.2,428.9,949.0,748.4,638.9,576.5,541.1,516.0,470.5,1095.9,864.2,737.7,663.5,613.3,576.9,524.4,0.7362,0.9574,1.0686,0.5682,0.7695,0.8713,0.0,0.0000,2026,0.8718,688.2,03420004LEW,7.134,3603,18.7,22.5,20.5,0.0,52.9,815.0,626.7,561.5,1056.0,779.7,688.6,688.9,635.3,0.8710,0.9444,675.7,539.3,501.7,44.1,178.9,867.3,566.9,538.0,499.7,463.9,418.2,386.6,374.0,426.4,484.1,1697.2,1274.8,1688.5,47.9,140.1,1783.7,1120.7,1030.2,971.5,987.7,972.2,1007.8,1156.4,1394.8,1610.6
GRE,01335,GR1165,GRE-1165,ALKYON,EDEL 660,EDEL,Maurice Edel,1975,IO HALKIDAS,,,,ORC,CLUB,C,260,17 04 2026 10:24:37,6.506,5.319,0.934,2.59,1242.,0.0,0.41,850.7,0.6249,960.1,0.7873,762.1,1364.8,1124.3,994.7,918.5,879.7,862.8,854.3,0.0,0.0,0.0,0.0,0.0,0.0,0.0,1046.0,872.8,785.6,735.9,707.6,691.8,677.8,0.0,0.0,0.0,0.0,0.0,0.0,0.0,1348.5,1049.3,889.4,790.8,736.3,695.5,628.4,46.5,45.8,46.1,45.0,44.7,44.9,46.9,146.7,148.0,149.4,155.2,160.6,162.3,160.8,1528.0,1281.5,1154.4,1081.8,1053.0,1054.0,1094.1,968.5,818.5,743.4,708.4,690.9,687.2,693.2,901.2,771.9,711.4,680.9,663.9,657.1,654.4,865.7,744.5,686.2,656.6,636.6,621.3,606.7,823.8,698.8,648.5,623.0,608.2,596.4,573.1,793.5,679.2,630.2,593.5,565.0,544.9,522.7,824.3,688.9,636.2,596.3,562.7,536.0,499.9,901.2,741.0,659.2,618.2,581.9,550.3,497.8,1040.6,837.5,723.1,660.7,626.8,596.3,543.8,1201.6,967.1,835.0,755.2,706.5,671.7,614.6,0.6254,0.7928,0.8689,0.4821,0.6307,0.6945,0.0,0.0000,2026,0.7215,831.6,03420004LRN,4.565,1607,10.5,10.5,15.0,0.0,39.9,959.4,756.8,690.5,1244.6,951.3,863.9,848.1,744.0,0.7075,0.8065,894.1,694.2,628.2,51.3,159.9,1220.9,753.1,669.9,604.6,559.8,508.5,479.8,454.2,499.9,567.2,1948.1,1466.6,1926.9,48.9,143.3,2160.2,1344.3,1219.5,1148.9,1137.3,1092.7,1125.2,1265.1,1503.4,1736.0
GRE,02086,GR11699,GRE-11699,CALLIRRHOE,CENTAUR 26,WESTERLY MARINE,LAURENT GILES,1969,LOIATh,,,,ORC,CLUB,C,320,30 06 2026 13:24:32,7.868,6.874,1.331,2.60,3040.,0.0,0.60,811.2,0.6658,901.1,0.8345,719.0,1356.5,1092.5,952.9,864.4,803.5,767.1,734.9,0.0,0.0,0.0,0.0,0.0,0.0,0.0,1039.9,849.3,750.3,692.7,654.5,630.1,605.5,0.0,0.0,0.0,0.0,0.0,0.0,0.0,1346.4,1022.5,851.5,743.6,680.3,636.1,575.6,45.6,44.1,43.2,42.6,41.6,41.1,41.3,145.6,147.2,148.3,151.6,157.9,161.9,177.5,1457.3,1195.4,1060.8,975.0,915.4,885.7,883.6,933.7,780.0,699.8,653.0,625.8,610.2,604.2,877.2,741.1,668.7,630.1,607.1,592.9,583.7,845.8,714.0,645.2,610.4,589.6,574.3,554.6,822.6,680.1,613.8,582.3,562.5,549.1,533.7,809.2,671.3,607.3,574.9,549.9,526.6,491.8,838.5,691.5,618.0,581.2,554.8,529.7,488.3,931.3,751.8,653.2,602.4,572.5,547.5,501.6,1087.5,857.0,731.7,653.7,609.2,581.6,538.6,1255.7,989.5,844.9,753.8,691.7,648.5,586.2,0.6352,0.8387,0.9570,0.4900,0.6684,0.7852,0.0,0.0000,2026,0.7630,786.4,03420004UEV,5.783,3493,17.3,15.9,19.9,0.0,39.6,944.6,715.4,627.0,1224.5,897.7,764.1,787.4,723.2,0.7620,0.8296,735.8,599.6,562.7,43.4,177.3,924.2,613.0,586.6,550.7,517.8,476.3,461.5,467.3,499.9,547.3,1990.8,1497.2,1978.0,48.2,143.0,2118.7,1327.6,1219.8,1158.7,1153.9,1128.8,1179.5,1351.6,1613.3,1862.8
GRE,00282,GR1171,GRE-1171,KOURSAROS,SUN ODYSSEY 42.1,JEANNEAU,D. Andrieu,1993,NOTK,,,,ORC,CLUB,C,751,23 03 2026 16:43:12,12.280,10.713,1.942,3.98,9835.,0.0,0.55,705.3,0.7758,773.3,0.9733,616.5,1259.6,978.7,828.2,734.7,670.7,628.3,589.6,0.0,0.0,0.0,0.0,0.0,0.0,0.0,962.1,758.3,650.5,586.9,547.1,521.8,495.9,0.0,0.0,0.0,0.0,0.0,0.0,0.0,1250.8,915.7,739.1,630.6,568.5,526.9,475.0,46.7,45.4,43.7,42.6,41.9,41.0,40.4,147.1,149.6,152.8,156.1,161.0,165.9,177.2,1348.5,1063.8,916.9,827.5,767.3,728.8,704.9,854.7,684.8,600.5,549.4,518.5,500.5,486.2,794.1,645.8,570.6,526.5,501.3,485.9,471.3,761.2,622.6,549.3,509.5,487.3,473.1,455.4,766.5,613.7,534.0,493.8,473.2,461.4,449.7,747.6,600.5,523.3,485.2,463.7,447.9,421.6,778.8,620.5,534.7,490.6,466.5,449.7,419.0,872.0,679.6,575.5,514.2,481.0,460.5,427.5,1013.9,773.9,642.2,560.7,509.7,480.3,445.3,1170.8,893.6,739.5,641.8,574.1,527.8,474.3,0.6975,0.9797,1.1574,0.5361,0.7790,0.9609,0.0,0.0000,2026,0.8877,675.9,03420004INQ,8.613,10886,35.6,27.2,40.8,87.6,0.0,860.2,612.4,518.4,1119.2,770.2,624.4,676.4,625.4,0.8870,0.9594,578.3,482.9,459.0,41.2,178.1,712.9,485.7,469.0,446.2,433.5,405.0,391.7,395.0,414.1,443.7,1895.7,1432.6,1883.0,48.1,145.3,2023.0,1267.7,1160.6,1099.5,1125.3,1091.2,1145.6,1303.9,1531.5,1768.4
GRE,00402,GR1173,GRE-1173,AELLO,SUNRISE 35,JEANNEAU,J.FAUROUX,1985,IO HALKIDAS,,,,ORC,CLUB,R,280,29 04 2026 08:01:50,10.045,8.653,1.826,3.50,4890.,108.3,0.34,680.2,0.8085,742.1,0.9896,606.3,1106.0,888.4,773.0,707.6,672.2,651.1,630.1,0.0,0.0,0.0,0.0,0.0,0.0,0.0,855.2,701.8,624.3,583.5,561.4,547.1,529.3,0.0,0.0,0.0,0.0,0.0,0.0,0.0,1103.2,836.8,699.7,622.1,582.3,552.1,504.9,43.7,41.4,40.4,39.7,39.3,39.3,39.8,146.9,150.7,153.3,159.4,165.9,172.5,177.2,1134.0,935.5,838.1,792.9,776.6,770.1,774.8,743.0,629.7,575.0,551.2,541.9,537.8,536.8,706.0,604.8,557.8,536.5,526.5,522.3,519.6,683.1,588.2,545.1,523.4,510.6,502.5,495.5,695.9,593.4,545.2,520.2,503.9,491.1,473.4,699.6,581.7,531.0,505.4,487.6,475.9,458.3,721.2,594.0,535.3,505.6,483.7,464.7,438.1,796.2,642.3,559.8,519.4,493.5,470.5,427.6,933.5,728.9,615.3,550.6,516.1,491.9,447.6,1077.9,841.2,707.9,622.3,567.8,532.1,485.5,0.7707,0.9976,1.1029,0.6017,0.8156,0.9252,0.0,0.0000,2026,0.9115,658.3,03420004NJ5,7.873,5353,23.6,24.7,35.7,78.5,0.0,778.5,601.4,544.0,997.2,735.7,648.5,657.8,611.0,0.9121,0.9820,622.4,521.5,494.1,41.3,174.5,799.3,543.6,521.8,492.6,464.4,453.5,422.2,393.0,407.3,445.5,1608.4,1214.9,1607.7,46.5,143.1,1616.0,1024.3,950.5,906.5,937.5,981.4,1017.4,1154.8,1386.3,1600.8
GRE,00017,GR1176,GRE-1176,MAKEDON,SUNRISE 35,JEANNEAU,J.FAUROUX,1986,NASK AIOLOS,,,,ORC,CLUB,C,400,21 05 2026 18:42:03,10.045,8.697,1.811,3.50,4737.,0.0,0.32,708.7,0.7777,771.5,0.9603,624.8,1211.6,954.0,815.4,730.5,681.4,655.1,630.0,0.0,0.0,0.0,0.0,0.0,0.0,0.0,931.4,746.2,650.0,596.6,566.9,548.9,527.8,0.0,0.0,0.0,0.0,0.0,0.0,0.0,1204.1,895.0,733.1,637.7,588.4,554.3,503.1,45.3,43.1,41.8,40.8,40.0,39.7,39.9,147.1,150.3,152.8,157.9,164.4,170.4,177.2,1286.5,1031.4,900.0,823.4,785.0,771.3,770.0,827.2,679.8,603.7,563.6,544.5,536.2,533.8,777.4,646.6,580.1,546.6,529.5,520.6,516.6,750.4,625.1,563.0,532.8,515.3,503.6,491.0,754.1,616.2,551.5,524.4,511.7,496.8,473.8,732.3,597.6,536.8,507.7,487.6,471.7,452.5,759.4,613.6,543.0,509.4,485.8,465.4,431.8,842.8,668.3,572.6,525.5,497.6,473.9,429.9,984.3,759.4,634.5,561.0,521.9,496.5,452.1,1136.6,876.7,730.8,637.7,577.7,538.9,490.0,0.7153,0.9686,1.1000,0.5541,0.7841,0.9199,0.0,0.0000,2026,0.8808,681.2,03420004QQI,7.638,5331,23.9,23.6,31.4,78.0,0.0,838.8,619.5,545.5,1082.8,765.2,652.2,683.5,629.5,0.8778,0.9532,623.1,518.8,490.9,41.5,174.9,796.1,538.2,518.0,488.3,459.8,442.6,415.0,392.5,410.7,450.0,1799.5,1363.1,1789.7,47.1,144.6,1896.6,1197.3,1105.5,1054.1,1083.9,1049.1,1094.9,1240.1,1474.3,1702.3
GRE,00648,GR1185,GRE-1185,NIKOS-ANDREAS,KATIA 28,CORFU YACHT YARD,SGOUROPOULOS,1981,NAO KERKYRAS,,,,ORC,CLUB,C,300,17 04 2026 10:06:35,8.090,7.231,1.541,2.79,3361.,0.0,0.56,781.3,0.7042,852.0,0.8674,691.7,1304.1,1037.7,895.1,808.8,761.6,734.6,711.6,0.0,0.0,0.0,0.0,0.0,0.0,0.0,1008.6,816.7,716.8,662.1,632.6,614.2,594.2,0.0,0.0,0.0,0.0,0.0,0.0,0.0,1297.2,975.2,806.6,707.6,656.8,619.9,563.9,44.9,42.6,41.5,41.0,40.9,40.6,41.1,148.5,151.8,154.7,160.4,166.4,174.5,177.7,1373.5,1118.0,989.2,919.1,888.6,876.2,882.2,886.7,741.9,665.9,626.8,609.3,603.1,601.2,836.7,707.7,640.8,607.2,590.5,583.8,579.3,809.5,684.3,621.4,590.1,572.2,560.8,550.8,827.4,682.3,612.3,582.3,565.8,549.9,527.7,808.2,664.6,597.2,564.4,541.9,524.2,504.8,837.3,681.1,603.6,566.3,540.6,517.9,483.9,929.2,738.6,634.2,583.2,552.7,526.8,481.7,1069.3,830.4,697.4,619.2,577.8,550.3,502.7,1234.7,957.3,801.0,698.6,634.5,593.1,540.9,0.6574,0.8748,0.9815,0.5124,0.7102,0.8189,0.0,0.0000,2026,0.7972,752.6,03420004LRF,6.255,3810,18.1,16.9,26.8,54.4,0.0,912.7,685.9,611.3,1171.0,844.8,732.7,756.7,694.3,0.7929,0.8642,705.3,586.9,553.1,42.7,177.2,912.0,609.0,581.2,546.6,516.8,495.8,468.6,448.0,462.7,498.5,1923.9,1459.4,1916.3,47.5,145.8,2000.4,1259.9,1165.1,1113.4,1150.8,1145.7,1197.2,1364.1,1599.9,1847.4
GRE,00466,GR1191,GRE-1191,PERAN,NAJAD 320,NAJAD YACHTS,Thorwald Karlsson,1983,SEANATK,,,,ORC,CLUB,C,515,01 04 2026 20:28:40,9.497,8.137,1.687,3.14,5631.,122.6,0.69,730.2,0.7434,807.1,0.9228,650.2,1193.7,966.2,844.3,771.6,730.9,704.6,675.7,0.0,0.0,0.0,0.0,0.0,0.0,0.0,919.9,757.0,672.2,625.5,599.5,583.3,563.2,0.0,0.0,0.0,0.0,0.0,0.0,0.0,1188.6,907.6,759.0,669.0,622.8,589.0,536.8,44.2,42.2,40.9,40.1,40.0,39.8,40.3,145.6,147.8,148.5,151.3,157.4,177.7,179.4,1244.1,1027.4,913.4,850.0,823.7,812.7,811.9,808.3,684.9,619.8,587.0,571.3,564.9,562.3,764.8,654.3,598.2,569.8,555.4,548.1,544.1,740.1,633.7,581.8,555.3,540.2,530.1,518.8,746.6,623.7,566.4,540.7,527.1,519.4,501.7,735.3,613.2,557.8,530.6,511.1,494.2,470.0,760.3,631.2,566.8,535.5,513.7,494.0,460.8,844.4,687.5,599.8,554.4,528.6,507.8,469.3,990.0,783.7,671.3,601.1,560.7,536.7,500.8,1143.1,904.9,775.2,693.3,638.1,596.5,539.5,0.7156,0.9295,1.0349,0.5556,0.7482,0.8567,0.0,0.0000,2026,0.8467,708.7,03420004K3D,7.155,6341,24.8,25.0,32.0,0.0,63.1,838.5,645.5,579.8,1079.9,801.9,700.4,705.4,659.5,0.8506,0.9098,669.5,554.8,524.8,41.9,179.4,832.4,564.5,543.6,515.6,488.6,458.0,441.8,440.7,468.0,506.6,1731.1,1303.0,1726.7,47.4,141.1,1774.4,1119.1,1034.5,982.1,1010.0,1016.9,1057.7,1215.2,1461.7,1687.8
GRE,00475,GR1192,GRE-1192,EVITA K,ATLANTIC 31,ATLANTIC,JACOPIN & JACOPIN,1991,SEANATK,,,,ORC,CLUB,C,400,22 04 2026 11:37:36,9.191,8.095,1.608,3.41,4346.,0.0,0.53,779.8,0.6979,859.7,0.8776,683.7,1377.8,1079.9,920.2,819.0,748.2,701.8,665.3,0.0,0.0,0.0,0.0,0.0,0.0,0.0,1048.7,833.2,719.8,653.1,610.3,582.6,554.5,0.0,0.0,0.0,0.0,0.0,0.0,0.0,1365.9,1008.4,819.5,702.4,634.3,587.6,527.7,46.2,45.1,43.7,42.8,41.9,41.0,40.8,144.8,148.3,152.3,157.0,167.3,175.8,179.0,1497.3,1189.9,1031.9,933.7,865.6,824.3,807.8,953.6,768.4,675.8,619.4,585.1,565.9,553.9,891.6,727.4,643.0,593.8,565.7,549.0,535.4,855.2,700.6,618.3,573.8,548.8,533.0,512.9,810.6,655.2,577.6,541.5,521.9,508.7,494.3,794.3,645.0,570.3,533.7,510.6,490.0,454.0,827.1,667.2,582.9,540.0,514.7,492.8,451.0,926.2,730.0,623.8,565.2,532.2,508.6,465.0,1089.8,839.9,701.3,615.9,565.1,534.4,491.5,1258.4,969.9,808.4,704.4,630.8,579.4,522.9,0.6377,0.8828,1.0363,0.4883,0.7003,0.8574,0.0,0.0000,2026,0.7998,750.2,03420004MDC,6.605,4914,21.2,17.8,25.2,0.0,53.8,940.9,679.7,579.0,1228.8,856.8,699.8,754.1,687.0,0.7957,0.8734,657.1,543.1,512.2,42.1,178.6,830.3,557.5,535.5,504.4,482.4,435.3,421.2,428.3,451.7,483.8,2063.7,1550.8,2046.2,47.7,142.4,2238.8,1407.5,1295.8,1230.3,1171.8,1142.0,1198.4,1372.8,1635.6,1888.6
GRE,00063,GR1193,GRE-1193,KYMO II,DISCOVERY 3000,DROMOR,ED DUBOIS,1986,SEANATK,,,,ORC,CLUB,C,350,18 03 2026 15:32:28,9.122,7.966,1.662,3.28,4853.,0.0,0.65,771.0,0.7092,846.0,0.8825,679.9,1318.6,1044.8,899.0,806.3,744.8,708.7,681.6,0.0,0.0,0.0,0.0,0.0,0.0,0.0,1010.6,813.8,710.7,650.7,614.2,592.6,570.9,0.0,0.0,0.0,0.0,0.0,0.0,0.0,1310.8,979.1,804.9,697.5,637.9,598.2,544.0,45.5,43.5,42.3,41.5,41.1,40.8,40.8,145.1,149.2,153.4,158.6,169.6,177.2,179.0,1396.7,1128.3,992.2,908.1,857.2,833.4,830.4,898.0,742.4,661.8,614.0,587.9,575.0,571.2,845.6,707.4,633.7,593.1,570.7,558.5,551.5,817.9,683.7,612.6,576.1,555.4,541.8,526.8,804.0,657.4,584.8,551.7,533.9,523.1,510.5,789.4,646.7,577.6,544.8,523.1,504.2,472.3,820.4,667.9,588.4,550.1,527.1,506.8,468.8,915.2,727.9,626.1,572.1,542.6,521.1,480.8,1074.3,832.6,700.0,618.2,571.5,544.1,504.5,1240.5,961.3,805.8,704.4,632.4,583.9,532.9,0.6577,0.8887,1.0171,0.5077,0.7129,0.8480,0.0,0.0000,2026,0.8075,743.1,03420004I7O,6.687,5368,22.3,18.0,27.2,0.0,53.4,912.3,675.1,589.9,1181.8,841.6,707.5,743.7,685.8,0.8068,0.8749,677.6,562.6,530.8,42.4,178.8,858.5,576.2,552.9,523.1,498.4,456.1,442.4,446.9,467.5,496.7,1957.5,1477.4,1947.4,47.3,142.4,2058.7,1298.9,1199.9,1147.4,1151.7,1124.1,1178.0,1349.3,1607.6,1856.4
GRE,00442,GR1197,GRE-1197,ARTEMIS,NEK 26 - DOLPHIN,NEK DESIGN,VAN DE STADT,1986,NOTK,,,,ORC,CLUB,C,400,18 03 2026 12:51:37,8.000,6.876,1.554,2.82,2533.,106.6,0.37,756.1,0.7335,818.0,0.8920,672.6,1237.6,995.4,862.1,778.2,730.7,705.7,680.2,0.0,0.0,0.0,0.0,0.0,0.0,0.0,954.8,784.1,697.7,648.4,618.8,599.8,574.1,0.0,0.0,0.0,0.0,0.0,0.0,0.0,1234.6,936.3,781.2,689.9,641.4,606.6,550.7,43.8,42.1,40.8,39.0,37.8,37.4,38.3,148.7,153.2,158.2,164.8,174.5,178.6,178.8,1268.3,1051.3,935.1,864.8,828.8,816.2,814.3,828.4,701.0,642.6,613.8,596.8,588.1,582.9,786.0,672.7,624.9,600.4,584.1,573.8,566.3,761.6,655.8,611.2,587.6,570.2,555.8,537.7,769.1,646.2,597.3,570.9,552.0,538.7,515.0,769.8,647.1,595.5,566.4,540.5,515.7,480.1,801.8,665.3,604.9,573.5,547.6,520.6,476.1,900.0,726.7,635.6,592.5,564.5,538.2,487.4,1045.3,816.2,691.5,623.2,587.0,561.1,510.5,1207.0,939.4,789.1,691.6,632.5,595.2,546.2,0.6901,0.8972,1.0086,0.5374,0.7386,0.8542,0.0,0.0000,2026,0.8212,730.7,03420004I6U,6.419,3070,15.4,21.4,17.2,35.4,0.0,869.4,668.7,594.9,1116.5,812.3,702.4,726.8,682.6,0.8256,0.8790,666.3,559.9,532.4,40.1,178.1,832.7,583.7,564.5,529.8,496.7,464.3,447.3,449.3,468.8,499.9,1802.3,1356.5,1802.1,46.5,144.3,1804.6,1145.4,1063.9,1014.4,1041.6,1067.3,1123.6,1300.1,1558.9,1800.0
GRE,00528,GR1198,GRE-1198,ILIADA,SUN ODYSSEY 33.1,JEANNEAU,ANDRIEU,1993,SEANATK,,,,ORC,CLUB,C,300,26 03 2026 18:37:30,9.970,8.504,1.921,3.53,5115.,0.0,0.53,752.2,0.7208,832.4,0.9065,661.9,1300.9,1026.6,882.2,792.3,735.6,700.1,668.8,0.0,0.0,0.0,0.0,0.0,0.0,0.0,995.5,797.1,693.1,632.6,596.1,573.0,550.0,0.0,0.0,0.0,0.0,0.0,0.0,0.0,1293.6,961.7,787.8,679.6,619.6,578.5,524.1,45.0,43.0,41.9,41.2,40.6,40.1,40.3,144.6,146.0,146.9,148.3,152.8,157.7,173.4,1373.0,1102.5,964.4,878.0,824.5,796.7,792.9,885.2,726.6,644.0,593.6,565.9,551.3,544.6,832.2,690.8,615.3,572.5,548.7,535.3,526.4,801.3,666.3,593.7,555.5,533.5,519.5,503.1,793.5,644.3,568.1,531.8,512.4,501.2,488.9,774.0,629.3,557.6,523.0,500.9,482.1,450.1,805.0,649.6,568.6,528.9,504.8,484.3,446.5,903.9,713.4,609.3,552.1,520.8,498.8,458.9,1064.1,823.4,692.9,612.0,561.7,531.5,493.7,1228.8,950.8,800.1,706.7,646.6,603.4,544.8,0.6694,0.9128,1.0523,0.5156,0.7250,0.8606,0.0,0.0000,2026,0.8278,724.8,03420004J45,7.145,5590,23.2,17.0,30.8,0.0,59.8,896.3,657.3,570.2,1163.7,827.6,697.2,722.5,672.8,0.8305,0.8918,666.1,542.8,511.1,42.1,174.8,824.6,551.5,528.3,498.7,475.8,434.9,418.6,424.3,459.8,507.6,1941.7,1465.7,1932.0,46.8,142.8,2038.9,1291.0,1193.7,1136.9,1146.6,1113.4,1165.8,1339.6,1597.4,1844.5
GRE,00587,GR12004,GRE-12004,ANTAMA,FIRST 29,BENETEAU,FINOT,1984,INO AIGIOU,,,,ORC,CLUB,C,300,14 05 2026 09:59:03,8.661,7.407,1.637,3.01,3397.,132.1,0.50,747.0,0.7384,812.5,0.9073,661.3,1241.1,996.6,863.2,776.3,720.0,685.3,655.4,0.0,0.0,0.0,0.0,0.0,0.0,0.0,961.0,784.6,691.3,636.4,601.5,578.0,551.1,0.0,0.0,0.0,0.0,0.0,0.0,0.0,1234.9,936.6,777.9,679.7,624.0,584.3,528.3,44.5,42.6,41.7,40.8,39.3,39.0,39.5,148.4,152.1,155.0,160.8,166.8,174.5,177.7,1302.6,1073.2,952.6,874.7,823.0,794.0,784.5,846.1,712.7,641.5,602.1,578.1,563.5,552.3,801.1,680.6,618.3,584.8,564.2,550.1,534.3,775.4,659.3,601.1,570.2,550.6,535.0,510.9,789.0,651.9,585.3,552.9,532.8,518.0,499.7,772.2,639.5,576.9,544.6,520.0,497.8,463.3,799.1,655.8,584.8,548.8,523.1,499.2,459.2,884.2,710.5,614.7,566.6,537.5,512.4,467.4,1021.5,798.2,674.4,601.5,561.7,535.4,489.5,1179.5,920.0,773.9,677.8,617.0,576.6,526.4,0.6874,0.9114,1.0457,0.5363,0.7412,0.8788,0.0,0.0000,2026,0.8333,720.1,03420004PT0,6.618,3843,18.3,18.3,23.5,51.7,0.0,872.9,658.3,573.8,1118.8,809.5,682.7,720.7,668.0,0.8325,0.8981,648.1,539.2,511.0,41.6,177.2,811.1,555.7,533.9,498.1,476.9,446.4,429.8,431.8,450.7,485.2,1813.8,1374.2,1808.0,47.1,144.8,1871.5,1184.3,1099.6,1049.2,1080.7,1082.0,1128.7,1278.3,1520.8,1756.1
GRE,00065,GR1207,GRE-1207,IOESSA,DISCOVERY 3000EXT,DROMOR YACHTS,ED DUBOIS,1985,SEANATK,,,,ORC,CLUB,C,400,18 03 2026 13:09:46,9.980,8.728,1.734,3.24,5536.,0.0,0.53,717.3,0.7694,779.9,0.9433,636.1,1192.3,951.4,822.7,742.7,694.4,667.8,641.9,0.0,0.0,0.0,0.0,0.0,0.0,0.0,918.2,747.8,660.3,611.2,582.3,564.6,541.6,0.0,0.0,0.0,0.0,0.0,0.0,0.0,1186.3,894.0,742.3,652.1,604.1,570.9,518.5,45.1,42.8,41.4,40.4,39.6,39.2,39.1,147.5,151.4,155.0,160.6,167.3,176.3,178.3,1251.7,1022.2,904.1,833.6,795.2,779.1,773.3,806.3,676.7,610.3,576.5,559.3,550.2,545.0,759.2,645.1,588.7,561.2,545.6,535.6,528.5,731.6,624.0,573.0,547.9,531.4,519.6,504.8,744.6,621.7,563.7,537.3,522.0,513.0,489.5,734.8,609.9,555.1,526.9,506.4,488.4,461.6,761.6,625.9,561.9,530.3,507.9,487.7,449.4,842.8,677.9,589.7,547.1,520.5,498.7,454.8,981.0,763.5,646.3,578.5,543.1,518.8,477.2,1132.8,880.7,741.2,651.8,593.6,556.5,510.6,0.7203,0.9498,1.0707,0.5598,0.7745,0.9026,0.0,0.0000,2026,0.8667,692.3,03420004I70,7.573,6119,23.9,24.4,27.7,61.3,0.0,833.0,631.7,560.4,1071.8,774.7,664.7,692.1,642.3,0.8670,0.9341,631.2,529.7,503.7,40.4,177.2,790.2,547.8,528.4,500.2,472.5,447.6,428.4,420.8,437.1,472.2,1754.2,1322.5,1748.1,47.6,144.0,1815.9,1140.9,1050.7,994.3,1023.0,1035.8,1081.7,1231.4,1465.7,1692.5
GRE,00295,GR1211,GRE-12111,OKEANOS II,J/V 45 ONE-OFF,Magrathea,JUDEL/VROELIJK,1991,NOAM,,,,ORC,CLUB,R,750,29 04 2026 10:27:41,13.433,10.932,2.378,4.16,7867.,0.0,0.01,590.3,0.9229,650.2,1.1442,524.4,980.5,787.6,684.2,622.1,584.0,558.3,525.5,0.0,0.0,0.0,0.0,0.0,0.0,0.0,749.7,613.8,544.9,505.9,481.8,464.3,438.9,0.0,0.0,0.0,0.0,0.0,0.0,0.0,980.9,740.4,615.5,541.0,500.6,469.5,419.2,43.5,41.2,39.8,39.0,38.5,38.0,37.6,141.7,146.4,149.2,157.4,164.6,170.0,177.7,977.1,804.1,719.1,676.7,656.1,643.0,627.6,641.2,542.5,496.0,474.0,462.7,456.1,447.8,608.5,521.1,481.0,460.6,449.4,442.9,434.0,587.2,506.4,469.1,448.3,434.9,425.0,412.0,597.6,502.6,461.0,438.9,425.6,415.0,393.6,601.9,500.4,455.1,429.0,407.2,388.4,364.5,625.7,515.3,463.5,434.5,410.6,388.8,352.7,710.7,570.9,496.5,456.1,429.4,405.3,362.8,852.1,667.8,562.4,498.1,459.2,433.0,387.7,983.9,771.1,649.3,567.5,511.8,473.5,423.4,0.8801,1.1497,1.3068,0.6787,0.9273,1.0861,0.0,0.0000,2026,1.0472,573.0,03420004NKW,10.336,8914,33.9,67.4,35.0,90.0,90.8,681.7,521.9,459.1,884.0,647.0,552.4,565.9,537.8,1.0602,1.1156,502.6,419.8,399.5,37.8,175.8,622.8,443.7,429.1,403.5,380.1,348.4,323.2,317.5,348.5,382.4,1420.5,1064.1,1423.3,46.4,137.7,1392.6,885.7,823.2,783.0,807.0,840.4,882.2,1030.1,1254.3,1448.4
GRE,02072,GR1213,GRE-1213,PEGASUS,SUN ODYSSEY 33.1,JEANNEAU,ANDRIEU,1993,IO PATRON,,,,ORC,CLUB,C,400,16 04 2026 09:38:45,9.970,8.649,1.943,3.53,5509.,0.0,0.55,734.6,0.7401,810.7,0.9253,648.4,1248.9,992.7,859.2,775.5,719.5,682.5,646.7,0.0,0.0,0.0,0.0,0.0,0.0,0.0,958.1,773.5,678.1,622.6,587.4,563.7,538.2,0.0,0.0,0.0,0.0,0.0,0.0,0.0,1241.5,930.5,768.9,667.8,610.0,569.5,516.0,44.5,42.6,41.4,40.7,39.8,38.9,38.6,144.9,146.9,147.6,149.4,154.1,159.0,176.8,1323.0,1069.2,941.2,860.1,803.3,769.6,753.3,857.4,708.8,632.5,586.6,559.3,543.4,531.5,809.4,675.8,606.2,567.5,544.6,530.3,516.9,782.2,654.2,587.3,552.3,531.9,517.9,499.4,762.3,625.3,557.7,525.6,507.4,494.8,482.4,745.9,612.4,549.5,518.9,498.4,480.3,448.8,772.7,631.7,559.6,524.8,502.6,483.3,446.9,864.3,690.9,596.0,545.7,517.9,497.7,460.1,1017.4,793.5,673.0,598.4,553.8,527.3,492.7,1174.8,916.2,777.2,691.0,635.6,595.3,540.2,0.6930,0.9304,1.0713,0.5353,0.7430,0.8846,0.0,0.0000,2026,0.8464,708.9,03420004LKD,7.339,6094,24.0,17.3,27.7,0.0,57.5,865.8,644.9,560.1,1120.9,807.5,678.3,706.4,658.3,0.8493,0.9114,637.3,527.6,502.4,39.7,177.5,769.1,534.4,516.3,490.1,474.5,430.9,419.2,426.5,461.1,505.6,1854.9,1399.1,1845.1,46.5,141.9,1953.0,1238.7,1146.6,1093.7,1087.5,1058.9,1103.5,1269.8,1521.3,1756.7
GRE,00471,GR1214,GRE-1214,PARASKEVI,ATLANTIC 31,ATLANTIC,JACOPIN & JACOPIN,1990,IOVATh,,,,ORC,CLUB,C,400,25 03 2026 14:18:43,9.191,8.145,1.552,3.41,4000.,0.0,0.37,741.9,0.7299,822.1,0.9158,655.1,1269.8,1007.4,866.5,782.7,730.5,699.8,672.8,0.0,0.0,0.0,0.0,0.0,0.0,0.0,967.4,779.3,682.4,628.3,594.7,573.7,550.5,0.0,0.0,0.0,0.0,0.0,0.0,0.0,1259.6,941.7,774.5,674.0,618.1,579.3,523.8,46.2,44.5,43.0,42.0,41.1,40.5,40.6,144.8,146.8,147.3,150.3,155.6,160.3,176.8,1372.0,1104.0,965.8,881.5,829.5,806.5,802.3,874.6,717.9,639.1,594.5,569.8,557.3,552.4,817.9,680.6,611.3,574.4,553.5,541.3,534.1,787.5,656.6,591.3,558.1,538.3,524.2,507.2,756.1,622.3,561.0,532.7,517.1,507.8,491.7,735.7,606.0,549.7,520.0,496.8,476.4,447.8,764.9,622.1,557.7,524.8,499.4,475.7,435.1,858.0,682.6,589.5,544.8,516.6,491.9,445.0,1011.2,788.9,664.5,592.3,552.5,527.1,485.7,1167.6,910.9,767.3,683.8,631.5,593.1,543.4,0.6870,0.9223,1.0521,0.5270,0.7350,0.8604,0.0,0.0000,2026,0.8365,717.2,03420004IUT,6.942,4574,21.1,21.0,26.5,0.0,67.0,873.4,650.5,570.3,1138.5,816.3,697.4,718.8,659.1,0.8347,0.9103,666.6,540.0,508.8,42.2,161.2,827.6,556.6,534.4,502.5,474.1,432.3,409.7,405.6,446.1,505.6,1881.9,1413.1,1867.8,48.1,141.7,2023.2,1268.3,1162.3,1104.3,1083.0,1052.2,1094.8,1257.0,1507.4,1740.6
GRE,00216,GR1217,GRE-1217,KALIPSO,BAVARIA 35 HOLIDAY,BAVARIA,Jacopin & Jacopin,1995,NAOEFK,,,,ORC,CLUB,C,650,25 03 2026 15:33:29,10.673,9.294,1.800,3.70,5800.,0.0,0.44,717.4,0.7577,791.8,0.9517,630.4,1253.8,988.4,847.6,753.6,691.4,653.3,621.8,0.0,0.0,0.0,0.0,0.0,0.0,0.0,953.4,762.6,663.1,603.1,565.2,541.2,516.0,0.0,0.0,0.0,0.0,0.0,0.0,0.0,1243.9,923.3,755.2,648.3,587.5,546.0,490.5,45.9,44.5,43.1,42.0,41.1,40.3,40.4,144.4,146.7,147.8,158.6,163.7,169.1,177.7,1352.8,1080.6,939.6,852.9,794.6,762.6,751.9,864.7,702.1,620.2,571.9,543.1,526.8,516.9,809.2,666.0,591.9,550.4,526.1,511.3,499.2,778.5,643.8,570.6,530.9,511.4,496.7,477.8,735.0,599.6,533.4,501.4,482.4,469.1,454.7,722.8,591.2,527.3,495.6,473.5,453.7,419.4,750.5,610.9,539.1,502.8,478.9,457.8,418.0,845.5,672.0,577.8,526.1,496.6,474.7,433.8,1000.2,776.1,654.4,574.7,527.8,499.6,459.3,1154.9,896.2,755.6,654.4,588.3,544.0,491.7,0.6993,0.9571,1.1158,0.5352,0.7605,0.9216,0.0,0.0000,2026,0.8677,691.5,03420004IWC,7.712,6680,26.9,26.0,29.5,71.8,70.2,858.0,626.9,537.7,1121.1,789.0,651.0,693.1,635.2,0.8656,0.9445,612.9,504.1,475.1,41.7,177.2,770.2,519.0,498.4,470.3,444.9,399.4,387.2,397.0,421.4,455.7,1870.6,1401.2,1856.5,47.6,141.3,2012.0,1266.0,1164.4,1105.3,1050.6,1030.9,1076.3,1246.1,1497.5,1729.2
GRE,00383,GR1221,GRE-1221,ADRA,FIRST 31.7,BENETEAU,FINOT,1998,NAOB,,,,ORC,CLUB,C,420,23 03 2026 16:48:56,9.610,8.969,1.938,3.21,3847.,110.6,0.33,677.1,0.8143,736.8,0.9998,600.1,1128.2,898.8,774.0,699.8,659.1,635.1,609.7,0.0,0.0,0.0,0.0,0.0,0.0,0.0,869.6,706.8,622.3,575.8,549.9,532.6,510.4,0.0,0.0,0.0,0.0,0.0,0.0,0.0,1126.5,846.0,699.2,613.9,570.7,538.4,486.7,43.5,41.2,39.7,38.6,38.2,38.0,38.4,146.4,150.3,153.2,159.0,165.3,171.8,176.8,1144.9,936.6,828.0,770.4,747.8,738.7,738.5,750.7,631.6,571.7,542.0,528.6,523.4,520.1,712.8,606.3,554.5,528.3,514.6,508.3,503.3,691.9,589.4,541.6,516.4,499.8,488.2,477.1,708.6,590.5,534.7,509.4,495.6,479.5,456.4,702.5,579.7,525.2,496.1,473.5,455.8,435.1,729.8,596.5,532.8,500.0,474.8,452.3,413.5,817.0,653.3,564.1,519.1,490.3,464.9,416.0,962.5,745.8,625.6,554.7,516.0,489.5,442.4,1111.4,860.9,720.0,629.3,570.3,531.5,480.8,0.7612,1.0072,1.1350,0.5920,0.8209,0.9500,0.0,0.0000,2026,0.9188,653.0,03420004INS,8.241,4458,22.0,25.1,25.7,61.4,0.0,788.2,595.7,528.6,1013.5,730.9,631.6,649.8,611.4,0.9234,0.9813,596.9,495.9,470.9,39.7,171.2,755.6,522.8,504.2,472.7,444.5,422.3,389.7,361.2,391.9,438.2,1657.8,1251.7,1658.3,46.2,143.0,1652.8,1053.7,982.7,941.2,975.3,994.7,1039.4,1196.4,1440.0,1662.8
GRE,00395,GR1222,GRE-1222,SOFI,ELAN 340,ELAN YACHTS,ROB HUMPHREYS,2006,ANOZ,,,,ORC,CLUB,C,320,22 07 2026 18:41:40,9.987,9.545,2.075,3.47,5520.,0.0,0.26,654.8,0.8301,722.8,1.0281,583.6,1072.6,860.8,749.5,690.2,658.6,637.6,613.4,0.0,0.0,0.0,0.0,0.0,0.0,0.0,824.7,674.1,599.9,562.4,541.2,526.5,507.0,0.0,0.0,0.0,0.0,0.0,0.0,0.0,1069.1,808.9,675.5,600.8,562.2,531.5,483.4,43.4,41.0,40.1,39.5,39.1,38.9,39.2,143.0,147.1,148.6,151.5,157.3,162.2,165.5,1107.5,908.5,811.6,765.9,747.8,739.3,735.5,727.5,612.4,556.0,532.0,522.3,517.5,513.6,690.8,587.1,538.4,517.1,506.8,502.0,497.1,667.0,569.5,525.4,503.8,490.5,481.7,473.3,666.9,558.5,513.6,495.5,483.4,470.5,452.9,653.4,544.2,500.5,475.7,457.0,444.4,426.9,672.6,555.2,505.7,478.2,456.1,436.6,407.8,755.3,606.6,530.9,495.2,470.2,447.7,405.5,898.7,704.2,595.3,533.0,500.7,478.2,439.4,1037.7,813.1,687.3,614.5,569.3,535.9,491.3,0.8006,1.0365,1.1475,0.6207,0.8377,0.9467,0.0,0.0000,2026,0.9442,635.5,03420004VJH,8.573,6044,25.0,35.5,31.7,0.0,85.2,749.4,578.9,522.9,966.7,716.2,633.8,634.2,589.7,0.9461,1.0175,602.2,495.3,471.0,40.2,161.9,749.0,515.3,496.9,469.1,442.9,413.1,390.7,363.9,401.1,455.4,1563.5,1179.6,1560.5,46.5,139.3,1593.5,1012.5,941.0,898.3,929.9,917.4,951.3,1096.9,1328.1,1533.6
GRE,00426,GR1224,GRE-1224,LYGEIA,SUN ODYSSEY 32i,JEANNEAU,PH. BRIAND,2001,SEANATK,,,,ORC,CLUB,C,160,14 05 2026 10:37:53,9.440,8.747,1.996,3.33,4446.,0.0,0.36,710.2,0.7635,785.9,0.9550,628.3,1203.8,954.4,821.2,746.0,705.4,681.6,658.9,0.0,0.0,0.0,0.0,0.0,0.0,0.0,921.4,742.4,650.0,601.1,574.5,558.1,539.1,0.0,0.0,0.0,0.0,0.0,0.0,0.0,1196.3,894.0,735.9,644.1,597.1,563.1,510.0,43.9,42.1,41.1,40.5,40.4,40.3,40.9,144.3,146.9,147.9,150.3,155.6,160.8,178.4,1278.9,1031.9,903.9,836.0,807.0,797.5,802.9,832.7,686.5,608.9,570.0,552.6,546.4,544.8,785.9,654.0,584.5,550.4,534.2,527.1,523.5,755.3,630.3,566.2,534.4,516.9,505.8,495.8,726.4,598.6,540.7,516.8,506.0,496.3,475.4,709.3,582.6,527.6,499.4,478.5,462.8,444.8,733.5,597.9,534.9,503.2,479.4,458.2,424.0,825.1,656.2,566.6,522.2,494.7,470.9,426.8,977.5,759.5,639.5,568.2,528.3,503.3,462.2,1128.8,877.0,738.4,656.0,603.8,565.8,515.0,0.7212,0.9638,1.0810,0.5560,0.7709,0.8836,0.0,0.0000,2026,0.8742,686.4,03420004PTM,7.564,4763,21.9,25.1,23.9,0.0,65.4,831.9,622.5,555.0,1079.1,778.3,679.0,688.7,632.3,0.8712,0.9489,655.6,532.0,499.6,42.6,178.4,833.8,553.1,527.2,493.2,464.0,435.3,406.3,383.2,423.1,477.4,1779.2,1339.2,1769.7,46.1,140.8,1874.0,1192.0,1105.6,1053.3,1025.8,1006.4,1047.9,1211.1,1458.7,1684.4
GRE,00111,GR1226,GRE-1226,CALYPSO,BAVARIA 44,BAVARIA YACHTS,J&J,2002,IOBA,,,,ORC,CLUB,C,862,27 03 2026 14:27:58,13.642,12.037,1.597,4.15,9660.,0.0,0.38,618.3,0.8728,687.4,1.0998,545.5,1068.7,847.1,726.2,653.7,609.9,582.2,554.5,0.0,0.0,0.0,0.0,0.0,0.0,0.0,808.5,652.1,569.1,522.2,494.6,477.1,456.0,0.0,0.0,0.0,0.0,0.0,0.0,0.0,1062.6,792.0,647.8,560.9,514.5,481.4,431.8,47.1,45.4,44.1,42.6,41.9,41.5,41.7,142.6,146.4,148.5,149.8,159.2,170.0,178.3,1129.8,910.8,793.9,726.0,693.8,680.2,675.7,711.8,583.6,519.3,485.9,468.8,461.3,456.5,654.5,547.7,494.9,468.0,453.1,445.2,439.5,618.9,524.4,478.2,454.1,439.2,428.5,416.6,630.5,528.8,472.8,444.0,427.5,417.0,401.3,635.3,516.7,461.0,433.3,413.4,395.9,367.6,653.0,530.0,468.6,438.2,416.8,397.5,362.1,732.3,582.7,501.6,458.0,432.8,412.7,374.6,872.5,678.5,570.2,503.6,464.1,439.0,402.4,1007.5,783.5,658.4,581.5,526.0,484.3,433.3,0.8216,1.1075,1.2670,0.6264,0.8784,1.0367,0.0,0.0000,2026,1.0020,598.8,03420004J71,10.249,10922,37.8,41.6,55.7,0.0,106.9,730.3,541.8,473.6,957.9,683.1,578.8,596.5,553.6,1.0059,1.0837,544.9,443.6,415.3,43.0,178.1,690.3,458.1,438.2,411.1,388.1,349.9,329.4,334.8,367.9,399.5,1577.2,1172.7,1569.6,49.7,139.6,1653.0,1024.7,918.3,846.2,869.8,908.7,937.6,1075.9,1300.2,1501.4
GRE,01119,GR1229,GRE-1229,AGGELIKI,BAVARIA 32 HOLIDAY,BAVARIA,J & J,1989,NAOKTh,,,,ORC,CLUB,C,320,25 06 2026 14:55:59,9.788,8.754,1.743,3.26,4815.,0.0,0.40,703.4,0.7729,776.3,0.9615,624.0,1172.7,940.4,816.5,740.6,695.1,669.3,643.8,0.0,0.0,0.0,0.0,0.0,0.0,0.0,898.8,733.6,648.5,599.8,570.7,553.1,532.2,0.0,0.0,0.0,0.0,0.0,0.0,0.0,1164.9,881.3,732.8,641.7,592.7,558.8,507.6,44.9,42.8,41.5,40.6,39.7,39.3,39.6,144.8,147.9,149.0,151.4,156.9,161.9,177.0,1250.6,1020.6,900.6,825.0,783.6,768.3,767.4,807.2,675.4,605.9,567.0,547.2,538.1,534.6,759.9,643.2,582.6,550.4,533.0,523.5,518.2,730.2,621.0,565.4,536.8,519.5,507.7,495.0,714.4,595.0,540.3,514.6,499.8,491.8,479.3,700.7,583.0,531.8,504.9,484.2,465.2,435.8,722.4,597.6,539.4,509.5,487.1,465.6,424.9,804.2,650.2,568.9,527.8,502.1,480.1,435.9,948.1,744.9,634.3,569.2,533.0,509.9,472.2,1094.8,860.1,732.4,656.2,606.6,570.2,520.1,0.7351,0.9678,1.0916,0.5679,0.7780,0.9007,0.0,0.0000,2026,0.8812,680.9,03420004U5S,7.653,5309,23.3,25.0,25.2,0.0,59.8,816.2,620.0,549.7,1056.5,771.2,666.1,680.9,629.7,0.8812,0.9528,638.2,522.2,493.3,41.1,177.0,790.5,538.5,518.8,491.2,464.9,420.5,398.1,397.0,434.2,485.9,1719.6,1292.9,1709.6,47.5,140.6,1819.1,1144.1,1054.0,996.8,1000.3,981.5,1016.2,1164.5,1403.0,1620.1
GRE,00343,GR1230,GRE-1230,BRAVA,FEELING 1090 mod,KIRIE,PH. HARLE,1987,NAOEFK,,,,ORC,CLUB,R,400,02 09 2026 10:27:43,11.330,9.390,1.797,3.60,5565.,107.5,0.36,687.8,0.7963,753.5,0.9890,606.7,1173.8,926.2,792.7,713.9,670.3,644.3,619.5,0.0,0.0,0.0,0.0,0.0,0.0,0.0,901.6,724.8,630.7,579.0,551.0,533.8,513.8,0.0,0.0,0.0,0.0,0.0,0.0,0.0,1169.8,870.1,712.4,619.8,572.5,538.6,486.6,45.2,42.9,41.7,41.0,40.5,40.4,40.9,147.1,150.3,153.2,157.0,163.0,167.8,177.2,1213.6,979.1,857.9,794.4,770.8,761.2,764.3,781.5,647.1,576.0,541.3,527.4,522.0,519.5,735.4,615.9,553.7,523.4,509.4,503.9,499.7,708.0,594.9,537.3,508.1,492.1,482.6,474.1,723.4,601.8,536.8,506.1,486.2,471.9,452.1,726.7,591.2,524.1,490.7,469.8,453.5,433.1,755.6,609.2,532.8,494.0,469.3,448.7,414.5,841.9,665.8,567.9,514.1,482.8,458.9,415.5,982.1,756.5,632.0,555.2,510.1,481.9,437.3,1134.1,873.2,727.5,633.4,569.8,527.4,474.7,0.7378,0.9977,1.1307,0.5714,0.8033,0.9353,0.0,0.0000,2026,0.9062,662.1,0342000500A,8.229,6179,25.3,27.7,36.3,74.8,0.0,813.2,601.4,530.6,1050.1,746.9,641.5,661.2,616.1,0.9074,0.9739,610.0,504.0,474.7,42.4,175.4,785.5,524.9,500.7,469.9,441.7,420.8,397.7,378.8,397.9,434.6,1737.3,1311.2,1733.6,47.5,144.3,1773.6,1115.6,1029.1,978.7,1011.8,1041.7,1090.7,1242.3,1473.1,1700.9
GRE,00489,GR1232,GRE-1232,SOTIRIS JUNIOR,NEREIS 30,AKROPRORO,VAN DE STADT,1981,NAOEFK,,,,ORC,CLUB,C,249,02 04 2026 09:39:00,8.995,7.589,1.783,3.22,3933.,120.1,0.48,719.7,0.7672,782.0,0.9352,641.6,1161.7,942.0,819.6,744.7,705.0,683.2,661.7,0.0,0.0,0.0,0.0,0.0,0.0,0.0,901.7,744.9,663.3,618.0,592.6,576.4,556.4,0.0,0.0,0.0,0.0,0.0,0.0,0.0,1156.5,886.6,742.2,658.1,614.5,582.8,532.3,43.4,41.1,40.2,39.4,38.9,38.6,39.0,148.2,152.1,152.8,161.9,167.5,175.4,176.8,1213.4,1008.9,902.2,843.5,815.4,805.6,809.6,797.8,680.3,620.2,590.9,575.6,569.0,567.3,759.2,653.1,602.0,576.2,561.8,553.8,550.1,735.2,634.9,588.3,563.4,547.6,536.2,523.2,747.8,626.9,573.2,547.3,532.4,523.7,504.7,723.7,610.6,562.8,535.3,512.9,492.9,467.8,748.8,620.4,566.0,536.6,512.8,491.4,456.4,823.5,670.0,586.0,548.7,522.2,497.5,455.5,961.3,759.3,640.0,576.8,544.9,520.1,473.9,1110.1,875.1,737.0,645.9,594.7,560.7,513.9,0.7288,0.9415,1.0472,0.5704,0.7730,0.8816,0.0,0.0000,2026,0.8616,696.4,03420004K4P,6.929,4336,19.0,19.1,30.2,73.9,55.7,823.3,637.3,573.0,1051.9,776.2,680.6,698.9,643.3,0.8585,0.9327,658.9,550.4,521.0,41.0,175.4,845.1,575.0,553.4,520.9,490.0,455.5,436.3,426.1,437.6,472.6,1675.8,1268.3,1671.9,46.2,143.8,1714.4,1089.3,1012.6,965.4,995.1,1007.0,1041.5,1176.5,1417.8,1637.2
GRE,00535,GR1235,GRE-1235,CRUELLA,SKC PROJECT,KARATASITSAS,KARATASITSAS,2007,IO KERKYRAS,,,,ORC,INTL,S,350,15 04 2026 23:55:02,7.890,7.422,1.869,2.50,1071.,103.9,0.00,618.2,0.8775,683.7,1.0850,553.0,986.9,795.9,708.3,665.2,633.3,600.0,538.4,0.0,0.0,0.0,0.0,0.0,0.0,0.0,761.9,634.4,574.9,540.4,513.6,490.3,452.1,0.0,0.0,0.0,0.0,0.0,0.0,0.0,981.5,750.8,642.0,578.0,534.4,494.0,427.7,42.6,40.4,37.6,36.9,36.7,36.8,37.4,142.8,147.6,152.1,150.7,147.1,143.0,144.9,1040.8,848.3,771.2,750.8,741.5,736.7,738.1,686.6,585.7,549.7,537.5,530.0,524.9,520.3,653.7,570.5,532.9,517.7,508.8,502.4,495.8,634.4,560.4,517.6,489.9,476.7,466.6,455.3,616.3,542.0,511.0,480.5,449.7,432.5,410.1,600.0,521.5,481.2,447.4,423.8,407.4,367.9,612.0,525.6,469.4,431.8,399.7,374.1,339.0,680.1,562.9,499.8,445.2,389.7,343.1,290.1,808.0,643.9,560.2,502.2,454.7,401.2,293.3,933.0,743.5,645.4,579.6,525.0,463.3,338.7,0.8594,1.0849,1.2453,0.6731,0.8792,1.0253,0.0,0.0000,2026,0.9997,600.2,03420004LJA,7.667,1540,13.4,23.2,14.4,0.0,68.8,698.2,553.0,481.8,891.4,682.4,585.2,610.9,545.0,0.9821,1.1009,517.3,436.8,408.4,39.9,149.7,771.1,530.1,500.7,451.9,397.7,339.0,309.4,252.8,228.2,263.6,1417.0,1077.2,1410.2,45.4,139.6,1485.5,952.6,890.5,850.6,857.4,832.3,860.1,966.7,1167.8,1348.5
GRE,00893,GR1240,GRE-1240,FIDELIO,GRAND SOLEIL 40,CANTIERE DEL PARDO,PAPERINI,2001,OFTh,,,,ORC,INTL,C,770,02 08 2026 18:08:06,11.990,10.837,2.429,3.79,7913.,113.3,0.20,603.6,0.9131,657.1,1.1174,536.9,992.1,796.1,688.3,626.3,591.6,569.1,542.0,0.0,0.0,0.0,0.0,0.0,0.0,0.0,763.8,626.1,554.8,516.8,495.3,480.6,460.4,0.0,0.0,0.0,0.0,0.0,0.0,0.0,991.0,749.8,622.7,550.5,513.6,485.5,442.8,42.6,40.5,39.3,38.2,37.5,37.2,37.0,144.7,149.2,151.2,157.2,164.3,170.9,177.2,1002.5,824.0,731.6,687.5,668.7,657.7,647.2,659.8,558.5,508.2,486.2,477.0,471.6,465.8,627.4,537.2,494.4,474.4,464.8,459.6,453.2,606.9,523.4,484.7,464.3,451.6,443.6,434.5,620.6,527.4,482.9,463.1,447.4,435.0,418.0,619.9,515.5,471.3,448.3,432.3,422.1,406.1,639.0,527.7,476.8,450.2,429.9,412.5,389.2,712.8,574.9,501.7,465.2,441.4,420.3,381.6,850.2,665.2,559.1,496.8,464.2,441.9,402.2,981.7,768.2,645.1,565.2,514.6,480.5,436.8,0.8634,1.1253,1.2586,0.6711,0.9196,1.0628,0.0,0.0000,2026,1.0272,584.1,03420004VWJ,10.136,8985,32.5,48.7,38.5,114.7,0.0,694.9,533.2,476.7,894.1,652.5,564.5,579.7,547.0,1.0349,1.0968,525.3,446.5,429.2,38.2,174.9,649.6,464.3,451.1,429.7,407.9,395.9,373.6,345.1,364.1,400.9,1431.9,1080.1,1432.4,46.0,139.0,1427.4,909.6,846.5,806.3,832.7,867.5,898.5,1030.1,1244.0,1436.4
GRE,00011,GR1243,GRE-1243,HAKUNA MATATA,COMET 41S,COMAR,A.VALLICELLI & C.,2005,NOThAK,,,,ORC,INTL,C,750,17 03 2026 20:37:06,12.469,11.281,2.375,3.93,7871.,123.9,0.08,582.4,0.9434,636.0,1.1570,518.6,955.0,766.5,664.5,607.5,574.3,552.7,525.8,0.0,0.0,0.0,0.0,0.0,0.0,0.0,733.8,602.2,535.8,500.3,479.1,464.4,443.3,0.0,0.0,0.0,0.0,0.0,0.0,0.0,954.6,721.9,601.3,533.1,497.0,469.0,425.3,43.0,40.9,39.3,38.2,37.6,37.4,37.8,140.9,148.5,151.5,156.9,164.2,170.0,176.3,958.6,787.7,702.6,664.8,647.7,637.9,628.8,629.6,533.0,488.5,469.4,461.1,456.0,450.5,598.0,513.5,475.6,457.9,449.0,443.9,437.5,577.5,501.0,466.7,447.8,435.3,426.8,417.0,589.1,505.5,467.4,446.2,430.3,417.3,399.3,600.2,499.1,456.6,433.2,415.8,404.9,387.4,618.0,510.1,461.9,435.4,414.1,395.5,369.3,690.8,556.3,487.1,451.8,427.4,405.2,362.4,823.9,645.4,543.0,483.4,451.2,428.1,385.8,951.4,745.3,626.4,550.2,500.9,467.4,422.8,0.8982,1.1644,1.3039,0.6971,0.9502,1.0949,0.0,0.0000,2026,1.0633,564.3,03420004I49,10.685,8940,33.4,53.9,42.5,118.5,0.0,668.0,515.3,460.2,860.7,631.4,548.0,558.9,529.2,1.0735,1.1338,508.9,427.9,410.2,38.7,167.8,633.7,449.6,435.6,412.0,388.3,374.9,350.7,316.3,342.0,384.1,1377.8,1036.8,1379.4,45.7,138.6,1362.1,866.3,804.1,763.1,786.2,840.6,871.4,998.3,1206.8,1393.5
GRE,00034,GR1244,GRE-1244,ARISTOFANI,COMET 41S (T-Bulb),COMAR,A. VALLICELI & C.,2005,NOE,,,,ORC,INTL,C,850,14 08 2026 10:22:49,12.469,11.211,2.493,3.93,7442.,129.3,0.03,572.9,0.9607,624.5,1.1751,510.6,933.4,750.9,651.8,596.9,565.2,544.3,517.2,0.0,0.0,0.0,0.0,0.0,0.0,0.0,718.8,591.6,527.6,493.3,472.4,457.4,435.2,0.0,0.0,0.0,0.0,0.0,0.0,0.0,932.5,707.6,590.9,525.2,489.9,461.9,417.7,42.9,40.8,39.1,37.8,37.6,37.3,37.3,142.1,148.0,151.8,157.4,164.6,170.4,171.8,941.9,774.3,690.4,652.7,636.2,626.4,617.5,619.6,525.3,482.7,464.0,455.6,450.5,444.9,588.8,507.0,470.9,453.3,443.7,438.2,431.3,569.2,495.5,462.8,443.8,430.3,420.7,410.4,580.8,499.9,462.7,442.6,426.1,412.1,391.8,587.6,491.2,451.4,428.1,410.5,399.5,380.9,604.4,501.1,456.4,430.0,407.7,388.2,361.3,674.8,544.7,479.3,446.0,420.9,397.5,351.2,801.0,630.0,531.8,476.2,445.6,421.9,376.9,924.9,727.4,613.2,541.2,494.2,462.1,417.0,0.9157,1.1819,1.3250,0.7125,0.9676,1.1124,0.0,0.0000,2026,1.0812,554.9,03420004WEB,10.840,8620,33.3,56.6,41.9,126.8,0.0,655.2,507.7,452.8,842.1,620.1,539.4,550.3,520.6,1.0903,1.1526,497.9,417.7,400.8,38.1,163.1,621.1,443.7,428.9,404.6,379.8,365.9,340.8,300.0,328.7,374.7,1343.9,1013.1,1344.7,45.6,140.3,1335.3,850.9,790.7,751.1,773.0,820.1,849.9,971.0,1171.3,1352.5
GRE,00166,GR1258,GRE-1258,DELSPYANA,DEHLER 36 CWS,DEHLER,VAN DE STADT,1989,IO PATRON,,,,ORC,CLUB,C,500,16 04 2026 13:45:58,10.869,9.457,1.865,3.51,6328.,116.4,0.32,664.5,0.8266,725.9,1.0183,589.2,1109.9,889.5,768.5,691.6,644.6,618.3,590.4,0.0,0.0,0.0,0.0,0.0,0.0,0.0,848.9,694.8,613.7,566.4,538.4,520.9,497.8,0.0,0.0,0.0,0.0,0.0,0.0,0.0,1104.4,834.4,691.6,604.9,558.6,526.6,476.2,44.9,42.6,41.2,40.4,39.4,38.9,38.7,145.8,150.5,153.4,159.7,166.4,174.5,178.1,1164.4,955.4,844.9,776.1,737.6,721.5,711.5,752.9,633.8,570.7,535.5,517.5,509.3,503.1,709.1,604.2,549.8,520.6,504.4,495.5,488.9,681.4,584.0,534.1,508.3,491.8,480.3,467.7,673.2,566.4,517.0,493.8,483.4,473.7,450.5,664.8,557.4,509.2,483.5,464.3,447.6,426.3,689.0,572.0,516.3,486.9,465.4,444.9,409.0,769.9,622.8,543.4,503.5,478.2,456.2,413.2,913.9,713.5,601.4,536.6,501.0,477.5,435.1,1055.3,823.6,692.2,607.1,551.6,515.0,469.3,0.7774,1.0241,1.1614,0.6002,0.8311,0.9766,0.0,0.0000,2026,0.9336,642.7,03420004LMH,8.431,7040,27.9,40.3,25.1,83.3,0.0,771.8,585.9,516.6,999.7,721.9,614.4,642.5,594.7,0.9339,1.0090,574.1,483.3,460.8,39.5,176.8,718.0,501.6,486.5,462.0,435.1,411.3,391.0,377.5,396.2,430.3,1620.4,1214.8,1614.5,47.5,137.7,1679.4,1057.2,974.6,921.9,932.8,926.2,965.8,1114.2,1352.3,1561.5
GRE,00628,GR1265,GRE-1265,TAMUMM,FARR 30,OVINGTON MARINE,BRUCE FARR,1994,IOMAG,,,,ORC,INTL,R,500,15 04 2026 13:26:06,9.435,9.010,2.160,3.04,2587.,119.8,0.00,595.5,0.9125,657.5,1.1170,537.1,917.7,754.8,678.7,638.9,614.3,589.1,540.0,0.0,0.0,0.0,0.0,0.0,0.0,0.0,711.1,603.2,554.4,526.0,505.7,487.0,454.8,0.0,0.0,0.0,0.0,0.0,0.0,0.0,914.8,713.1,617.4,560.3,525.1,492.0,434.9,41.8,39.4,37.8,37.2,37.0,36.8,37.4,142.6,146.8,150.7,153.9,150.9,146.4,145.7,946.4,798.2,741.8,719.3,707.3,699.8,694.8,631.0,552.5,525.9,514.9,508.0,503.2,497.4,602.4,536.9,512.3,500.3,492.4,486.5,479.0,583.2,525.9,499.0,480.9,469.1,460.3,447.9,591.3,527.1,496.5,472.0,452.8,438.0,417.3,570.5,505.9,473.9,452.4,434.3,418.0,390.0,578.4,506.1,467.1,436.5,414.8,395.1,361.4,646.8,532.3,484.2,444.4,406.2,370.3,319.0,769.9,616.0,533.4,486.6,451.6,414.3,333.6,889.0,711.3,615.5,558.6,521.2,478.4,385.2,0.9130,1.1177,1.2509,0.7175,0.9151,1.0399,0.0,0.0000,2026,1.0320,581.4,03420004LF2,8.815,3286,18.3,36.0,20.9,0.0,100.6,657.2,536.8,479.7,836.2,655.7,577.0,586.4,531.8,1.0232,1.1282,503.8,432.3,410.0,39.1,148.3,713.9,499.7,478.2,442.6,403.6,363.6,334.4,280.3,254.3,293.6,1304.3,990.8,1301.7,44.8,139.2,1330.1,854.6,799.4,763.8,787.1,782.8,812.2,914.7,1107.2,1278.4
GRE,00954,GR1275,GRE-1275,PARALOS,ELAN 340,ELAN,R. HUMPHREYS,2006,NOEF,,,,ORC,CLUB,C,400,17 03 2026 19:34:40,9.987,9.492,2.068,3.47,5343.,116.9,0.24,644.1,0.8452,709.9,1.0418,575.9,1038.8,840.7,734.5,679.1,649.5,629.8,607.2,0.0,0.0,0.0,0.0,0.0,0.0,0.0,799.8,660.3,591.3,556.5,536.5,522.3,503.4,0.0,0.0,0.0,0.0,0.0,0.0,0.0,1033.2,789.8,663.6,593.6,556.9,527.2,481.1,43.2,40.8,39.8,38.9,38.6,38.5,38.8,143.2,147.8,149.8,152.9,158.8,163.3,165.1,1095.3,902.5,804.9,758.4,740.4,731.7,728.7,720.0,609.0,553.9,530.3,520.4,515.5,511.8,683.1,583.7,536.9,515.9,505.5,500.5,496.0,658.3,565.8,524.2,503.0,489.7,480.8,472.6,640.9,545.5,508.8,494.5,483.2,470.1,452.1,628.5,532.3,494.7,471.9,455.1,444.6,427.2,644.6,540.9,498.9,473.2,451.7,432.9,407.8,717.5,584.5,520.7,488.9,464.5,441.9,398.4,850.7,674.5,575.1,522.1,493.7,472.3,433.0,982.3,778.8,664.1,599.9,558.6,527.9,485.6,0.8219,1.0494,1.1566,0.6385,0.8527,0.9581,0.0,0.0000,2026,0.9584,626.0,03420004I3N,8.623,5947,24.7,36.0,24.3,0.0,86.0,730.0,571.8,518.8,939.7,703.6,626.2,627.4,578.3,0.9564,1.0375,596.7,491.9,468.8,40.1,160.1,744.7,513.8,496.2,469.3,442.8,414.4,390.5,354.0,392.7,448.7,1499.7,1132.1,1492.9,46.4,139.0,1567.6,997.7,926.8,881.0,882.0,867.7,897.5,1024.4,1240.0,1431.8
GRE,00595,GR1277,GRE-1277,ILIOHARI,FEELING 39 DK,KIRIE SA,BRIAND Philippe,1999,NO KALAMATAS POSEIDON,,,,ORC,CLUB,C,480,21 05 2026 21:00:53,11.634,10.073,1.986,4.04,8356.,0.0,0.56,699.9,0.7834,765.9,0.9769,614.2,1224.6,960.7,817.4,727.2,668.4,632.1,601.0,0.0,0.0,0.0,0.0,0.0,0.0,0.0,937.4,747.6,645.6,585.6,549.2,527.1,503.9,0.0,0.0,0.0,0.0,0.0,0.0,0.0,1216.7,900.0,731.5,628.0,570.5,532.5,481.1,46.0,43.9,42.4,41.6,41.0,40.4,40.3,146.9,150.1,151.8,156.3,161.9,166.8,177.2,1304.0,1041.0,905.1,820.8,766.9,737.3,726.1,833.4,680.8,601.4,552.4,524.0,508.7,499.7,780.1,645.8,574.0,531.9,507.9,494.1,483.5,750.8,623.7,554.3,516.2,494.4,480.4,463.9,751.1,610.7,536.7,500.8,483.7,476.0,455.7,728.1,592.7,522.4,487.7,467.1,451.3,430.6,755.4,609.6,531.2,491.5,468.5,450.2,418.1,850.1,666.6,566.3,511.4,481.0,460.1,423.1,991.8,762.7,632.8,553.9,508.1,480.7,443.2,1145.2,880.5,729.7,633.6,569.9,526.9,475.9,0.7122,0.9836,1.1452,0.5491,0.7874,0.9531,0.0,0.0000,2026,0.8927,672.1,03420004QQT,8.346,9089,32.3,26.3,41.5,98.0,0.0,842.5,610.0,523.9,1092.7,762.0,629.5,673.9,621.1,0.8903,0.9660,592.6,493.5,467.5,41.3,176.8,742.8,502.9,483.6,457.9,440.1,417.6,396.9,390.3,408.4,442.5,1829.4,1380.4,1818.7,47.6,144.8,1936.6,1218.2,1120.0,1063.0,1086.1,1046.7,1094.2,1256.7,1491.5,1722.3
GRE,00294,GR1279,GRE-1279,AMEDE,BRIN DE FOLIE,JEANNEAU,PH.HARLE/FINOT,1977,NAO KERKYRAS,,,,ORC,CLUB,C,400,15 04 2026 10:40:23,8.710,6.963,1.443,3.03,3224.,0.0,0.60,774.4,0.6963,861.7,0.8722,687.9,1275.9,1038.4,907.5,825.8,773.1,743.6,717.4,0.0,0.0,0.0,0.0,0.0,0.0,0.0,982.2,809.7,716.9,662.5,628.0,607.3,586.7,0.0,0.0,0.0,0.0,0.0,0.0,0.0,1268.3,973.3,812.5,710.8,652.9,613.1,556.3,44.7,43.1,42.7,41.8,41.2,41.1,42.3,145.8,147.5,147.8,150.1,155.6,160.4,174.6,1351.8,1122.9,1001.0,922.7,876.2,859.4,865.6,873.1,737.9,666.9,624.3,599.4,588.6,586.7,823.7,702.2,640.5,603.0,582.1,570.9,566.2,795.8,680.4,619.0,585.3,565.1,550.7,535.2,792.4,659.3,592.1,560.4,542.1,531.5,513.5,773.6,646.7,583.0,550.2,524.0,502.0,475.2,804.4,663.6,592.9,556.6,528.4,503.6,468.4,891.2,723.2,628.4,578.1,547.8,521.4,479.3,1039.2,826.2,705.0,631.3,586.3,558.9,514.6,1200.0,954.0,814.0,728.8,670.1,627.8,569.2,0.6697,0.8768,0.9922,0.5185,0.6996,0.8095,0.0,0.0000,2026,0.7979,752.0,03420004LDB,6.101,3776,18.5,16.8,26.4,0.0,52.2,895.9,684.3,604.7,1157.2,857.6,741.2,751.7,694.5,0.7982,0.8640,713.2,579.2,543.2,44.5,174.3,897.2,591.2,566.1,529.9,498.3,462.9,445.6,448.0,479.9,529.2,1841.3,1388.7,1833.5,48.0,141.9,1919.4,1207.8,1114.4,1058.5,1086.1,1076.0,1118.1,1274.2,1527.0,1763.3
GRE,00125,GR1281,GRE-1281,MANOULI TOO,SUN ODYSSEY 45.1,JEANNEAU,,1994,NOTK,,,,ORC,CLUB,C,800,09 03 2026 19:03:49,13.800,11.746,1.533,4.49,10002.,0.0,0.27,613.6,0.8793,682.4,1.1039,543.5,1041.0,831.8,716.9,648.4,610.6,587.7,566.7,0.0,0.0,0.0,0.0,0.0,0.0,0.0,789.4,642.0,564.3,521.0,497.1,481.6,462.8,0.0,0.0,0.0,0.0,0.0,0.0,0.0,1034.1,777.8,640.7,559.2,516.8,485.4,435.3,47.1,45.5,44.1,43.0,42.6,42.5,43.1,142.6,146.9,151.8,155.8,162.1,167.8,176.3,1110.1,902.6,793.1,734.6,711.7,701.9,705.2,699.8,579.0,519.2,489.6,475.5,469.6,467.6,644.2,544.3,495.4,470.8,457.6,451.2,447.4,611.6,522.2,478.6,455.8,441.7,431.8,422.2,621.6,524.0,471.7,446.6,433.1,423.3,402.8,617.7,507.9,458.3,432.6,413.3,396.7,372.4,633.6,518.8,464.3,436.2,415.1,395.6,360.7,707.2,567.8,493.0,454.1,430.0,409.4,369.5,841.6,659.1,555.7,491.8,455.4,432.2,393.5,971.8,761.1,640.7,562.2,509.5,473.5,428.3,0.8383,1.1121,1.2541,0.6407,0.8862,1.0246,0.0,0.0000,2026,1.0078,595.4,03420004H90,10.006,11185,39.2,48.7,54.1,134.2,122.2,715.7,539.5,478.4,936.5,677.0,585.6,597.0,546.0,1.0050,1.0989,559.1,452.1,421.1,44.6,172.3,725.1,471.4,447.8,417.3,389.8,357.1,335.5,330.3,354.9,393.1,1522.9,1133.9,1514.3,49.7,139.3,1608.7,997.1,894.7,827.0,847.9,874.3,900.8,1028.8,1244.6,1437.1
GRE,00759,GR1282,GRE-1282,ANATELOUSSA AFRODITI,FIRST 34.7,BENETEAU,FARR BRUCE,2005,NCTh,,,,ORC,INTL,C,605,14 08 2026 10:24:18,9.982,9.116,1.998,3.37,4581.,126.4,0.21,638.2,0.8545,702.2,1.0536,569.5,1037.2,838.3,729.4,670.3,639.1,619.0,595.1,0.0,0.0,0.0,0.0,0.0,0.0,0.0,797.3,657.7,587.8,549.9,527.7,512.5,490.4,0.0,0.0,0.0,0.0,0.0,0.0,0.0,1030.6,787.1,659.3,586.1,547.6,517.5,468.9,43.7,41.6,40.0,38.5,37.9,38.2,38.5,143.7,147.8,150.1,153.0,158.5,162.5,162.3,1103.3,904.6,798.8,742.3,719.4,709.2,704.7,721.0,607.4,552.2,524.7,511.7,505.9,500.9,683.6,582.5,536.5,512.6,499.2,492.0,485.8,661.4,564.7,521.9,502.3,486.4,474.9,462.6,629.1,539.0,502.2,481.8,469.2,460.9,444.0,625.7,530.2,492.0,466.6,446.2,431.1,404.4,641.4,539.2,497.3,469.7,445.1,422.8,387.4,711.0,580.8,519.8,487.9,461.7,436.3,386.7,841.0,668.6,571.7,521.0,493.0,470.8,428.2,971.1,772.1,660.1,598.4,558.7,528.8,485.4,0.8247,1.0602,1.1811,0.6398,0.8618,0.9755,0.0,0.0000,2026,0.9690,619.2,03420004WEC,8.605,5401,23.6,33.5,24.9,0.0,90.0,727.5,565.9,508.0,937.8,696.2,615.1,619.7,573.6,0.9682,1.0460,578.4,472.4,449.6,39.8,140.8,716.3,501.5,485.2,457.0,430.1,384.7,353.8,323.4,381.4,440.4,1492.0,1126.4,1483.6,46.2,139.9,1576.1,1002.3,931.3,886.3,859.5,865.2,891.9,1010.0,1219.3,1407.9
GRE,00865,GR1285,GRE-1285,MARINA,ATLANTIC 31,ATLANTIC,JACOPIN & JACOPIN,1990,IO KERKYRAS,,,,ORC,CLUB,C,400,15 04 2026 10:42:09,9.191,7.957,1.593,3.41,4035.,0.0,0.49,726.4,0.7580,791.6,0.9328,643.2,1209.7,969.4,838.4,754.9,702.1,672.7,646.2,0.0,0.0,0.0,0.0,0.0,0.0,0.0,934.2,761.8,670.9,617.8,585.6,566.0,542.2,0.0,0.0,0.0,0.0,0.0,0.0,0.0,1203.0,910.5,755.2,660.1,607.7,572.3,518.3,45.0,43.1,42.0,40.9,39.7,39.6,40.0,147.8,151.4,154.8,160.1,165.9,171.8,177.7,1277.1,1047.5,925.8,849.8,803.8,784.5,781.0,823.6,690.2,621.1,583.1,561.9,550.6,545.5,776.4,657.8,597.9,566.3,547.6,536.4,529.0,749.9,638.0,581.6,551.9,534.0,520.9,504.1,765.1,633.0,569.2,539.2,523.7,515.4,490.3,747.8,619.7,558.4,527.6,505.9,486.6,458.6,773.4,636.2,566.6,530.7,506.7,484.7,445.5,852.5,687.6,596.8,548.8,520.1,496.0,450.8,989.3,772.8,654.5,584.4,544.5,518.7,473.9,1142.4,891.3,751.0,660.1,600.5,561.0,511.5,0.7075,0.9383,1.0677,0.5507,0.7620,0.8953,0.0,0.0000,2026,0.8562,700.8,03420004LDC,7.067,4605,20.5,17.8,28.1,61.0,0.0,848.1,639.5,562.0,1089.5,787.4,670.2,701.6,649.0,0.8551,0.9245,637.9,531.2,503.3,41.9,176.1,804.9,548.7,529.1,498.2,472.1,444.0,422.3,414.7,434.9,470.9,1769.7,1337.4,1762.7,47.7,144.2,1839.4,1157.1,1067.7,1014.0,1045.7,1049.1,1092.4,1236.3,1472.3,1700.0
GRE,00333,GR1287,GRE-1287,ADRIFT,GIBSEA 312,GIB'SEA MARINE,HUMPHREYS,1990,NOD,,,,ORC,CLUB,C,320,24 03 2026 14:52:10,9.080,8.147,1.855,3.30,4513.,0.0,0.54,744.2,0.7409,809.8,0.9117,658.1,1250.2,994.9,859.5,772.4,716.6,682.2,653.1,0.0,0.0,0.0,0.0,0.0,0.0,0.0,963.2,780.8,686.4,631.7,598.5,577.1,553.0,0.0,0.0,0.0,0.0,0.0,0.0,0.0,1240.7,933.2,773.1,675.1,620.9,583.4,530.0,44.3,42.3,41.1,40.4,39.8,39.0,38.9,147.6,151.4,153.9,160.1,166.2,174.5,178.1,1345.2,1090.6,963.1,882.9,830.2,799.4,786.8,873.1,725.3,648.6,603.8,577.9,563.3,553.2,824.4,691.7,622.1,584.3,562.5,549.2,537.2,795.9,668.3,602.2,568.5,548.7,535.0,517.2,769.1,637.8,575.5,547.4,534.4,527.1,507.1,749.6,621.6,563.7,535.2,515.4,498.6,477.1,775.8,636.8,569.9,537.7,516.0,496.1,460.4,859.3,690.9,597.5,553.2,527.3,505.9,463.4,1000.5,779.6,657.5,586.2,549.5,526.0,485.4,1155.3,899.2,756.0,661.9,603.0,565.0,519.4,0.6881,0.9173,1.0464,0.5345,0.7444,0.8825,0.0,0.0000,2026,0.8371,716.7,03420004IQ7,6.934,4992,21.2,18.5,21.0,60.7,0.0,872.0,654.1,573.4,1122.5,806.0,679.9,721.8,658.9,0.8313,0.9107,643.5,541.3,515.7,40.1,176.8,804.7,555.7,537.0,509.0,489.1,463.1,441.4,429.4,445.7,482.3,1854.6,1401.5,1841.8,46.4,144.2,1983.2,1258.3,1164.3,1108.7,1088.9,1055.7,1100.6,1250.2,1494.8,1726.0
GRE,00085,GR1290,GRE-1290,GIORGIO,ELAN 40 SD FK,ELAN,HUMPHREYS,2002,NOPF,,,,ORC,CLUB,C,700,25 03 2026 12:13:28,11.913,10.696,2.064,3.84,8061.,0.0,0.34,629.6,0.8770,684.1,1.0781,556.5,1065.1,845.4,724.6,649.5,605.0,579.6,552.9,0.0,0.0,0.0,0.0,0.0,0.0,0.0,817.1,661.2,579.2,533.0,506.7,490.3,469.4,0.0,0.0,0.0,0.0,0.0,0.0,0.0,1062.0,794.4,652.7,568.5,525.6,495.9,451.2,44.5,42.3,40.8,39.3,38.2,37.6,37.4,145.3,149.6,152.1,156.5,163.5,169.6,177.7,1096.4,888.7,777.8,712.0,678.1,664.0,654.6,709.5,590.7,529.4,498.7,483.4,475.7,470.2,669.2,563.9,512.1,486.7,472.8,464.4,457.9,645.1,546.8,500.2,477.0,462.4,452.2,439.3,659.2,550.1,495.2,471.0,459.7,447.2,427.0,655.5,537.9,485.6,460.5,443.1,428.7,409.8,677.7,553.5,492.8,463.5,443.7,426.3,395.3,756.0,604.6,522.2,480.1,455.8,436.1,398.9,895.3,694.6,582.4,514.7,478.4,456.0,419.1,1033.8,802.0,671.4,587.0,531.9,495.3,451.2,0.8117,1.0860,1.2332,0.6281,0.8827,1.0417,0.0,0.0000,2026,0.9888,606.8,03420004ITL,9.747,9051,32.8,39.3,38.5,99.8,0.0,739.2,552.5,486.5,955.3,679.7,576.0,602.1,568.4,0.9965,1.0556,538.6,455.8,436.7,38.5,177.0,659.5,469.8,456.1,434.1,413.2,396.3,375.8,363.3,383.3,417.6,1567.0,1178.0,1564.7,47.1,141.9,1590.4,1003.2,926.5,877.0,905.8,930.4,965.7,1107.4,1336.9,1543.7
GRE,00404,GR130,GRE-130,LINA,TRIDENT 80,NEPTUNE,TORTAROLO,1980,IO HALKIDAS,,,,ORC,CLUB,C,393,16 04 2026 13:27:50,7.921,6.932,1.628,2.85,2587.,118.8,0.37,744.2,0.7459,804.4,0.9026,664.7,1188.8,963.4,839.5,765.8,729.0,708.2,687.6,0.0,0.0,0.0,0.0,0.0,0.0,0.0,926.9,764.7,684.3,641.2,617.5,601.6,581.1,0.0,0.0,0.0,0.0,0.0,0.0,0.0,1184.5,907.9,763.2,681.3,639.7,607.9,556.9,43.0,41.2,39.8,38.4,38.1,38.0,38.7,148.3,152.1,154.1,162.9,169.6,177.2,177.2,1231.6,1024.2,916.3,859.8,838.1,830.1,835.7,814.8,691.8,637.8,612.8,601.0,596.1,594.4,778.4,666.3,621.5,599.4,587.5,581.2,577.5,759.1,652.7,608.7,586.5,571.8,561.5,548.3,774.1,648.3,599.8,580.0,561.6,547.5,525.1,752.8,633.0,586.6,560.5,540.5,522.4,496.9,780.1,646.2,591.3,561.2,536.4,514.2,480.3,856.2,696.5,612.8,575.8,548.6,522.9,476.8,992.5,783.3,664.2,603.3,571.9,546.9,499.6,1146.0,902.6,762.8,671.8,620.0,586.3,539.4,0.7094,0.9092,1.0035,0.5576,0.7522,0.8503,0.0,0.0000,2026,0.8338,719.6,03420004LM6,6.482,3127,15.3,13.0,23.4,53.4,0.0,845.8,659.9,597.9,1076.0,797.7,705.6,720.6,668.2,0.8326,0.8979,677.1,569.6,544.4,40.0,176.3,856.9,597.6,577.7,543.6,512.2,472.2,464.7,443.6,459.6,497.2,1717.3,1306.3,1715.0,45.7,144.2,1740.3,1113.3,1042.3,1002.6,1037.8,1046.7,1087.2,1226.6,1467.3,1694.3
GRE,00452,GR1303,GRE-1303,MELIO,FIRST 42 S7,BENETEAU,B. FARR,1993,IOVATh,,,,ORC,CLUB,C,798,16 04 2026 13:52:09,12.688,11.288,1.809,4.13,9245.,105.6,0.36,622.7,0.8700,689.6,1.0880,551.5,1056.1,840.2,723.1,654.7,618.2,595.6,571.0,0.0,0.0,0.0,0.0,0.0,0.0,0.0,803.3,650.1,571.3,528.3,505.0,490.0,470.7,0.0,0.0,0.0,0.0,0.0,0.0,0.0,1050.9,786.8,647.7,565.8,524.6,494.9,448.7,46.0,44.1,42.3,41.0,40.3,39.9,40.0,142.4,146.4,148.3,150.3,154.3,159.9,175.9,1108.6,896.1,784.8,722.3,694.5,682.4,677.1,706.0,585.1,524.2,494.1,479.9,473.9,469.2,658.2,554.4,503.7,479.0,466.1,459.9,454.6,628.9,533.6,489.0,466.6,453.2,444.2,434.7,639.4,529.0,478.6,455.7,444.1,436.6,418.9,628.6,516.5,468.5,444.8,427.4,412.6,391.5,647.5,529.7,475.4,448.9,429.5,411.8,380.7,728.4,583.0,505.5,466.8,444.1,425.2,388.8,869.2,679.2,572.8,508.6,472.9,451.6,419.3,1003.6,784.3,661.5,587.1,541.9,508.8,464.9,0.8257,1.0970,1.2333,0.6328,0.8774,1.0135,0.0,0.0000,2026,0.9945,603.3,03420004LN5,9.917,10379,35.9,43.8,45.2,0.0,108.1,726.7,546.9,486.5,948.2,683.8,592.0,599.7,560.3,1.0005,1.0708,560.0,459.2,435.3,40.9,176.3,686.3,469.2,453.0,429.4,408.0,376.7,358.6,354.5,388.0,433.7,1551.3,1159.0,1545.0,48.4,139.0,1614.5,1007.2,917.7,857.8,881.6,891.8,922.8,1063.6,1288.7,1488.1
GRE,00232,GR1308,GRE-1308,NIRITIS,FIRST CLASS 8,BENETEAU,FINOT,1982,IOAThA,,,,ORC,CLUB,S,290,03 06 2026 19:04:26,7.785,7.018,1.831,2.50,1462.,0.0,0.02,690.8,0.7936,756.1,0.9668,620.6,1087.4,881.3,781.4,727.4,696.2,675.5,646.5,0.0,0.0,0.0,0.0,0.0,0.0,0.0,840.3,702.4,638.3,603.7,581.5,564.3,536.3,0.0,0.0,0.0,0.0,0.0,0.0,0.0,1090.8,833.7,711.6,642.9,603.1,568.4,510.0,41.3,39.0,37.2,36.8,36.9,37.4,38.3,146.2,151.4,156.3,164.2,172.7,177.2,168.5,1053.3,886.9,825.3,807.0,799.7,795.6,799.9,708.9,620.2,589.5,579.8,574.6,570.5,567.5,681.1,604.9,575.1,564.2,558.0,552.8,547.8,664.6,595.0,562.1,542.6,532.9,525.0,515.2,676.8,597.5,560.7,533.6,513.6,500.7,483.4,698.2,596.3,551.6,518.1,493.1,476.4,449.2,726.6,611.7,560.3,523.1,490.1,458.2,413.2,816.3,665.9,589.3,547.7,511.6,475.5,395.8,971.3,759.0,643.7,581.3,543.5,509.9,437.6,1121.5,875.6,737.4,647.7,592.6,555.4,493.2,0.7779,0.9710,1.0750,0.6095,0.7996,0.8958,0.0,0.0000,2026,0.8929,672.0,03420004S18,6.933,1879,13.6,21.3,18.4,37.5,0.0,771.3,617.9,558.1,984.4,750.4,669.8,669.3,629.4,0.8965,0.9532,614.0,511.9,486.1,40.1,142.3,819.5,569.4,547.2,512.0,473.5,431.3,385.6,317.5,353.9,408.6,1555.5,1171.3,1564.6,44.9,137.2,1464.3,946.5,891.1,858.4,884.5,962.9,1009.6,1171.9,1426.1,1646.7
GRE,00713,GR300,GRE-13087,MARACES EXPRESS,ILC 25,POZZOLO,CECCARELLI,1997,NAO KERKYRAS,,,,ORC,INTL,S,400,15 04 2026 13:24:42,7.750,6.835,1.624,2.50,1235.,98.6,0.00,657.3,0.8273,725.3,1.0067,596.0,990.4,820.4,745.9,705.0,679.7,659.2,623.5,0.0,0.0,0.0,0.0,0.0,0.0,0.0,770.6,660.9,613.0,584.8,564.3,546.5,516.7,0.0,0.0,0.0,0.0,0.0,0.0,0.0,990.4,777.2,680.8,622.5,584.8,551.0,492.4,41.3,38.5,37.6,37.6,37.9,38.0,39.5,144.9,150.5,157.2,165.7,170.0,167.3,144.8,989.8,850.8,813.7,800.5,795.0,791.7,805.4,665.4,599.4,580.8,572.5,567.3,563.5,562.8,640.3,584.5,564.9,555.5,549.0,544.3,540.6,625.8,573.8,546.3,531.7,521.8,514.0,505.3,634.7,574.7,540.9,515.1,497.6,484.7,467.0,638.2,564.6,527.6,504.2,485.5,468.2,429.7,655.6,573.8,528.5,491.5,462.4,440.8,403.8,726.6,607.7,554.5,511.2,467.4,424.4,348.0,858.2,684.3,596.2,548.9,508.7,468.4,382.4,990.9,789.9,678.1,609.4,564.3,526.6,441.6,0.8383,1.0077,1.1116,0.6627,0.8311,0.9218,0.0,0.0000,2026,0.9327,643.3,03420004LF1,6.897,1769,12.4,24.8,16.8,51.2,0.0,715.7,595.4,539.8,905.4,721.9,650.9,648.1,591.6,0.9257,1.0142,584.3,494.4,466.8,42.6,148.5,848.4,572.1,546.4,502.8,455.5,403.7,377.9,300.5,277.4,320.3,1386.6,1049.7,1389.7,44.5,140.1,1355.9,875.1,821.5,786.6,805.5,858.1,891.4,1017.6,1227.5,1417.4
GRE,02190,GR1309,GRE-1309,SEL DE MER,FIRST CLASS 8,BENETEAU,FINOT,1982,NO RAFINAS ALKYON,,,,ORC,CLUB,S,400,07 05 2026 09:01:16,7.785,7.106,1.838,2.50,1535.,88.5,0.00,689.5,0.8007,749.3,0.9718,617.4,1098.3,887.6,776.9,717.2,684.9,664.2,634.0,0.0,0.0,0.0,0.0,0.0,0.0,0.0,848.5,706.7,636.3,599.0,575.7,558.0,528.4,0.0,0.0,0.0,0.0,0.0,0.0,0.0,1101.2,839.3,708.4,636.5,596.9,562.6,504.0,41.8,39.1,37.0,36.1,36.3,36.3,36.7,146.7,151.4,154.1,162.8,173.6,177.2,170.3,1070.1,894.8,812.5,786.6,776.6,771.1,769.8,717.6,624.7,586.5,572.4,566.0,561.8,557.0,689.5,609.0,574.9,558.1,550.8,545.3,538.3,675.1,599.5,565.6,542.2,527.8,519.8,507.9,688.9,600.3,560.2,538.5,516.0,499.0,478.5,699.6,597.0,552.5,519.5,493.0,474.4,445.6,727.1,612.3,561.5,524.8,491.8,459.7,410.0,818.4,669.6,587.9,547.9,513.2,478.7,399.4,975.6,763.3,645.0,580.3,544.1,512.0,444.0,1126.5,880.4,741.4,647.8,593.1,557.3,498.3,0.7716,0.9763,1.0883,0.6042,0.8073,0.9118,0.0,0.0000,2026,0.8972,668.7,03420004OU2,7.157,2075,14.1,20.9,19.1,43.2,0.0,777.6,614.6,551.3,993.0,743.2,658.0,664.7,630.0,0.9027,0.9524,600.5,501.2,477.8,38.2,142.1,783.0,556.7,536.3,502.7,465.9,419.5,376.9,318.2,362.0,418.1,1567.9,1181.7,1575.7,44.7,135.6,1489.3,962.9,907.1,874.8,902.1,965.0,1008.2,1165.4,1425.9,1646.5
GRE,00625,GR1318,GRE-1318,IRIS,SUNRISE 35,JEANNEAU,JACQUES FAUROUX,1986,IO PATRON,,,,ORC,CLUB,C,450,22 04 2026 11:30:07,10.045,8.790,1.813,3.50,4922.,0.0,0.29,675.8,0.8190,732.6,0.9993,600.4,1113.2,891.2,769.7,695.8,656.0,633.8,611.0,0.0,0.0,0.0,0.0,0.0,0.0,0.0,859.1,701.7,621.2,576.9,552.4,536.6,516.8,0.0,0.0,0.0,0.0,0.0,0.0,0.0,1108.8,838.4,696.4,614.2,572.7,542.4,495.4,44.2,42.0,40.6,39.2,38.4,38.1,38.3,146.6,150.5,152.3,159.4,166.2,173.2,177.2,1156.7,947.5,837.9,775.9,748.4,738.0,736.7,752.0,633.4,574.8,546.3,532.2,526.2,523.9,712.2,607.0,557.9,533.6,520.3,513.0,509.2,690.4,590.6,545.9,522.8,507.9,497.1,485.5,705.8,592.1,539.7,518.2,504.5,490.6,468.5,689.6,573.9,526.2,501.2,482.6,467.9,449.6,712.0,585.9,530.8,502.5,480.1,460.3,429.5,787.8,633.8,553.4,516.3,491.3,468.5,425.9,926.3,723.3,608.8,545.5,513.7,490.7,447.9,1069.6,834.8,701.6,615.7,563.6,529.7,485.2,0.7688,1.0068,1.1254,0.5987,0.8255,0.9512,0.0,0.0000,2026,0.9198,652.3,03420004MD9,8.098,5578,24.3,24.3,33.8,85.0,0.0,780.4,595.9,533.1,1002.2,726.8,630.8,651.5,606.5,0.9209,0.9892,601.5,506.4,483.0,39.6,174.9,756.3,526.9,509.7,482.3,455.3,438.4,413.6,390.3,408.1,446.8,1624.9,1228.0,1621.3,47.0,143.1,1660.9,1051.4,974.9,929.6,961.9,973.2,1007.2,1143.4,1375.9,1588.8
GRE,01219,I13263,GRE-13263,U CAPTAIN,FIRST 40.7,BENETEAU,FARR,1997,IOBA,,,,ORC,INTL,C,250,26 06 2026 11:50:42,11.924,10.511,2.416,3.77,7074.,122.5,0.15,599.3,0.9065,661.9,1.1187,536.3,959.1,777.6,682.6,635.1,608.7,590.4,566.6,0.0,0.0,0.0,0.0,0.0,0.0,0.0,742.2,612.9,549.9,519.1,500.7,487.1,467.3,0.0,0.0,0.0,0.0,0.0,0.0,0.0,956.5,732.2,617.2,553.9,519.5,491.4,446.4,42.3,40.5,39.3,38.5,38.2,38.1,38.4,142.7,146.9,149.6,152.1,156.1,160.8,161.0,985.4,815.7,736.6,705.4,691.2,684.1,680.3,652.9,553.9,510.3,493.3,486.0,482.0,478.2,622.2,533.8,495.0,478.5,471.7,467.8,463.5,602.1,520.8,484.1,465.5,454.6,448.6,441.3,613.1,518.0,478.2,461.0,446.4,434.7,419.8,599.3,503.3,463.6,441.2,427.8,413.4,392.6,612.7,510.6,466.9,440.8,419.2,401.8,373.7,679.7,552.0,488.8,456.3,431.2,407.8,361.8,807.8,640.4,544.4,490.6,461.2,438.9,397.5,932.8,739.5,628.6,564.8,526.2,496.7,453.0,0.8856,1.1266,1.2421,0.6910,0.9143,1.0238,0.0,0.0000,2026,1.0294,582.9,03420004U7T,9.736,7556,30.7,46.4,39.9,0.0,118.9,677.5,532.6,483.1,868.3,656.2,586.1,582.0,541.0,1.0309,1.1091,552.1,454.6,431.7,39.7,144.0,696.6,482.9,465.1,438.3,411.9,382.7,349.2,315.0,353.0,407.7,1374.3,1040.9,1372.5,45.6,139.3,1392.4,890.8,831.3,792.1,815.4,829.7,856.5,970.7,1174.5,1356.2
GRE,00909,GR1327,GRE-1327,KORONI II,SUN ODYSSEY 33.1,JEANNEAU,,1993,NOLE,,,,ORC,CLUB,C,490,23 03 2026 12:51:51,9.970,8.510,1.910,3.53,4929.,0.0,0.50,707.4,0.7766,772.6,0.9588,625.8,1190.2,950.1,819.5,736.3,683.5,653.0,626.9,0.0,0.0,0.0,0.0,0.0,0.0,0.0,914.0,742.2,652.8,600.8,569.0,549.2,526.9,0.0,0.0,0.0,0.0,0.0,0.0,0.0,1184.4,891.3,736.7,642.3,590.4,555.0,504.7,44.4,42.4,41.1,40.1,39.0,38.4,39.1,144.9,150.9,154.3,159.4,165.3,171.6,178.1,1248.0,1016.8,897.0,822.2,777.1,756.0,751.2,811.0,676.0,606.5,568.5,547.2,535.6,529.3,767.0,645.0,584.2,552.5,533.8,522.6,514.1,741.5,625.3,568.2,539.0,521.4,508.6,491.9,730.8,603.6,545.1,517.2,500.3,489.7,476.6,718.4,593.6,537.9,509.9,488.9,469.6,438.2,744.0,611.5,547.5,515.7,493.1,472.0,434.2,832.0,669.1,580.7,535.6,509.3,488.0,446.5,980.7,765.6,646.0,574.1,534.2,509.6,469.2,1132.4,883.3,742.0,650.4,589.8,550.1,502.6,0.7246,0.9646,1.0993,0.5607,0.7806,0.9219,0.0,0.0000,2026,0.8788,682.7,03420004IMQ,7.554,5612,23.3,21.3,27.6,63.6,62.5,828.0,622.0,545.8,1070.1,768.6,650.8,681.4,633.8,0.8805,0.9467,617.9,515.7,489.6,39.8,177.2,769.9,531.5,513.5,485.4,462.8,423.9,407.7,412.8,431.5,465.9,1749.5,1318.9,1742.8,46.7,141.1,1815.7,1149.5,1066.5,1015.7,1030.9,1011.1,1052.0,1211.7,1457.7,1683.2
GRE,00464,GR1339,GRE-1339,SARAVA,ALPA 34,ALPA,S & S,1970,SEANATK,,,,ORC,CLUB,C,350,26 06 2026 11:58:47,10.060,8.127,1.827,3.15,5154.,0.0,0.57,716.4,0.7556,794.0,0.9393,638.8,1163.5,940.7,824.7,760.6,724.2,700.3,676.1,0.0,0.0,0.0,0.0,0.0,0.0,0.0,898.8,739.0,658.1,615.6,591.6,575.2,556.7,0.0,0.0,0.0,0.0,0.0,0.0,0.0,1159.4,884.5,742.2,658.9,614.9,580.8,528.1,43.6,41.3,40.4,40.4,40.4,40.4,40.8,145.3,147.7,148.3,151.1,156.2,161.2,176.4,1204.4,994.8,892.8,843.9,823.8,814.5,819.6,789.9,670.1,609.1,579.5,565.5,560.2,559.0,751.2,642.7,588.7,561.5,547.9,542.4,539.2,727.9,623.5,572.5,546.3,531.3,521.7,513.6,734.3,613.7,558.2,533.0,522.4,511.3,491.2,719.5,599.7,546.6,519.3,498.2,480.2,460.0,743.7,615.2,553.8,523.4,500.0,477.7,445.8,827.5,670.9,585.1,541.0,514.9,491.6,450.1,972.2,767.8,655.3,587.1,547.6,523.6,483.8,1122.6,886.6,756.7,677.3,624.6,586.1,532.5,0.7327,0.9463,1.0483,0.5703,0.7615,0.8606,0.0,0.0000,2026,0.8624,695.8,03420004U7V,7.194,5680,23.3,24.9,34.1,0.0,70.2,818.9,634.0,572.4,1052.1,787.9,697.2,694.0,645.8,0.8645,0.9290,669.9,549.3,517.6,42.3,175.9,843.2,565.8,541.0,510.1,479.9,447.2,430.0,422.2,448.6,496.5,1686.9,1274.1,1683.8,46.3,140.8,1717.4,1091.7,1013.9,968.9,1000.6,999.5,1038.3,1191.8,1434.5,1656.4
GRE,00144,GR1340,GRE-1340,FILIRA,Grand Soleil 37,Del Pardo,J&J,1997,SEANATK,,,,ORC,CLUB,C,480,29 04 2026 10:16:35,11.330,9.539,2.009,3.78,6473.,0.0,0.24,638.4,0.8630,695.3,1.0534,569.6,1034.1,833.8,725.8,664.0,629.2,607.9,584.2,0.0,0.0,0.0,0.0,0.0,0.0,0.0,798.1,658.3,587.5,549.4,527.8,513.1,493.2,0.0,0.0,0.0,0.0,0.0,0.0,0.0,1032.6,785.6,657.9,585.1,547.4,518.7,472.0,43.7,41.3,39.9,38.9,38.3,38.2,38.2,145.7,150.1,153.4,159.3,166.2,173.2,177.7,1048.8,869.0,777.6,733.3,715.9,707.4,703.6,687.3,586.2,538.6,517.1,507.3,502.7,498.4,653.2,564.3,524.3,505.0,494.8,490.0,484.4,631.7,550.1,513.7,494.2,481.7,472.8,462.6,642.4,553.6,513.1,491.2,475.9,463.1,443.7,656.5,548.6,503.0,478.9,460.6,445.3,426.4,677.6,561.5,508.7,481.2,460.1,441.0,409.3,752.7,607.9,532.9,495.7,471.9,450.5,410.0,882.8,691.7,586.1,525.9,493.5,471.2,430.5,1019.4,798.6,674.0,594.6,542.6,508.3,464.9,0.8240,1.0605,1.1781,0.6424,0.8695,0.9928,0.0,0.0000,2026,0.9699,618.6,03420004NK3,8.916,7188,28.0,36.9,39.7,91.5,0.0,728.2,565.8,509.3,934.0,690.1,604.4,614.7,578.1,0.9760,1.0378,571.1,481.3,459.2,39.2,176.3,714.4,498.9,483.6,456.9,431.5,415.0,393.8,377.4,393.3,427.8,1494.3,1125.2,1495.6,46.4,140.3,1480.9,938.7,870.3,827.0,852.1,916.0,949.7,1087.1,1305.7,1507.6
GRE,00605,GR1348,GRE-1348,PECHLIVANIS,BAVARIA 31,BAVARIA,J & J,2007,NOTK,,,,ORC,CLUB,C,450,24 03 2026 16:06:01,9.450,8.612,1.770,3.02,4700.,0.0,0.43,708.2,0.7713,777.9,0.9567,627.1,1190.9,953.3,826.6,741.7,688.5,658.6,633.7,0.0,0.0,0.0,0.0,0.0,0.0,0.0,910.4,741.5,654.6,602.2,570.7,551.9,530.7,0.0,0.0,0.0,0.0,0.0,0.0,0.0,1183.0,892.8,740.9,644.6,592.4,557.3,506.0,44.8,42.6,41.3,40.4,39.6,39.2,39.5,144.7,147.6,151.4,158.4,170.8,177.2,179.0,1269.9,1033.0,910.6,833.4,789.4,771.7,769.4,820.6,684.1,612.8,572.0,550.2,539.5,534.9,772.9,651.3,588.4,554.6,535.3,524.5,517.8,744.4,628.5,570.2,540.2,521.6,508.6,493.7,711.8,594.3,540.7,514.7,500.0,491.8,478.8,702.7,584.6,533.4,506.0,484.8,466.1,439.5,727.4,601.0,542.0,511.5,488.6,467.3,429.2,814.6,657.9,573.7,531.3,505.2,483.1,440.4,962.9,756.6,643.7,571.5,532.9,508.2,467.3,1111.8,873.7,742.6,650.0,587.5,545.5,498.0,0.7265,0.9624,1.0936,0.5596,0.7749,0.9136,0.0,0.0000,2026,0.8761,684.8,03420004IR5,7.517,5331,23.1,26.6,21.5,0.0,61.4,825.9,623.4,548.6,1072.2,774.3,656.7,685.8,631.3,0.8749,0.9504,624.3,519.2,490.7,40.8,178.4,788.8,537.4,517.4,488.8,463.6,424.9,404.1,403.7,427.7,459.8,1749.9,1312.5,1739.5,47.1,139.9,1853.7,1169.0,1078.5,1022.2,995.3,983.3,1022.4,1180.2,1425.6,1646.1
GRE,00604,GR1353,GRE-1353,AFROESSA,SUN FAST 3200,JEANNEAU,D. ANDRIEU,2007,NAOB,,,,ORC,CLUB,C,500,23 03 2026 17:47:35,9.790,9.145,1.915,3.44,3632.,116.6,0.18,629.4,0.8685,690.8,1.0741,558.6,1046.0,835.9,723.1,657.5,622.2,600.2,572.3,0.0,0.0,0.0,0.0,0.0,0.0,0.0,802.1,654.6,580.5,538.3,512.9,494.9,467.7,0.0,0.0,0.0,0.0,0.0,0.0,0.0,1042.1,785.4,652.7,574.7,532.9,499.5,442.3,44.0,41.9,40.1,38.5,38.6,38.6,39.1,143.3,147.3,149.5,158.8,165.5,170.0,169.1,1084.8,882.0,776.7,725.8,707.7,698.8,697.0,705.8,591.3,536.8,511.2,499.8,494.5,489.9,667.4,567.6,521.8,498.0,484.3,477.7,470.5,644.5,552.6,511.0,486.2,466.7,452.8,439.5,637.3,538.1,495.5,468.5,449.0,437.6,414.5,638.9,532.2,486.5,453.8,426.2,403.7,370.5,657.2,544.0,494.0,460.0,429.9,400.3,348.6,734.5,591.7,521.0,483.4,452.1,422.8,359.4,872.3,684.0,579.8,520.3,485.1,455.9,401.3,1007.2,789.9,669.5,589.1,536.8,501.6,447.5,0.8238,1.0797,1.2265,0.6376,0.8754,1.0080,0.0,0.0000,2026,0.9859,608.6,03420004IO3,8.805,4333,23.4,31.5,27.2,77.8,75.4,728.3,555.7,489.2,941.0,685.4,595.2,607.7,566.6,0.9873,1.0590,553.7,446.9,420.6,40.8,158.2,714.0,494.1,471.5,434.1,399.2,344.5,311.3,283.9,343.2,393.3,1521.2,1146.7,1517.2,46.5,139.5,1560.5,989.8,918.0,872.4,885.1,899.1,929.2,1061.8,1283.3,1481.9
GRE,00263,GR1356,GRE-1356,TRITON,SUN ODYSSEY 40 SD,JEANNEAU,ANDRIEU,1998,NOE,,,,ORC,CLUB,C,500,17 04 2026 10:09:57,11.710,10.508,1.510,3.94,7550.,0.0,0.33,654.1,0.8227,729.3,1.0373,578.4,1119.1,889.8,765.4,691.8,651.8,629.5,609.4,0.0,0.0,0.0,0.0,0.0,0.0,0.0,848.2,685.4,600.8,553.7,527.3,511.2,493.1,0.0,0.0,0.0,0.0,0.0,0.0,0.0,1109.4,830.7,682.9,594.5,548.0,515.2,464.6,47.1,45.3,43.9,42.9,42.3,42.3,43.0,143.3,146.9,148.0,150.5,154.5,159.7,164.2,1216.3,980.6,858.6,786.5,750.7,739.1,742.9,766.9,631.7,562.3,523.9,504.3,496.0,494.9,710.0,594.5,535.2,503.5,486.4,477.5,474.0,675.4,569.7,515.8,487.7,470.8,459.4,447.0,664.4,549.0,494.5,469.6,457.6,449.4,430.4,643.9,530.7,481.1,455.3,435.5,419.2,397.7,661.8,541.8,487.1,459.0,437.1,417.2,382.9,744.9,593.7,515.0,476.5,452.2,430.9,390.6,885.1,691.9,582.1,517.4,482.5,460.5,424.6,1022.0,799.0,672.1,597.2,552.8,519.9,475.9,0.7825,1.0457,1.1801,0.5973,0.8301,0.9561,0.0,0.0000,2026,0.9468,633.7,03420004LRH,8.859,8308,32.4,36.8,35.2,0.0,105.5,766.8,573.8,508.4,1004.5,722.8,627.5,637.2,579.0,0.9416,1.0364,609.5,486.7,453.3,45.1,161.7,776.6,502.1,475.9,444.5,416.6,383.0,360.2,350.4,390.0,442.5,1649.6,1232.1,1636.1,49.3,139.8,1785.2,1107.9,1000.1,934.3,943.8,917.2,946.4,1085.3,1311.2,1514.1
GRE,00047,GR1359,GRE-1359,KRONOS,ATTALIA 32,JEANNEAU,JOUBERT & NIVELT,1982,IO KERKYRAS,,,,ORC,CLUB,C,400,25 05 2026 12:45:15,9.200,8.024,1.762,3.17,4484.,0.0,0.54,746.2,0.7303,821.6,0.9101,659.3,1262.9,1003.4,865.6,781.8,732.3,703.6,672.8,0.0,0.0,0.0,0.0,0.0,0.0,0.0,970.9,783.3,685.7,631.1,599.7,580.5,558.9,0.0,0.0,0.0,0.0,0.0,0.0,0.0,1258.8,942.3,776.5,675.8,622.9,586.7,533.9,44.6,42.7,41.3,40.4,39.6,39.2,39.4,145.0,146.7,147.5,149.6,154.9,159.9,175.0,1304.1,1056.9,928.4,851.9,812.2,797.5,797.5,844.0,701.7,627.2,587.7,568.1,559.6,556.7,797.5,670.0,604.6,571.4,553.9,544.6,540.1,772.9,649.8,588.1,557.7,540.0,528.0,515.3,789.5,644.2,573.9,542.0,524.3,513.8,498.7,774.6,633.1,566.2,534.3,512.1,492.7,461.8,804.2,653.7,577.1,540.3,516.3,494.9,457.0,900.2,715.8,615.0,562.0,532.8,510.4,469.1,1058.0,822.7,695.3,616.4,569.6,542.0,503.8,1221.7,949.9,802.9,711.8,652.5,609.7,548.0,0.6841,0.9173,1.0395,0.5295,0.7354,0.8581,0.0,0.0000,2026,0.8332,720.1,03420004R3R,7.085,5060,22.3,19.7,31.9,0.0,54.2,877.1,654.1,577.2,1133.1,815.9,699.2,713.6,674.2,0.8409,0.8899,663.9,548.2,519.3,40.4,175.3,815.3,559.2,539.6,511.0,484.9,447.1,430.8,435.3,468.9,512.5,1866.5,1409.8,1862.6,47.0,142.8,1905.2,1204.1,1116.6,1068.3,1105.9,1103.8,1154.1,1326.2,1583.0,1827.8
GRE,00668,GR1365,GRE-1365,JEANNE BONNE,DROMOR 26,DROMOR,CARTER,1993,SIP-OTE,,,,ORC,CLUB,C,350,02 04 2026 07:55:32,7.890,6.799,1.578,2.98,3159.,0.0,0.64,791.3,0.6975,860.3,0.8540,702.6,1301.0,1043.3,903.5,817.5,771.6,745.7,720.8,0.0,0.0,0.0,0.0,0.0,0.0,0.0,1008.9,822.7,726.5,674.2,646.2,628.2,605.7,0.0,0.0,0.0,0.0,0.0,0.0,0.0,1294.3,980.8,815.9,719.4,670.5,634.5,577.4,44.3,42.4,41.2,40.5,40.4,40.2,40.7,148.9,152.8,155.9,162.3,168.7,177.7,178.3,1367.9,1124.6,998.5,928.0,897.5,885.2,884.0,889.5,748.1,676.1,640.5,623.2,615.8,611.1,843.2,714.9,652.8,622.6,606.6,598.3,592.0,817.8,692.9,634.5,606.2,589.4,577.7,564.4,826.3,683.8,620.6,593.5,580.0,566.8,542.5,811.0,671.5,609.9,579.8,557.5,538.0,513.3,838.5,688.5,616.7,582.9,558.0,534.9,498.4,931.4,746.6,645.9,599.4,571.1,545.9,500.9,1068.8,835.7,705.5,631.5,593.9,568.3,521.8,1234.1,962.1,808.4,707.0,645.7,606.2,557.7,0.6552,0.8608,0.9612,0.5119,0.7030,0.8077,0.0,0.0000,2026,0.7858,763.5,03420004K46,5.989,3651,16.6,17.9,22.3,47.3,0.0,915.8,697.0,624.2,1172.1,853.5,742.9,766.6,705.1,0.7827,0.8509,710.9,595.5,564.2,42.0,178.1,905.9,614.0,591.5,557.9,526.8,500.2,481.2,470.4,484.8,516.0,1906.0,1446.6,1899.4,47.1,145.8,1972.1,1247.3,1158.9,1108.7,1142.3,1134.7,1184.6,1356.1,1593.3,1839.8
GRE,00629,GR1370,GRE-1370,ATHINA,CAPE NORTH 43,CAPE YACHTS,BREWER,1977,NAOB,,,,ORC,CLUB,C,450,23 03 2026 17:35:45,12.884,10.432,1.961,3.82,14089.,0.0,0.66,679.7,0.8017,748.4,0.9982,601.1,1145.8,917.6,794.3,714.7,663.8,632.5,601.5,0.0,0.0,0.0,0.0,0.0,0.0,0.0,877.4,716.4,628.8,576.5,545.2,526.1,503.7,0.0,0.0,0.0,0.0,0.0,0.0,0.0,1135.2,859.0,711.3,618.5,566.2,530.7,479.9,46.0,44.1,42.7,42.3,42.1,42.1,41.9,147.3,151.4,152.9,157.6,163.3,169.1,178.1,1251.5,1020.3,901.1,827.6,781.3,756.5,738.1,797.8,666.9,597.4,552.9,527.0,512.8,501.7,746.3,633.2,569.7,531.0,508.7,496.3,484.6,715.0,610.0,548.4,512.6,492.3,480.3,465.7,699.8,582.8,519.6,489.6,474.4,466.6,454.8,678.4,563.8,504.6,476.4,459.5,445.6,422.2,695.2,576.2,511.9,479.7,460.7,444.9,415.5,765.6,623.1,539.9,494.5,470.1,452.4,419.7,900.7,706.6,597.1,529.1,490.9,468.9,435.7,1040.1,814.9,687.6,601.8,546.3,508.5,464.9,0.7529,1.0037,1.1483,0.5816,0.8049,0.9544,0.0,0.0000,2026,0.9137,656.7,03420004IO2,8.471,14804,38.6,34.7,42.6,132.2,113.3,796.9,597.8,522.5,1031.6,745.4,628.7,664.6,597.8,0.9028,1.0037,587.1,490.9,465.4,42.6,177.7,739.4,498.8,480.3,456.9,440.4,410.5,396.7,395.3,406.1,434.7,1679.0,1260.3,1664.5,48.6,138.5,1823.4,1136.6,1031.8,970.3,978.0,946.3,974.0,1104.6,1329.0,1534.6
GRE,00024,GR1372,GRE-1372,HARIS,DISCOVERY 3000 XT,DROMOR,ED DUBOIS,1985,NAOEFK,,,,ORC,CLUB,C,505,23 03 2026 19:10:06,10.112,8.351,1.714,3.24,5204.,0.0,0.59,761.4,0.7103,844.8,0.8951,670.3,1314.2,1040.9,896.5,806.1,746.4,708.9,673.7,0.0,0.0,0.0,0.0,0.0,0.0,0.0,1004.5,807.0,702.9,641.5,603.5,579.2,554.2,0.0,0.0,0.0,0.0,0.0,0.0,0.0,1305.1,974.0,799.6,689.9,627.4,584.5,527.8,45.9,44.2,42.8,42.0,41.2,40.7,40.5,144.9,146.7,147.3,148.9,153.7,158.1,175.3,1406.0,1130.6,988.6,900.1,841.7,811.5,801.5,899.3,736.8,653.9,603.6,574.2,558.1,550.4,842.7,698.8,623.6,580.6,555.3,541.1,532.1,811.3,675.4,601.2,561.4,538.3,524.0,507.7,794.1,646.9,572.0,535.3,516.6,505.5,492.0,777.0,635.2,562.6,526.5,503.8,484.5,452.8,806.4,655.5,575.0,533.0,508.0,486.7,448.3,901.5,717.2,615.2,557.5,525.0,502.4,460.8,1058.7,823.8,696.6,616.6,566.2,535.0,496.0,1222.5,951.2,804.4,712.0,651.1,606.3,545.9,0.6624,0.9005,1.0419,0.5095,0.7136,0.8510,0.0,0.0000,2026,0.8168,734.6,03420004IOF,6.928,5900,23.1,21.0,28.6,0.0,59.3,905.8,666.3,575.9,1177.6,840.8,705.1,734.0,678.8,0.8174,0.8840,664.4,543.6,513.1,41.8,176.2,820.5,552.7,531.2,502.0,476.8,438.1,423.9,428.7,460.7,508.2,1953.8,1470.8,1941.3,47.6,142.8,2078.4,1307.0,1201.3,1140.3,1138.9,1108.3,1157.6,1328.1,1584.0,1829.1
GRE,00061,GR1374,GRE-1374,DRAGON,ATTALIA 32,JEANNEAU,JOUBERT/NIVELT,1982,NO CHIOU,,,,ORC,CLUB,C,500,21 05 2026 21:07:35,9.200,7.905,1.725,3.17,3948.,0.0,0.39,723.7,0.7636,785.7,0.9370,640.3,1212.8,963.8,827.9,744.7,698.9,674.1,650.5,0.0,0.0,0.0,0.0,0.0,0.0,0.0,936.4,757.0,664.2,612.9,585.0,567.7,547.0,0.0,0.0,0.0,0.0,0.0,0.0,0.0,1206.9,905.6,746.7,653.8,606.9,573.6,522.3,44.6,42.8,41.3,40.1,39.3,39.0,39.2,147.6,150.9,153.7,159.9,165.9,173.6,177.2,1271.5,1032.4,905.9,833.5,801.3,790.3,791.4,822.6,683.3,613.2,578.3,562.0,555.7,553.6,776.3,652.0,592.4,563.0,547.8,540.4,536.7,751.2,632.5,577.5,550.3,533.6,522.2,511.5,767.3,630.5,568.9,542.9,529.6,514.4,491.2,749.4,615.9,556.8,527.7,506.5,489.6,469.3,776.3,632.6,563.8,530.2,505.9,484.2,450.1,860.2,686.8,592.6,547.1,519.3,494.6,450.0,999.5,776.0,652.0,580.5,542.9,517.6,472.4,1154.1,895.3,749.8,655.9,596.5,558.0,509.7,0.7086,0.9449,1.0634,0.5513,0.7700,0.8936,0.0,0.0000,2026,0.8612,696.7,03420004QQV,7.162,4633,21.5,21.6,29.9,67.9,0.0,846.7,635.0,564.2,1088.3,779.2,671.4,697.0,646.8,0.8608,0.9277,642.8,538.1,510.6,40.8,176.3,816.5,557.2,537.7,507.4,478.4,458.1,434.2,416.0,433.5,469.1,1785.1,1352.0,1778.8,47.1,144.8,1847.6,1167.1,1080.8,1030.7,1065.7,1061.5,1107.4,1254.4,1491.7,1722.5
GRE,00042,GR1381,GRE-1381,ILEKTRA,FIRST 29,BENETEAU,FINOT,1984,NO SAMOU,,,,ORC,CLUB,C,450,12 08 2026 11:27:59,8.661,7.433,1.620,3.01,3180.,0.0,0.44,775.8,0.6986,858.8,0.8769,684.3,1327.9,1054.9,909.6,819.7,760.2,724.0,692.6,0.0,0.0,0.0,0.0,0.0,0.0,0.0,1016.4,818.1,715.2,656.4,618.6,594.4,570.0,0.0,0.0,0.0,0.0,0.0,0.0,0.0,1319.3,987.3,812.5,704.6,643.0,600.2,542.7,45.4,44.1,42.9,41.9,40.6,39.7,40.1,145.1,146.7,147.6,150.1,155.7,160.3,176.2,1413.9,1142.2,1001.4,913.6,855.1,826.0,824.2,908.0,745.2,662.6,616.2,589.5,574.7,568.2,852.7,706.9,633.3,595.1,572.7,559.1,549.7,820.3,683.1,612.3,577.6,557.1,541.9,521.9,805.6,655.6,585.4,552.5,532.0,517.4,502.0,790.1,646.3,578.7,545.5,520.5,498.2,463.5,820.6,666.9,590.2,552.5,525.9,501.7,460.6,916.9,729.6,627.5,574.5,544.3,519.8,474.8,1075.4,837.9,708.3,628.7,581.9,553.8,511.9,1241.8,967.5,817.9,725.8,665.4,621.9,560.9,0.6542,0.8823,1.0147,0.5036,0.7022,0.8319,0.0,0.0000,2026,0.8009,749.2,03420004WBI,6.388,3792,18.2,17.3,23.5,0.0,47.0,917.2,680.0,591.3,1191.4,854.5,721.2,747.3,693.2,0.8029,0.8655,691.2,562.3,528.8,42.0,176.3,860.0,575.0,551.5,516.3,488.0,445.0,430.7,438.2,474.1,522.5,1967.7,1482.9,1956.4,47.4,142.8,2080.9,1311.2,1208.1,1147.5,1152.0,1123.9,1175.0,1347.1,1606.0,1854.5
GRE,00154,GR1385,GRE-1385,ESPEROS,Greyhound 33,W. Jenneskens,W. Jenneskens,1977,IO AIGAIOU,,,,ORC,CLUB,C,450,07 05 2026 09:49:15,10.000,8.014,1.632,3.20,4595.,0.0,0.57,747.5,0.7259,826.5,0.9061,662.2,1256.9,1001.3,865.4,789.0,746.3,708.0,673.8,0.0,0.0,0.0,0.0,0.0,0.0,0.0,963.3,779.8,685.6,635.3,607.8,586.3,562.4,0.0,0.0,0.0,0.0,0.0,0.0,0.0,1256.0,940.7,777.0,681.2,632.3,593.0,537.6,44.9,43.1,41.9,40.8,40.2,39.8,39.5,144.5,145.1,145.1,145.6,172.1,173.7,176.6,1265.0,1032.7,909.5,843.7,815.5,800.1,796.0,816.9,681.8,615.2,583.9,568.2,560.9,557.5,771.0,651.5,595.7,568.8,553.8,545.6,540.5,743.3,630.4,580.4,555.2,539.3,527.9,515.5,757.4,634.9,578.9,548.7,529.4,515.4,496.6,794.8,646.6,575.7,542.5,520.6,500.9,466.5,825.7,667.0,586.5,548.6,524.8,503.7,464.0,922.1,729.1,623.8,569.5,540.2,518.8,479.1,1081.4,839.9,711.3,636.0,592.7,561.6,524.0,1248.7,969.8,821.4,734.4,677.2,615.8,551.6,0.6884,0.9129,1.0296,0.5314,0.7304,0.8514,0.0,0.0000,2026,0.8287,724.0,03420004OUQ,7.140,5213,21.8,20.6,25.8,0.0,0.0,871.6,657.2,582.8,1129.1,821.5,704.7,710.3,681.3,0.8447,0.8806,669.5,553.3,523.8,40.8,176.8,821.9,560.6,540.3,510.6,481.9,445.9,437.2,446.1,492.0,517.0,1851.9,1394.3,1853.9,47.4,143.3,1831.9,1153.9,1065.7,1012.8,1046.9,1140.7,1195.9,1365.7,1621.1,1871.9
GRE,00102,GR1386,GRE-1386,MOLOTOW,SKIPPI 650 CRUISER,SKIPPI YACHTS,Jerzy Piesniewski,2002,NCTh,,,,ORC,CLUB,S,240,29 04 2026 09:41:46,6.500,6.290,1.535,2.48,912.,93.7,0.00,738.1,0.7390,811.9,0.9066,661.8,1173.0,949.5,836.2,778.3,749.2,729.4,695.2,0.0,0.0,0.0,0.0,0.0,0.0,0.0,905.5,751.7,679.9,642.7,619.9,601.1,570.1,0.0,0.0,0.0,0.0,0.0,0.0,0.0,1165.7,893.4,759.1,685.6,642.7,604.8,538.6,42.9,40.8,39.2,38.6,38.8,39.1,40.5,144.9,148.5,157.0,164.0,170.1,169.4,150.9,1246.5,1027.3,926.9,898.0,891.0,890.5,909.3,824.0,698.0,646.7,629.8,623.9,620.5,621.6,785.6,672.8,628.9,610.6,603.6,599.0,596.7,763.2,656.2,613.5,588.4,574.1,565.7,557.0,717.1,625.3,594.1,576.6,554.2,537.6,519.5,707.6,611.5,565.3,534.0,514.3,496.5,463.2,729.5,622.2,571.0,529.4,494.5,463.3,419.1,809.3,664.8,599.7,555.4,513.2,462.7,369.1,952.3,754.9,651.5,591.6,550.5,511.5,417.0,1099.6,871.7,745.5,658.6,607.4,568.3,481.1,0.7241,0.9112,1.0098,0.5654,0.7457,0.8316,0.0,0.0000,2026,0.8365,717.3,03420004NJL,5.910,1243,10.3,15.4,8.4,36.5,33.7,828.6,658.5,594.2,1061.2,804.6,721.5,729.4,652.4,0.8226,0.9197,660.4,548.9,512.3,44.6,148.2,966.8,633.3,602.1,556.0,511.4,435.3,387.1,308.1,306.5,354.0,1694.8,1284.2,1685.4,45.2,140.6,1787.9,1149.5,1077.1,1032.6,991.0,978.3,1011.5,1152.1,1387.0,1601.6
GRE,00164,GR14,GRE-14,KALIMERA,YCA 29,THAMES MARINE,J. EVERITT,1978,ASIATh RODOU,,,,ORC,CLUB,C,405,05 04 2026 18:49:30,8.850,7.097,1.650,2.97,3894.,117.3,0.66,757.1,0.7284,823.7,0.8899,674.2,1228.1,991.9,863.7,785.4,741.5,717.2,694.4,0.0,0.0,0.0,0.0,0.0,0.0,0.0,953.6,783.5,696.6,649.0,622.3,605.1,584.3,0.0,0.0,0.0,0.0,0.0,0.0,0.0,1220.6,932.5,780.9,692.0,645.5,611.2,557.8,43.8,42.1,41.0,40.2,39.9,40.0,40.5,148.3,152.1,155.0,162.1,168.2,177.2,177.7,1302.1,1076.8,960.4,894.7,862.6,850.1,849.9,851.5,719.0,652.7,618.7,600.9,591.9,588.4,809.1,688.6,631.0,601.7,585.5,575.9,570.3,786.4,668.6,614.3,587.1,570.4,558.3,543.2,780.1,652.4,597.1,573.4,562.7,551.1,526.4,762.4,637.7,585.1,558.2,537.5,520.0,500.7,788.3,652.0,590.5,560.1,536.6,514.4,483.7,864.9,702.0,615.0,574.7,548.6,524.4,482.5,999.4,787.0,668.8,604.0,570.6,546.8,501.8,1154.0,907.0,767.0,676.2,620.3,584.3,538.9,0.6908,0.8963,0.9974,0.5406,0.7337,0.8395,0.0,0.0000,2026,0.8197,732.0,03420004KCS,6.334,4454,18.9,17.3,24.6,60.9,0.0,868.6,669.4,601.6,1109.9,817.8,714.7,736.1,674.0,0.8151,0.8901,684.0,575.0,545.7,41.7,177.5,869.6,590.6,569.7,538.2,509.8,491.8,470.8,455.4,468.0,498.4,1784.8,1357.7,1776.9,46.6,144.3,1863.3,1184.8,1103.5,1057.6,1091.5,1057.9,1101.1,1241.9,1477.7,1706.3
GRE,00190,GR1402,GRE-1402,NEL VENTO I,OCEANIS 320,BENETEAU,BRIAND,1988,NAOEFK,,,,ORC,CLUB,C,400,29 04 2026 12:57:28,9.187,8.164,1.429,3.26,4495.,0.0,0.52,720.2,0.7607,788.8,0.9366,640.6,1185.7,953.7,827.7,750.8,708.3,684.3,665.5,0.0,0.0,0.0,0.0,0.0,0.0,0.0,910.9,747.7,662.8,615.5,589.9,573.7,555.1,0.0,0.0,0.0,0.0,0.0,0.0,0.0,1179.2,895.2,745.8,657.6,612.3,579.2,527.3,45.6,43.7,42.6,41.7,41.5,41.1,41.7,147.3,151.4,154.1,160.6,166.6,174.9,178.1,1250.5,1031.8,917.2,852.9,824.0,812.5,818.7,799.7,674.4,612.2,580.6,564.5,557.9,555.9,749.0,640.7,589.3,563.3,548.7,541.3,537.4,720.2,619.0,572.3,548.4,533.6,523.2,512.7,731.7,622.7,567.9,541.0,528.1,515.1,494.1,732.5,609.3,554.9,528.1,508.8,492.0,468.6,756.2,623.1,560.6,530.2,509.0,489.0,452.9,831.2,673.3,586.2,544.6,520.0,498.8,455.5,970.7,759.1,642.3,575.7,541.1,518.7,477.8,1120.8,875.6,738.2,648.6,592.6,556.1,512.3,0.7235,0.9436,1.0512,0.5609,0.7666,0.8782,0.0,0.0000,2026,0.8603,697.4,03420004NNP,7.147,5073,21.7,20.0,31.3,64.3,0.0,829.3,635.9,570.8,1069.7,782.7,683.2,699.1,642.5,0.8582,0.9338,661.4,547.1,515.2,43.4,176.5,848.2,561.2,538.1,507.8,480.7,454.4,433.7,422.5,439.0,474.7,1728.9,1298.7,1722.8,48.6,143.9,1790.8,1118.7,1021.2,960.8,987.2,1028.3,1067.0,1206.3,1443.7,1667.0
GRE,00219,GR1408,GRE-1408,FLORANNA III,HANSE 315,HANSE,JUDEL/VROELIJK,2004,NOTK,,,,ORC,CLUB,C,320,18 03 2026 10:42:42,9.041,8.606,1.810,3.34,4390.,0.0,0.33,703.6,0.7746,774.6,0.9640,622.4,1189.7,946.6,815.7,736.4,690.3,663.1,639.8,0.0,0.0,0.0,0.0,0.0,0.0,0.0,910.9,737.1,646.5,596.0,567.6,550.2,529.9,0.0,0.0,0.0,0.0,0.0,0.0,0.0,1184.4,887.6,731.6,638.3,589.8,555.4,501.6,44.5,42.3,41.1,40.5,40.2,40.1,40.8,144.9,147.3,148.5,157.7,169.6,177.2,179.0,1243.1,1008.7,885.5,819.0,793.0,783.7,788.4,806.8,671.3,598.4,561.2,544.9,539.1,537.3,761.7,640.3,576.5,543.9,528.1,521.1,517.3,733.8,618.3,560.0,530.1,512.2,500.6,489.9,722.1,596.5,537.6,509.9,495.2,486.6,468.8,713.1,586.7,530.3,500.6,477.1,457.0,431.4,740.4,604.3,539.5,506.6,481.2,458.2,418.5,833.0,664.4,573.5,527.3,499.0,474.4,430.0,984.2,766.0,646.0,573.4,530.8,503.8,459.3,1136.4,884.5,745.9,653.9,587.5,542.5,491.1,0.7281,0.9717,1.0970,0.5617,0.7804,0.9075,0.0,0.0000,2026,0.8824,679.9,03420004I6B,7.628,4880,22.1,28.4,25.2,0.0,55.1,824.1,617.5,546.9,1068.2,768.8,661.2,679.1,629.4,0.8836,0.9533,634.0,520.7,488.0,42.4,178.6,817.6,544.0,520.6,486.9,456.7,416.5,391.2,387.6,419.0,450.5,1753.4,1319.0,1747.4,47.0,141.2,1813.0,1145.7,1061.9,1012.6,1017.9,1009.5,1054.4,1219.3,1466.9,1693.9
GRE,00227,GR1410,GRE-1410,OLYMPIA,DUFOUR 30 CLASSIC,DUFOUR,J & J DESIGN,1996,NOTK,,,,ORC,CLUB,C,479,11 03 2026 21:18:49,9.030,7.926,1.529,3.04,3100.,0.0,0.27,746.6,0.7319,819.8,0.9127,657.4,1292.0,1019.3,872.4,779.3,718.3,683.7,658.9,0.0,0.0,0.0,0.0,0.0,0.0,0.0,985.6,789.7,688.4,629.7,592.2,568.8,544.3,0.0,0.0,0.0,0.0,0.0,0.0,0.0,1276.8,951.2,779.7,675.3,614.9,573.9,515.0,46.5,45.3,44.3,43.0,41.7,40.9,41.6,147.5,150.7,153.6,159.7,165.9,172.7,175.9,1444.0,1154.8,1004.8,910.8,847.1,816.3,818.2,917.5,743.2,655.2,604.8,574.4,558.1,551.8,854.0,700.9,622.6,580.6,555.8,540.6,531.0,816.1,673.1,598.7,561.5,539.1,522.7,501.4,761.2,624.6,562.8,535.3,523.2,514.8,485.8,739.9,608.2,550.1,518.8,494.8,476.0,453.1,766.5,623.9,557.0,521.9,494.3,469.8,430.2,846.9,676.5,584.7,539.5,509.6,482.2,430.7,987.2,765.8,643.3,573.2,535.2,507.9,457.7,1139.9,883.9,739.9,647.8,589.4,551.1,499.6,0.6759,0.9185,1.0611,0.5192,0.7361,0.8784,0.0,0.0000,2026,0.8346,718.9,03420004HH0,6.651,3745,18.9,20.8,18.2,62.9,0.0,887.7,653.2,565.5,1155.6,815.1,683.1,730.3,650.6,0.8216,0.9222,659.5,536.8,502.1,44.1,169.1,864.5,563.7,536.0,498.2,465.1,436.5,408.9,380.1,410.1,454.4,1923.7,1445.9,1901.5,48.1,144.4,2146.5,1345.0,1229.9,1159.2,1090.3,1052.4,1095.8,1239.0,1473.1,1701.0
GRE,00245,GR1417,GRE-1417,IRINI,CONTESSA 25,,JEREMY ROGERS,1978,NOTK,,,,ORC,CLUB,C,320,01 04 2026 20:21:49,7.778,6.601,1.631,2.86,3128.,0.0,0.70,787.4,0.6944,864.0,0.8542,702.4,1271.0,1033.9,903.5,827.2,782.4,755.4,723.9,0.0,0.0,0.0,0.0,0.0,0.0,0.0,984.4,812.6,725.1,678.1,649.9,631.5,607.8,0.0,0.0,0.0,0.0,0.0,0.0,0.0,1265.0,971.6,815.3,723.0,674.3,638.7,583.9,43.0,41.2,40.0,39.0,38.3,38.2,38.1,145.8,147.7,148.1,153.4,159.5,163.7,177.7,1330.2,1102.3,980.9,912.1,877.6,861.7,852.3,878.2,743.0,675.0,642.9,625.6,615.4,607.6,837.7,713.7,655.4,627.6,611.8,601.3,591.1,815.7,695.8,640.3,613.7,597.3,585.0,567.3,793.9,666.2,615.7,591.8,576.9,568.2,552.4,781.4,657.2,607.5,580.9,559.2,539.8,514.2,812.5,673.3,615.4,585.5,561.6,539.2,504.6,899.4,733.2,643.6,603.6,577.8,554.5,511.3,1049.4,836.2,715.4,645.8,610.2,587.1,547.6,1211.8,965.6,826.1,742.2,687.2,649.1,595.5,0.6678,0.8597,0.9566,0.5206,0.6988,0.7996,0.0,0.0000,2026,0.7853,764.1,03420004K3A,5.981,3581,15.4,16.0,18.9,0.0,43.5,898.5,697.9,627.2,1152.5,858.6,750.4,761.0,711.2,0.7884,0.8436,714.6,597.2,570.0,39.1,177.5,869.1,610.3,591.0,560.0,534.2,502.4,485.6,482.8,510.9,560.0,1837.8,1392.4,1832.2,46.1,141.7,1894.3,1210.9,1131.4,1086.1,1097.3,1078.6,1123.1,1285.1,1542.7,1781.3
GRE,00362,GR1427,GRE-1427,YDNA,MIRAGE 28,,,1979,NO KATAKOLOU,,,,ORC,CLUB,C,300,14 05 2026 12:45:47,8.540,6.740,1.384,2.85,3423.,0.0,0.74,856.9,0.6341,946.3,0.7960,753.8,1488.7,1173.4,1007.0,901.9,831.4,785.7,754.0,0.0,0.0,0.0,0.0,0.0,0.0,0.0,1136.1,908.6,790.3,721.5,678.0,648.9,622.6,0.0,0.0,0.0,0.0,0.0,0.0,0.0,1466.3,1093.1,897.3,776.5,704.1,653.0,586.7,46.9,45.9,44.9,44.3,43.9,43.6,43.8,148.8,152.5,155.7,161.3,166.2,174.5,177.7,1712.8,1365.4,1192.5,1086.3,1011.1,962.6,950.8,1084.1,874.3,771.3,706.6,663.8,637.3,623.8,1009.4,823.9,728.7,669.8,633.5,611.4,595.5,961.1,786.6,693.7,640.0,609.2,590.2,566.9,861.8,706.4,629.8,595.3,580.4,572.2,554.5,838.8,688.7,615.2,580.2,556.1,535.7,512.5,866.6,705.0,622.3,583.0,556.6,532.5,496.9,956.3,761.0,654.2,599.9,569.4,543.7,499.1,1095.2,852.1,716.5,636.9,593.9,566.6,519.2,1264.6,981.5,821.5,717.5,651.6,608.7,557.1,0.5869,0.8009,0.9284,0.4508,0.6370,0.7641,0.0,0.0000,2026,0.7275,824.8,03420004PUM,5.260,3853,19.2,14.8,16.5,53.4,0.0,1022.3,749.2,646.3,1331.0,941.9,785.2,847.3,734.6,0.7081,0.8167,760.8,621.3,577.4,46.3,177.2,1006.7,641.7,601.1,559.0,532.0,500.4,481.0,469.4,483.6,514.9,2227.1,1674.8,2193.1,48.3,146.4,2566.3,1605.9,1472.6,1386.6,1231.9,1188.5,1238.7,1400.7,1634.9,1887.9
GRE,00493,GR1428,GRE-1428,ALEXANDRA,BAVARIA 41,BAVARIA,JACOPIN & JACOPIN,2002,NOKI,,,,ORC,CLUB,C,450,22 04 2026 12:56:24,12.171,10.400,1.652,3.91,8126.,0.0,0.43,657.5,0.8270,725.5,1.0304,582.3,1113.5,887.2,764.3,688.8,646.2,622.5,602.5,0.0,0.0,0.0,0.0,0.0,0.0,0.0,846.4,688.4,605.0,557.7,531.6,515.9,498.7,0.0,0.0,0.0,0.0,0.0,0.0,0.0,1106.3,830.6,684.8,597.6,552.2,520.1,471.3,47.0,45.1,43.6,42.7,42.3,42.1,42.6,145.7,149.6,150.9,156.5,163.5,169.1,177.2,1185.4,964.6,851.4,786.3,755.1,743.6,747.8,748.4,623.4,559.6,525.7,508.7,501.7,499.6,694.2,588.0,533.9,506.3,491.4,483.6,479.6,659.8,563.8,515.6,490.7,475.8,465.8,455.3,669.6,567.0,512.9,486.1,471.1,458.7,439.8,664.4,549.2,496.2,469.7,452.1,437.7,419.6,682.9,561.1,501.1,471.2,451.0,433.2,402.4,758.1,608.5,525.9,485.0,460.9,441.2,403.9,902.1,701.3,586.7,518.6,483.1,460.8,423.7,1041.6,809.8,677.1,591.2,537.3,501.4,457.2,0.7819,1.0384,1.1687,0.5998,0.8335,0.9663,0.0,0.0000,2026,0.9427,636.5,03420004MDU,8.807,8849,31.9,31.2,47.7,109.2,0.0,767.4,577.8,513.4,1000.3,719.9,620.9,639.3,583.3,0.9385,1.0286,599.5,491.6,460.7,44.5,175.8,775.5,505.4,480.4,451.6,427.8,406.3,385.3,370.7,387.9,423.6,1635.0,1218.3,1626.4,49.6,137.3,1721.0,1067.2,961.5,892.9,916.1,939.6,969.6,1105.1,1341.5,1549.0
GRE,00680,GR1430,GRE-1430,TO KEFI MAS,ELAN 410 (SD),ELAN,R. HUMPHREYS,2007,NAOB,,,,ORC,CLUB,C,640,15 04 2026 23:37:54,12.277,11.515,2.138,3.88,8988.,124.0,0.24,592.5,0.9172,654.2,1.1384,527.0,983.1,788.3,681.5,622.7,592.4,572.1,547.3,0.0,0.0,0.0,0.0,0.0,0.0,0.0,750.0,613.3,543.7,507.2,486.8,473.0,452.9,0.0,0.0,0.0,0.0,0.0,0.0,0.0,977.6,739.0,613.2,541.6,505.3,477.5,434.1,44.3,41.8,40.4,39.4,38.8,38.5,38.4,142.3,146.4,148.9,151.5,155.4,160.6,163.7,1037.3,842.7,741.3,689.7,667.8,656.2,647.4,673.2,562.6,505.8,480.1,468.6,463.1,457.7,635.0,537.5,489.5,467.0,455.8,450.2,444.3,605.9,513.0,476.2,456.4,443.2,434.1,424.2,577.0,492.8,458.2,441.6,431.8,424.5,408.2,590.1,492.1,452.0,430.0,413.8,403.0,380.2,604.3,500.4,456.3,431.8,411.9,394.4,369.0,674.8,545.1,479.5,447.4,424.8,404.2,364.0,804.4,635.5,538.5,482.2,452.7,432.3,396.8,928.8,733.8,621.8,555.8,517.0,488.0,447.3,0.8802,1.1470,1.2795,0.6775,0.9251,1.0565,0.0,0.0000,2026,1.0437,574.9,03420004LJ3,10.446,9939,35.5,50.3,38.4,0.0,131.3,681.7,523.1,468.9,885.6,648.6,567.9,573.3,532.4,1.0466,1.1270,532.6,438.2,418.7,39.0,159.2,651.4,457.0,442.7,419.1,397.2,364.7,343.9,319.7,360.8,413.7,1430.3,1069.2,1423.3,47.4,138.6,1500.4,945.8,872.1,822.8,782.5,811.0,853.0,970.7,1178.0,1360.2
GRE,00874,GR1431,GRE-1431,AGERI,TRITON 48,DROMOR YACHTS,TRIANTAFILOPOULOS,1992,NOTK,,,,ORC,CLUB,C,450,02 04 2026 07:29:54,14.000,11.654,2.002,4.47,12600.,0.0,0.46,626.0,0.8656,693.2,1.0856,552.7,1073.6,848.7,728.1,658.0,618.5,594.7,568.6,0.0,0.0,0.0,0.0,0.0,0.0,0.0,817.9,657.4,573.9,528.5,503.3,487.2,467.5,0.0,0.0,0.0,0.0,0.0,0.0,0.0,1066.0,794.3,651.2,566.9,522.9,491.6,444.8,46.0,43.9,42.5,41.7,41.5,41.0,40.8,142.8,146.7,147.9,149.7,153.0,157.6,163.5,1149.4,920.3,803.4,738.7,703.9,687.9,678.6,732.3,601.4,533.7,497.4,479.6,471.1,465.3,683.5,569.8,509.9,480.0,464.6,456.1,449.8,652.4,547.9,493.1,466.3,451.0,441.2,429.7,653.7,536.8,480.2,455.0,443.9,434.6,416.6,631.5,516.2,464.2,439.5,422.8,409.1,391.9,647.2,527.1,469.4,441.6,422.8,406.1,377.1,726.4,577.5,497.5,457.5,434.3,415.8,381.0,864.1,673.0,565.4,499.9,463.6,441.7,409.9,997.8,777.1,652.9,577.2,533.1,501.6,458.6,0.8134,1.0948,1.2402,0.6243,0.8729,1.0154,0.0,0.0000,2026,0.9918,604.9,03420004K3S,9.914,13396,42.5,48.3,58.4,0.0,151.7,737.6,548.0,483.8,961.1,687.4,590.9,605.6,557.3,0.9908,1.0766,558.6,457.2,433.2,41.6,162.7,688.0,465.9,448.6,425.0,403.9,379.0,362.3,352.0,379.9,429.1,1587.5,1191.0,1577.0,48.2,139.8,1692.6,1057.4,961.8,902.3,930.1,901.5,928.9,1063.6,1283.8,1482.4
GRE,00573,GR1432,GRE-1432,IPSIPILI,ELAN 40 SD FK,ELAN,HUMPHREYS,2002,NOThAK,,,,ORC,CLUB,C,750,15 04 2026 22:55:33,11.913,10.718,2.065,3.84,8098.,0.0,0.30,636.2,0.8658,693.0,1.0692,561.2,1090.1,859.3,733.3,656.5,612.1,586.1,558.5,0.0,0.0,0.0,0.0,0.0,0.0,0.0,833.9,669.6,583.8,536.2,509.8,493.3,472.3,0.0,0.0,0.0,0.0,0.0,0.0,0.0,1086.8,806.7,659.3,572.7,529.2,498.7,452.7,44.9,42.6,41.1,39.9,39.0,38.5,38.2,145.3,149.2,151.6,156.3,163.3,170.0,178.1,1123.6,903.5,788.0,722.5,691.0,677.1,667.2,724.2,598.2,533.3,501.3,486.2,479.5,473.8,681.1,569.7,514.6,487.9,474.2,466.7,460.5,656.0,551.3,501.4,477.2,462.5,452.6,441.4,670.6,551.7,495.5,471.2,458.9,446.2,426.6,662.4,540.5,485.9,460.1,442.5,428.2,410.1,687.3,557.4,493.5,463.3,443.3,425.7,394.7,771.2,612.4,525.2,480.8,455.7,435.6,397.9,915.1,706.0,588.5,517.3,478.9,455.8,418.1,1056.7,815.2,678.7,590.6,533.2,495.2,449.9,0.7981,1.0780,1.2256,0.6155,0.8722,1.0304,0.0,0.0000,2026,0.9792,612.7,03420004LIK,9.631,9142,32.9,45.8,36.8,99.5,0.0,751.8,556.6,489.6,974.8,687.9,582.3,608.5,572.6,0.9860,1.0478,543.0,458.4,438.3,38.8,177.2,670.6,472.4,458.3,436.0,414.0,396.7,376.4,362.3,381.8,415.5,1613.8,1212.3,1610.7,47.3,142.4,1644.8,1036.6,956.0,905.5,935.6,946.6,987.0,1135.6,1370.7,1582.8
GRE,00314,GR1437,GRE-1437,YANI,HURLEY 22,HURLEY MARINE,IAN ANDERSON,1967,NOEF,,,,ORC,CLUB,C,240,23 03 2026 16:40:37,6.710,5.537,1.200,2.13,1823.,0.0,0.70,843.7,0.6458,929.0,0.7910,758.5,1321.9,1076.2,951.1,890.2,859.2,844.2,835.7,0.0,0.0,0.0,0.0,0.0,0.0,0.0,1029.9,855.5,771.9,733.4,713.0,700.5,688.4,0.0,0.0,0.0,0.0,0.0,0.0,0.0,1313.7,1013.4,862.6,783.6,740.0,704.5,644.9,43.8,41.6,40.6,41.1,41.7,42.3,44.6,149.6,154.1,159.1,164.4,174.5,178.1,178.1,1403.1,1171.8,1070.5,1042.8,1039.4,1045.7,1081.5,916.2,786.2,728.8,703.3,696.4,694.8,700.2,870.2,753.3,700.5,678.2,670.2,667.6,665.9,844.2,729.2,678.6,655.2,642.2,635.0,627.8,845.9,721.8,670.2,646.8,628.3,614.3,594.9,833.7,705.3,652.2,624.7,603.7,589.2,569.7,862.1,720.5,656.4,623.9,597.4,574.1,548.1,942.0,769.5,681.0,638.9,608.4,579.4,535.4,1074.4,853.5,732.5,667.5,632.6,604.2,552.2,1240.6,980.6,831.8,737.6,678.9,642.7,590.0,0.6365,0.7986,0.8583,0.5004,0.6534,0.7102,0.0,0.0000,2026,0.7306,821.3,03420004INP,4.819,2166,11.6,12.4,15.2,33.2,0.0,942.7,751.3,699.1,1199.0,918.3,844.8,832.9,746.2,0.7204,0.8040,849.1,692.6,639.6,48.3,178.6,1152.9,719.8,671.0,625.0,583.8,559.6,535.2,507.8,515.0,545.2,1900.9,1445.3,1893.2,46.7,145.1,1978.0,1254.3,1164.6,1113.1,1143.8,1137.3,1189.2,1341.0,1579.6,1823.9
GRE,01128,GR144,GRE-144,RUSH,ONE-OFF,COOKSON BOATS,BRUCE FARR,1991,IOMAG,,,,ORC,INTL,R,695,16 07 2026 12:17:43,11.982,10.306,2.340,3.79,4706.,120.1,0.00,565.5,0.9674,620.2,1.1855,506.1,907.1,735.8,645.6,595.5,565.7,545.6,516.2,0.0,0.0,0.0,0.0,0.0,0.0,0.0,696.7,579.9,523.2,491.6,471.0,455.2,429.2,0.0,0.0,0.0,0.0,0.0,0.0,0.0,910.1,694.7,585.8,523.4,488.5,458.9,410.2,42.3,39.8,37.5,36.9,36.5,36.3,36.3,140.0,147.6,150.3,156.7,165.7,170.4,165.1,877.5,730.1,668.8,645.3,633.1,625.3,618.2,582.3,504.3,476.2,465.2,458.9,454.3,448.5,556.1,490.7,465.1,452.7,445.8,440.6,433.5,540.0,482.5,455.9,438.4,427.3,420.2,408.5,551.0,486.7,456.8,434.9,417.1,403.0,383.5,583.4,490.9,452.4,426.3,405.6,391.1,366.1,602.3,502.1,459.0,429.2,402.3,376.9,341.3,677.4,546.9,483.4,449.2,419.6,390.4,330.5,811.2,642.2,539.0,481.0,449.3,421.7,365.8,936.7,741.5,622.3,545.8,498.3,466.0,414.2,0.9400,1.1897,1.3351,0.7304,0.9733,1.1119,0.0,0.0000,2026,1.0907,550.1,03420004VAR,10.509,5676,26.8,49.0,42.3,101.9,0.0,638.3,504.3,449.4,821.5,616.5,539.6,542.4,519.2,1.1062,1.1556,490.4,407.5,389.4,37.4,144.3,625.2,447.3,430.7,401.9,369.5,341.4,315.8,270.2,308.0,355.7,1294.5,972.5,1301.2,45.1,139.5,1227.5,787.6,734.1,698.5,717.2,812.0,846.3,974.2,1179.1,1361.5
GRE,00790,GR1443,GRE-1443,ALEXIS P,SWAN 43,NAUTOR SWAN,RON HOLLAND,1985,IO HALKIDAS,,,,ORC,CLUB,C,850,17 04 2026 09:48:58,13.054,10.952,2.529,4.00,12577.,0.0,0.67,646.0,0.8439,711.0,1.0496,571.7,1090.5,869.7,752.2,678.9,633.1,602.8,570.2,0.0,0.0,0.0,0.0,0.0,0.0,0.0,833.3,677.1,596.1,549.3,520.9,501.7,478.5,0.0,0.0,0.0,0.0,0.0,0.0,0.0,1084.4,815.2,674.7,587.9,540.5,507.2,461.2,44.0,41.6,40.1,39.3,38.4,37.6,37.1,143.3,147.5,148.5,150.1,154.6,159.4,179.8,1151.2,931.2,817.2,745.6,700.5,674.5,654.3,750.2,624.1,556.8,518.2,496.6,484.0,472.1,709.7,597.0,536.3,503.8,485.0,473.5,460.8,681.6,568.5,513.1,488.1,475.3,463.6,447.9,641.0,538.9,492.2,469.6,456.2,446.7,435.3,650.7,538.8,488.3,463.4,446.6,432.1,407.8,671.5,553.8,496.8,468.5,449.9,433.7,402.8,751.3,607.0,527.6,487.1,463.8,446.5,413.0,891.8,699.9,595.1,530.3,493.6,471.4,441.8,1029.8,808.1,687.1,612.3,565.6,531.2,486.1,0.7945,1.0555,1.2053,0.6122,0.8477,1.0031,0.0,0.0000,2026,0.9607,624.5,03420004LRC,9.487,13748,39.5,40.5,38.7,0.0,113.2,755.2,568.5,497.8,980.1,707.8,598.1,620.7,582.1,0.9667,1.0308,552.4,464.2,446.8,37.1,179.8,649.7,468.5,457.2,438.2,426.2,392.0,381.9,384.6,413.2,455.2,1604.7,1202.3,1596.6,46.2,139.7,1685.7,1070.9,992.1,944.7,885.4,904.4,947.1,1091.5,1319.6,1523.7
GRE,00357,GR1447,GRE-1447,LOVA,DUFOUR GIBSEA 33,DUFOUR,JAKOPIN & JAKOPIN,1998,NOEF,,,,ORC,CLUB,C,240,15 04 2026 13:15:24,9.898,9.110,1.579,3.41,5200.,0.0,0.41,723.8,0.7455,804.8,0.9410,637.6,1254.9,990.6,850.0,764.0,712.6,683.4,659.0,0.0,0.0,0.0,0.0,0.0,0.0,0.0,953.4,764.2,665.5,609.0,576.1,556.7,537.1,0.0,0.0,0.0,0.0,0.0,0.0,0.0,1243.3,924.7,757.4,654.7,598.9,561.3,507.1,46.0,44.1,43.0,42.4,41.9,41.8,42.4,144.7,147.0,148.0,150.1,155.0,160.3,179.3,1371.7,1097.9,956.2,869.4,820.9,802.2,804.6,874.9,714.3,630.1,579.1,552.9,540.6,537.5,815.5,674.2,598.4,555.3,532.5,520.7,514.8,777.0,644.7,573.6,536.0,514.9,501.5,487.5,734.8,602.6,538.3,509.2,495.3,487.3,471.0,717.3,587.0,526.8,497.5,476.7,459.1,436.3,742.3,603.6,535.3,502.3,479.4,458.9,423.6,834.0,662.7,569.8,521.9,494.6,472.6,432.2,985.7,765.0,644.1,570.5,527.8,502.4,464.5,1138.2,883.3,743.8,658.6,604.3,564.7,513.4,0.6986,0.9486,1.0826,0.5344,0.7512,0.8803,0.0,0.0000,2026,0.8585,698.9,03420004LEV,7.505,5612,23.6,26.7,21.3,0.0,63.0,858.9,632.5,554.2,1122.8,798.7,681.6,704.2,638.2,0.8520,0.9401,658.5,531.0,495.6,44.4,179.5,838.9,546.6,517.7,484.3,456.7,422.6,400.8,395.3,429.4,478.0,1869.6,1398.3,1852.9,48.0,141.4,2037.0,1277.1,1168.4,1100.6,1043.6,1022.0,1064.7,1227.4,1474.2,1702.2
GRE,00398,GR1448,GRE-1448,IKAROS,DUFOUR 35,DUFOUR,MICHEL DUFOUR,1972,NOEF,,,,ORC,CLUB,C,500,25 03 2026 18:09:48,10.494,8.503,1.904,3.46,6397.,0.0,0.61,702.3,0.7828,766.5,0.9614,624.1,1143.7,926.3,806.5,731.8,687.8,662.6,640.5,0.0,0.0,0.0,0.0,0.0,0.0,0.0,889.6,733.8,648.7,599.5,571.8,554.5,536.1,0.0,0.0,0.0,0.0,0.0,0.0,0.0,1137.8,872.0,728.4,640.4,593.6,559.9,510.1,43.6,41.7,40.6,40.3,40.1,40.0,40.4,148.0,152.1,155.2,160.4,164.6,171.1,177.2,1203.0,997.4,887.3,823.8,793.8,782.9,787.2,787.2,669.7,604.4,567.3,548.9,542.0,540.1,747.3,641.6,583.6,550.2,533.5,525.6,522.3,723.7,622.3,567.6,536.4,518.7,507.5,497.0,736.9,618.8,555.7,527.3,514.7,499.5,477.7,720.8,602.7,542.4,511.8,491.4,475.7,458.2,743.5,616.9,549.4,514.2,490.1,469.7,440.7,814.0,663.6,578.4,530.5,502.3,478.6,439.5,939.1,742.1,633.1,566.3,526.3,500.7,457.8,1084.3,855.1,725.7,639.8,581.8,542.3,493.7,0.7392,0.9675,1.0871,0.5797,0.7875,0.9083,0.0,0.0000,2026,0.8847,678.2,03420004IWJ,7.537,7109,26.2,27.7,38.6,88.9,0.0,811.7,620.2,551.9,1035.0,761.9,660.6,681.1,628.0,0.8809,0.9554,631.2,527.7,499.6,41.7,177.2,806.8,543.3,522.5,493.1,465.7,446.7,428.3,412.5,425.2,455.6,1648.9,1251.0,1643.7,47.1,143.5,1700.8,1078.9,1001.9,955.0,982.3,994.9,1031.2,1163.5,1383.0,1597.0
GRE,01070,GR1451,GRE-1451,MUSUKO,FIRST 35,BENETEAU,FARR,2009,NOPF,,,,ORC,INTL,C,680,24 03 2026 16:09:57,10.660,9.672,2.188,3.64,5429.,115.2,0.18,614.5,0.8838,678.9,1.0910,550.0,991.6,801.0,699.4,650.0,623.4,605.0,582.1,0.0,0.0,0.0,0.0,0.0,0.0,0.0,760.8,628.7,563.8,532.0,513.6,499.9,479.8,0.0,0.0,0.0,0.0,0.0,0.0,0.0,986.8,752.7,632.4,567.3,532.9,504.6,459.0,43.4,41.1,39.5,38.5,38.2,38.1,39.0,143.0,147.3,149.8,152.8,157.8,162.2,161.4,1040.2,853.0,759.5,721.9,707.0,699.5,696.8,681.3,576.1,526.8,506.9,499.4,495.0,491.1,646.1,554.2,512.4,493.6,485.6,481.0,476.3,623.8,534.5,501.9,481.5,468.9,461.8,453.6,595.2,515.5,483.0,466.8,457.7,449.2,432.5,602.4,511.2,474.4,451.7,436.4,422.1,400.0,617.8,519.4,478.9,452.4,429.6,410.6,383.5,687.9,560.8,501.3,470.0,443.9,419.2,370.8,816.7,648.7,553.7,503.0,475.3,453.2,411.0,943.0,749.1,639.3,578.1,539.8,510.5,467.4,0.8636,1.0988,1.2103,0.6694,0.8923,0.9983,0.0,0.0000,2026,1.0033,598.0,03420004IR7,9.115,6353,27.4,40.1,31.5,0.0,107.7,694.8,546.1,495.7,896.3,672.4,601.0,597.7,553.3,1.0038,1.0843,565.2,464.3,442.2,39.8,141.6,714.2,493.1,477.7,450.6,423.7,385.5,355.6,313.9,360.4,416.2,1424.9,1072.9,1419.2,46.1,139.4,1482.5,942.8,876.0,833.0,803.8,833.8,862.3,978.6,1184.2,1367.3
GRE,00454,GR1453,GRE-1453,THALASSINI,OCEANIS 320,BENETEAU,PH. BRIAND,1989,IO HALKIDAS,,,,ORC,CLUB,C,500,05 04 2026 18:12:10,9.187,8.135,1.419,3.26,4319.,0.0,0.50,732.3,0.7486,801.5,0.9249,648.8,1225.6,980.1,847.3,763.6,711.5,683.1,660.4,0.0,0.0,0.0,0.0,0.0,0.0,0.0,940.9,765.9,674.6,622.7,591.9,573.7,552.6,0.0,0.0,0.0,0.0,0.0,0.0,0.0,1217.2,918.7,761.2,666.1,614.4,579.7,526.7,46.3,44.5,43.8,42.3,41.3,40.9,41.2,147.6,151.4,154.7,160.3,166.2,174.1,178.3,1309.6,1071.4,946.0,869.2,823.9,805.6,805.2,832.5,693.0,622.8,586.0,565.9,555.8,552.0,777.1,654.1,596.4,567.0,550.4,540.6,534.6,745.1,632.6,578.2,551.6,535.8,524.3,509.9,757.1,632.4,569.3,541.0,526.3,517.7,495.3,748.5,618.6,558.9,530.3,510.5,492.9,464.4,773.6,634.7,566.5,533.6,511.8,491.8,454.4,851.5,685.6,595.2,549.9,524.2,503.1,460.6,988.6,770.6,652.3,583.0,545.7,522.6,482.7,1141.5,888.8,748.6,658.0,599.0,560.7,515.7,0.7030,0.9313,1.0520,0.5440,0.7533,0.8801,0.0,0.0000,2026,0.8479,707.7,03420004KCD,7.019,5002,21.6,19.2,28.1,58.1,0.0,853.5,644.3,570.3,1102.9,796.5,681.7,709.7,651.3,0.8454,0.9213,659.1,545.2,513.7,43.2,177.2,839.1,558.2,536.4,506.3,479.2,450.2,430.3,425.8,444.1,479.0,1800.7,1354.0,1790.9,49.0,144.3,1898.8,1181.8,1077.0,1011.2,1037.9,1055.2,1098.3,1242.1,1474.5,1702.6
GRE,00750,GR1460,GRE-1460,PITHEAS,SUN ODYSSEY 33.1,Jeanneau,FAUROUX,1992,IO PATRON,,,,ORC,CLUB,C,400,14 04 2026 20:20:10,9.970,8.418,1.555,3.53,4700.,0.0,0.51,762.8,0.7094,845.8,0.8955,670.0,1341.7,1054.9,901.1,804.8,739.4,699.9,674.6,0.0,0.0,0.0,0.0,0.0,0.0,0.0,1018.1,811.1,702.7,639.9,600.4,576.6,555.8,0.0,0.0,0.0,0.0,0.0,0.0,0.0,1331.2,984.6,801.3,688.6,624.2,581.1,524.6,47.4,46.0,44.6,43.8,42.9,42.4,43.0,144.4,147.8,151.8,155.9,164.6,174.5,178.6,1447.2,1156.2,1007.7,917.4,858.1,829.8,834.1,912.3,739.8,654.0,602.7,573.3,557.8,553.4,845.0,694.1,618.3,576.1,552.2,538.5,530.6,806.2,664.9,592.6,555.2,534.1,520.3,503.7,797.3,643.4,566.7,530.7,511.1,497.6,483.8,776.6,629.2,557.1,523.0,500.9,481.7,448.5,807.8,650.4,568.9,529.6,505.6,485.0,446.7,908.4,715.4,610.4,553.2,522.4,500.8,461.1,1070.7,825.9,688.9,604.2,554.0,525.0,485.7,1236.3,953.6,794.5,692.2,620.6,569.9,515.1,0.6560,0.9020,1.0439,0.5007,0.7131,0.8568,0.0,0.0000,2026,0.8155,735.7,03420004LA1,6.859,5283,21.9,16.9,29.8,0.0,55.5,914.6,665.2,574.8,1198.3,841.4,700.3,738.4,673.5,0.8125,0.8909,678.3,551.0,512.8,45.5,178.6,877.2,563.2,532.3,498.5,474.3,428.5,417.2,426.1,449.1,479.5,2005.4,1502.7,1990.6,48.9,142.6,2153.7,1342.0,1220.7,1147.4,1156.8,1119.6,1172.0,1347.9,1608.3,1857.1
GRE,00681,GR1480,GRE-1480,OXYGONO,FIRST CLASS 8,BENETEAU,FINOT,1982,NOEF,,,,ORC,CLUB,S,320,17 04 2026 09:44:58,7.785,6.901,1.818,2.50,1368.,86.8,0.18,703.9,0.7783,770.9,0.9540,628.9,1138.9,918.1,800.1,735.3,703.6,683.1,649.9,0.0,0.0,0.0,0.0,0.0,0.0,0.0,873.7,723.6,649.2,608.8,585.0,566.2,535.6,0.0,0.0,0.0,0.0,0.0,0.0,0.0,1134.9,863.6,725.7,648.7,606.6,569.9,508.2,42.3,40.3,38.9,37.9,38.0,38.7,39.7,146.0,151.2,154.3,163.3,173.2,173.6,159.1,1178.8,975.3,872.9,832.6,822.1,817.5,821.0,782.0,664.7,610.9,588.3,580.4,575.7,572.0,745.4,640.7,594.6,571.5,561.8,556.1,550.5,723.4,624.0,580.8,554.1,536.1,526.4,516.0,684.7,594.9,562.6,546.9,524.9,504.5,481.1,683.6,587.9,544.8,514.7,494.2,477.5,447.3,708.2,601.0,551.6,513.5,479.9,450.3,410.2,791.8,651.7,578.6,537.2,498.0,457.0,375.8,951.7,746.3,633.3,571.7,533.7,497.4,418.4,1098.9,860.9,727.4,638.0,585.1,548.8,478.8,0.7513,0.9587,1.0725,0.5834,0.7851,0.8879,0.0,0.0000,2026,0.8788,682.7,03420004LRA,6.667,1812,13.2,21.2,9.7,44.1,0.0,798.6,625.8,559.4,1028.5,764.2,675.8,688.3,628.5,0.8718,0.9546,604.1,506.9,479.3,41.5,145.1,840.4,573.4,549.9,512.9,470.0,422.0,380.8,310.8,318.4,367.7,1632.9,1231.4,1628.0,44.6,136.5,1682.1,1084.4,1015.8,972.2,938.0,939.3,978.7,1127.8,1371.6,1583.7
GRE,00716,GR1486,GRE-1486,DAS BOOT,DEHLER OPTIMA 101,DEHLER,VAN DE STADT,1981,ASIATh RODOU,,,,ORC,INTL,C,420,02 09 2026 09:56:02,10.112,8.332,1.734,3.41,3945.,112.6,0.29,681.8,0.8088,741.8,0.9892,606.6,1121.1,897.5,776.8,705.8,666.8,644.5,621.5,0.0,0.0,0.0,0.0,0.0,0.0,0.0,862.1,705.3,627.1,584.1,559.7,543.2,520.6,0.0,0.0,0.0,0.0,0.0,0.0,0.0,1117.4,843.9,702.9,622.2,580.7,549.2,497.1,44.4,42.2,40.6,39.1,38.5,38.7,39.4,146.2,150.5,154.3,161.3,168.0,176.3,177.7,1157.5,949.4,842.4,785.2,761.4,752.3,753.4,750.9,633.4,578.5,552.4,539.4,533.6,530.2,709.1,606.6,561.5,539.0,526.2,519.1,514.0,684.4,589.5,548.8,527.0,512.0,500.7,487.6,697.6,587.0,540.2,517.6,505.3,491.9,466.5,691.0,578.0,532.1,505.9,484.1,464.5,439.1,716.4,592.5,538.6,509.5,485.8,462.8,423.4,799.5,644.7,565.7,526.9,500.5,475.5,426.8,939.3,732.5,619.4,557.3,523.7,499.1,451.4,1084.6,845.5,711.3,626.5,572.2,536.7,489.5,0.7656,0.9960,1.1135,0.5945,0.8155,0.9354,0.0,0.0000,2026,0.9100,659.3,03420005001,7.783,4544,21.9,27.6,26.5,62.9,0.0,783.7,602.4,538.8,1009.3,735.7,641.4,657.4,613.8,0.9127,0.9775,610.0,507.7,481.5,41.3,175.4,774.1,532.5,513.9,482.0,450.1,424.6,401.3,383.9,407.2,445.9,1633.8,1229.0,1631.4,46.8,142.6,1657.4,1048.1,969.0,918.3,945.2,968.0,1008.5,1157.5,1394.4,1610.2
GRE,00739,GR1491,GRE-1491,IVILATO,Moody 28,,Bill Dixon,1985,IO KERKYRAS,,,,ORC,CLUB,C,413,15 04 2026 22:24:58,8.320,6.993,1.616,3.00,3110.,0.0,0.57,775.7,0.7011,855.7,0.8722,687.9,1292.6,1038.0,902.3,819.9,765.0,730.1,697.1,0.0,0.0,0.0,0.0,0.0,0.0,0.0,992.5,808.9,715.7,663.4,628.8,605.5,578.8,0.0,0.0,0.0,0.0,0.0,0.0,0.0,1280.0,971.3,809.1,710.3,653.0,611.6,554.4,44.5,43.0,42.2,41.1,39.7,38.8,38.8,145.8,147.8,148.7,152.3,158.3,162.5,179.8,1417.8,1152.5,1014.0,926.3,868.1,835.0,818.5,918.8,760.9,676.8,632.5,607.5,592.9,581.4,866.9,725.3,650.5,613.6,592.5,578.9,564.9,836.2,696.7,624.5,594.3,578.5,563.8,542.6,775.8,643.9,589.7,563.5,546.1,534.6,519.4,758.3,633.7,582.9,554.5,530.0,507.9,478.0,782.0,648.8,591.0,560.2,534.3,509.5,471.4,864.7,701.6,618.4,578.6,552.0,527.3,482.0,1010.9,799.9,684.6,619.8,585.0,561.7,520.5,1167.3,923.6,790.5,713.5,661.9,625.3,575.7,0.6662,0.8768,0.9978,0.5149,0.7044,0.8259,0.0,0.0000,2026,0.7990,750.9,03420004LIE,6.095,3668,17.7,15.6,17.4,0.0,46.8,900.6,684.3,601.3,1165.3,851.8,726.5,754.7,689.2,0.7950,0.8706,685.8,566.6,539.8,40.0,179.8,832.2,582.1,563.3,531.6,508.9,464.3,447.2,448.7,482.7,539.4,1899.6,1431.5,1881.7,46.7,141.7,2078.3,1316.0,1218.0,1158.9,1084.2,1055.0,1092.5,1243.7,1490.3,1720.8
GRE,00740,GR1495,GRE-1495,NEUSIS,CONDOR (TARTAN) 37,CONDOR,S & S,1976,NOEF,,,,ORC,CLUB,C,400,18 03 2026 12:27:24,11.308,8.961,2.004,3.55,7029.,0.0,0.62,700.2,0.7754,773.8,0.9656,621.4,1164.4,931.7,808.9,738.0,697.8,673.2,646.5,0.0,0.0,0.0,0.0,0.0,0.0,0.0,895.0,728.6,642.8,596.6,570.7,554.0,534.3,0.0,0.0,0.0,0.0,0.0,0.0,0.0,1156.9,874.0,726.2,638.7,592.7,559.4,508.8,44.5,41.9,40.8,40.4,40.3,40.2,40.4,144.8,147.6,148.1,150.4,154.8,159.9,178.8,1239.6,1007.2,889.6,825.4,793.4,780.2,775.9,804.6,672.4,601.6,565.0,547.1,538.6,534.1,760.1,641.8,578.6,546.9,530.8,522.0,516.3,733.2,620.7,561.6,532.0,515.7,505.2,493.0,718.3,596.3,539.9,515.0,504.1,496.2,479.2,698.9,578.4,525.7,499.9,481.2,465.1,446.5,719.9,592.3,532.0,502.7,481.5,462.2,431.2,800.7,646.1,561.5,519.4,494.4,473.3,435.0,943.2,741.5,630.6,563.6,526.1,503.3,467.5,1089.2,856.2,728.1,650.7,602.1,566.3,517.1,0.7391,0.9732,1.0893,0.5725,0.7815,0.8964,0.0,0.0000,2026,0.8853,677.7,03420004I6N,7.754,7642,27.4,26.4,37.8,0.0,86.8,811.8,616.5,550.8,1048.0,767.8,669.3,679.0,625.7,0.8836,0.9590,638.9,526.3,498.2,41.5,178.8,794.5,538.3,517.8,490.1,466.0,436.1,417.3,407.5,434.7,483.3,1708.9,1289.1,1699.1,47.1,140.8,1806.8,1141.3,1056.1,1005.4,1006.8,980.6,1014.1,1160.0,1395.2,1611.0
GRE,00725,GR1500,GRE-1500,IKARIA,VINDO 995,VINDO SWEDEN AB,Lennart Sandell,1987,SEANATK,,,,ORC,CLUB,C,300,05 04 2026 18:33:31,9.908,8.470,1.581,3.26,6443.,0.0,0.72,737.4,0.7334,818.1,0.9182,653.4,1236.4,990.7,861.4,781.8,732.6,703.1,671.4,0.0,0.0,0.0,0.0,0.0,0.0,0.0,946.7,771.1,679.8,627.6,596.4,577.2,555.0,0.0,0.0,0.0,0.0,0.0,0.0,0.0,1228.9,928.3,770.8,673.2,619.9,582.7,528.6,45.8,43.8,42.7,42.0,41.6,41.5,41.6,145.3,147.5,148.3,150.5,155.9,160.6,175.7,1311.4,1071.2,948.2,873.1,830.4,811.6,804.4,838.4,701.8,629.2,588.1,566.2,554.8,549.9,785.8,665.9,602.0,568.1,549.2,538.4,531.9,753.7,641.2,582.0,551.7,533.9,522.1,508.1,760.6,628.5,563.4,532.8,515.8,505.5,493.2,743.4,615.1,554.5,525.1,504.9,487.0,456.4,768.7,632.3,563.6,530.1,508.4,489.0,452.7,856.2,689.1,597.3,549.2,522.5,502.3,463.9,1005.8,788.3,670.9,598.1,555.7,530.5,495.6,1161.4,910.2,774.7,690.5,634.9,594.6,538.3,0.6986,0.9243,1.0458,0.5388,0.7376,0.8589,0.0,0.0000,2026,0.8399,714.4,03420004KCL,7.160,6918,26.3,24.2,33.3,0.0,60.6,858.9,649.1,573.7,1113.6,813.4,698.6,713.1,660.3,0.8415,0.9086,664.6,545.5,514.9,42.9,176.2,823.8,551.8,530.7,503.3,479.4,441.4,428.5,432.8,462.5,505.4,1817.1,1363.4,1808.2,48.4,141.9,1905.9,1189.8,1087.1,1024.7,1052.3,1046.1,1088.2,1248.7,1496.7,1728.3
GRE,01247,GR1511,GRE-1511,EINAR,HANSE 470e,HANSE,JUDEL/VROELIJK,2007,NOTK,,,,ORC,CLUB,C,320,14 05 2026 11:22:18,14.200,12.872,2.581,4.45,13670.,0.0,0.29,577.2,0.9398,638.4,1.1744,510.9,975.6,778.4,669.6,606.7,572.6,551.0,525.2,0.0,0.0,0.0,0.0,0.0,0.0,0.0,744.9,604.4,530.0,489.5,467.3,452.6,433.0,0.0,0.0,0.0,0.0,0.0,0.0,0.0,971.2,729.6,600.2,524.1,485.5,457.1,412.7,43.9,41.8,40.6,39.8,39.3,39.0,39.1,141.7,146.0,148.8,150.5,153.6,159.0,164.6,1019.7,824.6,720.9,665.7,641.2,629.5,621.0,663.6,550.3,489.3,458.5,444.8,438.8,432.9,626.0,525.1,471.5,444.4,431.4,425.2,419.2,600.2,507.4,459.2,434.0,419.4,409.9,399.7,586.5,486.8,441.4,422.2,413.0,404.9,386.1,580.8,479.9,433.7,410.0,392.5,379.7,364.3,598.4,492.0,441.0,414.8,395.2,377.9,348.9,673.7,542.4,471.3,433.4,410.4,391.2,355.5,806.7,634.1,535.4,474.6,439.1,417.4,383.7,931.5,732.2,618.2,547.8,504.1,472.4,429.4,0.8893,1.1834,1.3366,0.6841,0.9472,1.0974,0.0,0.0000,2026,1.0738,558.8,03420004PU3,11.468,14313,45.7,66.7,41.5,0.0,142.3,674.7,507.0,448.9,877.1,633.4,546.7,555.5,520.3,1.0801,1.1531,512.9,421.6,400.6,39.9,162.8,627.8,432.9,418.2,395.4,375.4,354.9,332.7,319.3,352.3,398.1,1425.8,1069.3,1420.3,46.8,137.9,1480.8,935.7,864.7,815.5,821.7,812.3,844.5,975.5,1187.1,1370.8
GRE,00789,GR1515,GRE-1515,AGAPI,DUFOUR 40Ε,DUFOUR,FELCI/ROSEO,2009,NOPF,,,,ORC,CLUB,C,480,11 03 2026 21:27:21,12.013,10.979,2.123,3.88,8431.,0.0,0.32,618.5,0.8765,684.5,1.0939,548.5,1038.9,830.4,716.4,651.2,615.9,593.3,567.8,0.0,0.0,0.0,0.0,0.0,0.0,0.0,792.5,645.0,568.1,526.4,503.2,487.9,467.9,0.0,0.0,0.0,0.0,0.0,0.0,0.0,1034.3,778.4,642.7,563.4,522.9,493.0,445.1,44.7,42.3,41.1,40.2,39.7,39.4,39.7,142.4,147.1,149.0,151.1,155.6,161.4,179.3,1084.1,881.5,774.3,717.4,693.0,682.0,677.4,700.9,585.0,523.7,493.8,480.1,474.2,469.4,659.7,557.2,504.9,479.0,466.0,459.7,454.0,631.7,537.6,491.3,467.3,452.6,442.5,432.1,626.1,521.9,475.0,452.8,441.8,434.2,415.4,620.3,514.1,467.7,443.0,423.8,407.6,387.8,640.2,527.5,475.2,448.0,427.1,407.9,374.3,721.0,580.4,505.2,466.8,443.0,422.4,383.8,860.5,674.9,570.3,507.2,471.8,449.7,414.1,993.6,779.3,658.5,585.1,538.9,504.6,458.3,0.8348,1.1021,1.2391,0.6420,0.8836,1.0180,0.0,0.0000,2026,1.0008,599.5,03420004HH4,9.822,9172,33.3,48.4,32.6,0.0,95.5,718.7,544.4,484.2,934.6,679.0,589.4,596.4,557.4,1.0061,1.0764,556.9,456.3,431.8,40.7,179.3,688.6,470.2,453.3,427.3,403.6,374.4,353.4,345.9,380.3,425.1,1516.9,1136.3,1511.7,47.6,138.6,1568.3,985.8,906.8,853.6,875.0,868.6,903.4,1045.3,1269.2,1465.5
GRE,00752,GR1521,GRE-1521,ATLAS,FEELING 44 (DK),KIRIE,MORTAIN/MAVRIKIOS,2002,NOTK,,,,ORC,CLUB,C,863,03 08 2026 13:20:54,13.400,11.845,2.256,4.23,8500.,0.0,0.34,606.8,0.8959,669.7,1.1228,534.4,1050.0,829.0,707.6,634.3,592.9,569.1,541.0,0.0,0.0,0.0,0.0,0.0,0.0,0.0,799.1,642.3,558.5,510.6,483.0,465.7,442.9,0.0,0.0,0.0,0.0,0.0,0.0,0.0,1048.6,777.8,633.8,547.0,501.9,470.8,422.6,45.1,43.1,41.3,39.8,38.7,38.9,39.0,142.6,146.4,148.3,149.4,152.0,156.9,174.5,1064.3,856.3,744.1,678.2,646.3,634.6,628.5,683.9,564.2,502.5,469.6,453.7,447.0,443.0,641.4,536.9,484.3,456.8,441.8,433.8,428.7,614.8,518.9,471.9,447.0,430.6,418.6,406.7,628.9,524.1,467.5,439.3,421.6,411.2,390.9,642.9,521.0,462.0,432.2,410.1,390.7,359.9,664.9,537.6,472.1,438.8,415.3,394.1,354.5,752.0,595.0,509.5,461.7,433.9,411.8,370.4,896.9,694.3,581.2,511.3,468.2,442.0,404.3,1035.7,801.7,671.1,590.4,539.4,503.6,453.4,0.8325,1.1307,1.3001,0.6386,0.9028,1.0629,0.0,0.0000,2026,1.0245,585.7,03420004W10,10.771,9731,36.5,41.6,52.2,0.0,93.1,720.7,530.6,461.5,939.6,664.6,564.5,576.0,553.2,1.0417,1.0845,528.2,428.9,404.7,40.2,174.9,638.9,443.7,427.8,401.8,377.9,342.2,318.4,327.5,369.4,417.5,1549.7,1158.9,1549.5,47.6,139.7,1551.1,974.2,895.6,842.6,869.4,921.8,957.3,1109.2,1340.8,1548.2
GRE,00754,GR1522,GRE-1522,ALKYON,FEELING 486,KIRIE,GILLES VATON,1994,NASK AIOLOS,,,,ORC,CLUB,C,800,15 04 2026 22:58:08,13.700,11.949,2.014,4.30,10000.,0.0,0.41,646.9,0.8453,709.8,1.0605,565.8,1155.8,898.1,757.6,670.8,616.4,584.4,554.6,0.0,0.0,0.0,0.0,0.0,0.0,0.0,880.3,695.0,595.7,537.5,502.9,482.6,460.6,0.0,0.0,0.0,0.0,0.0,0.0,0.0,1151.7,841.4,677.0,576.8,522.9,487.5,438.8,46.7,44.9,43.2,41.9,40.9,40.5,40.5,146.6,149.2,151.6,154.3,159.0,164.2,175.4,1196.2,946.4,814.7,735.7,691.9,673.1,667.1,757.7,611.7,536.8,494.6,472.3,461.2,456.0,703.6,576.6,511.3,476.2,457.2,446.8,440.1,671.5,553.9,493.7,462.2,444.2,432.6,419.0,689.3,562.7,497.1,461.8,441.5,428.6,408.1,708.9,564.4,489.5,451.1,429.2,412.7,386.6,738.2,583.9,500.8,456.6,431.8,413.0,381.4,825.1,642.2,540.6,480.6,447.0,425.4,389.3,965.9,735.9,607.3,527.6,477.0,446.8,409.2,1115.3,849.7,700.5,605.8,540.9,495.7,442.1,0.7618,1.0688,1.2515,0.5843,0.8510,1.0323,0.0,0.0000,2026,0.9668,620.6,03420004LIM,10.094,11192,38.4,32.1,57.3,98.8,0.0,787.6,561.4,479.4,1026.9,705.1,581.2,615.2,581.4,0.9753,1.0319,548.2,451.0,424.7,42.0,176.3,687.6,460.0,440.8,415.3,394.4,371.6,353.5,355.3,376.1,408.8,1732.8,1303.3,1728.0,48.4,144.8,1780.1,1112.9,1015.3,953.9,988.6,1039.1,1088.7,1234.5,1459.6,1685.4
GRE,00755,GR1524,GRE-1524,KATE MARY V,SUN ODYSSEY 32,JEANNEAU,,1993,SEANATK,,,,ORC,CLUB,C,400,25 03 2026 14:53:30,9.330,8.466,1.472,3.28,4400.,0.0,0.40,731.3,0.7400,810.8,0.9294,645.6,1256.5,994.5,856.1,771.6,719.4,689.0,661.8,0.0,0.0,0.0,0.0,0.0,0.0,0.0,955.9,768.1,672.5,618.6,585.7,565.5,543.6,0.0,0.0,0.0,0.0,0.0,0.0,0.0,1246.4,929.1,764.1,663.9,608.5,570.8,516.9,46.3,44.5,43.1,42.3,41.3,40.8,41.1,144.7,146.9,147.8,150.4,155.9,161.0,178.4,1357.9,1090.5,954.1,869.3,818.0,795.6,793.1,865.0,708.7,628.9,583.7,559.4,547.1,541.5,807.7,670.2,599.9,563.3,542.9,531.3,523.4,776.1,644.3,579.0,547.2,528.5,515.4,498.9,741.7,608.8,549.0,521.7,505.4,496.0,483.3,727.7,596.1,540.5,513.0,491.6,472.3,441.5,754.3,614.1,549.2,518.3,495.4,473.9,435.0,846.9,674.4,582.1,537.6,511.6,489.6,447.1,1000.4,778.1,656.5,583.8,543.8,520.1,482.6,1155.1,898.5,758.1,673.9,620.8,582.3,530.5,0.6960,0.9363,1.0670,0.5331,0.7451,0.8742,0.0,0.0000,2026,0.8487,706.9,03420004IW5,7.184,4974,21.5,21.8,23.6,0.0,59.1,862.1,640.8,562.3,1125.5,805.3,686.3,708.0,649.6,0.8474,0.9236,658.3,534.9,502.6,42.8,178.6,820.7,546.5,524.3,493.9,469.2,426.4,405.3,409.8,446.4,495.9,1866.3,1398.4,1852.1,48.0,141.5,2008.0,1259.3,1153.8,1093.6,1058.1,1035.3,1078.9,1243.6,1493.5,1724.5
GRE,00802,GR1528,GRE-1528,STAVENTO,MAXI 95,MAXI,PELLE PETERSON,1976,SEANATK,,,,ORC,CLUB,C,400,12 03 2026 14:02:22,9.254,7.812,1.493,3.15,3856.,0.0,0.45,727.2,0.7528,797.0,0.9267,647.4,1188.4,957.4,833.3,759.8,719.4,695.9,675.4,0.0,0.0,0.0,0.0,0.0,0.0,0.0,916.8,753.9,669.2,622.8,597.1,580.5,561.4,0.0,0.0,0.0,0.0,0.0,0.0,0.0,1182.8,900.1,752.2,665.4,619.9,585.8,531.8,44.9,42.9,41.5,41.0,40.8,40.7,41.5,147.8,151.8,155.6,161.2,167.3,175.4,177.7,1244.3,1027.8,917.4,860.2,838.1,829.9,838.5,802.3,680.2,618.7,588.7,575.0,569.9,568.4,755.5,648.4,596.6,570.4,556.8,551.3,547.3,728.6,626.8,579.3,554.0,538.6,528.4,518.6,740.6,630.7,574.1,547.2,530.9,516.1,494.4,742.0,618.5,562.2,532.5,510.8,492.9,471.0,768.2,634.5,569.1,535.1,510.5,488.5,453.8,846.7,685.8,597.8,552.4,523.8,498.9,454.4,980.7,769.5,653.9,586.0,547.9,521.8,475.8,1132.5,887.0,749.2,659.4,600.8,561.9,512.2,0.7183,0.9335,1.0390,0.5592,0.7588,0.8645,0.0,0.0000,2026,0.8520,704.2,03420004HIR,6.919,4426,21.0,22.5,28.2,57.4,0.0,835.3,642.7,577.5,1073.0,790.7,694.0,706.5,650.2,0.8493,0.9228,670.3,554.0,520.9,43.4,177.2,869.7,575.2,549.4,514.5,482.7,458.3,437.1,420.7,436.3,470.9,1722.4,1297.8,1718.0,47.4,143.9,1766.7,1111.0,1022.1,966.2,991.5,1031.4,1075.5,1221.0,1453.4,1678.2
GRE,00794,GR1529,GRE-1529,THALASSINOS AETOS,GIBSEA 334,GIBERT MARINE,Joubert/Nivelt,1996,NAOEFK,,,,ORC,INTL,C,400,12 08 2026 11:15:32,9.795,8.578,1.830,3.45,5213.,108.2,0.53,711.5,0.7748,774.4,0.9534,629.3,1189.4,951.6,821.5,736.9,685.5,657.2,631.0,0.0,0.0,0.0,0.0,0.0,0.0,0.0,919.2,748.5,657.0,603.0,571.7,552.7,531.7,0.0,0.0,0.0,0.0,0.0,0.0,0.0,1183.3,894.2,739.8,644.1,593.3,558.4,508.2,44.3,42.3,41.0,40.3,39.6,39.2,39.3,147.6,151.2,153.9,159.2,165.1,170.7,177.7,1250.3,1023.2,902.9,826.2,783.3,766.4,762.2,812.9,682.2,611.3,569.9,548.2,537.8,533.5,769.9,652.2,588.7,553.8,534.2,523.8,517.7,746.3,632.8,572.4,540.5,521.5,508.9,494.8,749.9,620.2,555.6,526.8,513.7,498.2,478.7,732.5,606.4,545.0,514.4,494.4,478.5,459.4,759.4,623.3,553.3,517.7,494.6,474.7,441.6,839.0,675.6,583.3,535.2,507.1,484.6,443.8,977.3,762.8,643.7,571.5,531.4,506.2,464.8,1128.5,880.0,740.0,647.6,587.6,548.1,499.9,0.7196,0.9595,1.0917,0.5605,0.7791,0.9168,0.0,0.0000,2026,0.8756,685.2,03420004WBB,7.556,5795,23.7,22.2,28.5,71.2,0.0,833.8,625.3,549.6,1070.5,770.1,654.5,686.1,635.7,0.8745,0.9438,623.1,521.3,496.6,40.6,176.8,783.6,537.4,518.7,491.6,466.7,432.8,424.8,410.9,428.0,462.6,1744.9,1321.6,1738.5,46.9,143.8,1808.1,1143.0,1061.9,1014.8,1048.4,1029.7,1073.7,1220.7,1456.4,1681.7
GRE,00800,GR1533,GRE-1533,KIRKI,OCEANIS 393,BENETEAU,BERRET/RACOUPEAU,1999,IO IOANNINON,,,,ORC,CLUB,C,400,02 04 2026 07:34:17,11.624,10.686,1.878,4.00,7652.,0.0,0.39,651.4,0.8326,720.6,1.0434,575.1,1119.5,887.1,757.3,681.5,641.3,618.8,597.2,0.0,0.0,0.0,0.0,0.0,0.0,0.0,851.5,685.4,597.3,549.2,523.0,507.1,488.8,0.0,0.0,0.0,0.0,0.0,0.0,0.0,1112.6,829.9,677.6,588.4,543.3,512.0,464.0,46.0,43.7,42.3,41.2,40.6,40.4,40.7,143.8,146.9,146.7,150.2,153.7,158.8,163.0,1189.1,956.6,835.2,763.8,727.7,715.1,715.6,759.4,626.5,556.7,518.5,500.1,492.3,489.8,710.0,594.1,533.1,501.4,485.2,476.8,472.7,678.0,571.5,516.1,487.9,471.5,460.5,448.9,676.6,556.0,498.4,473.2,461.8,453.8,433.7,652.4,535.3,483.2,457.4,438.5,423.4,405.1,672.6,546.2,488.9,460.4,439.0,420.2,388.2,766.4,602.1,517.1,477.5,452.9,432.0,393.1,909.2,708.0,588.4,519.0,483.6,461.6,426.4,1049.9,817.5,679.4,599.2,554.9,522.5,478.7,0.7808,1.0526,1.1899,0.5980,0.8405,0.9735,0.0,0.0000,2026,0.9529,629.7,03420004K3V,9.165,8312,32.1,31.7,39.0,0.0,104.3,768.4,570.0,504.2,1003.3,713.9,616.3,629.9,580.7,0.9526,1.0333,596.1,482.4,454.2,42.5,161.4,746.0,497.8,476.1,447.2,421.5,391.5,369.4,354.3,393.1,446.1,1656.6,1242.0,1647.4,48.4,140.2,1748.1,1092.9,997.4,936.7,965.2,944.9,977.3,1123.9,1355.5,1565.1
GRE,00845,CRO1489,GRE-1550,ANAX,First 34.7,Beneteau,Farr,2005,NAOB,,,,ORC,INTL,C,630,02 09 2026 10:22:09,9.982,9.125,2.001,3.37,4617.,128.6,0.20,645.8,0.8548,701.9,1.0446,574.4,1060.3,851.2,735.9,668.2,630.9,608.5,582.5,0.0,0.0,0.0,0.0,0.0,0.0,0.0,817.0,669.4,594.5,553.1,529.7,513.2,490.3,0.0,0.0,0.0,0.0,0.0,0.0,0.0,1056.4,800.5,666.1,588.9,549.4,518.7,468.8,43.7,41.6,40.0,38.5,38.0,38.2,38.5,145.5,150.1,153.6,160.1,167.1,175.4,177.2,1098.4,901.2,796.4,740.6,717.8,707.1,701.0,717.7,605.0,550.5,523.6,510.6,504.7,498.9,680.4,580.2,535.1,511.5,498.2,490.9,483.9,658.3,564.5,523.6,501.3,485.4,473.9,460.8,660.9,556.2,512.1,491.4,481.6,466.4,442.5,653.4,546.8,503.7,478.2,457.7,441.5,421.9,675.4,560.4,510.1,481.6,457.9,436.5,400.8,752.1,608.1,534.9,498.6,472.8,448.4,401.6,885.2,693.9,587.2,528.3,496.2,472.1,426.7,1022.1,801.1,675.3,595.7,544.0,509.8,463.9,0.8073,1.0513,1.1794,0.6278,0.8612,0.9928,0.0,0.0000,2026,0.9612,624.2,03420005008,8.628,5463,23.8,34.7,25.1,78.5,0.0,743.2,570.7,508.7,955.7,696.7,604.4,622.6,581.5,0.9638,1.0318,566.8,474.2,452.8,39.7,171.8,710.8,498.9,482.3,454.5,427.8,406.2,380.4,350.5,381.5,422.9,1537.6,1160.5,1534.5,46.3,140.2,1567.9,996.5,925.6,880.6,906.7,910.3,944.9,1083.8,1305.3,1507.2
GRE,00877,GR1556,GRE-1556,MEDOUSA III,ATHENA 44,DROMOR YACHTS,,1992,NAOB,,,,ORC,CLUB,C,600,17 03 2026 20:54:09,13.000,11.421,2.063,4.17,11171.,0.0,0.51,654.8,0.8359,717.8,1.0432,575.1,1146.7,898.9,765.2,681.7,627.8,594.3,561.5,0.0,0.0,0.0,0.0,0.0,0.0,0.0,873.4,697.0,602.9,548.7,516.3,496.4,474.2,0.0,0.0,0.0,0.0,0.0,0.0,0.0,1142.0,842.5,684.4,588.3,536.3,501.7,455.5,46.0,43.7,42.2,41.2,40.4,39.9,39.3,143.3,149.2,152.3,155.2,160.8,165.9,177.7,1193.3,952.4,827.7,751.9,706.9,682.6,666.6,760.9,623.4,551.4,510.5,489.1,477.2,468.6,710.8,591.4,527.5,493.9,475.9,465.3,456.0,682.3,570.7,511.2,481.3,464.6,453.7,439.8,699.3,569.9,501.3,469.2,452.5,442.1,431.1,686.7,556.2,491.0,460.9,443.1,428.6,402.9,711.9,574.2,501.4,466.2,446.1,430.3,400.8,800.1,631.9,539.9,487.4,459.7,441.6,410.8,952.6,732.2,609.8,533.5,487.2,460.8,427.5,1100.0,845.5,702.7,611.5,548.6,506.0,456.4,0.7642,1.0508,1.2170,0.5866,0.8402,1.0163,0.0,0.0000,2026,0.9521,630.2,03420004I4L,9.654,12106,38.0,32.9,51.7,100.5,96.8,785.1,571.0,493.0,1022.8,714.1,590.4,625.6,587.8,0.9590,1.0207,548.6,461.4,440.4,39.7,178.1,670.6,469.2,455.0,433.5,418.1,386.6,374.2,380.0,397.3,426.7,1709.6,1282.7,1703.9,48.1,141.2,1767.0,1107.7,1013.9,957.5,992.3,991.7,1034.1,1188.2,1430.9,1652.2
GRE,00858,GR1563,GRE-1563,PILEFS,HALLBERG RASSY 352,HALLBERG RASSY,Rassy/Enderlein,1978,NOTK,,,,ORC,CLUB,C,500,10 03 2026 18:49:45,10.469,8.728,1.621,3.40,6700.,0.0,0.62,696.2,0.7754,773.8,0.9644,622.2,1127.7,913.9,801.6,741.2,707.7,685.9,663.8,0.0,0.0,0.0,0.0,0.0,0.0,0.0,866.2,715.1,639.2,600.3,578.6,563.8,546.6,0.0,0.0,0.0,0.0,0.0,0.0,0.0,1121.2,857.6,720.9,642.5,601.3,568.9,518.0,44.9,42.7,41.5,41.4,41.5,41.6,42.4,144.8,148.1,148.8,152.1,158.1,162.3,177.1,1193.3,985.3,882.4,834.2,814.8,805.9,809.3,769.0,653.1,594.6,567.2,554.7,549.5,547.0,724.0,622.6,572.8,548.8,536.8,531.8,527.9,696.2,601.2,556.0,533.0,519.7,511.2,503.7,700.5,591.0,542.4,521.0,511.1,499.9,482.7,683.9,574.8,529.1,505.1,487.1,472.2,453.9,704.2,586.8,534.8,507.9,487.0,468.0,437.9,781.6,637.4,561.1,524.0,500.3,479.4,440.8,919.9,729.6,624.2,562.7,529.5,508.3,472.5,1062.2,842.5,720.8,648.2,600.6,565.8,518.3,0.7589,0.9718,1.0694,0.5878,0.7819,0.8784,0.0,0.0000,2026,0.8851,677.9,03420004HC5,7.568,7415,28.7,32.6,37.0,0.0,85.8,790.6,617.4,561.1,1020.8,767.4,683.1,679.1,624.0,0.8836,0.9615,658.1,539.3,508.1,44.1,177.1,830.5,549.9,528.2,499.7,472.5,443.2,424.2,413.3,438.8,485.6,1627.2,1222.4,1620.0,48.0,140.2,1698.7,1066.4,977.4,921.2,945.8,945.9,977.2,1116.7,1347.2,1555.6
GRE,00873,GR1577,GRE-1577,METATRON II,FIRST 44.7,BENETEAU,FARR,2003,NOTK,,,,ORC,INTL,C,740,16 06 2026 12:34:39,13.352,11.953,2.551,3.97,9838.,119.9,0.21,575.7,0.9471,633.5,1.1712,512.3,947.3,761.1,658.9,603.5,575.1,556.0,531.1,0.0,0.0,0.0,0.0,0.0,0.0,0.0,728.0,595.5,528.1,493.2,473.7,460.0,440.4,0.0,0.0,0.0,0.0,0.0,0.0,0.0,942.7,714.8,594.2,526.3,491.6,464.2,422.1,43.6,41.2,39.7,38.6,38.0,37.8,37.7,142.1,146.0,149.2,151.6,155.0,159.9,162.6,992.6,808.8,713.0,666.3,647.1,636.7,627.2,649.0,543.7,490.7,466.9,456.9,451.5,445.9,614.1,520.8,475.4,454.2,444.0,438.9,433.1,590.5,505.1,464.8,443.7,430.9,422.4,413.7,588.4,492.5,453.9,439.2,426.6,414.1,396.8,574.8,479.8,440.0,418.3,403.3,393.3,376.5,588.4,487.2,443.9,419.4,399.6,382.4,359.2,655.2,529.4,466.6,435.1,412.4,391.4,350.8,781.1,617.8,523.9,469.3,440.2,420.0,383.9,901.9,713.4,604.9,540.7,503.2,475.3,435.0,0.9067,1.1799,1.3156,0.7024,0.9554,1.0880,0.0,0.0000,2026,1.0754,557.9,03420004T9P,10.998,10918,38.1,57.0,40.3,0.0,149.6,661.7,508.5,456.1,854.2,628.0,551.5,556.8,518.3,1.0776,1.1575,516.0,426.4,408.9,38.5,155.9,631.8,445.1,432.4,409.6,387.4,362.9,341.5,306.7,347.2,400.1,1373.2,1037.5,1367.6,46.7,138.7,1429.1,907.0,840.2,795.2,819.2,803.4,830.8,941.1,1140.8,1317.3
GRE,00882,GR1579,GRE-1579,ANEMOS,GRAND SOLEIL 46.3,CANTIERE DEL PARDO,J & J,1998,IO HALKIDAS,,,,ORC,CLUB,C,700,17 04 2026 10:05:07,13.980,11.979,2.214,4.40,11000.,0.0,0.32,613.5,0.8899,674.3,1.1101,540.5,1057.7,836.0,716.3,642.7,594.3,563.0,531.0,0.0,0.0,0.0,0.0,0.0,0.0,0.0,807.1,648.8,565.7,517.9,487.9,468.6,445.5,0.0,0.0,0.0,0.0,0.0,0.0,0.0,1051.1,782.9,641.2,554.8,506.8,473.6,426.8,45.4,43.1,41.5,40.4,39.3,38.6,38.3,142.8,146.4,148.6,153.3,159.9,170.9,178.6,1123.6,899.5,782.2,710.0,667.5,645.4,630.9,721.5,592.7,525.6,487.5,466.2,454.6,445.9,676.4,563.4,504.4,472.3,453.9,443.0,433.4,648.8,544.1,489.7,460.7,443.3,431.2,415.6,640.4,525.7,469.7,442.5,427.4,419.0,405.9,626.3,512.2,459.0,432.3,413.3,396.9,372.3,644.0,524.4,466.1,436.8,416.2,397.5,363.9,721.5,575.3,496.9,455.3,430.9,411.3,373.9,858.9,669.0,563.2,498.9,460.7,436.6,400.7,991.8,772.5,650.4,575.4,521.1,480.6,431.2,0.8243,1.1168,1.2910,0.6337,0.8939,1.0737,0.0,0.0000,2026,1.0143,591.5,03420004LRE,10.413,12052,40.2,47.8,44.7,0.0,123.7,727.9,537.2,464.8,946.8,671.2,558.8,589.8,548.9,1.0173,1.0931,514.9,430.2,409.6,38.7,178.1,631.8,443.8,430.4,408.7,390.2,357.3,337.7,337.7,366.1,397.9,1565.8,1177.3,1556.7,47.4,139.8,1656.8,1042.8,957.8,905.0,915.1,893.7,922.6,1057.5,1277.3,1474.9
GRE,00918,GR1596,GRE-1596,FAIRYTALE,ELAN 40 SD FK,ELAN,HUMPHREYS,2002,OFTh,,,,ORC,CLUB,C,680,22 08 2026 16:31:33,11.913,10.642,2.056,3.84,7873.,109.1,0.25,616.7,0.8830,679.5,1.0926,549.2,1014.4,814.5,706.2,647.6,617.4,596.9,572.3,0.0,0.0,0.0,0.0,0.0,0.0,0.0,778.8,636.7,565.1,528.6,508.7,494.6,475.2,0.0,0.0,0.0,0.0,0.0,0.0,0.0,1009.5,764.7,636.4,564.4,528.1,499.4,454.5,44.2,41.8,40.4,39.6,39.0,38.8,38.7,142.8,147.3,149.0,151.6,156.1,161.4,165.1,1063.6,867.6,767.3,718.3,698.5,687.8,679.4,691.0,580.2,524.5,499.9,489.7,484.4,478.9,653.1,555.2,508.1,486.5,476.1,471.1,465.1,629.6,538.2,496.0,474.8,462.4,454.5,445.8,628.2,525.3,483.3,466.8,456.9,445.1,428.7,614.3,511.7,470.5,448.9,433.0,421.2,404.2,630.4,521.2,474.9,450.5,430.9,413.4,386.1,703.7,568.0,499.0,465.8,443.3,422.6,383.2,836.0,659.4,558.7,500.7,470.6,450.7,415.3,965.3,761.4,645.2,576.9,536.4,506.0,465.3,0.8478,1.1013,1.2225,0.6561,0.8909,1.0121,0.0,0.0000,2026,1.0030,598.2,03420004WMM,9.642,8838,32.4,45.4,35.4,0.0,114.3,707.7,544.8,490.8,914.5,673.5,592.8,597.0,554.6,1.0050,1.0818,558.8,462.4,441.7,39.4,161.4,685.3,478.4,463.7,441.2,418.4,390.3,369.2,345.2,380.4,432.4,1473.7,1111.8,1467.9,47.1,139.3,1531.5,967.8,894.9,848.1,874.8,861.8,889.6,1012.9,1226.2,1415.9
GRE,00911,GR1597,GRE-1597,BLUES,DUFOUR 27,DUFOUR,MICHEL DUFOUR,1972,NOKI,,,,ORC,CLUB,C,260,16 06 2026 12:26:43,8.310,6.603,1.601,2.81,2650.,0.0,0.57,808.5,0.6695,896.2,0.8383,715.7,1357.5,1086.2,943.3,854.3,801.0,772.3,747.4,0.0,0.0,0.0,0.0,0.0,0.0,0.0,1042.9,846.5,744.9,686.3,651.6,631.5,611.9,0.0,0.0,0.0,0.0,0.0,0.0,0.0,1349.3,1018.0,844.3,736.1,677.3,637.4,579.6,44.8,42.7,41.9,41.3,40.8,40.6,41.5,145.3,146.8,147.8,151.2,156.3,160.8,176.6,1440.1,1173.4,1038.1,952.9,909.3,897.0,911.0,932.8,776.7,694.7,647.8,624.6,615.6,617.9,880.8,740.0,666.1,625.9,605.5,595.6,595.5,851.2,714.2,644.4,607.8,586.9,573.4,559.5,826.2,682.3,612.7,581.3,563.3,553.2,536.8,816.4,672.8,605.3,570.9,544.5,521.2,491.5,848.1,693.7,616.2,577.3,548.5,522.4,483.1,944.8,756.1,654.0,599.6,567.5,540.0,493.4,1104.2,865.1,734.8,655.0,607.1,577.8,531.2,1275.0,998.9,848.5,755.7,692.6,647.7,583.8,0.6351,0.8445,0.9536,0.4911,0.6742,0.7791,0.0,0.0000,2026,0.7674,781.9,03420004T9M,5.757,3032,15.4,14.1,20.3,0.0,39.3,944.7,710.5,629.2,1221.7,889.9,770.1,782.4,722.2,0.7669,0.8308,754.8,610.2,568.5,44.2,176.3,967.9,631.9,599.0,558.4,520.1,478.8,458.3,458.5,492.2,541.8,2000.7,1510.7,1990.2,46.7,143.3,2105.4,1333.6,1237.3,1181.6,1164.3,1150.4,1205.3,1379.9,1642.0,1896.0
GRE,00928,GR1608,GRE-1608,SKIRON,STOREBRO ROYAL 33,STOREBRO,CARTER/LINDBLOM,1980,NAO PERAMATOS,,,,ORC,CLUB,C,400,05 04 2026 18:00:48,9.890,7.875,1.596,3.34,4547.,0.0,0.62,775.4,0.6972,860.6,0.8771,684.1,1328.7,1052.7,908.6,821.0,765.3,730.4,696.4,0.0,0.0,0.0,0.0,0.0,0.0,0.0,1015.2,816.3,713.5,655.5,620.1,597.2,572.5,0.0,0.0,0.0,0.0,0.0,0.0,0.0,1318.8,984.8,811.0,704.4,644.6,602.4,543.7,46.0,44.2,42.8,42.1,41.5,41.4,41.5,145.1,146.8,147.6,149.6,155.2,159.9,177.1,1427.4,1147.6,1006.3,922.9,871.8,845.6,837.3,912.7,748.7,666.2,618.8,592.2,576.9,568.1,855.4,710.5,635.9,595.5,572.6,559.0,548.0,824.5,685.7,613.0,576.0,555.2,541.3,523.1,797.7,652.2,581.9,549.4,530.8,517.7,503.7,782.5,640.6,572.7,540.7,518.8,499.0,466.6,812.0,661.2,583.6,546.2,522.4,501.1,463.0,907.6,723.0,621.6,567.7,538.3,516.1,474.5,1065.2,829.4,702.2,622.8,575.2,547.3,509.2,1229.9,957.8,810.8,719.1,658.8,615.3,555.5,0.6552,0.8832,1.0107,0.5039,0.7013,0.8260,0.0,0.0000,2026,0.8011,749.0,03420004KC9,6.556,5117,21.1,19.5,25.4,0.0,52.4,915.8,679.3,593.6,1190.7,855.6,726.4,749.9,689.4,0.8001,0.8703,691.3,563.9,530.6,43.0,177.5,862.9,572.9,548.2,514.7,491.3,451.4,438.7,442.3,473.8,519.7,1973.3,1484.9,1959.8,47.7,143.0,2108.7,1326.1,1219.6,1160.2,1140.5,1112.8,1163.5,1335.1,1591.6,1837.8
GRE,00931,GR1609,GRE-1609,HOY HOY,NORTH WIND 435,NORTH WIND (SPAIN),PRIMROSE ANGUS,1980,SEANATK,,,,ORC,CLUB,C,541,29 04 2026 10:12:29,12.268,10.326,1.627,3.96,10481.,0.0,0.66,655.2,0.8255,726.8,1.0287,583.3,1080.5,870.5,758.3,694.3,659.3,635.6,607.8,0.0,0.0,0.0,0.0,0.0,0.0,0.0,826.3,678.1,602.5,561.6,538.6,523.0,502.4,0.0,0.0,0.0,0.0,0.0,0.0,0.0,1074.3,816.0,680.8,601.2,559.6,528.0,478.9,45.8,43.7,42.5,41.7,41.5,41.2,41.1,144.0,148.0,149.0,151.2,156.1,161.1,175.6,1143.0,938.7,832.8,775.5,749.3,734.6,725.0,729.6,614.5,555.6,526.4,511.8,504.8,498.7,682.1,583.4,534.4,510.4,496.9,489.7,483.4,651.9,562.1,519.2,497.2,483.5,474.1,463.5,659.4,555.1,508.3,485.1,471.6,462.9,449.2,657.4,546.5,499.2,475.0,457.3,441.4,416.8,673.8,557.8,505.0,478.4,459.4,441.3,407.8,746.5,605.7,530.5,493.8,471.7,453.3,415.4,881.7,694.9,592.3,531.6,499.0,478.7,447.3,1018.1,802.4,683.9,613.1,569.2,536.6,490.7,0.7976,1.0359,1.1557,0.6151,0.8315,0.9507,0.0,0.0000,2026,0.9425,636.6,03420004NK1,8.871,11316,35.0,39.6,54.5,0.0,106.4,752.3,579.2,519.2,975.5,721.6,631.1,635.0,588.3,0.9449,1.0199,596.1,490.4,465.2,41.8,176.0,731.2,497.9,480.8,457.6,436.4,400.3,388.0,386.9,414.8,461.0,1570.1,1173.9,1563.1,48.6,140.3,1640.1,1022.4,927.7,863.8,885.5,913.4,947.2,1077.8,1299.2,1500.2
GRE,00930,GR1610,GRE-1610,ALEX,DUFOUR 30 CLASSIC,DUFOUR,J&J DESIGN,1996,IOP,,,,ORC,CLUB,C,425,03 06 2026 18:57:34,9.030,8.063,1.558,3.04,3509.,0.0,0.35,746.3,0.7222,830.8,0.9108,658.8,1287.1,1019.5,878.1,791.2,735.7,704.2,679.1,0.0,0.0,0.0,0.0,0.0,0.0,0.0,974.9,784.5,687.6,631.9,596.6,575.0,553.0,0.0,0.0,0.0,0.0,0.0,0.0,0.0,1274.8,951.2,782.9,679.3,620.3,579.9,523.1,46.4,44.9,43.6,42.6,41.4,41.0,41.6,145.1,147.1,148.3,150.9,156.6,161.5,179.8,1409.5,1131.3,988.4,898.4,842.2,818.9,821.9,896.6,731.6,648.8,600.6,573.2,559.7,555.4,835.7,690.7,617.5,577.8,554.8,542.0,534.8,773.5,641.0,578.6,549.6,536.7,523.6,506.3,732.1,609.8,555.7,528.3,510.4,498.2,485.2,739.4,607.8,550.0,519.6,495.5,474.1,442.5,765.8,625.6,559.3,525.4,499.6,475.5,432.5,856.6,683.9,592.5,546.2,517.6,492.7,445.2,1008.6,786.1,664.9,592.7,552.0,526.2,484.0,1164.6,907.8,767.8,684.0,629.2,589.6,536.3,0.6821,0.9169,1.0486,0.5202,0.7270,0.8539,0.0,0.0000,2026,0.8305,722.5,03420004S17,6.794,4098,19.6,22.2,19.2,0.0,52.7,879.6,654.4,572.2,1153.4,825.3,702.7,726.3,660.3,0.8262,0.9087,679.9,545.9,509.7,43.8,179.8,861.4,564.6,538.4,503.3,471.4,423.9,401.9,402.2,443.5,498.3,1911.5,1424.2,1893.9,48.0,141.9,2087.2,1307.8,1195.8,1099.0,1025.6,1048.6,1091.8,1253.8,1503.2,1735.8
GRE,00950,GR1621,GRE-1621,POCKET ROCKET,UFO 27,COLVIC,HOLMAN & PYE,1977,IO KERKYRAS,,,,ORC,CLUB,R,375,02 09 2026 10:17:15,8.200,6.675,1.525,3.00,2570.,0.0,0.43,752.3,0.7366,814.5,0.8920,672.6,1193.7,972.9,849.9,777.5,738.5,717.2,698.0,0.0,0.0,0.0,0.0,0.0,0.0,0.0,932.3,773.4,693.2,649.7,624.7,608.0,587.9,0.0,0.0,0.0,0.0,0.0,0.0,0.0,1188.1,916.7,772.9,690.8,647.6,614.6,562.3,43.0,41.5,40.1,38.8,38.3,38.2,38.9,148.5,152.5,156.1,163.7,170.2,177.2,177.2,1249.5,1044.3,933.7,875.4,849.9,841.5,851.2,824.8,702.3,647.2,620.5,606.3,599.3,598.0,786.9,676.1,630.1,606.6,592.5,583.8,579.8,766.4,661.7,616.9,593.6,577.3,564.7,548.9,776.8,654.1,605.0,581.8,569.1,556.7,529.9,759.6,642.1,594.2,566.3,543.0,523.4,501.3,784.3,655.5,599.7,568.6,542.4,518.3,485.1,856.2,701.2,622.2,584.3,556.4,529.5,484.1,985.5,782.8,670.2,611.8,579.7,554.0,505.1,1137.9,901.5,766.1,679.7,627.1,592.9,544.8,0.7035,0.8979,0.9923,0.5539,0.7424,0.8388,0.0,0.0000,2026,0.8239,728.2,03420005007,6.247,3088,15.2,14.3,22.6,50.7,0.0,852.9,668.2,604.7,1083.2,808.2,715.3,730.0,675.0,0.8219,0.8889,692.2,580.3,550.6,40.7,177.2,883.1,603.8,581.5,545.0,513.7,489.2,468.8,452.8,468.0,501.4,1710.7,1302.3,1706.7,46.0,143.9,1751.3,1117.5,1044.1,1002.2,1033.6,1040.4,1079.8,1217.6,1446.4,1670.2
GRE,00962,GR1626,GRE-1626,GORGO,DUFOUR 1800,CONRADA STOCZNIA,Laurent Cordelle,1979,ASIATh RODOU,,,,ORC,CLUB,C,400,18 03 2026 11:48:35,7.399,6.586,1.317,2.63,2200.,113.3,0.46,798.2,0.6915,867.7,0.8475,708.0,1324.1,1062.7,919.1,824.4,770.4,741.5,716.6,0.0,0.0,0.0,0.0,0.0,0.0,0.0,1020.3,833.4,735.9,680.2,647.7,627.4,602.8,0.0,0.0,0.0,0.0,0.0,0.0,0.0,1315.9,996.8,828.1,725.9,671.5,633.9,576.5,44.5,42.7,42.3,40.8,39.4,39.0,39.3,149.2,153.9,156.1,163.7,171.3,178.1,178.6,1405.8,1156.2,1024.3,940.5,891.6,871.3,869.8,913.1,765.0,684.9,647.8,627.5,615.6,609.7,864.5,731.5,661.9,630.2,612.0,600.0,591.0,837.0,709.5,646.0,614.7,596.3,582.3,562.9,808.3,673.0,617.5,591.6,575.2,565.7,546.2,799.3,669.4,613.5,583.1,559.2,537.0,504.6,828.7,686.8,622.2,588.7,562.1,536.8,494.0,935.4,750.6,649.0,605.8,577.9,552.3,502.1,1075.9,842.8,710.0,636.5,600.7,575.0,526.7,1242.3,969.1,813.9,708.4,649.3,611.7,563.3,0.6473,0.8530,0.9627,0.5028,0.6958,0.8115,0.0,0.0000,2026,0.7786,770.6,03420004I6E,5.814,2732,13.9,15.2,12.9,35.8,0.0,926.9,703.4,623.2,1193.3,862.3,739.4,773.7,710.0,0.7755,0.8451,707.4,591.0,560.2,41.0,177.7,895.8,612.7,590.3,555.6,525.6,491.0,470.6,463.8,483.8,519.1,1944.9,1464.5,1935.8,47.1,145.1,2035.2,1285.8,1192.6,1138.2,1122.9,1105.9,1158.8,1355.0,1606.0,1854.5
GRE,00952,GR1627,GRE-1627,ARMIDA,HANSE 370 BK,HANSE,JUDEL/VROELIJK,2005,ASIATh RODOU,,,,ORC,CLUB,C,734,14 04 2026 20:40:51,11.298,10.609,1.998,3.74,7263.,114.6,0.32,656.8,0.8246,727.6,1.0390,577.5,1149.5,904.8,771.8,689.6,640.4,612.0,583.2,0.0,0.0,0.0,0.0,0.0,0.0,0.0,872.1,697.2,604.8,551.4,519.6,500.0,477.2,0.0,0.0,0.0,0.0,0.0,0.0,0.0,1141.7,845.5,688.3,592.0,539.9,504.8,453.8,45.8,44.1,42.6,41.3,40.4,39.9,40.0,143.4,146.8,148.3,149.6,153.7,159.7,179.8,1228.0,979.2,846.5,764.0,717.8,699.1,691.7,784.0,637.8,561.6,517.8,493.9,482.9,476.9,731.9,603.3,536.3,499.8,479.3,468.2,460.5,701.1,581.1,518.6,486.2,466.9,452.8,435.9,672.0,550.0,491.2,463.3,447.1,438.1,422.7,664.9,542.1,484.4,455.4,433.3,414.4,387.8,689.4,560.0,494.9,462.2,438.4,417.3,379.3,779.5,618.9,531.4,484.4,456.9,434.5,393.4,927.6,719.1,603.7,532.7,490.2,464.7,426.5,1071.1,830.4,697.1,615.1,563.0,524.9,474.7,0.7647,1.0464,1.2088,0.5841,0.8303,0.9863,0.0,0.0000,2026,0.9470,633.6,03420004LAF,9.124,8270,32.9,41.4,30.9,0.0,90.6,784.6,573.4,496.4,1027.2,722.6,608.3,631.9,586.8,0.9496,1.0226,571.8,463.9,436.7,41.1,179.8,704.8,478.0,460.0,430.9,406.8,372.0,347.3,351.1,391.6,438.8,1708.9,1276.6,1698.0,47.8,139.9,1818.5,1141.3,1044.8,985.3,957.5,947.1,986.7,1146.3,1385.1,1599.3
GRE,01156,GER163_C,GRE-163,OKYROI II,J/92,J BOATS,JOHNSTONE,1992,NOLE,,,,ORC,CLUB,R,480,02 04 2026 09:36:48,9.120,8.282,1.926,3.05,2807.,106.0,0.00,638.6,0.8569,700.2,1.0490,572.0,1017.7,825.0,721.8,671.1,645.0,626.0,591.0,0.0,0.0,0.0,0.0,0.0,0.0,0.0,785.8,653.0,587.8,554.8,534.9,519.3,489.4,0.0,0.0,0.0,0.0,0.0,0.0,0.0,1015.5,777.9,656.1,589.8,554.5,523.8,470.8,42.1,40.1,38.0,36.7,36.3,36.1,36.1,143.5,148.0,149.3,153.7,158.6,159.9,143.4,1040.1,859.0,768.1,734.6,720.6,713.1,706.9,690.0,590.8,548.8,533.1,526.2,522.1,517.2,659.4,573.9,537.9,521.5,513.6,508.7,502.3,643.0,564.2,529.8,509.3,496.3,488.3,477.7,635.7,551.3,516.0,495.7,482.9,473.4,453.2,629.2,539.6,501.3,475.8,456.4,440.8,404.6,646.6,547.1,504.8,473.0,445.7,419.1,381.0,727.9,590.8,528.3,492.6,459.8,427.4,352.9,861.9,685.1,585.0,529.8,499.4,471.7,411.4,995.3,791.1,675.5,607.6,569.4,538.9,475.1,0.8340,1.0544,1.1720,0.6512,0.8642,0.9715,0.0,0.0000,2026,0.9673,620.3,03420004K4O,8.273,3471,19.2,28.4,27.0,0.0,85.8,719.4,569.0,511.9,921.4,694.3,617.6,618.7,578.9,0.9697,1.0365,541.2,458.0,438.2,37.1,143.1,714.4,516.6,500.3,471.7,439.6,378.4,340.4,291.5,318.8,368.1,1452.0,1100.0,1450.9,45.4,139.5,1462.8,937.9,878.2,842.6,857.2,877.8,907.0,1032.2,1248.0,1441.1
GRE,02185,GR1634,GRE-1634,PHAEDRA,GIBSEA 312 (SK),GIBSEA,HUMPHREYS,1991,NOAM,,,,ORC,CLUB,C,400,10 03 2026 18:11:35,9.080,7.870,1.378,3.30,3500.,0.0,0.37,746.2,0.7242,828.5,0.9095,659.7,1274.2,1011.0,871.1,788.9,738.1,708.9,684.8,0.0,0.0,0.0,0.0,0.0,0.0,0.0,969.4,780.5,685.5,633.2,600.7,580.5,559.0,0.0,0.0,0.0,0.0,0.0,0.0,0.0,1262.6,944.0,778.1,679.4,624.1,585.6,530.1,46.2,44.7,43.3,42.3,41.3,41.0,41.5,144.7,146.9,147.6,150.9,156.7,161.2,179.8,1390.1,1117.0,979.1,896.4,846.0,824.9,827.2,886.5,724.4,645.3,601.8,577.7,565.3,560.6,828.6,685.6,616.3,580.4,560.0,548.2,540.5,796.5,661.8,595.2,563.1,544.0,530.4,513.2,747.8,617.2,561.1,534.7,519.1,510.1,497.3,729.4,602.3,550.4,522.5,499.8,479.3,449.3,758.4,618.3,558.1,527.3,502.6,479.0,438.6,850.9,678.3,588.2,546.5,519.9,495.7,448.4,1003.1,783.8,660.8,590.6,553.4,529.6,489.0,1158.3,905.0,763.0,681.5,630.2,593.0,542.4,0.6858,0.9163,1.0390,0.5251,0.7298,0.8484,0.0,0.0000,2026,0.8309,722.1,03420004HBT,6.710,4060,19.1,18.8,20.2,0.0,58.1,874.9,654.8,577.5,1142.6,822.1,707.2,725.8,660.2,0.8267,0.9088,687.5,553.3,517.2,43.7,179.8,869.0,571.4,544.7,509.7,479.7,434.6,410.8,409.4,449.0,506.1,1888.7,1415.8,1872.2,47.9,141.5,2053.5,1288.3,1181.3,1120.5,1067.1,1039.7,1081.8,1243.2,1492.9,1723.9
GRE,00967,GR1636,GRE-1636,PENY LANE,OCEANIS 393,BENETEAU,BERRET/RACOUPEAU,1999,NAOEFK,,,,ORC,CLUB,C,360,15 04 2026 23:29:48,11.624,10.671,1.898,4.00,8060.,0.0,0.39,655.0,0.8279,724.7,1.0365,578.9,1114.5,884.3,760.9,688.0,648.0,623.8,599.6,0.0,0.0,0.0,0.0,0.0,0.0,0.0,851.8,687.9,601.3,553.4,527.3,511.1,492.7,0.0,0.0,0.0,0.0,0.0,0.0,0.0,1110.1,829.5,681.7,593.2,548.0,516.2,468.1,45.4,43.0,41.8,41.0,40.6,40.3,40.8,143.9,147.1,148.1,149.6,153.4,158.8,175.7,1158.5,936.5,821.4,756.8,727.5,715.9,717.7,744.2,618.3,551.3,516.4,499.6,493.1,491.0,699.8,588.9,530.1,500.0,484.8,477.3,473.8,671.9,568.7,514.8,487.0,471.2,460.7,451.1,684.6,566.0,503.9,475.1,460.7,453.0,434.6,673.0,550.8,492.5,464.3,445.0,429.0,407.1,695.1,566.0,500.9,469.0,447.7,429.4,396.9,781.7,622.4,535.2,488.8,462.5,442.3,405.8,927.1,720.6,606.6,536.2,494.8,470.3,435.8,1070.5,832.1,700.5,619.2,568.5,531.8,481.5,0.7794,1.0452,1.1805,0.6004,0.8349,0.9665,0.0,0.0000,2026,0.9478,633.0,03420004LJ1,9.229,8673,32.4,33.9,40.2,0.0,86.2,769.8,574.1,508.3,999.3,718.6,620.8,629.3,589.8,0.9534,1.0173,592.5,483.7,455.5,42.0,176.6,737.1,495.1,474.7,447.2,423.3,394.0,373.0,370.5,404.2,447.9,1645.6,1233.7,1640.9,48.0,140.4,1692.3,1059.5,971.6,917.8,948.8,959.5,995.3,1148.5,1384.6,1598.8
GRE,00988,GR1645,GRE-1645,ALHIMISTIS ONEIROU,JEANNEAU MELODY,JEANNEAU,Mauric/Vaton,1976,NOAM,,,,ORC,CLUB,C,400,10 03 2026 18:03:18,10.140,8.471,1.849,3.38,6045.,0.0,0.42,703.5,0.7803,768.9,0.9601,625.0,1158.9,926.1,803.7,733.6,693.4,668.1,641.7,0.0,0.0,0.0,0.0,0.0,0.0,0.0,896.1,730.9,645.6,600.2,575.2,558.9,538.8,0.0,0.0,0.0,0.0,0.0,0.0,0.0,1155.2,871.9,725.6,641.3,597.0,563.9,513.5,44.3,41.9,40.8,40.7,40.4,40.4,40.6,147.3,150.9,153.8,158.8,164.4,171.3,177.7,1195.4,979.5,873.8,824.1,803.5,792.7,788.1,778.2,655.7,593.5,564.9,552.2,545.7,542.7,737.5,627.8,573.3,547.6,535.5,529.0,524.8,713.8,609.2,558.2,533.1,519.4,510.3,500.8,727.9,615.5,558.9,529.6,512.2,499.3,480.5,731.6,604.6,544.1,515.4,496.8,483.7,465.9,757.3,619.1,549.8,516.1,493.5,474.6,447.5,836.1,670.7,578.7,531.3,504.0,481.1,441.5,972.0,756.4,638.1,567.0,527.4,502.5,459.6,1122.4,872.8,733.6,643.0,583.2,543.5,495.4,0.7376,0.9678,1.0802,0.5755,0.7864,0.9029,0.0,0.0000,2026,0.8829,679.6,03420004HBQ,7.518,6649,25.4,27.7,43.6,83.9,0.0,813.4,620.0,555.5,1042.6,763.0,664.5,679.7,630.3,0.8828,0.9519,629.8,529.4,501.6,41.5,177.2,802.7,544.4,524.4,496.2,467.4,462.2,434.3,413.9,424.9,456.9,1695.3,1283.0,1692.9,47.1,144.3,1719.0,1087.4,1007.0,960.8,993.2,1032.0,1076.5,1220.5,1447.6,1671.5
GRE,00999,GR1653,GRE-1653,ESTRELLA,APOLLO 12,DROMOR YACHTS,JUDEL/VROELIJK,1989,NAOP,,,,ORC,CLUB,C,350,07 05 2026 10:09:12,11.100,9.337,1.924,3.64,6300.,0.0,0.36,679.9,0.8090,741.7,0.9971,601.8,1145.4,907.3,779.6,704.1,661.0,636.8,613.2,0.0,0.0,0.0,0.0,0.0,0.0,0.0,879.6,710.7,623.4,576.5,550.0,533.8,514.0,0.0,0.0,0.0,0.0,0.0,0.0,0.0,1139.9,852.1,702.2,615.8,570.9,538.9,489.7,45.1,42.7,41.5,40.8,40.2,39.9,40.1,146.2,149.8,152.3,157.7,164.8,170.9,177.7,1200.6,971.0,854.4,792.0,762.6,751.0,749.9,773.8,642.4,575.2,543.1,527.9,521.5,518.3,727.8,611.8,554.1,527.2,512.9,505.6,501.2,698.7,590.4,538.9,513.7,498.6,488.4,477.3,711.7,595.1,535.9,511.1,493.9,480.5,459.9,699.6,575.2,520.8,493.8,475.4,461.3,443.3,723.2,589.2,525.8,495.2,473.8,454.4,423.0,803.6,639.9,551.4,509.0,483.6,462.2,419.6,944.2,730.5,611.7,542.3,506.0,482.4,440.6,1090.2,843.5,704.8,616.1,559.4,522.7,476.5,0.7546,1.0056,1.1311,0.5846,0.8159,0.9464,0.0,0.0000,2026,0.9151,655.7,03420004OV1,8.223,6863,27.1,31.1,38.7,92.5,0.0,795.1,596.7,530.5,1026.3,735.4,634.0,656.5,606.8,0.9139,0.9887,603.7,504.0,477.5,41.5,174.9,769.0,521.4,501.7,473.4,445.9,432.5,408.0,386.9,401.8,438.4,1691.4,1274.8,1685.2,47.5,143.4,1754.1,1102.4,1014.9,960.6,991.4,995.6,1036.2,1179.3,1410.6,1628.8
GRE,01064,GR1658,GRE-1658,SUI GENERIS,MOODY 39,MOODY,PRIMROSE,1975,NOK,,,,ORC,CLUB,C,688,20 05 2026 09:42:02,11.655,9.917,1.675,4.05,8200.,0.0,0.59,733.4,0.7431,807.4,0.9350,641.7,1305.1,1019.2,865.6,768.6,701.8,655.4,613.4,0.0,0.0,0.0,0.0,0.0,0.0,0.0,994.3,788.5,678.4,612.2,570.1,541.8,511.6,0.0,0.0,0.0,0.0,0.0,0.0,0.0,1294.9,952.7,771.5,658.5,592.7,546.8,488.1,47.6,46.3,45.3,44.7,43.7,42.6,41.8,148.3,150.7,154.3,158.2,162.3,167.3,178.1,1407.0,1119.1,970.1,876.4,811.6,765.9,737.1,882.9,711.0,623.2,570.3,538.0,517.8,501.3,810.3,662.8,587.0,543.4,518.1,501.8,485.0,767.3,633.2,562.8,524.0,501.7,486.9,466.3,780.5,639.4,557.4,512.8,488.6,473.1,454.3,782.9,629.1,547.7,505.5,481.2,462.7,428.7,812.5,647.6,559.1,511.4,484.7,465.8,429.3,903.0,704.9,598.3,535.4,499.9,477.4,440.1,1042.1,796.7,662.3,580.0,528.6,497.8,459.3,1203.3,919.4,761.1,660.7,592.0,545.0,489.8,0.6731,0.9398,1.1161,0.5163,0.7453,0.9213,0.0,0.0000,2026,0.8521,704.2,03420004QHM,7.862,9168,35.4,30.0,46.2,76.5,0.0,891.4,638.4,537.6,1162.1,805.0,651.3,706.3,648.6,0.8495,0.9250,606.7,499.6,471.9,43.2,178.1,757.6,503.8,484.0,454.6,437.3,403.3,398.7,405.5,424.8,455.9,1959.1,1473.5,1944.8,49.4,146.6,2102.4,1305.0,1175.3,1093.8,1122.1,1141.9,1194.0,1348.1,1572.6,1815.9
GRE,01062,GR1659,GRE-1659,ANEMOLIA,VILM 106,Rugen,Nissen,1987,NO KALAMAKIOU,,,,ORC,CLUB,C,593,18 03 2026 15:24:31,10.469,8.998,1.709,3.40,8240.,0.0,0.72,775.0,0.6968,861.1,0.8808,681.2,1348.3,1063.1,913.8,821.9,760.2,721.2,678.4,0.0,0.0,0.0,0.0,0.0,0.0,0.0,1030.0,824.2,715.5,651.1,611.1,586.3,560.1,0.0,0.0,0.0,0.0,0.0,0.0,0.0,1340.2,995.3,814.7,701.1,635.8,591.4,532.8,46.5,44.7,43.3,42.3,41.8,41.9,42.2,144.9,146.2,147.6,148.5,152.1,157.5,173.4,1429.4,1145.3,999.5,912.0,855.7,826.4,810.0,907.9,741.5,659.2,608.3,577.0,559.7,548.2,847.2,701.3,627.5,582.8,556.7,541.0,529.5,813.4,678.3,603.7,561.9,538.1,523.5,507.3,824.2,667.5,584.0,540.8,518.3,504.9,491.4,806.5,657.4,574.9,533.2,510.2,493.3,465.1,837.9,678.3,589.2,541.0,514.7,496.4,464.5,936.4,739.8,633.7,568.1,531.6,509.7,476.8,1097.4,849.5,717.1,633.8,576.8,541.7,503.6,1267.1,980.9,828.1,731.9,664.7,616.0,546.7,0.6472,0.8863,1.0297,0.4976,0.7000,0.8393,0.0,0.0000,2026,0.8030,747.2,03420004I7L,7.180,9066,31.0,23.0,37.1,0.0,59.0,927.1,677.0,582.7,1205.8,857.1,714.9,744.4,692.8,0.8060,0.8660,668.1,549.5,518.9,43.6,175.2,826.0,549.2,527.4,501.7,481.9,444.2,437.8,446.4,475.9,510.2,2013.9,1516.7,2003.1,48.4,143.3,2122.1,1327.0,1214.2,1148.0,1184.9,1161.6,1217.5,1391.0,1650.4,1905.7
GRE,01034,GR1664,GRE-1664,ASTARTE,GIN FIZZ,JEANNEAU,M. JOUBERT,1974,NOPF,,,,ORC,CLUB,C,500,16 04 2026 09:29:33,11.298,9.421,1.905,3.76,7893.,0.0,0.58,675.0,0.8029,747.3,0.9996,600.2,1110.0,896.9,782.8,714.8,675.5,649.9,619.3,0.0,0.0,0.0,0.0,0.0,0.0,0.0,853.6,702.0,622.3,577.7,552.0,535.4,512.8,0.0,0.0,0.0,0.0,0.0,0.0,0.0,1104.8,842.2,703.0,618.5,573.5,540.7,489.1,44.6,42.6,41.3,40.7,40.8,40.5,40.6,144.8,148.3,149.1,151.1,155.6,161.0,176.2,1162.3,958.6,852.6,792.9,763.8,750.0,738.4,751.5,636.6,575.5,543.1,525.5,517.4,508.3,709.1,607.7,554.3,525.9,510.5,502.2,491.8,682.6,587.6,538.3,511.8,496.5,486.1,471.4,694.0,580.7,524.4,497.9,484.4,476.6,458.0,680.0,566.4,513.2,486.7,467.8,451.6,429.6,700.1,580.3,520.7,490.8,469.8,451.0,420.2,777.7,632.4,551.6,508.6,483.7,463.4,426.6,916.1,723.4,617.4,552.0,513.8,490.8,455.8,1057.8,835.3,712.9,636.8,587.2,549.9,500.3,0.7714,1.0059,1.1298,0.5979,0.8077,0.9304,0.0,0.0000,2026,0.9161,655.0,03420004LK8,8.257,8619,30.2,26.5,40.7,0.0,89.0,777.8,596.5,531.1,1003.5,742.9,644.9,653.2,607.9,0.9185,0.9870,609.5,502.5,476.1,41.5,176.4,751.6,508.9,490.4,463.5,442.7,417.9,402.5,399.3,424.2,467.4,1605.0,1206.4,1600.0,47.8,140.1,1654.9,1040.8,957.8,904.5,929.7,944.6,976.2,1116.2,1346.8,1555.1
GRE,001014,GR1670,GRE-1670,ERROMENI,FRIENDSHIP 28 (SD),MEIJER,DE RIDDER/KOOPMANS,1970,IOKDP,,,,ORC,CLUB,C,400,02 04 2026 09:43:29,8.400,7.241,1.208,2.71,3504.,0.0,0.62,784.9,0.6974,860.3,0.8618,696.2,1302.0,1046.4,908.1,819.6,766.4,739.2,717.4,0.0,0.0,0.0,0.0,0.0,0.0,0.0,1003.6,819.5,723.0,668.2,636.5,618.5,598.2,0.0,0.0,0.0,0.0,0.0,0.0,0.0,1292.0,980.8,815.7,715.1,660.8,624.2,567.6,46.1,44.3,43.7,42.7,42.1,42.1,42.9,148.7,152.5,156.1,161.4,167.5,176.3,178.3,1401.9,1153.3,1023.6,943.8,899.0,884.1,887.5,892.7,747.7,672.7,632.3,610.7,600.8,598.4,835.4,707.2,643.1,610.5,592.2,582.2,577.0,804.0,683.0,621.9,592.3,574.9,562.8,548.7,816.2,674.6,608.0,578.9,564.2,554.5,531.7,796.2,660.2,596.6,566.1,545.0,527.1,501.8,821.9,676.7,604.0,569.2,545.9,524.8,488.7,906.4,730.3,633.1,585.7,558.3,535.4,492.9,1041.1,815.7,692.0,618.8,580.5,556.0,513.8,1202.1,939.4,792.6,695.3,633.8,594.2,547.3,0.6582,0.8681,0.9751,0.5110,0.7020,0.8132,0.0,0.0000,2026,0.7907,758.8,03420004K4S,6.123,4058,17.6,15.5,23.1,47.6,0.0,911.6,691.2,615.3,1174.2,854.7,737.8,764.5,694.5,0.7848,0.8639,716.3,591.7,555.5,44.9,177.9,923.4,604.3,577.5,544.4,516.6,488.1,467.7,460.0,476.2,509.2,1908.3,1438.1,1896.5,48.9,145.3,2026.0,1261.3,1151.4,1086.8,1116.0,1112.4,1159.3,1311.1,1550.6,1790.5
GRE,01077,GR1683,GRE-1683,EROMENI,OCEANIS 351 (stern extension),BENETEAU,Jean Berret,1994,NOTK,,,,ORC,CLUB,C,425,17 03 2026 20:12:13,10.726,9.440,1.498,3.80,5299.,0.0,0.42,707.9,0.7596,789.8,0.9618,623.8,1227.4,970.9,834.2,750.7,699.5,670.7,647.6,0.0,0.0,0.0,0.0,0.0,0.0,0.0,931.0,747.7,651.8,596.7,563.3,542.8,523.2,0.0,0.0,0.0,0.0,0.0,0.0,0.0,1219.1,907.0,742.8,641.9,585.8,547.1,493.3,47.2,45.6,44.1,43.0,42.1,41.9,42.8,144.7,146.8,147.8,149.2,153.0,158.1,174.8,1310.0,1054.2,921.3,840.7,793.5,775.6,784.9,826.7,677.7,601.7,558.5,534.6,522.9,523.4,766.4,637.4,571.2,535.9,515.9,504.4,500.4,731.0,611.4,550.1,518.2,499.2,485.8,469.8,720.8,592.8,529.7,498.8,479.0,464.9,450.2,722.5,587.9,522.8,490.4,467.3,446.8,412.7,748.0,606.4,533.2,496.8,472.1,450.1,410.4,839.6,665.7,571.1,519.2,489.6,466.7,425.2,991.4,768.6,647.0,572.1,526.4,498.8,460.0,1144.8,887.5,747.1,660.6,605.6,565.8,510.2,0.7148,0.9688,1.1099,0.5459,0.7652,0.8965,0.0,0.0000,2026,0.8766,684.5,03420004I3W,7.875,5939,25.8,20.9,32.6,0.0,59.5,839.4,619.3,540.6,1099.1,784.1,669.3,683.6,630.9,0.8778,0.9510,654.0,519.2,480.4,45.6,175.4,834.8,535.4,503.5,466.9,438.9,390.2,373.5,384.4,425.3,473.2,1823.8,1361.8,1813.0,49.3,141.7,1931.3,1201.0,1087.8,1019.4,1025.6,1034.4,1075.8,1238.9,1486.4,1716.3
GRE,00403,GR169,GRE-169,EARENDIL,WESTERLY 33,WESTERLY MARINE,LAURENT GILES,1979,IO HALKIDAS,,,,ORC,CLUB,C,580,15 04 2026 09:45:02,10.668,8.699,1.690,3.33,7188.,0.0,0.72,760.6,0.7053,850.8,0.8958,669.8,1319.2,1046.1,902.8,812.3,752.6,714.5,679.1,0.0,0.0,0.0,0.0,0.0,0.0,0.0,1001.7,805.8,702.6,641.4,603.3,578.8,553.1,0.0,0.0,0.0,0.0,0.0,0.0,0.0,1309.4,977.1,802.6,691.6,628.2,583.8,526.1,46.3,44.7,43.7,42.8,42.1,41.8,42.1,143.5,145.8,146.7,147.6,150.7,154.6,160.8,1416.8,1139.5,997.1,907.9,848.4,814.9,798.9,900.2,737.3,654.2,602.7,571.9,553.5,540.5,839.7,696.4,621.7,577.6,551.6,536.0,521.8,805.4,672.1,593.3,550.6,528.2,514.6,498.4,779.7,635.3,561.8,527.0,508.6,496.0,483.2,760.5,625.4,555.4,521.5,500.8,483.6,453.6,792.3,648.2,569.2,528.7,505.7,487.0,452.8,893.2,712.6,612.8,554.6,522.8,502.2,466.9,1057.9,825.0,700.1,620.8,569.2,536.4,500.0,1221.6,952.6,808.4,716.8,656.9,614.2,559.2,0.6639,0.9009,1.0429,0.5073,0.7084,0.8442,0.0,0.0000,2026,0.8152,736.1,03420004LCH,7.055,7981,28.1,19.2,32.1,0.0,57.6,903.8,666.0,575.3,1182.7,847.0,710.7,734.3,678.3,0.8171,0.8846,670.3,543.7,512.3,43.6,173.0,818.0,542.8,521.0,493.4,468.0,437.8,429.2,436.9,470.8,522.5,1962.2,1466.3,1948.6,48.5,140.8,2098.4,1311.6,1198.9,1131.0,1114.3,1076.5,1131.4,1315.5,1581.4,1826.1
GRE,00781,GR1692,GRE-1692,TZELA DELTA,SUN LIGHT 30,JEANNEAU,ANDRIEU,1989,NAOL,,,,ORC,CLUB,C,360,23 03 2026 20:51:52,8.872,7.354,1.386,3.22,3100.,0.0,0.34,734.3,0.7465,803.8,0.9202,652.1,1215.8,974.7,843.8,763.6,719.4,697.4,681.8,0.0,0.0,0.0,0.0,0.0,0.0,0.0,935.6,764.0,675.9,626.1,598.2,580.9,563.3,0.0,0.0,0.0,0.0,0.0,0.0,0.0,1206.1,913.9,760.0,669.0,621.0,586.1,532.1,45.5,43.8,42.5,41.2,40.6,41.4,43.1,147.8,151.4,154.8,161.4,166.8,174.9,176.3,1312.2,1073.3,948.3,875.4,842.4,835.1,854.3,841.0,702.2,633.0,596.7,578.2,571.3,572.4,788.8,666.9,608.5,577.8,561.3,552.9,550.5,758.3,644.4,590.4,562.0,544.4,531.7,518.7,755.7,629.5,573.9,549.8,538.8,522.4,496.2,734.3,613.2,559.8,531.1,508.5,490.5,469.7,758.6,627.1,565.4,532.7,506.1,482.5,448.4,834.1,675.2,591.2,548.8,519.6,492.1,445.6,969.4,759.5,644.3,580.0,544.6,517.7,468.1,1119.3,876.0,739.3,651.7,596.4,559.7,509.3,0.7060,0.9271,1.0369,0.5478,0.7530,0.8608,0.0,0.0000,2026,0.8457,709.5,03420004IOP,6.586,3613,18.6,18.2,24.5,61.7,0.0,849.9,647.2,578.6,1095.3,796.8,697.0,716.1,649.2,0.8379,0.9242,688.4,562.1,523.9,44.6,175.9,911.3,588.3,556.7,516.7,482.2,461.0,431.6,405.7,426.9,465.5,1775.0,1340.6,1763.1,48.2,143.9,1893.5,1187.6,1090.6,1029.9,1057.5,1026.5,1065.6,1203.6,1434.5,1656.4
GRE,01356,GR1699,GRE-1699,NAFTILOS,DUNCANSON 34,DUNCANSON,BLACKBURN,1972,NAOEFK,,,,ORC,CLUB,C,554,15 04 2026 22:21:09,10.120,8.374,1.757,3.27,6059.,0.0,0.63,717.8,0.7695,779.7,0.9425,636.6,1189.5,953.3,822.6,740.4,695.5,669.8,643.6,0.0,0.0,0.0,0.0,0.0,0.0,0.0,918.4,749.2,660.1,610.5,583.6,566.4,545.2,0.0,0.0,0.0,0.0,0.0,0.0,0.0,1183.7,895.8,742.1,651.0,605.4,572.5,522.4,44.5,42.5,41.6,40.5,39.8,39.3,39.3,147.5,151.4,152.8,159.4,165.9,174.1,178.1,1247.3,1023.4,903.6,832.5,799.0,784.2,776.0,807.6,677.5,609.8,577.1,560.3,552.4,549.0,762.0,646.2,589.5,562.3,546.9,538.1,532.3,737.7,626.8,574.9,549.5,533.7,522.5,509.0,752.0,628.9,568.4,542.7,529.7,516.1,494.2,736.3,609.3,554.4,527.4,508.5,492.8,473.6,760.3,623.4,559.4,528.9,507.5,487.9,456.2,840.7,676.3,584.3,542.8,517.8,496.7,456.2,980.1,765.7,643.9,574.1,539.5,516.7,476.8,1131.7,883.2,741.6,648.2,591.9,555.4,511.1,0.7196,0.9496,1.0662,0.5600,0.7749,0.9004,0.0,0.0000,2026,0.8663,692.6,03420004LIB,7.405,6826,23.9,24.1,38.4,84.5,0.0,833.8,631.8,562.7,1071.4,774.3,666.4,693.2,641.9,0.8656,0.9347,627.5,532.0,508.4,39.9,177.0,780.0,547.9,528.6,502.7,478.8,461.4,443.1,429.5,442.6,475.0,1740.5,1314.2,1734.9,47.2,144.0,1796.9,1132.6,1045.0,994.2,1026.3,1036.1,1075.3,1214.6,1458.5,1684.1
GRE,01022,GR1700,GRE-1700,GITANA,FEELING 39 DK,KIRIE,BRIAND,1999,NOTK,,,,ORC,CLUB,C,490,05 04 2026 18:22:57,11.634,10.062,1.962,4.04,8020.,0.0,0.49,666.7,0.8147,736.5,1.0181,589.3,1131.4,901.2,778.1,701.6,655.2,627.3,598.4,0.0,0.0,0.0,0.0,0.0,0.0,0.0,864.7,700.8,614.7,565.0,535.5,516.8,495.5,0.0,0.0,0.0,0.0,0.0,0.0,0.0,1125.9,844.8,696.7,605.3,556.0,522.1,473.7,45.2,43.0,41.6,40.8,39.9,39.4,39.4,144.2,147.3,148.5,150.1,154.6,159.9,177.5,1186.7,962.5,845.3,772.4,730.6,712.2,705.9,763.6,635.7,567.5,528.7,508.1,497.4,491.6,717.9,604.9,544.8,512.7,494.6,484.3,476.7,690.4,584.4,528.8,500.2,482.9,471.0,456.2,688.1,568.6,509.7,481.5,465.3,455.7,443.9,677.8,557.8,502.0,474.3,454.9,437.7,408.9,700.9,574.5,511.1,479.7,458.8,440.0,405.3,786.6,630.8,545.2,499.9,473.9,454.1,417.0,932.0,727.5,615.6,546.4,505.9,481.5,447.4,1076.2,840.0,710.8,630.9,579.9,542.5,490.9,0.7665,1.0248,1.1685,0.5904,0.8195,0.9624,0.0,0.0000,2026,0.9311,644.4,03420004KCI,8.769,8752,32.0,33.1,36.3,0.0,81.5,782.8,585.5,513.5,1016.3,732.2,623.4,640.6,600.0,0.9367,0.9999,589.6,485.0,459.3,40.5,178.0,721.1,493.8,476.7,451.3,430.5,394.2,378.0,384.0,415.7,458.1,1665.6,1250.6,1659.2,47.6,140.2,1730.1,1087.3,1000.5,946.7,971.7,957.7,995.0,1149.3,1386.7,1601.2
GRE,01056,GR1701,GRE-1701,MELTEMI,RM 1260,RM YACHTS,MARC LOMBARD,2012,IO HALKIDAS,,,,ORC,INTL,C,569,07 05 2026 09:15:08,11.998,11.278,2.200,4.37,7632.,108.3,0.19,583.6,0.9267,647.4,1.1541,519.9,957.7,771.2,670.7,617.6,590.9,573.1,550.1,0.0,0.0,0.0,0.0,0.0,0.0,0.0,734.6,602.7,536.2,501.5,481.2,466.6,446.2,0.0,0.0,0.0,0.0,0.0,0.0,0.0,952.5,723.9,604.1,536.3,499.9,470.2,423.0,44.8,42.3,40.7,39.9,39.6,39.5,40.1,142.4,146.2,148.7,151.6,154.5,158.3,157.1,1009.9,825.4,733.4,691.0,674.3,666.6,665.8,653.0,549.7,499.5,475.7,465.4,460.6,457.2,615.4,525.7,482.4,461.1,450.1,445.2,440.7,590.4,509.2,470.1,448.6,434.1,423.8,414.4,597.9,502.0,461.4,444.8,428.8,413.6,392.5,578.6,484.8,444.0,418.4,399.8,387.8,367.6,589.6,490.9,447.2,418.9,394.9,374.2,346.1,658.3,530.8,469.4,436.8,410.1,385.5,335.2,784.2,620.8,526.6,472.3,442.9,419.8,378.0,905.6,716.9,608.1,544.2,507.5,479.6,434.5,0.8974,1.1618,1.2970,0.6941,0.9354,1.0546,0.0,0.0000,2026,1.0589,566.6,03420004OUA,10.309,8511,35.4,47.8,48.5,0.0,149.7,668.6,516.4,462.6,864.4,641.4,568.9,568.1,522.9,1.0561,1.1475,530.2,430.9,406.7,41.4,143.1,682.9,460.3,442.6,410.6,382.4,356.3,323.5,282.8,326.9,377.5,1383.1,1041.8,1376.7,47.5,138.8,1446.8,909.8,836.8,788.0,812.3,810.0,834.6,943.5,1142.6,1319.4
GRE,01092,GR1702,GRE-1702,ALBATROS,OLYMPIC 42,OLYMPIC MARINE,EDWARD S. BREWER,1976,IOAThA,,,,ORC,CLUB,C,400,25 03 2026 14:23:50,12.850,10.079,1.516,4.01,10772.,0.0,0.74,709.2,0.7603,789.1,0.9564,627.4,1203.2,958.9,829.4,750.7,704.8,678.9,662.8,0.0,0.0,0.0,0.0,0.0,0.0,0.0,917.4,745.9,653.2,599.7,570.2,553.4,539.7,0.0,0.0,0.0,0.0,0.0,0.0,0.0,1192.2,897.0,741.0,645.1,592.9,556.1,502.6,47.8,46.0,44.9,44.7,45.2,45.6,47.4,147.5,150.9,154.1,158.2,163.3,167.8,178.1,1314.0,1068.7,944.7,875.6,844.5,833.7,850.0,821.9,683.2,611.6,569.0,546.8,538.3,539.4,757.7,641.2,577.3,540.5,520.3,510.2,507.0,718.3,612.2,551.3,517.6,498.3,486.9,476.2,726.4,614.4,544.7,509.5,491.9,478.1,460.1,717.4,592.5,525.7,491.5,472.3,458.4,440.7,739.3,606.0,532.4,493.8,471.8,455.2,426.7,814.0,653.2,562.6,511.0,482.3,462.9,429.1,946.2,736.0,621.5,549.6,506.5,481.0,446.0,1092.5,849.2,714.1,625.8,565.2,524.1,475.6,0.7215,0.9641,1.0861,0.5550,0.7665,0.8832,0.0,0.0000,2026,0.8749,685.8,03420004IVF,7.948,11438,36.8,33.4,48.9,104.5,0.0,831.6,622.3,552.4,1081.1,782.8,679.3,696.1,621.8,0.8619,0.9650,666.9,537.8,494.7,50.0,177.7,889.7,558.4,509.8,473.7,449.2,429.0,410.3,401.0,414.5,444.2,1778.3,1328.0,1763.7,50.2,144.3,1924.1,1190.6,1054.2,977.9,1001.2,1014.1,1053.2,1191.7,1413.7,1632.4
GRE,01061,GR1704,GRE-1704,KOUZINI,ATLANTIC 31,ATLANTIC,JACOPIN & JACOPIN,1993,NO SAMOU,,,,ORC,CLUB,C,450,12 08 2026 11:26:54,9.191,7.789,1.530,3.41,3300.,0.0,0.29,743.6,0.7380,813.0,0.9171,654.3,1283.9,1011.4,863.2,770.8,713.3,682.9,656.4,0.0,0.0,0.0,0.0,0.0,0.0,0.0,984.5,787.2,684.3,625.2,589.6,568.1,543.3,0.0,0.0,0.0,0.0,0.0,0.0,0.0,1273.3,946.5,773.7,669.6,612.3,573.7,515.3,46.3,44.8,43.5,42.3,40.9,41.0,41.7,147.8,150.7,153.8,159.1,165.1,170.4,175.8,1390.7,1114.4,968.8,879.7,826.9,807.1,808.3,885.1,720.1,637.6,591.9,567.3,555.1,551.6,825.8,681.0,609.2,571.6,550.3,538.2,531.8,793.0,657.4,589.3,554.8,534.3,519.6,501.6,786.6,639.0,570.6,539.6,524.8,512.4,483.2,765.2,624.1,557.8,524.3,500.0,478.9,451.2,793.1,641.5,566.2,527.3,499.6,474.4,432.8,879.8,696.0,597.9,546.7,514.9,486.7,436.7,1019.5,787.0,659.0,584.2,541.8,513.2,461.9,1177.2,908.3,757.7,661.9,599.8,558.6,504.6,0.6773,0.9238,1.0635,0.5228,0.7432,0.8816,0.0,0.0000,2026,0.8393,714.8,03420004WBH,6.776,3920,19.4,19.4,26.2,62.9,0.0,885.9,649.5,564.2,1147.7,807.3,680.6,720.0,655.9,0.8334,0.9148,651.4,533.3,500.4,44.2,172.7,844.1,558.3,533.7,497.0,463.9,435.1,408.4,389.7,417.8,458.7,1907.8,1442.1,1893.3,48.1,145.1,2053.3,1287.0,1179.2,1118.0,1133.1,1094.9,1142.9,1292.5,1526.2,1762.3
GRE,01069,GR1708,GRE-1708,MYTILANA-Orgonitecreations,SUN LEGENDE 41,JEANNEAU,D. PETERSON,1985,NCTh,,,,ORC,CLUB,C,540,16 07 2026 12:05:39,12.221,10.189,1.995,3.91,8120.,0.0,0.47,667.2,0.8240,728.1,1.0189,588.9,1134.2,897.5,770.7,692.1,643.8,616.5,590.0,0.0,0.0,0.0,0.0,0.0,0.0,0.0,871.1,702.2,613.8,563.3,534.3,516.9,496.5,0.0,0.0,0.0,0.0,0.0,0.0,0.0,1127.0,842.0,692.5,602.4,554.6,522.2,474.0,45.0,42.6,41.2,40.4,39.9,39.6,39.7,146.2,150.1,153.2,157.2,163.7,169.6,177.7,1205.4,970.9,850.1,778.2,739.4,722.7,716.2,777.7,643.3,573.2,533.1,513.2,503.6,498.1,732.2,612.9,549.9,516.3,498.5,488.8,482.4,706.3,592.5,532.7,502.6,484.8,473.6,462.1,698.5,576.3,516.6,490.4,479.0,468.1,448.3,682.2,560.9,504.2,476.4,458.9,445.3,427.1,706.6,576.6,511.0,478.8,458.3,441.2,410.1,785.7,627.4,541.2,495.6,469.4,449.6,411.8,920.5,713.9,600.6,531.7,493.0,469.0,431.8,1062.9,824.2,691.3,606.0,548.3,510.3,463.8,0.7627,1.0266,1.1682,0.5906,0.8295,0.9781,0.0,0.0000,2026,0.9342,642.3,03420004VAL,8.776,8909,32.5,32.1,31.6,93.8,0.0,786.7,584.5,513.6,1015.9,723.3,613.4,644.2,593.7,0.9315,1.0106,578.7,484.9,460.9,40.6,176.8,727.4,499.1,481.5,456.8,435.1,414.4,393.0,379.2,395.4,430.1,1679.7,1268.6,1670.5,47.0,143.1,1771.7,1119.2,1033.1,982.7,994.1,969.1,1008.3,1152.1,1375.0,1587.7
GRE,01085,GR1713,GRE-1713,ARIA,SUN ODYSSEY 33,JEANNEAU,DANIEL ANDRIEU,1992,NOTK,,,,ORC,CLUB,C,480,15 04 2026 23:57:28,9.970,8.463,1.555,3.53,4700.,0.0,0.49,748.8,0.7183,835.3,0.9098,659.5,1303.9,1028.4,882.4,794.5,738.9,705.6,681.7,0.0,0.0,0.0,0.0,0.0,0.0,0.0,988.9,790.5,688.1,630.7,595.7,573.6,552.7,0.0,0.0,0.0,0.0,0.0,0.0,0.0,1291.7,959.2,784.9,679.1,619.4,578.2,521.9,47.0,45.9,44.4,43.4,42.6,42.0,42.6,144.7,146.3,147.1,149.2,153.9,158.8,175.3,1426.0,1139.5,992.6,904.2,847.7,820.8,823.9,901.9,730.5,646.0,596.7,569.2,554.8,550.6,837.8,687.4,612.6,571.7,549.0,536.2,528.7,802.7,657.6,583.9,548.3,530.3,518.3,502.0,761.6,622.6,554.7,524.2,507.1,494.7,477.1,745.0,606.9,544.2,514.2,492.7,473.6,442.4,773.1,625.9,554.1,519.9,496.6,475.4,437.4,867.9,687.6,590.0,540.5,513.0,491.4,449.9,1023.5,794.4,668.8,593.1,548.9,522.9,486.2,1181.8,917.3,772.3,684.9,630.2,590.5,539.4,0.6744,0.9168,1.0503,0.5145,0.7234,0.8511,0.0,0.0000,2026,0.8289,723.9,03420004LJB,6.959,5371,22.1,17.9,27.9,0.0,64.8,889.7,654.5,571.3,1166.2,829.4,705.0,727.3,661.2,0.8249,0.9074,684.6,548.6,511.0,44.9,175.9,865.5,559.6,530.5,497.0,468.7,427.2,410.3,415.2,451.6,503.7,1944.3,1454.3,1926.7,48.6,142.4,2120.8,1324.5,1209.0,1142.3,1086.7,1068.1,1113.1,1279.6,1531.1,1767.9
GRE,01088,GR1714,GRE-1714,ORIZON,OCEANIS 311,BENETEAU,FINOT,1999,IO PATRON,,,,ORC,CLUB,C,460,15 04 2026 13:48:45,9.540,8.692,1.458,3.23,3650.,0.0,0.33,704.6,0.7648,784.5,0.9611,624.3,1191.1,950.2,822.1,746.2,703.6,679.9,658.6,0.0,0.0,0.0,0.0,0.0,0.0,0.0,906.0,735.4,648.5,599.3,570.4,552.8,531.8,0.0,0.0,0.0,0.0,0.0,0.0,0.0,1182.4,888.5,735.4,642.8,593.0,557.5,500.3,46.1,44.2,42.6,41.5,41.0,41.0,41.9,144.6,147.5,148.8,151.2,156.5,161.3,179.8,1278.2,1035.7,910.9,837.9,804.1,794.8,804.1,815.5,674.7,605.2,567.1,547.8,540.4,539.4,762.2,639.1,579.3,547.1,529.4,520.5,517.1,731.2,615.3,559.7,530.4,512.0,499.1,486.3,696.1,584.0,533.6,507.9,492.3,482.9,464.1,699.5,578.9,525.7,496.0,471.4,450.3,419.5,723.1,595.3,534.4,501.8,475.0,450.1,402.6,809.2,650.7,566.8,523.0,494.4,468.3,416.4,956.1,748.8,635.0,567.4,528.5,503.1,458.7,1104.0,864.7,733.3,654.5,603.0,565.1,513.1,0.7311,0.9680,1.0922,0.5604,0.7714,0.8851,0.0,0.0000,2026,0.8786,682.9,03420004LF8,7.522,4292,20.6,24.6,21.2,0.0,54.3,820.7,619.8,549.3,1070.7,777.8,677.9,684.6,627.8,0.8764,0.9557,658.4,522.3,484.6,44.1,179.8,843.3,549.8,521.4,484.2,449.9,398.9,364.9,358.2,413.9,473.5,1749.4,1306.8,1738.0,48.3,140.3,1863.5,1165.0,1066.1,1005.2,968.6,982.9,1020.2,1174.1,1416.2,1635.3
GRE,02017,GR1715,GRE-1715,UTOPIA,FIRST 40,BENETEAU,FARR,2008,NOTK,,,,ORC,INTL,C,700,10 03 2026 16:55:56,12.240,11.306,1.978,3.86,8304.,133.2,0.22,595.6,0.9209,651.5,1.1378,527.3,1004.2,800.5,684.9,617.5,582.0,559.7,533.3,0.0,0.0,0.0,0.0,0.0,0.0,0.0,767.3,622.8,547.1,505.8,482.9,467.3,444.4,0.0,0.0,0.0,0.0,0.0,0.0,0.0,999.9,750.9,616.7,540.0,501.6,472.6,423.9,44.9,42.7,41.1,39.8,39.1,38.8,39.3,138.9,148.5,149.4,156.6,163.7,169.1,173.6,1047.7,848.1,742.3,687.7,664.4,652.4,643.4,675.1,561.8,504.9,477.8,464.9,458.8,452.8,634.7,536.1,488.7,465.2,452.6,445.6,438.6,609.1,519.3,477.4,455.3,440.5,429.6,416.8,616.3,511.2,465.3,443.1,431.3,422.8,401.5,606.6,501.3,456.5,431.6,411.5,394.6,372.6,622.0,511.7,462.5,435.8,414.3,394.1,355.3,693.6,555.8,485.2,450.3,426.0,403.9,359.8,832.0,652.0,543.5,480.7,449.5,426.8,384.4,960.7,752.9,627.5,547.4,499.5,467.0,423.2,0.8632,1.1459,1.2970,0.6649,0.9283,1.0804,0.0,0.0000,2026,1.0419,575.9,03420004HB5,10.369,9316,35.5,50.3,38.8,136.1,110.6,695.1,523.6,462.6,902.4,646.3,555.3,574.0,533.8,1.0453,1.1240,516.1,427.1,405.7,40.2,164.9,648.2,451.8,436.4,410.3,387.6,355.6,328.0,309.9,339.0,383.9,1459.3,1097.2,1453.5,47.7,138.7,1516.8,952.9,875.0,824.4,849.5,854.8,883.2,1006.3,1214.0,1401.8
GRE,01094,GR1726,GRE-1726,KIARA,DUFOUR 38 Classic,DUFOUR YACHTS,Poncin/Chabaud,1998,NOPF,,,,ORC,CLUB,C,450,07 05 2026 10:30:01,11.650,10.376,1.468,3.85,6560.,0.0,0.37,676.1,0.7898,759.6,1.0074,595.6,1187.0,933.2,797.4,718.1,678.9,652.7,619.8,0.0,0.0,0.0,0.0,0.0,0.0,0.0,891.3,712.9,619.7,567.8,540.5,523.1,501.3,0.0,0.0,0.0,0.0,0.0,0.0,0.0,1179.9,870.3,708.6,612.0,563.3,527.3,471.6,47.4,45.9,44.6,43.5,43.2,43.0,43.5,144.9,145.9,146.1,146.3,147.2,171.0,174.1,1258.4,1006.0,873.4,797.2,765.1,753.0,755.0,790.7,642.7,567.7,527.5,508.4,501.5,498.2,727.1,602.6,539.0,506.0,489.0,481.8,476.6,687.2,569.6,513.1,488.1,472.0,460.4,449.6,655.5,545.3,493.8,468.4,452.6,442.8,429.7,678.3,556.6,497.2,466.9,445.2,426.7,397.6,720.0,581.8,510.5,474.6,450.2,428.8,390.8,820.8,644.3,548.6,495.6,465.6,442.5,401.2,966.2,745.2,624.8,553.4,513.3,486.3,448.7,1115.6,860.4,721.4,639.0,592.7,552.4,484.6,0.7480,1.0163,1.1554,0.5660,0.7971,0.9275,0.0,0.0000,2026,0.9155,655.4,03420004OVJ,8.696,7250,30.4,31.0,45.2,0.0,0.0,802.1,590.4,519.3,1060.1,752.7,646.9,651.1,604.2,0.9216,0.9930,615.4,492.1,457.4,45.3,174.5,783.1,505.0,477.8,444.8,417.9,377.1,358.7,359.8,416.0,447.7,1767.9,1304.9,1758.7,49.5,142.8,1860.2,1153.4,1033.8,963.6,917.1,962.9,1037.0,1217.6,1451.2,1675.7
GRE,01108,GR1732,GRE-1732,NINOU,GIN FIZZ,JEANNEAU,JOUBERT,1980,SEANATK,,,,ORC,CLUB,C,200,03 06 2026 18:52:18,11.914,9.306,1.856,3.76,6940.,0.0,0.51,697.6,0.7676,781.6,0.9682,619.7,1159.8,931.8,814.7,748.6,712.7,679.5,649.3,0.0,0.0,0.0,0.0,0.0,0.0,0.0,887.2,725.7,641.8,595.5,570.4,551.3,531.2,0.0,0.0,0.0,0.0,0.0,0.0,0.0,1156.4,874.2,728.8,640.7,593.7,555.5,500.6,44.6,42.4,41.6,41.9,42.1,42.0,42.6,145.6,146.6,146.4,146.4,173.0,174.3,176.8,1193.8,983.4,881.3,829.2,805.6,795.1,799.0,774.4,654.0,590.5,557.0,540.5,533.8,531.7,731.9,623.8,565.9,535.2,518.7,511.9,507.7,703.9,601.3,546.6,516.2,499.4,489.2,479.9,686.0,579.0,525.0,497.1,481.1,470.5,458.2,706.0,588.3,527.1,494.1,472.7,455.2,427.8,743.1,611.2,539.2,499.8,475.3,454.7,420.8,832.8,665.7,572.7,519.8,489.2,466.7,427.8,974.9,762.2,647.8,578.5,538.5,507.9,469.7,1125.7,880.1,748.0,668.0,619.8,563.9,499.6,0.7440,0.9748,1.0939,0.5737,0.7723,0.8870,0.0,0.0000,2026,0.8852,677.8,03420004S15,7.896,7324,28.2,32.7,40.0,0.0,0.0,806.5,615.5,548.5,1045.8,776.9,676.4,674.0,627.4,0.8903,0.9563,644.6,524.0,489.1,44.1,176.8,825.9,539.5,510.4,476.3,447.2,410.3,397.5,398.7,437.6,463.3,1696.9,1267.7,1695.1,47.8,142.8,1715.2,1078.2,994.7,941.0,932.2,976.2,1048.4,1219.1,1453.7,1678.6
GRE,01125,GR1739,GRE-1739,JULIANNA,MOODY 34,Marine Projects,Bill Dixon,1983,NAOEFK,,,,ORC,CLUB,C,500,02 04 2026 09:49:23,10.170,8.869,1.607,3.50,6422.,0.0,0.64,730.9,0.7382,812.8,0.9280,646.5,1237.5,991.1,859.4,777.3,723.7,690.2,659.6,0.0,0.0,0.0,0.0,0.0,0.0,0.0,944.7,768.0,675.1,621.2,587.2,565.6,542.4,0.0,0.0,0.0,0.0,0.0,0.0,0.0,1225.7,926.1,766.9,667.3,610.3,570.7,516.7,46.4,44.6,43.8,43.0,42.2,41.8,41.6,145.5,147.7,148.0,150.3,155.2,160.1,176.6,1355.0,1100.8,969.6,886.0,829.6,799.9,787.4,859.4,712.0,635.4,588.6,561.4,546.4,538.3,800.1,672.1,604.4,565.8,543.7,530.5,521.0,766.4,646.9,582.1,547.8,527.9,514.6,498.3,746.1,616.5,551.8,522.0,506.1,497.2,484.9,722.8,598.0,539.6,510.8,490.6,473.0,445.4,745.7,612.6,547.2,515.0,492.9,472.9,437.9,827.5,666.8,578.0,533.3,507.1,486.0,447.4,970.0,763.3,648.9,579.2,540.0,516.0,480.5,1120.0,881.4,749.3,668.6,617.8,580.5,531.8,0.7007,0.9333,1.0671,0.5385,0.7416,0.8732,0.0,0.0000,2026,0.8476,707.9,03420004K4U,7.275,7136,27.1,24.9,32.6,0.0,78.9,856.3,642.9,562.3,1114.2,809.1,687.1,712.0,647.1,0.8427,0.9273,652.4,533.1,503.2,42.9,177.1,806.9,541.2,520.4,492.9,470.1,432.1,415.2,416.2,448.0,497.8,1823.1,1367.4,1806.9,48.9,141.7,1985.6,1236.0,1121.5,1054.0,1055.9,1019.5,1053.4,1200.1,1438.1,1660.6
GRE,01117,GR1740,GRE-1740,MARAKI,ELAN 40 SD FK,ELAN,ROB HUMPHREYS,2002,OFTh,,,,ORC,CLUB,C,755,22 07 2026 18:49:41,11.913,10.710,2.066,3.84,8106.,108.0,0.24,615.4,0.8922,672.5,1.0955,547.7,1014.5,812.2,702.9,640.9,606.4,584.5,559.0,0.0,0.0,0.0,0.0,0.0,0.0,0.0,778.3,636.3,564.5,527.1,506.3,492.3,473.1,0.0,0.0,0.0,0.0,0.0,0.0,0.0,1012.4,763.8,634.7,562.2,525.2,497.2,453.6,43.9,41.5,40.2,39.4,38.9,38.6,38.5,144.7,149.4,151.4,157.5,164.8,171.3,177.7,1035.6,848.6,755.1,712.3,694.2,684.0,675.2,674.8,569.1,518.3,496.8,488.0,482.9,477.4,638.6,545.4,502.7,483.6,474.7,469.9,463.9,616.3,529.6,491.2,472.0,460.5,453.5,445.0,628.7,531.5,488.3,468.9,454.5,443.4,428.0,625.5,519.5,476.4,455.0,440.1,429.8,414.2,645.3,532.3,481.5,456.2,437.4,421.0,397.0,720.6,580.6,506.4,470.3,447.5,427.6,389.9,860.2,671.8,564.1,501.2,469.2,447.8,409.6,993.3,775.7,650.8,569.6,518.6,485.0,442.8,0.8483,1.1040,1.2279,0.6569,0.8992,1.0338,0.0,0.0000,2026,1.0062,596.3,03420004VJK,9.750,9157,32.9,47.6,37.6,111.3,0.0,707.3,543.5,488.6,913.4,667.3,580.4,593.4,554.8,1.0112,1.0815,543.9,460.1,440.5,39.2,176.3,680.0,476.6,462.3,440.5,418.1,401.4,381.2,355.7,372.4,407.9,1469.2,1105.0,1468.0,46.5,138.8,1481.4,937.9,867.7,822.5,847.7,876.8,908.8,1044.1,1261.8,1457.0
GRE,01133,GR1745,GRE-1745,NAFPARIS,OCEANIS 38 Cruiser,BENETEAU,FINOT-CONQ,2015,IOP,,,,ORC,CLUB,C,480,23 03 2026 12:55:54,11.510,11.027,2.056,3.99,6850.,0.0,0.37,670.7,0.8042,746.1,1.0214,587.4,1201.0,937.1,794.2,706.0,651.7,619.5,588.9,0.0,0.0,0.0,0.0,0.0,0.0,0.0,906.4,717.8,617.7,559.6,524.2,501.9,477.5,0.0,0.0,0.0,0.0,0.0,0.0,0.0,1191.5,874.2,706.3,602.8,545.1,506.0,452.6,45.5,43.9,42.4,41.4,40.6,40.3,40.4,144.2,146.3,147.6,148.5,151.2,156.1,161.7,1295.2,1022.5,878.2,789.0,735.8,709.9,700.8,829.9,667.3,582.5,531.1,501.5,486.5,479.0,776.1,631.0,554.9,510.1,484.3,470.3,461.0,708.1,578.7,513.3,482.9,470.1,454.6,436.2,669.5,549.4,489.9,461.1,444.1,433.7,421.5,688.9,555.5,488.1,454.7,431.0,410.8,383.5,715.6,573.2,498.7,460.8,435.1,412.6,372.2,808.2,634.0,538.9,484.7,453.7,429.3,385.3,958.5,737.6,615.0,539.5,492.0,463.0,421.8,1106.7,851.7,710.1,623.0,567.6,529.1,477.0,0.7388,1.0287,1.2040,0.5613,0.8097,0.9739,0.0,0.0000,2026,0.9281,646.4,03420004IMR,9.096,7595,33.4,31.7,32.9,0.0,84.3,812.1,583.3,498.3,1068.9,741.0,616.1,647.2,595.5,0.9271,1.0076,578.4,464.0,435.6,41.5,159.8,717.7,482.9,462.0,431.4,406.2,363.0,339.0,337.5,384.5,439.0,1806.8,1343.6,1792.6,47.1,141.5,1948.5,1231.0,1135.1,1016.9,952.3,989.1,1040.7,1200.8,1442.0,1665.0
GRE,01140,GR1752,GRE-1752,NIKEA,BAVARIA 46 CRUISER,BAVARIA YACHTS,JAKOPIN & JAKOPIN,2004,NOThAK,,,,ORC,CLUB,C,820,29 04 2026 10:19:48,13.981,12.810,1.794,4.42,11876.,0.0,0.38,619.7,0.8746,686.1,1.1015,544.7,1091.1,855.9,727.8,649.5,603.0,575.1,547.4,0.0,0.0,0.0,0.0,0.0,0.0,0.0,823.9,658.5,570.3,519.4,490.0,472.0,451.1,0.0,0.0,0.0,0.0,0.0,0.0,0.0,1085.7,800.1,649.0,557.8,509.5,476.1,427.3,47.5,45.8,44.5,43.2,42.6,42.2,42.2,145.3,148.5,151.6,154.3,159.4,165.1,176.3,1144.7,915.7,794.7,724.1,689.6,674.7,668.2,718.9,584.9,517.4,480.6,462.2,454.2,449.1,658.7,547.9,491.1,461.6,445.6,437.4,431.7,621.1,523.7,473.2,447.1,431.6,420.8,409.2,633.3,527.8,473.1,444.5,427.3,414.2,394.2,653.4,527.5,464.2,433.0,413.1,397.0,373.9,674.5,541.7,472.0,436.6,415.0,397.3,367.0,756.1,596.3,509.5,458.2,429.9,409.6,374.1,898.4,689.5,572.9,500.9,456.6,430.4,393.7,1037.4,796.1,660.9,575.0,516.4,475.6,426.6,0.8095,1.1098,1.2802,0.6163,0.8808,1.0495,0.0,0.0000,2026,1.0034,597.9,03420004NK4,10.658,13140,42.8,48.0,66.6,123.1,0.0,741.2,540.6,468.7,973.6,681.2,571.7,595.4,554.0,1.0077,1.0830,537.5,440.2,413.1,43.4,176.3,681.7,450.7,430.4,404.0,381.8,361.0,342.1,339.8,360.8,393.3,1625.1,1207.4,1618.7,49.7,143.1,1689.1,1046.8,934.9,861.3,886.0,946.5,981.1,1121.3,1352.0,1561.2
GRE,01143,GR1755,GRE-1755,DESTINY,BAVARIA CRUISER 45,BAVARIA,FARR,2010,IOMAG,,,,ORC,CLUB,C,300,20 05 2026 10:48:20,13.600,12.604,2.102,4.35,12600.,0.0,0.39,633.9,0.8503,705.6,1.0794,555.9,1125.5,881.3,748.8,667.2,619.1,591.7,566.1,0.0,0.0,0.0,0.0,0.0,0.0,0.0,852.2,676.9,583.5,528.9,497.2,478.1,458.2,0.0,0.0,0.0,0.0,0.0,0.0,0.0,1113.2,821.4,665.6,569.5,517.0,481.6,432.2,46.7,44.9,43.6,42.7,42.0,41.9,42.3,142.8,146.2,148.0,149.0,151.2,155.2,161.3,1248.9,986.1,847.1,761.2,713.0,691.0,685.5,791.7,636.5,555.1,505.5,477.6,463.8,457.7,734.4,598.5,526.5,483.2,458.3,445.4,437.9,697.6,572.5,505.2,466.2,443.3,429.3,414.6,654.1,531.7,469.0,439.5,427.5,419.3,403.0,632.0,512.4,453.3,424.2,404.6,389.8,372.7,648.5,524.3,460.7,428.4,406.6,388.0,357.4,728.2,576.2,493.9,448.2,421.7,401.2,364.3,867.9,672.4,563.4,496.4,455.3,430.4,395.4,1002.1,776.5,650.5,573.2,525.2,492.4,446.8,0.7847,1.0879,1.2620,0.5980,0.8569,1.0187,0.0,0.0000,2026,0.9828,610.5,03420004QJJ,10.150,13220,45.9,45.2,47.1,0.0,149.9,764.6,551.5,475.4,1003.3,700.2,589.0,616.9,555.9,0.9725,1.0793,559.8,449.5,420.9,43.6,160.2,705.3,462.8,439.1,410.9,389.1,360.6,339.6,328.2,364.2,414.2,1683.8,1257.5,1665.1,48.6,139.8,1870.7,1168.2,1063.7,997.7,938.7,906.5,934.0,1073.6,1296.3,1496.8
GRE,01159,GR1760,GRE-1760,RUTHIE,OCEANIS 41,BENETEAU,FINOT/CONQ,2012,NOTK,,,,ORC,CLUB,C,873,18 03 2026 10:48:30,11.980,11.713,1.702,4.20,9700.,0.0,0.37,640.9,0.8377,716.2,1.0598,566.1,1100.9,877.2,756.1,682.3,636.7,610.4,583.2,0.0,0.0,0.0,0.0,0.0,0.0,0.0,833.1,674.9,591.2,542.9,513.4,494.9,473.7,0.0,0.0,0.0,0.0,0.0,0.0,0.0,1091.0,818.5,673.4,584.0,533.6,498.6,448.3,47.2,45.4,44.0,42.9,42.1,41.9,42.0,143.1,147.1,148.6,149.8,153.0,158.1,163.7,1200.7,968.7,846.3,773.0,728.4,709.5,700.7,756.5,622.0,553.7,513.3,490.9,479.2,472.6,700.5,585.3,526.2,492.6,473.4,462.2,454.3,669.2,560.1,502.7,474.3,458.6,446.3,431.0,635.6,532.0,480.4,454.6,438.5,427.3,415.0,635.6,523.4,470.2,443.3,423.6,406.7,382.9,652.9,536.6,477.6,447.9,426.5,407.3,373.8,729.7,587.8,509.7,467.4,442.3,421.9,384.4,867.0,680.5,576.7,512.4,474.0,450.6,416.0,1001.2,785.7,666.0,591.7,545.1,511.2,465.7,0.7958,1.0664,1.2205,0.6066,0.8430,0.9888,0.0,0.0000,2026,0.9657,621.3,03420004I6D,9.589,10924,37.8,41.2,41.1,0.0,119.7,754.0,562.6,491.6,989.1,711.7,606.8,623.7,568.4,0.9620,1.0556,574.0,462.6,434.2,43.2,179.3,715.0,475.0,453.9,426.0,403.7,365.7,346.9,347.3,384.7,432.9,1622.3,1205.8,1608.2,49.8,139.4,1763.5,1093.3,985.1,920.6,880.7,895.3,922.9,1059.9,1282.7,1481.1
GRE,01165,GR1761,GRE-1761,ARIEL,OLYMPIC SKY 39,,,1990,NO RAHON,,,,ORC,CLUB,C,480,17 04 2026 10:30:45,11.773,9.594,1.908,3.64,5999.,0.0,0.37,691.8,0.7953,754.5,0.9869,608.0,1202.3,940.4,799.9,714.1,662.4,633.3,605.6,0.0,0.0,0.0,0.0,0.0,0.0,0.0,922.1,732.8,634.8,579.7,548.0,528.6,505.0,0.0,0.0,0.0,0.0,0.0,0.0,0.0,1195.6,881.8,717.7,620.3,569.1,534.0,481.3,45.8,43.7,42.3,41.1,40.1,39.7,39.8,146.7,149.4,152.1,156.3,162.8,167.3,176.8,1269.4,1010.5,877.3,799.0,757.2,739.8,735.1,812.0,661.0,585.0,544.8,524.8,513.3,507.4,759.7,626.5,560.5,527.4,509.6,498.4,490.4,730.5,604.3,543.1,512.9,495.1,483.3,467.0,748.6,605.6,537.1,506.0,490.1,477.4,454.3,726.2,586.8,522.2,490.7,470.3,452.2,427.1,754.3,603.5,529.3,492.8,469.6,449.3,411.5,841.7,661.0,562.6,511.5,482.0,459.3,414.1,983.0,753.8,626.8,550.7,508.0,481.3,438.0,1135.1,870.4,722.4,629.2,567.5,526.8,476.2,0.7251,0.9952,1.1437,0.5600,0.8015,0.9521,0.0,0.0000,2026,0.9035,664.1,03420004LRS,8.290,6711,27.2,23.6,38.8,82.1,0.0,827.5,602.9,524.6,1071.4,748.6,630.2,664.5,616.1,0.9030,0.9739,596.2,493.9,467.3,41.1,170.0,755.8,512.4,491.9,462.5,436.1,412.9,392.3,378.2,397.6,436.6,1794.4,1358.2,1785.6,47.4,144.8,1882.7,1186.2,1091.6,1037.1,1075.4,1051.9,1099.1,1248.6,1477.5,1706.1
GRE,01166,GR1773,GRE-1773,TOLMI,FIRST 32,BENETEAU,BERRET,1980,NO KALAMATAS,,,,ORC,CLUB,C,480,30 07 2026 09:37:42,9.767,8.511,1.847,3.32,4935.,0.0,0.49,708.8,0.7837,765.6,0.9539,629.0,1170.4,934.6,806.9,728.4,682.5,656.8,631.4,0.0,0.0,0.0,0.0,0.0,0.0,0.0,905.1,737.4,651.9,604.6,577.2,560.0,536.5,0.0,0.0,0.0,0.0,0.0,0.0,0.0,1167.3,880.0,730.6,643.4,598.2,566.8,516.3,44.0,41.9,40.4,39.0,38.0,37.5,37.4,147.3,150.9,154.3,160.1,167.3,176.3,178.3,1200.7,983.8,870.0,804.0,769.7,754.8,748.2,783.4,658.7,598.1,569.6,553.8,544.1,538.2,743.6,631.5,581.4,557.4,542.4,532.4,524.0,721.9,614.8,569.3,546.5,531.0,519.1,502.8,737.8,620.6,563.9,537.8,521.9,513.9,490.4,738.2,609.7,556.4,529.3,509.2,490.9,461.4,765.7,627.1,563.3,532.9,511.0,490.6,451.3,847.1,679.9,590.1,548.7,523.5,502.2,458.1,987.2,767.2,647.6,579.4,545.0,522.0,481.4,1140.0,885.3,743.9,652.9,595.3,558.9,514.6,0.7306,0.9607,1.0801,0.5701,0.7892,0.9178,0.0,0.0000,2026,0.8780,683.4,03420004VS9,7.705,5609,22.8,22.2,30.1,62.4,0.0,821.2,624.5,555.5,1052.4,760.3,653.7,679.1,640.1,0.8835,0.9373,620.2,523.7,500.5,38.6,176.8,763.2,540.5,523.9,497.4,471.9,447.0,428.1,423.1,440.8,477.2,1717.0,1299.8,1715.7,46.7,144.2,1730.1,1097.4,1020.5,975.8,1010.4,1043.4,1090.5,1240.9,1475.7,1703.9
GRE,01184,GR1786,GRE-1786,UNIQUE,VK-40,VK Yacht,VK Yacht,2014,NAOEFK,,,,ORC,CLUB,C,720,18 03 2026 12:32:56,11.462,10.791,2.169,3.47,5498.,113.9,0.25,602.1,0.9017,665.4,1.1225,534.5,1003.5,801.1,692.2,633.7,603.1,582.1,554.6,0.0,0.0,0.0,0.0,0.0,0.0,0.0,768.4,625.1,552.7,514.5,492.5,476.0,451.8,0.0,0.0,0.0,0.0,0.0,0.0,0.0,1001.0,752.5,623.3,549.9,511.7,480.8,428.9,44.2,41.6,40.0,39.0,38.5,38.2,38.4,142.1,146.0,148.9,151.1,154.5,159.7,159.4,1028.8,836.2,738.6,693.2,674.6,664.4,657.0,668.4,560.9,508.4,484.6,474.4,469.0,463.7,631.4,537.5,493.0,471.4,460.4,454.8,448.4,609.6,521.7,482.0,459.9,444.9,434.5,423.6,619.0,515.6,470.8,448.4,436.3,424.2,402.6,612.4,505.6,460.5,432.3,409.0,390.4,366.9,630.8,517.0,467.0,437.2,410.9,386.8,343.3,708.9,567.9,495.2,458.2,430.4,404.4,351.3,847.1,663.3,559.2,497.8,463.9,439.6,395.5,978.2,765.9,645.7,574.2,531.5,499.9,452.2,0.8611,1.1301,1.2738,0.6650,0.9098,1.0398,0.0,0.0000,2026,1.0287,583.3,03420004I6P,10.036,6500,29.4,37.9,35.7,0.0,85.8,696.8,530.9,471.0,902.3,659.5,577.0,579.7,545.0,1.0351,1.1008,530.2,432.5,409.4,39.1,143.5,663.9,463.6,447.3,418.4,390.8,350.7,316.3,294.8,343.4,396.5,1465.4,1103.2,1463.3,46.9,138.8,1485.4,941.2,872.1,828.5,857.3,866.4,898.1,1031.4,1251.6,1445.3
GRE,01186,GR1787,GRE-1787,LARNE,ONE-OFF,MOODY,PARKER FRED,1965,NOE,,,,ORC,CLUB,C,600,07 05 2026 10:52:18,14.930,11.423,2.273,4.57,19000.,0.0,0.72,661.8,0.8215,730.4,1.0291,583.0,1133.7,904.6,780.3,698.2,643.2,607.0,568.0,0.0,0.0,0.0,0.0,0.0,0.0,0.0,866.4,704.7,616.1,559.1,522.8,500.0,475.3,0.0,0.0,0.0,0.0,0.0,0.0,0.0,1128.3,848.4,698.5,600.5,543.6,504.6,453.9,45.2,43.1,41.9,41.1,40.8,40.7,40.4,144.7,147.8,153.9,158.6,162.8,165.7,178.1,1188.3,966.6,850.7,777.2,729.6,702.9,682.2,761.1,636.6,569.4,525.6,496.6,480.0,469.3,714.1,606.0,544.8,505.4,479.2,464.7,454.6,683.8,584.5,526.0,488.2,464.5,450.5,436.3,692.3,574.8,508.1,467.4,446.2,434.3,422.3,683.7,566.2,499.9,461.2,439.7,424.1,397.7,707.3,582.7,512.3,468.6,444.3,427.4,398.1,791.4,636.4,550.9,495.8,461.0,440.2,409.2,934.6,729.8,617.5,543.9,494.7,462.2,426.3,1079.2,842.7,709.9,619.1,556.8,511.1,453.8,0.7638,1.0325,1.2086,0.5887,0.8230,0.9976,0.0,0.0000,2026,0.9398,638.5,03420004OW8,9.403,19947,53.9,64.4,57.0,114.7,107.2,785.5,581.1,496.4,1019.2,729.0,601.4,636.8,593.5,0.9421,1.0110,551.9,461.9,439.3,40.8,178.8,680.8,466.1,450.6,429.8,411.3,382.1,377.0,383.8,397.8,423.0,1672.2,1250.3,1666.1,47.9,140.6,1734.1,1082.2,987.5,926.6,950.9,963.1,1002.4,1158.2,1394.7,1610.4
GRE,01189,GR1789,GRE-1789,HERMES 3,POGO 12.50,POGO STRUCTURES,FINOT-CONQ,2011,HORC,,,,ORC,CLUB,R,640,07 05 2026 10:18:59,12.190,12.229,3.013,4.50,5507.,0.0,0.00,532.3,1.0082,595.1,1.2723,471.6,901.9,719.2,620.7,569.5,540.1,515.4,471.3,0.0,0.0,0.0,0.0,0.0,0.0,0.0,682.6,556.7,492.3,455.9,431.8,411.8,380.3,0.0,0.0,0.0,0.0,0.0,0.0,0.0,900.8,674.6,557.4,488.9,449.2,415.3,359.4,42.7,41.0,39.3,38.2,37.6,38.7,37.4,141.8,144.5,147.6,151.4,150.5,148.0,146.5,912.4,740.8,656.7,623.1,606.7,596.7,584.6,590.5,495.0,454.2,436.3,427.0,420.8,412.0,548.5,468.8,440.3,420.4,409.5,401.9,391.7,515.3,448.1,419.9,402.2,384.1,373.8,360.0,512.4,443.0,405.9,380.6,365.8,351.8,330.9,548.0,458.6,411.5,374.1,345.8,322.0,294.9,578.4,467.9,416.7,375.6,339.7,314.8,280.3,645.6,512.4,444.0,402.5,364.2,326.9,267.7,772.0,604.1,506.5,447.5,410.2,375.9,310.0,891.4,697.6,584.8,516.0,473.5,434.1,358.0,0.9683,1.2755,1.4814,0.7402,1.0140,1.1880,0.0,0.0000,2026,1.1608,516.9,03420004OV8,11.857,6491,36.5,63.8,41.9,0.0,136.3,619.6,470.4,405.0,810.6,591.7,505.1,514.6,481.1,1.1661,1.2472,436.0,357.5,336.1,38.2,141.7,587.0,409.4,387.7,353.7,317.9,276.8,254.8,225.5,246.7,284.9,1310.1,972.5,1310.2,45.0,138.8,1308.4,828.7,753.3,689.6,686.6,755.0,828.8,937.2,1136.0,1311.7
GRE,01190,GR1790,GRE-1790,APNEA,OCEANIS 393,BENETEAU,BERRET-RACOUPEAU,1999,NAOB,,,,ORC,CLUB,C,680,10 03 2026 17:58:51,11.624,10.731,1.555,4.00,7931.,117.1,0.40,658.8,0.8281,724.6,1.0330,580.8,1135.3,898.1,768.0,686.2,638.7,613.0,589.8,0.0,0.0,0.0,0.0,0.0,0.0,0.0,863.9,696.2,606.2,554.5,525.4,508.5,490.0,0.0,0.0,0.0,0.0,0.0,0.0,0.0,1127.9,840.7,687.2,594.2,545.9,513.1,464.7,46.7,44.9,43.7,42.6,41.9,41.5,41.9,146.2,149.8,151.4,156.3,162.8,168.4,177.2,1209.0,975.1,851.4,776.8,738.6,725.1,724.9,763.7,628.2,558.3,519.9,500.9,493.0,491.1,707.0,591.1,531.9,501.2,484.8,476.3,472.7,673.7,567.5,513.9,486.6,470.5,459.4,447.9,685.9,573.5,510.3,481.2,466.3,452.8,432.7,678.0,554.1,494.7,466.2,447.5,433.0,414.5,699.7,568.7,501.5,468.9,447.4,429.4,399.2,776.6,618.8,530.9,485.3,459.4,439.0,401.8,919.3,711.2,593.4,521.6,482.9,459.2,422.0,1061.5,821.2,684.6,595.6,538.8,500.8,454.7,0.7692,1.0412,1.1862,0.5901,0.8342,0.9824,0.0,0.0000,2026,0.9440,635.6,03420004HBN,9.061,8908,32.3,33.4,40.3,98.8,0.0,780.0,576.3,505.8,1016.8,719.3,610.7,637.2,585.2,0.9417,1.0253,586.9,482.7,453.7,43.7,176.8,752.4,496.1,473.7,444.9,420.4,401.7,380.8,366.4,386.8,421.3,1682.1,1256.2,1672.9,49.3,143.3,1773.9,1101.2,993.2,926.0,952.2,969.1,1003.4,1141.6,1377.2,1590.3
GRE,01191,GR1796,GRE-1796,ARIADNI II,DISCOVERY 3000,DROMOR,ED DUBOIS,1986,NOEF,,,,ORC,CLUB,C,487,26 03 2026 18:15:23,9.122,7.929,1.639,3.28,4500.,0.0,0.57,744.9,0.7288,823.2,0.9092,659.9,1251.1,1000.5,866.4,785.4,735.2,706.5,680.6,0.0,0.0,0.0,0.0,0.0,0.0,0.0,958.4,778.0,685.6,634.0,602.3,582.9,561.7,0.0,0.0,0.0,0.0,0.0,0.0,0.0,1241.4,936.5,776.1,679.0,625.6,588.9,536.2,45.6,43.8,42.7,41.6,40.5,40.0,40.1,145.3,147.3,148.0,150.9,156.7,161.0,176.2,1348.3,1094.8,962.0,880.1,831.3,811.3,808.9,863.6,715.3,639.2,598.2,576.3,565.7,561.9,810.3,679.1,613.3,579.9,561.2,550.6,544.7,780.5,656.6,595.1,564.9,547.0,534.2,519.5,762.2,628.3,568.9,542.1,527.0,518.2,504.1,741.9,613.8,559.2,531.3,509.4,489.9,462.0,766.4,629.7,567.2,536.0,512.3,489.9,452.7,851.8,685.2,596.8,554.3,528.2,505.3,462.2,999.3,784.9,667.5,598.6,561.1,537.7,499.4,1153.9,906.3,770.8,690.7,639.1,601.7,552.4,0.6911,0.9156,1.0348,0.5329,0.7337,0.8523,0.0,0.0000,2026,0.8323,720.9,03420004J3T,6.843,5171,22.0,20.6,29.4,0.0,66.8,868.2,655.3,579.8,1125.9,817.8,704.0,721.4,664.4,0.8317,0.9031,675.7,553.1,523.0,41.7,176.2,833.8,565.7,545.0,515.2,488.2,449.0,430.8,430.3,463.2,517.7,1841.1,1386.4,1828.2,47.9,141.9,1970.3,1236.1,1135.3,1076.3,1080.0,1046.2,1084.6,1237.9,1482.6,1711.9
GRE,01213,GR1797,GRE-1797,NATALIA,BAVARIA 36 CRUISER,BAVARIA   YACHTS,J&J Design,1998,IO PATRON,,,,ORC,CLUB,C,400,02 04 2026 07:58:40,11.001,9.760,1.550,3.60,5500.,0.0,0.40,703.0,0.7658,783.5,0.9704,618.3,1233.2,967.3,826.4,741.7,693.0,666.0,642.4,0.0,0.0,0.0,0.0,0.0,0.0,0.0,933.9,743.9,645.1,589.3,557.5,538.7,519.7,0.0,0.0,0.0,0.0,0.0,0.0,0.0,1224.4,903.3,735.5,634.0,579.7,542.8,489.2,47.2,45.2,43.7,42.7,42.2,42.2,43.0,144.2,146.4,147.8,149.2,153.2,158.5,176.8,1321.2,1052.3,914.8,833.7,792.0,778.2,786.3,834.0,678.3,599.2,554.3,531.7,521.5,520.7,772.3,637.9,568.6,531.4,511.6,501.3,497.2,736.5,610.5,546.2,512.9,493.8,481.5,469.0,727.0,590.9,523.7,491.8,474.2,463.7,451.1,713.1,577.4,513.3,481.9,460.0,441.0,410.4,740.6,596.0,523.4,487.8,463.9,442.7,404.5,836.9,658.5,562.1,510.1,480.9,458.4,416.9,991.8,764.1,639.1,562.7,516.6,489.1,450.6,1145.2,882.4,738.0,649.7,594.0,553.9,498.5,0.7152,0.9790,1.1188,0.5453,0.7726,0.9037,0.0,0.0000,2026,0.8843,678.5,03420004K48,8.088,6115,26.1,26.2,30.4,0.0,61.3,838.9,612.9,536.3,1100.3,776.6,663.9,679.6,623.9,0.8829,0.9616,646.4,515.3,476.8,45.6,177.3,831.1,534.5,501.8,467.0,438.7,393.5,371.0,375.4,415.1,461.8,1843.4,1377.9,1831.1,48.9,141.5,1965.8,1225.7,1114.6,1046.6,1049.7,1028.4,1073.7,1241.4,1490.3,1720.8
GRE,01202,GR1798,GRE-1798,YPSIPYLI,ATLANTIC 31,ATLANTIC MARINE,JACOPIN & JACOPIN,1993,NOTK,,,,ORC,CLUB,C,250,02 09 2026 10:32:22,9.191,8.080,1.609,3.41,4414.,0.0,0.53,727.4,0.7569,792.7,0.9305,644.8,1206.1,966.9,837.4,755.2,705.7,678.6,654.0,0.0,0.0,0.0,0.0,0.0,0.0,0.0,931.6,760.6,670.8,619.0,589.0,570.5,548.5,0.0,0.0,0.0,0.0,0.0,0.0,0.0,1199.3,908.4,754.6,661.3,611.3,576.5,523.1,44.8,42.8,41.6,40.8,40.2,39.8,40.1,147.7,151.4,154.1,160.1,165.9,171.8,177.7,1274.1,1045.7,927.2,855.2,814.3,798.3,797.3,824.4,693.7,624.9,586.7,566.5,556.1,552.4,779.1,662.6,601.9,569.8,551.6,541.1,535.0,752.7,642.0,584.8,555.2,537.3,524.9,509.8,764.9,633.7,571.1,542.8,530.1,518.5,494.9,741.7,616.4,558.2,528.9,508.5,490.9,468.0,767.0,631.1,564.5,530.8,508.0,486.6,449.1,846.0,682.6,591.7,546.1,518.8,495.8,451.3,985.7,770.0,650.4,580.3,542.3,517.3,473.4,1138.2,888.2,747.5,655.2,597.2,558.9,510.6,0.7091,0.9367,1.0584,0.5522,0.7615,0.8874,0.0,0.0000,2026,0.8549,701.8,0342000500C,7.088,4821,21.1,19.2,27.2,65.0,0.0,846.1,640.5,566.9,1086.6,787.9,676.1,704.4,648.0,0.8518,0.9259,646.5,538.6,509.9,41.5,176.3,822.1,556.4,535.3,505.0,478.1,452.9,431.1,416.6,434.2,470.9,1766.1,1334.9,1758.9,47.8,144.0,1838.0,1156.4,1069.3,1018.6,1051.1,1041.5,1083.2,1225.8,1467.3,1694.3
GRE,01215,GR1806,GRE-1806,BEER O'CLOCK,OCEANIS 43,BENETEAU,BERRET/RACOUPEAU,2007,NIO PREVEZAS,,,,ORC,CLUB,C,847,02 04 2026 09:25:44,12.750,11.661,2.010,4.11,8879.,0.0,0.38,625.1,0.8690,690.5,1.0898,550.6,1081.4,854.2,730.1,654.3,610.9,585.9,558.0,0.0,0.0,0.0,0.0,0.0,0.0,0.0,823.3,661.2,575.0,525.8,497.7,480.5,459.0,0.0,0.0,0.0,0.0,0.0,0.0,0.0,1077.3,800.5,653.1,563.7,517.1,485.5,438.3,45.6,43.7,42.1,40.8,39.7,39.2,39.2,142.8,146.7,148.3,149.4,152.3,157.6,175.7,1122.0,901.1,782.2,710.7,674.1,659.8,653.1,716.9,589.2,522.9,487.1,469.5,461.3,456.7,670.2,558.6,502.0,472.7,456.9,448.2,442.5,641.5,539.0,487.7,461.5,445.5,434.2,421.2,655.3,539.2,478.9,450.3,434.2,425.2,408.1,650.1,528.6,470.2,441.9,421.7,404.5,377.7,671.2,544.8,480.1,447.8,425.9,406.6,371.5,756.6,601.1,516.1,469.4,442.9,422.3,384.3,901.3,699.2,587.2,517.8,475.8,450.8,415.8,1040.7,807.4,678.0,597.9,547.7,512.0,462.9,0.8083,1.0980,1.2585,0.6200,0.8754,1.0315,0.0,0.0000,2026,0.9945,603.3,03420004K4L,10.245,10082,36.3,37.8,46.9,0.0,97.6,742.3,546.4,476.8,967.7,685.4,581.7,596.9,565.2,1.0053,1.0615,546.3,446.3,421.8,40.1,176.5,663.6,457.8,441.8,416.4,395.0,362.1,338.8,344.6,383.9,428.9,1599.6,1196.4,1595.1,48.1,139.7,1644.4,1028.9,940.4,883.2,910.7,929.2,963.2,1114.1,1346.5,1554.8
GRE,01216,GR1807,GRE-1807,BOBONA,OCEANIS 440 WK,BENETEAU,BRUCE FARR,1990,IO IOANNINON,,,,ORC,CLUB,C,650,30 04 2026 10:30:10,13.120,11.385,1.766,4.23,9800.,0.0,0.32,622.3,0.8785,683.0,1.0915,549.7,1063.7,844.4,722.8,647.4,604.3,579.7,554.7,0.0,0.0,0.0,0.0,0.0,0.0,0.0,809.6,655.2,572.8,525.9,499.4,483.3,463.5,0.0,0.0,0.0,0.0,0.0,0.0,0.0,1058.1,791.1,648.2,562.8,518.7,488.0,441.6,46.3,44.4,43.0,41.9,41.1,40.6,40.6,145.3,149.4,150.5,155.6,162.3,168.1,176.8,1119.2,906.0,792.1,725.6,691.9,678.1,672.1,710.7,587.9,524.2,491.5,475.3,467.6,462.9,660.2,555.6,502.2,476.0,461.8,453.6,448.0,628.1,534.1,487.4,463.9,449.4,439.3,427.1,638.9,538.9,487.8,462.1,445.9,433.5,413.9,643.4,527.1,473.4,447.5,430.4,416.6,398.8,660.9,539.2,478.8,449.3,429.5,412.3,382.1,735.5,585.9,505.1,464.1,439.7,420.3,383.5,873.0,678.0,566.0,498.1,462.6,440.1,403.4,1008.1,782.9,653.4,569.2,516.6,481.2,437.3,0.8192,1.0995,1.2503,0.6289,0.8847,1.0409,0.0,0.0000,2026,0.9981,601.2,03420004NS4,9.928,10791,37.4,42.1,50.0,126.9,0.0,732.4,545.7,479.9,954.0,678.2,576.4,599.9,556.1,1.0002,1.0789,547.4,453.8,429.5,42.0,175.4,690.9,466.1,448.8,424.4,400.3,385.3,364.0,348.4,367.8,404.0,1560.1,1165.7,1553.4,49.1,138.8,1627.6,1011.9,916.0,851.2,872.9,917.0,944.7,1075.2,1292.7,1492.7
GRE,01218,GR1808,GRE-1808,KALLISTI,SUN ODYSSEY 33.1,JEANNEAU,ANDRIEU,1993,IO PATRON,,,,ORC,CLUB,C,400,14 04 2026 20:28:22,9.970,8.371,1.881,3.53,4600.,0.0,0.49,757.6,0.7260,826.5,0.9037,663.9,1327.9,1037.1,882.3,784.6,719.3,681.0,652.1,0.0,0.0,0.0,0.0,0.0,0.0,0.0,1022.1,809.3,697.7,632.4,592.4,568.6,545.2,0.0,0.0,0.0,0.0,0.0,0.0,0.0,1320.4,972.5,790.1,678.0,615.3,574.5,520.5,45.2,43.7,42.4,41.6,40.7,39.9,40.1,148.2,150.7,154.1,158.2,163.0,168.2,177.7,1403.1,1117.1,972.3,882.1,822.8,793.0,789.6,902.0,731.1,645.1,593.9,564.2,549.1,542.8,846.2,693.1,615.1,571.8,547.0,533.4,524.7,814.3,667.8,593.1,554.4,532.5,517.9,500.7,826.0,662.0,578.7,538.5,518.4,507.3,489.6,810.3,650.7,569.3,530.1,506.7,487.3,455.8,843.6,671.9,580.4,535.1,510.0,489.5,451.2,940.5,734.0,621.6,558.5,524.6,501.6,459.8,1084.9,829.4,689.3,602.9,552.0,522.6,481.3,1252.7,957.2,792.3,687.0,615.8,569.0,514.6,0.6552,0.9106,1.0605,0.5074,0.7300,0.8827,0.0,0.0000,2026,0.8267,725.8,03420004LA6,7.051,5178,22.6,16.8,28.2,52.1,0.0,915.8,658.9,565.8,1182.5,821.9,679.7,726.4,673.6,0.8260,0.8908,649.7,536.8,506.0,41.9,177.2,821.6,549.4,526.6,495.6,472.3,440.9,422.8,423.5,442.9,477.8,1992.1,1515.7,1981.9,46.8,146.6,2094.3,1326.3,1226.2,1167.2,1208.9,1178.8,1237.9,1403.4,1636.7,1889.9
GRE,01226,GR1814,GRE-1814,AURA,DUFOUR 325 GL,Dufour,Felci,2005,NAOEFK,,,,ORC,CLUB,C,300,29 04 2026 10:47:53,9.757,8.642,1.824,3.39,4700.,0.0,0.38,696.7,0.7772,772.0,0.9717,617.5,1165.1,936.3,812.0,735.2,691.1,667.2,645.0,0.0,0.0,0.0,0.0,0.0,0.0,0.0,892.9,729.1,642.6,592.4,563.3,546.4,526.9,0.0,0.0,0.0,0.0,0.0,0.0,0.0,1158.3,877.4,727.5,634.7,585.5,551.8,499.2,44.9,43.0,42.0,41.4,40.5,40.4,41.7,145.0,147.7,148.7,150.9,156.3,160.6,176.8,1233.7,1010.9,891.7,816.9,780.0,770.2,776.6,797.0,667.5,596.9,556.4,537.1,530.1,528.4,750.6,635.1,573.3,539.3,521.6,513.2,509.7,720.8,612.4,556.0,525.7,507.2,494.9,483.4,711.8,590.6,532.8,505.6,492.2,483.9,464.3,698.7,579.4,524.6,495.5,472.9,453.9,429.9,721.7,595.2,533.5,501.0,476.2,453.9,415.4,805.6,650.1,565.9,521.3,493.3,469.1,425.9,949.6,746.2,634.1,566.4,527.1,502.0,460.8,1096.6,861.6,732.2,653.6,602.1,564.2,513.4,0.7398,0.9784,1.1043,0.5711,0.7828,0.9025,0.0,0.0000,2026,0.8894,674.6,03420004NMS,7.662,5169,23.5,25.9,27.1,0.0,65.0,811.0,613.2,543.3,1050.6,766.5,664.8,674.0,624.4,0.8902,0.9610,641.2,518.8,486.8,43.0,177.1,806.4,534.3,511.8,480.2,451.7,414.9,391.4,385.9,424.1,476.0,1700.0,1278.3,1692.0,47.6,140.6,1780.5,1120.2,1032.9,977.0,992.9,976.8,1013.4,1163.6,1402.5,1619.5
GRE,01229,GR1815,GRE-1815,MELIPLOE,FIRST 42 S7,Beneteau,Bruce Farr,1993,IOVATh,,,,ORC,INTL,C,800,28 04 2026 18:21:28,12.688,11.111,1.778,4.13,8418.,108.3,0.30,621.5,0.8794,682.3,1.0916,549.7,1059.0,839.2,718.3,646.2,607.4,583.9,559.8,0.0,0.0,0.0,0.0,0.0,0.0,0.0,805.5,651.1,570.6,526.0,501.9,486.4,466.9,0.0,0.0,0.0,0.0,0.0,0.0,0.0,1054.9,786.7,645.1,562.5,521.2,491.1,444.3,46.0,44.1,42.4,41.0,40.4,40.1,40.3,144.9,148.8,150.7,155.9,162.8,168.7,177.2,1099.9,890.0,779.4,719.5,695.4,684.2,680.6,700.4,580.2,520.9,492.1,478.8,473.2,468.7,652.3,549.8,501.1,477.1,464.6,458.9,453.5,623.3,529.8,486.8,464.8,451.2,441.9,432.2,635.4,534.2,486.6,462.3,446.6,434.1,415.0,641.5,525.4,474.0,448.8,431.2,417.0,398.4,661.9,539.1,480.3,451.3,430.9,412.6,381.9,739.5,589.0,507.9,467.0,442.7,422.3,383.4,881.7,682.9,569.3,501.7,465.7,443.2,404.8,1018.1,788.5,657.1,572.9,519.5,483.5,439.0,0.8238,1.1004,1.2423,0.6322,0.8868,1.0332,0.0,0.0000,2026,0.9988,600.7,03420004NEJ,9.863,9551,34.7,43.2,45.6,113.6,0.0,728.3,545.3,483.0,949.1,676.6,580.7,598.1,557.3,1.0032,1.0767,548.1,454.7,431.0,41.3,174.9,692.0,469.3,452.2,426.7,403.7,384.5,363.3,346.6,367.3,404.2,1555.7,1162.0,1551.5,48.6,138.1,1597.5,996.6,907.2,847.9,872.4,914.1,946.1,1084.1,1311.1,1513.9
GRE,01238,GR1817,GRE-1817,SUNBIRD,GRAND SOLEIL 43,DEL PARDO,J&J DESIGN,1998,NAO LAVREOTIKIS,,,,ORC,CLUB,C,360,07 05 2026 09:29:23,12.895,10.975,2.125,3.99,8500.,0.0,0.25,603.9,0.9045,663.4,1.1157,537.8,990.6,799.0,693.3,634.5,598.7,576.1,551.7,0.0,0.0,0.0,0.0,0.0,0.0,0.0,760.8,625.6,555.5,518.5,496.5,481.6,462.2,0.0,0.0,0.0,0.0,0.0,0.0,0.0,987.3,751.0,625.3,553.3,515.5,486.7,441.7,44.2,41.8,40.4,39.3,38.7,38.4,38.5,142.8,147.1,148.3,151.4,163.5,169.1,177.2,1024.1,842.4,747.9,699.1,678.4,668.1,663.5,666.3,563.4,512.6,488.4,476.9,471.6,468.8,630.1,539.8,496.8,475.8,464.4,458.9,455.1,605.9,524.1,485.6,465.1,452.2,443.2,434.8,616.1,525.6,479.8,459.6,447.7,435.3,416.6,610.2,508.9,465.6,442.3,424.6,410.9,393.1,622.8,516.4,469.6,444.1,423.5,404.9,374.8,697.8,560.4,492.3,459.2,436.4,415.5,375.1,828.9,654.4,553.1,494.3,464.4,444.2,405.4,957.1,755.7,638.7,569.9,519.1,484.2,440.0,0.8656,1.1231,1.2551,0.6705,0.9107,1.0478,0.0,0.0000,2026,1.0237,586.1,03420004OUF,10.049,9147,33.4,40.9,49.7,111.0,127.0,693.2,534.2,478.0,894.9,658.8,572.6,583.4,545.1,1.0284,1.1008,540.6,450.2,428.9,39.5,173.6,676.5,469.7,454.8,430.1,405.1,379.6,357.6,335.6,366.8,404.7,1431.2,1075.9,1428.4,47.0,139.3,1459.2,919.9,847.4,797.4,820.4,857.3,883.0,1003.7,1215.1,1403.1
GRE,01235,GR1819,GRE-1819,KARMA,DUFOUR 30 CLASSIC,DUFOUR,J & J DESIGN,1996,NOTK,,,,ORC,CLUB,C,500,20 05 2026 09:29:19,9.030,8.091,1.556,3.04,3505.,0.0,0.35,719.7,0.7576,792.0,0.9408,637.7,1207.8,968.8,840.4,756.2,701.0,671.2,649.2,0.0,0.0,0.0,0.0,0.0,0.0,0.0,923.0,752.2,665.2,613.6,580.9,561.0,539.6,0.0,0.0,0.0,0.0,0.0,0.0,0.0,1197.4,906.0,752.8,657.2,603.0,566.3,512.9,45.6,44.0,43.0,41.6,40.2,39.7,40.4,145.1,147.8,148.8,159.2,172.7,177.9,178.6,1311.7,1068.3,939.9,858.8,809.4,789.7,793.2,839.5,695.8,623.2,583.7,561.5,550.2,546.2,786.5,659.2,597.5,565.4,546.4,535.1,528.4,754.4,636.7,579.1,550.3,532.1,518.3,501.4,724.6,602.4,549.8,523.8,507.7,498.3,484.4,708.9,590.9,541.4,513.4,490.0,469.2,438.7,730.8,605.2,549.3,518.9,493.6,469.9,427.7,812.5,657.2,577.1,537.9,511.3,486.8,440.0,955.9,752.8,641.6,576.5,540.5,515.8,471.7,1103.8,869.3,740.9,653.6,592.6,552.7,505.2,0.7163,0.9461,1.0754,0.5513,0.7613,0.8950,0.0,0.0000,2026,0.8612,696.7,03420004QH0,7.069,4180,19.8,21.4,20.6,0.0,58.4,837.6,634.2,557.9,1088.3,788.1,670.4,700.0,637.9,0.8572,0.9405,643.2,528.7,496.7,42.3,178.1,822.1,550.7,529.1,496.2,467.6,422.8,397.4,396.7,429.4,464.3,1769.8,1328.4,1755.6,48.0,140.8,1911.0,1197.1,1097.8,1034.5,1017.6,992.4,1025.9,1171.6,1410.3,1628.5
GRE,01241,GR1820,GRE-1820,DIAS,FIRST 38 S5,BENETEAU,BERRET/STARK,1989,NOTK,,,,ORC,CLUB,C,560,07 05 2026 08:43:37,11.375,9.696,1.890,3.72,6591.,0.0,0.27,632.4,0.8600,697.7,1.0625,564.7,1028.4,828.7,722.4,667.0,637.2,616.9,593.4,0.0,0.0,0.0,0.0,0.0,0.0,0.0,789.6,649.2,580.5,545.4,525.1,510.5,490.1,0.0,0.0,0.0,0.0,0.0,0.0,0.0,1022.3,777.9,652.1,582.1,545.2,515.7,468.0,44.3,42.0,40.5,39.7,39.2,38.9,39.5,143.1,147.3,149.6,152.5,157.5,162.3,164.2,1089.2,891.3,792.4,744.5,724.5,714.0,707.5,706.9,595.4,542.3,518.7,507.5,502.0,496.5,667.7,569.8,525.6,504.8,493.7,488.0,481.8,643.2,552.6,513.1,492.6,479.8,470.8,459.9,633.5,536.0,497.6,480.2,470.2,461.7,441.8,619.9,522.7,485.0,462.6,444.0,428.8,409.4,635.6,531.2,489.1,464.5,442.7,422.0,391.8,706.5,574.2,511.1,479.7,456.4,433.3,391.5,838.0,663.4,565.0,512.6,484.5,464.3,425.2,967.6,766.0,652.4,589.4,549.9,519.9,479.4,0.8340,1.0701,1.1846,0.6462,0.8677,0.9785,0.0,0.0000,2026,0.9765,614.5,03420004OTQ,8.871,7386,28.0,39.1,32.3,0.0,102.3,719.4,560.7,506.5,928.5,691.5,613.2,614.9,567.5,0.9757,1.0573,579.3,477.0,454.4,40.6,159.7,716.5,496.3,480.2,453.9,428.5,395.8,375.5,353.9,389.3,442.1,1486.3,1121.7,1478.8,46.9,139.4,1561.8,986.5,911.0,864.0,882.8,862.1,889.4,1010.9,1221.8,1410.8
GRE,01239,GR1822,GRE-1822,HARA TON ANGELON IV,ELAN 45,ELAN YACHTS,HUMPHREYS,2001,HORC,,,,ORC,CLUB,C,800,23 03 2026 19:13:03,13.440,11.790,2.087,4.16,10716.,0.0,0.30,605.9,0.9053,662.8,1.1197,535.9,1025.5,814.8,698.8,629.4,590.1,565.2,538.2,0.0,0.0,0.0,0.0,0.0,0.0,0.0,784.2,635.9,557.2,513.2,488.7,472.9,452.9,0.0,0.0,0.0,0.0,0.0,0.0,0.0,1022.6,765.3,628.8,548.4,507.3,477.7,433.3,45.0,43.0,41.4,40.3,39.6,39.1,38.9,145.1,149.2,151.3,155.4,161.9,167.3,176.8,1054.6,855.8,750.2,693.2,667.8,654.6,645.4,678.1,564.9,506.8,478.2,464.8,458.8,453.3,636.3,538.4,489.1,464.7,452.2,446.1,440.2,610.1,521.0,476.9,454.1,440.5,431.4,421.7,622.8,526.9,478.2,452.8,436.9,424.8,407.0,634.9,520.6,466.6,440.4,423.5,410.5,394.4,653.7,533.7,472.9,442.7,422.6,405.7,378.0,727.5,580.8,501.3,458.6,433.7,414.1,377.7,862.9,670.2,561.1,494.6,457.4,434.3,397.4,996.4,773.9,647.4,565.6,512.4,475.9,431.1,0.8450,1.1279,1.2784,0.6521,0.9117,1.0689,0.0,0.0000,2026,1.0257,585.0,03420004IOI,10.536,11898,39.8,46.0,56.4,135.2,0.0,710.1,532.0,469.3,920.1,658.1,561.3,580.7,546.1,1.0332,1.0987,523.0,439.8,420.0,39.3,175.4,648.3,452.2,438.2,416.1,396.0,384.6,361.6,343.0,362.2,397.7,1502.8,1126.1,1500.5,47.8,138.6,1525.2,956.0,875.2,821.4,847.0,902.9,932.1,1064.7,1282.0,1480.3
GRE,01198,GR1823,GRE-1823,AITIS,POGO 850,POGO STRUCTURES,ROLAND PIERRE,1999,HORC,,,,ORC,CLUB,R,480,15 04 2026 09:50:42,8.500,8.354,1.795,3.64,2759.,0.0,0.00,627.6,0.8614,696.6,1.0620,564.9,979.2,802.5,715.7,672.7,647.7,628.7,600.4,0.0,0.0,0.0,0.0,0.0,0.0,0.0,756.1,637.8,582.0,550.8,529.9,513.6,487.7,0.0,0.0,0.0,0.0,0.0,0.0,0.0,979.1,758.0,650.1,587.6,550.6,517.6,462.3,42.7,40.6,38.5,37.7,37.7,37.6,38.5,143.9,148.3,150.2,154.1,159.1,158.6,143.8,980.4,824.5,761.7,738.5,728.3,722.9,730.1,646.5,567.7,538.9,527.3,521.6,518.9,517.0,616.4,553.2,526.5,512.6,505.1,500.9,495.6,598.8,543.7,515.3,494.1,480.6,473.1,462.6,608.5,544.0,512.0,486.4,466.2,450.7,433.0,628.3,539.5,497.8,466.1,441.5,423.8,394.9,644.3,547.1,502.8,467.2,436.8,408.2,364.0,716.8,587.1,527.9,489.7,455.9,422.8,350.2,846.9,675.9,580.0,529.3,496.6,467.3,407.6,977.9,780.4,669.6,606.9,567.1,534.5,470.7,0.8609,1.0653,1.1811,0.6735,0.8676,0.9633,0.0,0.0000,2026,0.9793,612.7,03420004LCR,8.266,3428,19.5,31.9,26.6,0.0,80.2,696.9,563.2,508.0,890.9,691.6,622.9,610.6,572.4,0.9826,1.0482,553.4,456.7,431.3,40.4,141.8,751.5,519.3,495.2,455.8,417.7,369.5,329.9,270.9,307.6,355.2,1376.7,1038.0,1379.9,45.7,139.8,1344.7,858.3,796.7,757.6,774.9,865.9,893.5,1010.6,1220.0,1408.7
GRE,01255,GR1832,GRE-1832,PANIC,SUN ODYSSEY 40,JEANNEAU,Andrieu,1998,NOTK,,,,ORC,CLUB,C,460,11 03 2026 00:30:40,11.710,10.398,1.970,3.94,7300.,0.0,0.37,687.4,0.7871,762.3,0.9965,602.1,1222.7,954.9,810.5,721.1,667.1,635.9,604.6,0.0,0.0,0.0,0.0,0.0,0.0,0.0,928.3,735.5,632.6,572.6,537.6,516.6,493.4,0.0,0.0,0.0,0.0,0.0,0.0,0.0,1215.4,892.6,721.5,616.0,559.1,521.3,468.4,46.3,44.4,42.9,42.0,41.2,40.8,40.9,144.3,146.3,147.3,148.5,151.7,157.2,176.8,1295.9,1026.4,884.4,796.9,747.8,727.4,721.2,824.9,666.8,583.6,534.2,508.4,496.1,490.5,768.3,629.4,555.4,513.6,491.3,479.6,472.6,734.5,604.6,534.8,497.5,476.6,463.3,448.6,725.4,585.2,512.8,478.0,459.5,449.4,434.2,712.8,574.2,503.9,469.7,447.5,428.7,399.1,742.4,594.6,516.2,476.5,452.0,431.2,394.3,840.7,658.6,558.9,501.7,469.9,447.1,407.0,995.5,765.0,637.9,558.9,508.7,478.5,439.3,1149.5,883.4,736.6,645.3,586.4,544.4,488.0,0.7213,1.0043,1.1692,0.5511,0.7927,0.9494,0.0,0.0000,2026,0.9071,661.5,03420004HCU,8.710,8005,32.7,34.7,35.8,0.0,78.2,831.8,597.4,513.2,1088.7,756.9,632.0,658.9,614.0,0.9106,0.9771,593.9,481.4,451.7,42.2,177.5,737.4,492.8,472.1,443.7,419.3,383.2,362.0,368.8,405.2,450.4,1831.7,1372.9,1821.5,48.0,142.1,1933.4,1212.7,1110.8,1049.4,1050.1,1031.2,1081.0,1250.3,1498.1,1729.9
GRE,01275,GR1834,GRE-1834,AZUL,SUN ODYSSEY 32.1,JEANNEAU,BRIAND,1993,IO PATRON,,,,ORC,CLUB,C,540,23 03 2026 13:25:46,9.330,8.501,1.476,3.28,4400.,0.0,0.35,714.9,0.7681,781.1,0.9505,631.3,1218.8,965.3,828.1,741.9,688.6,660.0,634.9,0.0,0.0,0.0,0.0,0.0,0.0,0.0,932.0,750.6,657.5,604.7,573.2,554.6,531.8,0.0,0.0,0.0,0.0,0.0,0.0,0.0,1211.1,903.9,742.9,646.7,594.9,560.5,507.7,46.2,44.5,43.1,41.9,40.5,40.1,40.3,147.3,150.9,154.3,159.9,166.6,175.8,178.6,1296.3,1047.7,917.7,838.5,792.5,774.0,769.6,826.5,680.2,607.0,568.9,548.6,537.9,532.3,772.4,643.4,581.9,551.4,533.9,523.4,515.7,741.2,620.3,564.1,537.2,520.5,507.8,491.3,739.5,607.3,549.0,522.3,506.8,498.3,477.0,729.2,598.4,542.0,514.3,493.3,474.6,445.9,757.7,616.9,550.3,518.7,496.7,476.2,438.2,846.2,675.7,582.4,537.3,511.2,489.2,446.1,988.5,765.1,642.7,570.8,533.2,509.4,468.0,1141.4,882.8,738.4,645.3,584.8,546.0,500.3,0.7132,0.9576,1.0895,0.5494,0.7733,0.9122,0.0,0.0000,2026,0.8703,689.4,03420004IN7,7.422,5128,21.7,26.2,22.8,54.7,0.0,841.3,626.6,550.7,1092.1,775.9,657.8,689.8,636.5,0.8698,0.9427,626.0,520.1,491.7,41.7,177.7,789.7,534.9,515.9,486.0,459.7,431.7,410.8,409.0,428.7,462.3,1803.3,1355.5,1793.8,48.1,144.2,1898.5,1188.4,1087.7,1026.4,1050.8,1034.1,1082.6,1240.3,1479.3,1708.1
GRE,01263,GR1837,GRE-1837,NAIAS,ELAN 434 IMPRESSION,ELAN YACHTS,HUMPHREYS,2005,NOThAK,,,,ORC,CLUB,C,780,15 04 2026 22:56:42,12.990,11.721,1.888,4.20,10900.,0.0,0.40,648.4,0.8388,715.3,1.0530,569.8,1137.1,892.2,759.5,677.9,627.6,598.8,571.1,0.0,0.0,0.0,0.0,0.0,0.0,0.0,862.7,689.7,596.8,542.9,511.9,494.0,473.7,0.0,0.0,0.0,0.0,0.0,0.0,0.0,1130.8,834.9,678.1,583.0,532.1,498.4,449.2,47.1,45.3,43.7,42.7,42.3,41.9,42.1,146.2,149.6,152.9,156.1,161.7,167.1,178.1,1200.5,959.6,833.4,759.2,720.3,704.9,699.3,756.5,617.7,546.4,505.4,484.7,475.6,470.6,698.7,581.1,519.2,485.5,467.6,458.4,452.6,664.7,556.8,500.0,470.2,453.1,442.1,430.6,677.3,561.1,494.8,462.1,446.1,436.1,416.5,675.1,548.0,483.6,452.1,432.8,417.5,395.8,700.9,565.4,493.1,456.5,435.4,418.5,388.7,788.9,623.4,532.3,479.0,449.8,429.8,395.3,929.9,714.3,595.4,521.4,476.0,449.4,413.6,1073.7,824.8,685.7,596.6,535.0,492.6,443.0,0.7730,1.0613,1.2224,0.5913,0.8446,1.0074,0.0,0.0000,2026,0.9603,624.8,03420004LIL,9.729,12027,39.1,47.9,45.7,99.5,0.0,776.2,565.3,490.8,1014.7,710.4,595.6,624.1,578.5,0.9614,1.0371,562.7,463.8,435.9,43.4,177.9,714.5,472.9,452.0,426.4,404.4,383.7,365.3,363.2,381.2,410.9,1694.3,1264.1,1686.4,49.2,143.4,1773.4,1101.4,993.7,926.4,952.4,970.9,1014.7,1168.4,1398.8,1615.2
GRE,01265,GR1838,GRE-1838,OKYRROI,BAVARIA 40 C,BAVARIA,FARR,2007,NOThAK,,,,ORC,CLUB,C,820,21 05 2026 18:40:19,12.000,10.923,2.015,3.98,8680.,0.0,0.42,687.0,0.7942,755.5,0.9992,600.5,1230.2,957.6,810.5,718.0,653.6,611.8,575.8,0.0,0.0,0.0,0.0,0.0,0.0,0.0,936.9,740.0,635.1,572.3,531.8,505.9,480.1,0.0,0.0,0.0,0.0,0.0,0.0,0.0,1221.5,895.1,722.3,615.1,552.7,510.8,458.5,46.5,45.2,43.7,42.6,41.5,40.6,40.4,147.1,150.1,153.0,156.3,161.2,165.9,177.2,1317.1,1041.3,897.7,808.4,746.1,708.8,691.5,836.5,671.0,588.0,537.4,505.4,486.1,473.6,777.8,631.6,558.1,514.5,488.0,471.4,457.2,743.2,608.3,536.7,497.0,473.9,458.5,438.6,735.8,591.3,516.1,476.7,455.7,443.4,431.8,720.9,580.4,507.0,469.6,446.9,429.0,400.5,750.9,600.2,518.7,475.6,451.5,433.0,399.2,848.8,664.0,562.7,502.5,468.4,446.2,409.3,990.2,757.0,628.3,548.6,498.0,467.5,428.9,1143.4,874.0,723.4,627.5,561.1,514.9,460.1,0.7156,1.0049,1.1935,0.5485,0.7971,0.9856,0.0,0.0000,2026,0.9104,659.0,03420004QQH,8.874,9798,35.8,33.5,36.3,81.2,0.0,838.5,597.1,502.7,1093.9,752.7,608.8,659.8,609.8,0.9094,0.9839,566.4,468.0,442.0,41.6,177.2,706.6,475.2,456.4,430.2,413.4,384.8,369.7,374.9,395.2,426.2,1850.2,1391.7,1837.8,48.0,145.1,1974.0,1237.9,1133.1,1068.5,1072.4,1046.2,1098.1,1266.0,1495.1,1726.4
GRE,01297,GR1862,GRE-1862,ALEKA,SUN ODYSSEY 33.1,JEANNEAU,ANDRIEU,1992,NOTK,,,,ORC,CLUB,C,320,11 03 2026 21:25:34,9.970,8.393,1.555,3.53,4700.,0.0,0.52,754.6,0.7222,830.8,0.9039,663.8,1310.5,1030.8,882.2,789.1,728.8,694.9,674.4,0.0,0.0,0.0,0.0,0.0,0.0,0.0,1001.4,799.6,694.4,633.7,597.1,575.6,556.1,0.0,0.0,0.0,0.0,0.0,0.0,0.0,1296.9,963.0,787.6,680.6,620.3,580.4,524.5,47.3,45.6,44.4,43.7,43.0,42.6,43.4,147.5,150.5,153.2,157.7,163.9,169.6,177.2,1446.0,1155.9,1009.3,919.8,862.1,835.1,843.1,912.6,742.3,656.5,604.5,574.6,559.4,556.5,845.7,697.3,621.0,577.5,552.8,539.2,532.4,807.6,667.6,594.6,556.4,534.7,520.5,504.5,793.9,645.8,571.4,537.6,523.0,515.3,491.6,765.5,623.6,555.0,522.0,500.8,483.6,461.3,792.7,639.2,561.7,524.4,500.9,480.5,445.0,879.0,693.3,592.4,541.1,512.6,490.3,448.0,1017.6,784.7,655.9,578.8,536.8,511.3,469.7,1175.0,905.7,755.0,658.5,595.6,554.7,505.6,0.6663,0.9111,1.0459,0.5125,0.7271,0.8625,0.0,0.0000,2026,0.8263,726.1,03420004HH3,6.832,5194,21.8,16.7,28.8,67.7,0.0,900.5,658.5,573.7,1170.7,825.2,695.7,736.3,659.1,0.8149,0.9104,685.8,556.5,516.5,46.3,176.3,903.5,575.7,538.9,501.9,475.6,447.6,425.4,413.6,431.4,468.1,1957.9,1475.9,1938.4,48.9,145.3,2153.1,1342.6,1222.4,1150.5,1147.3,1099.5,1146.7,1295.8,1526.6,1762.7
GRE,01287,GR1863,GRE-1863,NORTH WIND II,BAVARIA 35 MATCH,BAVARIA,J & J,2004,IOBA,,,,ORC,CLUB,C,682,27 03 2026 14:29:41,10.840,10.065,1.976,3.28,5389.,0.0,0.19,621.0,0.8858,677.4,1.0859,552.5,1023.0,819.2,708.1,645.3,610.2,588.6,563.3,0.0,0.0,0.0,0.0,0.0,0.0,0.0,785.1,643.1,571.1,532.4,509.8,494.2,473.1,0.0,0.0,0.0,0.0,0.0,0.0,0.0,1021.1,770.8,640.6,567.3,529.0,499.3,452.2,43.9,41.5,39.7,38.5,37.9,37.7,37.9,144.7,149.2,152.9,158.5,165.9,172.7,176.8,1041.6,853.4,755.9,709.4,691.3,682.5,678.7,678.6,573.4,523.5,501.0,491.1,486.2,482.3,641.8,550.1,509.0,488.7,477.8,472.4,467.3,618.7,534.9,498.4,477.7,463.2,452.8,443.2,631.6,537.2,494.4,475.3,458.9,444.0,423.3,633.2,528.3,485.4,460.1,440.2,425.7,407.3,654.9,541.6,491.7,463.4,440.2,419.9,387.7,733.8,591.9,518.4,481.5,455.4,431.7,386.4,869.8,679.8,573.5,512.9,480.0,455.4,411.2,1004.4,784.9,660.2,581.3,529.2,494.8,447.9,0.8402,1.0932,1.2240,0.6514,0.8929,1.0264,0.0,0.0000,2026,0.9981,601.2,03420004J73,9.464,6325,26.1,39.0,30.9,84.1,0.0,714.1,548.8,490.2,921.1,672.0,584.6,597.4,562.6,1.0044,1.0666,548.2,458.3,437.2,39.0,170.0,688.6,482.5,466.3,438.7,412.2,396.7,368.1,336.6,365.4,407.8,1486.9,1116.2,1486.9,46.5,138.9,1487.0,942.0,871.8,824.9,848.9,886.2,921.4,1063.1,1287.6,1486.8
GRE,01294,GR1864,GRE-1864,MELINA,FIRST 27.7,BENETEAU,FINOT,2002,SEANATK,,,,ORC,CLUB,C,300,06 06 2026 10:08:23,8.300,8.350,2.144,3.02,2997.,0.0,0.19,684.7,0.7910,758.5,0.9816,611.2,1106.3,895.6,783.0,727.0,695.9,674.7,645.4,0.0,0.0,0.0,0.0,0.0,0.0,0.0,854.5,705.0,629.0,590.6,567.8,551.3,527.0,0.0,0.0,0.0,0.0,0.0,0.0,0.0,1101.1,842.1,706.8,631.1,589.8,555.5,501.3,42.0,40.0,39.0,38.3,38.2,38.3,38.9,144.6,148.0,149.4,151.8,157.5,160.8,158.6,1158.3,957.2,854.8,814.3,799.2,792.4,792.8,771.4,653.0,592.9,568.6,559.5,554.5,551.2,736.2,628.4,574.4,550.4,541.1,535.9,531.3,708.8,602.8,558.5,533.4,517.9,509.4,499.4,680.0,580.2,536.0,513.3,500.5,488.2,468.3,676.5,569.4,522.3,491.0,470.1,454.3,427.9,695.7,580.5,527.7,491.3,461.0,437.7,409.2,774.3,628.8,554.4,513.3,477.6,446.7,386.9,913.1,722.3,615.9,555.4,519.5,488.8,434.5,1054.3,834.0,711.2,639.8,592.6,557.1,498.1,0.7695,0.9881,1.0983,0.5994,0.7979,0.8968,0.0,0.0000,2026,0.9023,665.0,03420004SCW,7.538,3462,19.8,28.4,19.9,0.0,66.7,779.7,607.2,546.3,1001.0,752.0,669.0,669.4,612.9,0.8964,0.9790,621.9,508.6,480.2,40.6,142.2,821.9,554.7,533.6,495.5,459.3,411.3,376.3,324.9,365.3,421.8,1588.2,1202.6,1582.9,45.3,139.7,1641.3,1058.4,994.1,956.1,918.0,934.8,966.7,1101.6,1329.5,1535.2
GRE,01318,GR1873,GRE-1873,CAPTAIN JIM,SUN ODYSSEY 35,JEANNEAU,Marc Lombard,2003,IO IRAKLEIOU,,,,ORC,CLUB,C,400,16 06 2026 16:33:27,10.104,9.613,1.659,3.47,5200.,0.0,0.37,698.0,0.7710,778.2,0.9732,616.5,1195.2,945.6,813.1,737.4,698.7,675.5,654.5,0.0,0.0,0.0,0.0,0.0,0.0,0.0,911.2,732.5,639.3,588.7,562.1,545.2,526.3,0.0,0.0,0.0,0.0,0.0,0.0,0.0,1187.5,885.0,726.3,632.6,584.5,549.5,493.3,46.6,44.1,42.7,41.9,41.9,41.9,42.9,144.8,146.9,148.1,149.5,153.4,158.8,175.4,1272.1,1023.2,896.2,829.3,804.8,796.7,807.1,808.5,666.7,593.6,555.4,540.2,535.0,535.3,753.7,630.7,566.2,533.3,517.9,512.5,509.4,719.7,605.1,545.4,514.8,497.8,487.3,478.4,728.0,595.8,529.7,499.0,483.7,474.2,453.5,708.5,577.5,515.3,483.8,459.3,439.6,415.0,732.1,593.2,523.5,488.5,461.7,438.6,399.3,820.2,650.8,558.5,509.4,479.7,454.0,408.9,968.6,751.7,632.2,559.0,515.7,488.9,445.9,1118.4,868.0,730.0,645.5,592.6,554.3,501.8,0.7301,0.9822,1.1063,0.5605,0.7789,0.8910,0.0,0.0000,2026,0.8890,674.9,03420004TAM,8.049,5817,25.8,27.0,35.2,0.0,68.0,821.8,610.9,542.3,1070.5,770.3,673.4,677.5,620.7,0.8856,0.9667,654.3,520.2,482.2,44.9,175.4,846.6,549.7,514.6,476.2,443.4,397.9,373.0,362.8,407.6,461.9,1771.7,1328.7,1761.8,48.7,141.5,1871.2,1167.1,1062.0,1000.6,1030.8,1012.8,1050.6,1206.7,1448.2,1672.2
GRE,00692,GR1880,GRE-1880,APIDALOS NAFS,IMX-40,X-YACHTS,N. JEPPESEN,2000,YCG,,,,ORC,CLUB,R,700,25 05 2026 13:28:03,12.100,10.704,2.414,3.78,6665.,123.3,0.00,581.7,0.9397,638.5,1.1550,519.5,938.5,758.7,661.2,610.7,584.1,565.1,538.8,0.0,0.0,0.0,0.0,0.0,0.0,0.0,725.1,597.8,534.8,502.4,483.0,468.4,446.2,0.0,0.0,0.0,0.0,0.0,0.0,0.0,935.9,714.4,599.1,535.1,501.2,472.9,428.0,42.5,40.4,38.9,37.6,37.0,37.0,36.9,142.6,146.7,149.7,152.3,156.6,161.0,160.1,965.2,792.6,705.6,666.4,650.3,641.1,632.5,638.2,540.0,495.0,476.0,467.8,462.9,457.6,608.3,521.7,483.3,465.3,455.9,450.7,444.3,590.0,510.6,475.3,455.5,442.2,433.2,423.2,593.8,501.1,465.8,450.8,437.5,423.4,403.9,582.6,490.8,453.0,429.1,410.8,399.0,378.8,597.3,498.8,457.6,430.8,407.5,386.9,357.7,664.0,540.2,480.4,448.6,422.6,398.2,348.8,789.7,627.6,534.3,482.6,454.0,431.5,389.2,911.9,724.7,616.9,555.1,517.8,489.2,445.2,0.9071,1.1621,1.2939,0.7071,0.9475,1.0714,0.0,0.0000,2026,1.0632,564.4,03420004R4H,10.373,7654,31.0,49.9,36.8,0.0,126.6,661.4,516.3,463.7,848.5,633.2,560.0,561.3,527.9,1.0689,1.1365,512.5,426.1,408.8,37.8,142.1,637.6,456.9,442.4,418.1,392.6,361.9,334.7,290.1,335.6,387.5,1345.4,1019.8,1343.0,45.7,139.2,1369.6,875.7,817.4,780.3,804.5,807.6,835.5,945.2,1144.2,1321.2
GRE,01320,GR1881,GRE-1881,VIKOULA,HALLBERG RASSY 352,HALLBERG RASSY,Rassy/Enderlein,1978,SEANATK,,,,ORC,CLUB,C,300,28 04 2026 18:08:36,10.469,8.672,1.621,3.40,6700.,0.0,0.69,723.8,0.7490,801.1,0.9324,643.5,1199.0,963.1,838.9,765.2,721.2,694.9,675.3,0.0,0.0,0.0,0.0,0.0,0.0,0.0,918.2,751.5,665.4,618.1,591.8,575.9,559.1,0.0,0.0,0.0,0.0,0.0,0.0,0.0,1190.1,902.5,752.3,662.9,614.8,580.3,526.8,45.7,43.1,42.0,41.9,42.6,42.7,43.8,144.8,149.2,152.5,157.8,170.0,177.7,179.0,1287.2,1052.5,938.2,879.2,853.0,842.3,849.2,825.4,694.2,626.1,589.3,571.1,563.9,561.6,775.0,660.0,598.5,566.6,549.6,542.1,537.8,742.4,634.3,576.8,546.9,530.2,520.0,511.1,734.5,614.5,556.4,529.8,517.7,509.7,492.1,713.8,595.2,541.2,514.4,496.1,481.1,460.9,735.6,608.6,547.6,517.4,496.4,477.8,446.4,815.8,662.0,576.5,534.0,509.0,488.6,450.7,961.9,756.7,641.9,572.4,534.3,510.8,472.7,1110.7,873.7,739.6,651.1,589.3,547.5,501.5,0.7187,0.9398,1.0461,0.5550,0.7545,0.8644,0.0,0.0000,2026,0.8546,702.1,03420004NEF,7.221,7185,28.4,29.0,32.7,0.0,75.3,834.8,638.4,573.6,1081.1,795.2,694.1,708.4,640.4,0.8469,0.9369,673.2,553.1,517.4,46.0,178.8,880.4,568.8,539.6,507.7,481.4,444.2,431.2,421.9,437.4,466.1,1754.9,1317.3,1743.6,48.5,141.7,1868.6,1167.0,1067.5,1005.3,1022.4,997.2,1033.4,1180.3,1421.4,1641.3
GRE,01325,GR1886,GRE-1886,MIMOSA,DEHLER 35,DEHLER,Simonis & Voogd,2007,NOTK,,,,ORC,INTL,C,465,16 03 2026 18:02:15,10.500,9.715,1.993,3.47,5796.,0.0,0.21,627.3,0.8651,693.6,1.0692,561.2,1012.5,819.1,716.1,663.8,636.0,617.2,594.6,0.0,0.0,0.0,0.0,0.0,0.0,0.0,778.0,642.1,575.7,542.6,523.3,509.5,490.6,0.0,0.0,0.0,0.0,0.0,0.0,0.0,1006.4,769.1,646.5,579.2,543.3,513.9,468.3,44.0,41.6,40.4,39.6,39.1,39.0,39.3,143.1,147.5,149.8,152.8,157.8,162.1,162.4,1074.0,881.9,786.6,743.8,727.1,718.9,715.9,700.1,590.5,538.2,516.7,508.3,503.7,499.8,662.0,565.3,521.3,502.1,493.4,488.8,484.0,636.7,548.2,509.0,488.8,476.2,468.4,460.5,623.9,530.8,496.5,482.6,469.4,456.5,439.7,609.7,516.7,480.1,457.7,442.3,431.5,413.7,624.4,524.6,484.0,458.2,436.4,417.7,394.3,694.1,566.7,506.0,474.7,449.7,426.4,382.5,823.6,655.0,559.1,507.9,480.0,458.5,418.5,951.0,756.3,645.6,583.8,545.0,515.5,473.2,0.8450,1.0770,1.1862,0.6552,0.8730,0.9781,0.0,0.0000,2026,0.9831,610.3,03420004HT1,8.888,6485,27.1,38.0,31.8,0.0,106.8,710.1,557.1,505.8,915.8,687.3,613.4,612.1,562.5,0.9802,1.0667,583.8,478.7,456.4,40.7,158.4,732.4,501.9,485.4,457.5,431.2,399.6,376.6,333.0,379.2,435.1,1455.3,1098.1,1447.5,46.8,139.3,1533.4,969.6,895.8,847.0,862.5,841.4,868.3,985.4,1192.7,1377.3
GRE,01329,GR1890,GRE-1890,NEVERLAND,SOLARIS 50,SOLARIS,SOTO ACEBAL,2015,NCTh,,,,ORC,CLUB,C,1177,10 03 2026 17:57:10,15.381,14.663,2.619,4.53,16484.,0.0,0.23,537.4,1.0073,595.7,1.2602,476.1,908.5,725.3,624.6,566.4,534.9,514.5,488.5,0.0,0.0,0.0,0.0,0.0,0.0,0.0,690.7,561.6,494.0,457.0,436.1,422.0,401.6,0.0,0.0,0.0,0.0,0.0,0.0,0.0,903.9,679.3,559.7,489.3,452.8,425.8,384.1,44.9,42.5,40.8,39.8,39.3,38.9,38.6,141.3,144.8,148.5,150.7,153.1,157.4,162.8,955.1,770.2,673.3,622.8,599.3,585.9,573.2,615.0,510.5,455.9,428.8,415.8,409.5,402.5,577.3,486.2,439.3,415.5,403.4,397.0,390.1,551.3,467.7,427.3,405.7,392.2,382.9,371.9,529.7,448.0,410.8,392.7,382.2,375.1,358.6,542.3,449.3,406.3,384.0,367.4,356.5,334.7,558.1,457.6,411.2,387.0,367.9,350.9,325.6,622.8,501.8,437.1,403.6,382.3,363.4,327.5,746.5,589.3,498.7,442.0,409.6,389.6,357.1,862.0,680.4,575.8,510.1,470.5,443.2,403.9,0.9582,1.2690,1.4357,0.7344,1.0149,1.1768,0.0,0.0000,2026,1.1518,520.9,03420004HBL,13.081,18201,53.7,81.1,55.1,0.0,196.9,626.2,472.8,417.9,817.0,591.2,509.9,517.6,484.1,1.1592,1.2395,473.1,387.2,368.9,39.0,159.9,573.2,400.8,387.9,366.4,346.7,319.5,301.7,288.7,325.3,373.0,1326.7,989.5,1320.5,47.7,137.9,1388.3,870.2,797.5,746.4,725.2,750.7,791.4,900.7,1095.6,1265.0
GRE,01348,GR1894,GRE-1894,HELLAS,FEELING 326,KIRIE,HARLE,1987,NOPF,,,,ORC,CLUB,C,486,22 05 2026 13:55:26,9.491,8.183,1.621,3.29,3399.,0.0,0.36,732.9,0.7394,811.5,0.9279,646.6,1254.7,993.1,854.7,772.1,721.6,693.2,663.8,0.0,0.0,0.0,0.0,0.0,0.0,0.0,959.9,770.8,674.2,619.7,586.0,565.1,541.2,0.0,0.0,0.0,0.0,0.0,0.0,0.0,1249.7,930.8,765.0,664.7,609.3,570.4,512.5,45.4,43.8,42.2,41.0,40.0,39.9,40.4,144.9,146.9,147.9,150.1,155.2,160.1,175.7,1304.9,1053.2,924.2,849.0,806.7,792.6,796.5,839.1,690.0,618.3,579.8,558.3,547.1,543.8,789.8,655.9,593.8,561.2,541.4,529.9,523.8,759.9,635.0,574.6,543.7,524.0,509.8,493.7,768.3,624.6,557.9,524.0,502.5,486.8,469.6,757.0,617.7,551.8,517.6,491.4,467.4,429.1,787.1,638.3,563.8,525.4,498.1,472.3,426.4,885.3,701.0,602.2,549.4,517.8,492.4,443.7,1043.2,807.9,680.0,602.3,555.7,526.6,483.0,1204.6,932.9,785.2,695.3,636.5,593.8,531.2,0.6933,0.9345,1.0689,0.5338,0.7449,0.8705,0.0,0.0000,2026,0.8479,707.6,03420004QUA,7.185,4061,20.3,19.9,26.2,0.0,47.0,865.4,642.1,561.3,1124.0,805.5,689.3,703.0,659.5,0.8535,0.9098,659.4,530.4,495.4,42.3,175.4,827.7,550.1,525.1,489.0,456.4,405.9,387.2,398.3,441.7,491.0,1858.9,1400.0,1853.5,47.4,142.6,1913.4,1206.2,1115.2,1059.2,1089.5,1082.6,1133.2,1306.5,1562.7,1804.4
GRE,01334,GR1897,GRE-1897,MARCI,COMET 801,COMAR,FINOT,1972,NAO KERKYRAS,,,,ORC,CLUB,C,350,17 04 2026 10:27:24,7.623,5.975,1.522,2.68,2000.,0.0,0.48,791.3,0.7004,856.7,0.8509,705.2,1273.9,1034.3,901.9,818.5,768.3,741.0,716.9,0.0,0.0,0.0,0.0,0.0,0.0,0.0,992.1,820.0,731.4,680.9,649.3,628.9,605.7,0.0,0.0,0.0,0.0,0.0,0.0,0.0,1265.0,972.7,817.5,724.9,672.9,635.9,580.2,43.6,42.0,41.0,39.7,38.4,38.3,39.1,149.2,153.2,157.4,163.9,171.4,177.7,177.2,1363.0,1131.5,1007.6,931.6,886.0,866.7,870.8,894.2,756.1,687.4,651.9,632.1,621.1,616.9,849.7,725.5,666.1,636.2,618.0,606.0,597.7,823.6,706.6,650.6,622.5,603.3,587.5,566.2,810.9,681.1,627.1,601.7,586.9,577.7,548.7,793.5,671.1,618.6,587.6,561.0,539.0,515.8,820.6,685.3,624.9,590.9,561.4,535.3,500.8,896.4,732.5,647.9,607.7,577.1,548.1,503.6,1026.1,814.4,698.1,636.1,602.2,574.0,524.2,1184.8,937.0,796.2,705.5,650.6,615.2,563.1,0.6622,0.8554,0.9596,0.5199,0.7045,0.8121,0.0,0.0000,2026,0.7847,764.6,03420004LRQ,5.557,2474,13.5,12.7,17.7,44.0,0.0,906.1,701.4,625.3,1154.1,851.7,738.8,769.5,705.0,0.7797,0.8511,717.0,600.4,569.2,41.9,177.9,913.8,625.2,601.6,561.9,529.5,503.3,482.8,470.6,487.8,520.2,1837.3,1399.8,1827.5,46.1,144.7,1935.0,1233.1,1148.1,1095.9,1123.3,1089.6,1133.3,1272.9,1506.6,1739.6
GRE,01346,GR1902,GRE-1902,YUSURI,SUN ODYSSEY 42 CC,JEANNEAU,Guy Ribadeau Dumas,1991,NAOL,,,,ORC,CLUB,C,420,25 03 2026 15:13:46,12.280,10.330,1.891,3.98,8600.,0.0,0.49,654.6,0.8269,725.6,1.0352,579.6,1106.8,881.4,761.3,690.4,650.3,626.5,600.1,0.0,0.0,0.0,0.0,0.0,0.0,0.0,844.0,685.2,602.0,555.5,529.3,512.9,492.9,0.0,0.0,0.0,0.0,0.0,0.0,0.0,1102.9,826.9,682.3,595.4,550.0,518.0,469.1,45.6,43.6,42.2,41.2,40.6,40.3,40.5,143.8,146.9,148.3,149.7,153.5,158.3,175.3,1145.2,931.0,820.1,757.0,726.2,714.6,713.9,732.7,611.2,548.8,516.3,499.8,492.2,489.0,686.7,581.0,527.7,500.4,485.3,477.1,472.7,657.8,560.9,512.8,487.6,472.3,462.0,450.1,669.8,565.8,506.1,477.0,460.9,452.0,436.4,672.0,552.0,496.1,468.0,448.8,431.7,403.2,693.9,567.3,504.7,473.0,452.2,433.5,398.1,779.5,622.7,538.0,492.9,466.8,447.2,409.3,925.2,720.5,608.4,540.2,500.0,475.2,441.5,1068.4,831.9,702.5,623.8,574.5,538.4,486.2,0.7847,1.0430,1.1776,0.6036,0.8334,0.9638,0.0,0.0000,2026,0.9465,633.9,03420004IW9,9.056,9282,33.4,30.6,49.1,0.0,88.8,764.6,575.3,509.5,994.0,719.9,622.5,628.6,591.6,0.9546,1.0142,596.9,485.8,456.8,42.2,176.2,740.5,495.1,474.9,447.9,422.7,388.8,372.9,377.1,409.1,453.2,1626.4,1216.0,1622.9,48.3,140.3,1661.1,1038.1,948.4,890.6,918.3,955.1,990.3,1142.6,1378.4,1591.6
GRE,01362,GR1912,GRE-1912,AGIA PARASKEVI,OCEANIS 381,BENETEAU,BERRET/RACOUPEAU,1998,NOTK,,,,ORC,CLUB,C,170,09 03 2026 18:56:53,11.370,9.697,1.613,3.93,6800.,0.0,0.45,684.3,0.7906,758.9,0.9900,606.1,1156.1,922.0,797.7,723.6,678.9,651.5,627.1,0.0,0.0,0.0,0.0,0.0,0.0,0.0,881.2,715.0,629.7,581.9,553.3,535.3,515.6,0.0,0.0,0.0,0.0,0.0,0.0,0.0,1147.6,862.6,713.7,623.9,574.9,540.3,489.7,45.5,43.4,42.3,41.7,41.1,40.8,41.3,143.9,147.3,148.7,151.2,156.6,161.7,179.8,1240.4,1007.1,887.8,816.1,775.0,755.8,755.5,795.7,660.3,590.2,550.3,529.4,518.1,513.0,745.1,625.7,563.6,530.8,512.7,502.0,494.6,710.4,599.9,543.6,514.9,497.6,486.0,471.5,692.3,574.9,520.1,494.2,479.5,472.0,458.0,677.6,560.9,510.3,484.4,465.5,448.5,422.5,698.5,574.6,517.5,488.8,468.3,449.3,414.1,782.6,627.5,546.3,506.5,482.3,462.5,423.5,928.1,724.7,612.9,547.1,511.6,489.3,455.0,1071.7,836.9,707.7,631.0,582.7,547.1,498.7,0.7518,0.9970,1.1269,0.5775,0.7961,0.9242,0.0,0.0000,2026,0.9054,662.7,03420004H8V,8.197,7153,27.2,30.4,26.9,0.0,70.8,798.1,601.8,532.4,1039.0,753.7,649.2,664.2,609.2,0.9033,0.9849,625.6,508.5,477.4,43.0,179.8,784.6,519.8,496.5,466.6,442.4,409.2,390.4,390.0,420.5,466.6,1701.7,1274.0,1690.6,48.0,139.9,1812.2,1136.1,1040.2,976.2,971.9,954.1,989.5,1141.1,1377.9,1591.1
GRE,01979,GR1915,GRE-1915,GAZELLE,XP-44 DK,X YACHTS,Niels Jeppesen,2014,NOPF,,,,ORC,INTL,C,850,14 05 2026 11:09:19,13.289,12.319,2.689,4.05,9386.,131.6,0.14,545.0,0.9989,600.6,1.2338,486.3,888.8,715.5,622.0,573.7,548.9,531.4,504.3,0.0,0.0,0.0,0.0,0.0,0.0,0.0,682.0,560.1,500.3,470.0,452.4,438.7,416.2,0.0,0.0,0.0,0.0,0.0,0.0,0.0,884.9,672.3,561.9,500.9,469.1,443.4,399.7,43.0,41.0,39.4,38.2,37.6,37.3,37.5,141.9,145.3,148.3,152.4,154.9,158.2,147.8,927.1,755.6,671.3,635.1,618.0,608.0,598.0,608.1,510.1,465.2,447.3,439.5,434.6,429.0,576.7,490.7,452.4,435.6,427.5,422.6,416.4,556.3,477.4,444.0,425.4,413.5,405.6,396.1,536.2,460.4,430.3,415.1,405.8,395.8,378.1,543.0,456.8,422.1,402.6,387.5,372.3,349.6,554.3,461.2,423.3,398.6,378.3,364.2,334.1,617.5,496.2,442.6,413.4,388.7,365.2,316.7,736.5,585.0,496.0,445.6,419.2,397.6,355.7,850.4,675.5,572.7,512.3,479.7,454.8,410.7,0.9661,1.2417,1.3836,0.7480,1.0077,1.1415,0.0,0.0000,2026,1.1334,529.4,03420004PU0,11.688,10618,39.0,61.3,48.1,0.0,189.5,621.1,483.2,433.7,802.1,595.4,525.6,527.7,490.3,1.1371,1.2237,474.5,396.7,378.6,38.3,143.8,601.2,427.8,414.4,391.0,367.5,334.6,306.0,279.6,301.1,347.7,1280.1,965.2,1275.4,45.5,139.0,1327.1,844.1,783.3,742.6,727.9,755.0,785.6,882.4,1067.9,1233.1
GRE,01978,GR1916,GRE-1916,ANTELOPE,XP-44 DK,X-YACHTS,Niels Jeppesen,2014,NCTh,,,,ORC,INTL,C,975,05 05 2026 11:23:19,13.289,12.337,2.688,4.05,9419.,132.6,0.10,541.7,1.0059,596.5,1.2411,483.4,882.0,710.5,617.9,569.9,545.1,527.5,500.8,0.0,0.0,0.0,0.0,0.0,0.0,0.0,677.2,556.8,497.7,467.3,449.6,435.9,413.3,0.0,0.0,0.0,0.0,0.0,0.0,0.0,878.7,668.0,558.6,497.9,466.2,440.5,397.5,43.0,40.9,39.3,38.0,37.3,37.2,37.1,141.9,145.6,148.3,152.5,155.0,158.5,148.3,914.1,746.0,663.3,627.7,610.7,600.3,589.8,599.8,504.4,461.6,444.2,436.5,431.5,425.7,569.1,486.1,449.6,433.2,425.0,419.9,413.1,549.3,474.7,441.8,423.6,411.4,403.2,392.9,535.0,459.6,429.1,412.6,402.6,393.9,375.5,542.0,456.0,421.2,400.1,386.7,370.6,346.1,553.6,460.7,423.0,398.1,377.1,361.4,333.2,617.1,495.7,442.5,413.5,388.8,365.4,316.8,736.0,584.7,495.7,445.5,419.2,397.8,356.5,849.8,675.1,572.4,512.0,479.5,454.7,411.7,0.9725,1.2488,1.3925,0.7535,1.0145,1.1497,0.0,0.0000,2026,1.1405,526.1,03420004OHF,11.828,10797,39.3,62.9,50.2,0.0,189.9,617.0,480.5,430.9,796.3,591.4,521.9,523.5,488.8,1.1462,1.2275,469.8,392.4,375.2,37.8,143.5,591.1,424.0,410.6,387.2,364.1,329.1,302.3,275.7,301.8,348.5,1268.5,957.1,1264.9,45.6,139.0,1304.8,830.4,770.6,730.7,726.6,754.4,784.7,881.7,1067.1,1232.2
GRE,01967,GR1917,GRE-1917,LAPAXION,X4^6,X-YACHTS,X-Yachts,2007,HORC,,,,ORC,CLUB,C,955,25 05 2026 12:31:21,13.490,12.730,2.608,4.27,11893.,126.8,0.24,569.7,0.9523,630.1,1.1868,505.6,954.7,764.4,659.6,599.6,567.0,546.4,521.1,0.0,0.0,0.0,0.0,0.0,0.0,0.0,727.6,593.5,523.8,485.9,464.2,449.9,429.7,0.0,0.0,0.0,0.0,0.0,0.0,0.0,949.6,716.2,592.3,519.6,481.8,453.9,411.4,44.4,41.9,40.4,39.5,38.9,38.5,38.3,141.9,146.0,148.9,150.9,154.0,159.0,162.7,1005.2,814.6,714.4,660.9,635.6,623.1,613.2,651.9,543.4,486.6,458.3,444.7,438.6,432.8,614.5,518.7,469.8,445.2,432.5,425.8,419.8,584.6,493.3,453.5,435.2,421.1,411.1,400.0,557.5,474.0,437.4,419.1,407.9,400.4,385.6,572.7,474.9,432.5,409.8,392.3,381.3,357.8,587.7,483.9,437.4,412.5,392.4,374.8,348.6,655.8,530.0,463.2,429.4,406.7,386.6,348.9,783.0,618.4,523.8,466.5,434.9,414.4,380.0,904.2,714.1,604.8,538.2,498.5,469.7,429.0,0.9084,1.1950,1.3457,0.6981,0.9597,1.1069,0.0,0.0000,2026,1.0863,552.3,03420004R3O,11.469,13254,43.0,60.8,46.4,0.0,157.2,660.5,502.1,445.9,859.5,625.2,542.1,549.9,512.8,1.0912,1.1701,505.7,415.1,396.1,38.8,160.1,614.7,431.5,417.8,394.6,373.6,342.3,324.4,308.8,347.0,396.7,1389.8,1038.8,1383.2,47.1,138.3,1455.5,918.0,847.3,799.4,759.0,788.8,829.2,944.0,1146.7,1324.1
GRE,01254,GR1919,GRE-1919,BANA BIOLETTA 5,SUN ODYSSEY 469,JEANNEAU,PHILIPPE BRIAND,2013,HORC,,,,ORC,CLUB,C,500,16 07 2026 12:14:20,13.659,12.523,2.191,4.49,10811.,0.0,0.34,608.3,0.8907,673.7,1.1236,534.0,1066.9,840.6,715.6,638.1,591.8,565.2,536.8,0.0,0.0,0.0,0.0,0.0,0.0,0.0,812.3,649.5,561.4,509.4,478.3,459.0,435.5,0.0,0.0,0.0,0.0,0.0,0.0,0.0,1059.9,786.3,638.5,547.0,497.1,463.3,413.8,45.6,43.8,42.4,41.1,40.2,39.7,39.7,142.8,146.4,148.3,149.2,151.2,155.2,160.8,1136.0,905.9,780.9,703.3,659.7,640.3,630.8,726.5,591.7,519.7,477.0,453.3,441.8,435.0,678.8,560.4,496.8,460.3,439.6,428.2,420.0,648.4,540.0,481.1,448.3,428.6,414.6,397.5,642.1,522.0,459.9,429.0,411.8,402.5,386.7,627.7,509.2,449.6,419.1,396.7,377.6,350.7,645.9,523.1,458.9,425.1,401.2,379.8,340.6,725.6,576.2,494.3,447.4,419.5,396.7,355.0,864.0,671.4,563.2,496.1,454.1,428.0,389.7,997.7,775.3,650.3,572.9,523.8,490.2,442.7,0.8209,1.1308,1.3187,0.6291,0.8966,1.0692,0.0,0.0000,2026,1.0240,585.9,03420004VAQ,10.769,11651,43.9,45.7,50.1,0.0,128.8,730.9,530.6,455.0,953.7,669.2,561.2,584.0,544.5,1.0274,1.1020,523.6,420.9,395.9,40.8,158.5,640.5,435.3,418.5,391.6,369.9,333.5,308.2,311.2,354.7,406.6,1582.8,1186.6,1573.2,48.1,139.7,1679.5,1051.9,960.5,902.8,918.2,896.3,925.4,1064.9,1287.1,1486.2
GRE,01969,GR1925,GRE-1925,STELLA,SUN ODYSSEY 42i SD,JEANNEAU,LOMBARD,2005,IO CHANION,,,,ORC,CLUB,C,600,10 03 2026 17:00:24,12.526,11.738,1.597,4.11,8640.,0.0,0.38,660.8,0.8141,737.0,1.0381,578.0,1190.4,926.5,783.1,695.4,643.5,615.2,587.8,0.0,0.0,0.0,0.0,0.0,0.0,0.0,898.9,709.1,607.7,548.9,514.6,494.0,471.7,0.0,0.0,0.0,0.0,0.0,0.0,0.0,1178.2,862.9,694.7,591.7,535.3,497.2,443.4,47.7,46.0,44.5,43.3,42.5,42.5,42.8,143.4,146.2,147.8,148.7,151.2,155.8,161.2,1312.9,1031.0,881.5,790.7,740.0,719.5,714.7,825.3,658.9,572.6,521.1,493.2,480.0,474.7,760.6,616.3,541.0,497.0,472.7,460.3,453.5,724.1,589.5,518.1,478.5,456.2,442.0,426.6,687.4,553.9,485.6,453.1,437.2,424.9,410.8,668.3,536.8,471.4,439.4,416.2,397.0,372.2,690.2,552.5,480.8,444.7,419.5,397.2,358.8,778.1,610.5,519.0,467.5,437.9,413.5,370.3,924.9,711.8,592.9,519.6,474.2,446.8,405.9,1068.0,821.9,684.7,600.0,547.0,510.8,460.9,0.7463,1.0466,1.2225,0.5669,0.8209,0.9804,0.0,0.0000,2026,0.9435,635.9,03420004HB7,9.435,9550,37.5,39.0,38.9,0.0,104.3,804.0,573.3,490.8,1058.4,730.9,612.0,641.3,580.3,0.9356,1.0340,580.4,460.8,428.5,44.5,159.2,737.9,480.6,455.0,422.6,395.4,354.6,330.6,326.1,369.6,422.9,1788.3,1334.6,1769.8,49.2,140.8,1973.3,1228.4,1114.7,1047.3,996.6,967.4,1003.2,1154.3,1388.5,1603.3
GRE,01981,GR1926,GRE-1926,OTIUM,ECUME DE MER (SK),Malliard,Finot,1973,YCG,,,,ORC,CLUB,C,300,10 03 2026 17:03:09,7.878,5.993,1.308,2.70,2098.,0.0,0.56,809.5,0.6766,886.8,0.8342,719.3,1322.2,1074.9,938.1,848.3,791.6,759.6,736.2,0.0,0.0,0.0,0.0,0.0,0.0,0.0,1025.6,845.7,749.6,693.2,657.3,634.6,612.2,0.0,0.0,0.0,0.0,0.0,0.0,0.0,1310.8,1008.2,844.0,741.5,682.4,640.9,581.0,44.9,43.4,43.0,42.0,41.3,41.1,42.3,149.3,153.2,156.5,162.1,168.2,176.3,176.3,1435.9,1194.3,1066.2,984.8,931.4,906.1,914.9,927.9,783.1,707.7,663.1,637.9,624.7,621.7,875.6,745.4,677.8,640.6,619.4,606.0,597.7,844.9,721.5,655.4,621.9,601.0,584.4,560.6,833.5,695.0,629.1,599.6,582.8,572.5,542.0,811.2,678.8,616.9,583.3,554.3,533.3,509.8,839.2,693.7,623.1,586.3,554.7,530.2,495.9,918.6,746.1,649.1,603.7,571.2,541.4,499.2,1046.5,830.7,707.8,635.5,598.0,568.1,519.4,1208.4,955.5,810.0,711.7,651.8,613.0,557.6,0.6413,0.8383,0.9495,0.5006,0.6796,0.7907,0.0,0.0000,2026,0.7663,783.0,03420004HB8,5.295,2516,13.3,11.9,18.5,43.7,0.0,935.6,715.7,631.9,1198.6,882.9,758.8,792.6,714.3,0.7570,0.8400,746.2,612.1,572.3,45.8,177.9,976.1,633.9,602.3,555.1,524.2,497.5,477.1,466.7,483.6,516.3,1907.6,1448.4,1894.4,47.4,145.0,2040.3,1286.1,1187.5,1126.5,1154.1,1118.2,1161.4,1298.3,1537.2,1775.0
GRE,02019,GR1928,GRE-1928,FOIVOS,BAVARIA 32 CRUISER,BAVARIA YACHTS,J & J DESIGN,2000,IOAThA,,,,ORC,CLUB,C,400,29 04 2026 09:43:14,9.847,8.307,1.377,3.42,3750.,0.0,0.38,738.3,0.7237,829.1,0.9231,650.0,1292.5,1021.5,876.3,788.1,732.0,700.0,684.7,0.0,0.0,0.0,0.0,0.0,0.0,0.0,976.1,781.5,680.6,622.0,584.7,561.6,543.9,0.0,0.0,0.0,0.0,0.0,0.0,0.0,1276.3,950.0,777.5,670.8,608.0,565.0,506.8,47.6,46.4,45.2,44.1,43.1,42.9,44.3,144.7,146.8,147.8,150.1,153.7,158.5,161.5,1454.0,1162.3,1011.0,916.7,856.1,831.0,852.8,915.8,740.1,652.0,599.8,565.9,549.0,549.5,845.9,691.4,615.0,570.1,542.3,526.5,520.7,803.6,660.2,584.9,547.1,522.2,505.2,486.0,734.8,602.3,538.5,507.3,491.1,481.8,467.9,713.6,585.6,526.0,493.4,467.3,445.8,417.5,739.1,601.3,535.1,499.2,470.7,445.5,401.9,829.5,659.3,569.5,521.6,490.8,463.2,415.8,979.5,762.6,642.3,571.3,529.0,501.6,456.0,1131.0,880.6,741.7,659.6,607.8,568.9,516.7,0.6828,0.9295,1.0700,0.5186,0.7291,0.8544,0.0,0.0000,2026,0.8402,714.1,03420004NJM,6.807,4319,22.1,20.9,22.7,0.0,66.4,878.7,645.5,560.7,1157.0,822.9,702.2,725.6,643.2,0.8269,0.9329,702.9,546.5,496.8,47.9,159.0,931.5,597.3,530.6,484.2,450.8,400.9,367.1,362.3,416.5,474.3,1924.5,1434.5,1900.4,49.0,141.2,2165.8,1348.6,1223.9,1145.8,1052.4,1020.1,1057.9,1213.1,1457.8,1683.3
GRE,01982,GR1934,GRE-1934,JOLLY KATE,PENTLAND 32,WESTERLY MARINE,LAURENT GILES,1973,IO HALKIDAS,,,,ORC,CLUB,C,500,14 05 2026 11:04:47,9.242,7.904,1.429,2.87,4960.,0.0,0.68,774.9,0.6942,864.3,0.8745,686.1,1303.6,1049.8,915.6,829.3,770.5,732.2,697.7,0.0,0.0,0.0,0.0,0.0,0.0,0.0,996.3,813.5,717.3,660.5,623.6,599.2,573.9,0.0,0.0,0.0,0.0,0.0,0.0,0.0,1290.4,980.5,815.7,710.3,648.3,604.3,545.2,46.8,45.0,44.5,43.9,43.1,42.4,42.5,146.0,148.0,148.5,150.9,156.7,161.0,177.7,1436.0,1174.6,1040.7,953.0,891.2,855.2,841.4,908.6,755.4,675.5,626.1,596.7,580.4,570.0,845.0,710.7,640.1,599.7,576.2,562.2,550.2,808.1,684.1,614.8,578.5,557.6,544.0,526.0,787.2,650.4,582.4,550.8,533.3,521.4,507.6,764.7,634.0,570.9,540.3,518.6,498.9,467.7,788.6,650.3,579.8,545.1,521.7,500.1,463.4,870.2,705.2,612.2,564.0,536.6,514.6,473.8,1014.3,801.2,684.6,611.6,569.7,544.6,507.1,1171.2,925.1,790.5,705.6,649.8,609.2,554.0,0.6630,0.8785,1.0070,0.5099,0.6963,0.8233,0.0,0.0000,2026,0.7986,751.3,03420004PTV,6.407,5637,23.0,16.5,26.4,0.0,57.3,905.0,683.0,595.8,1176.7,861.7,728.8,757.5,684.2,0.7921,0.8769,692.6,565.3,531.9,44.3,177.7,865.9,573.6,549.9,518.6,493.4,453.2,439.6,443.7,472.8,519.3,1915.7,1436.3,1897.5,49.5,142.6,2097.0,1302.0,1177.9,1104.6,1107.2,1069.1,1106.4,1257.4,1501.9,1734.3
GRE,01975,GR1935,GRE-1935,MARABU,MOODY 33 MK I,Marine Projects,Angus Primrose,1978,IO PATRON,,,,ORC,CLUB,C,400,15 04 2026 13:47:20,10.020,8.355,1.347,3.47,4773.,0.0,0.49,756.1,0.7042,852.1,0.8975,668.5,1296.4,1036.9,898.1,814.9,760.9,723.5,699.1,0.0,0.0,0.0,0.0,0.0,0.0,0.0,980.2,794.5,698.1,642.8,607.1,581.8,559.6,0.0,0.0,0.0,0.0,0.0,0.0,0.0,1280.8,964.9,796.9,693.1,631.6,585.1,523.9,48.5,47.3,46.7,46.0,45.6,44.9,45.5,145.3,147.3,147.9,150.8,156.3,160.3,176.3,1452.3,1178.8,1038.3,953.3,897.2,861.4,863.6,906.6,743.2,661.0,612.4,582.6,564.1,557.9,827.9,690.1,620.6,580.9,556.7,540.9,531.3,783.6,657.7,592.2,556.8,535.0,520.1,500.5,755.7,622.7,558.0,525.3,506.1,493.3,477.9,730.0,603.6,546.0,514.6,490.2,467.6,435.4,754.9,618.0,554.6,520.4,494.4,469.6,431.0,841.2,674.2,585.1,540.2,512.1,487.3,442.3,987.6,775.2,656.4,586.3,546.5,521.1,479.6,1140.4,895.1,757.9,676.5,624.5,585.7,534.5,0.6761,0.9023,1.0349,0.5143,0.7078,0.8291,0.0,0.0000,2026,0.8174,734.1,03420004LF7,6.631,5352,24.4,24.8,29.0,0.0,71.5,887.4,665.0,579.8,1166.6,847.7,723.7,744.3,660.7,0.8061,0.9081,703.3,555.4,511.7,48.0,176.3,909.3,571.1,533.0,493.6,462.8,419.5,404.0,408.7,442.1,497.3,1912.3,1423.4,1890.2,50.8,141.7,2134.3,1317.6,1171.9,1086.1,1072.4,1033.9,1069.8,1220.9,1463.9,1690.4
GRE,01988,GR1936,GRE-1936,HAKUNA MATATA,BONIN 358 MOD,BONIN,COSSUTTI,2012,IOVATh,,,,ORC,INTL,R,645,11 06 2026 13:17:02,10.860,10.437,2.254,3.54,4888.,123.2,0.00,591.2,0.9168,654.5,1.1374,527.5,961.8,775.6,676.8,626.3,600.4,581.3,547.2,0.0,0.0,0.0,0.0,0.0,0.0,0.0,738.5,607.6,543.8,510.5,490.5,474.7,447.3,0.0,0.0,0.0,0.0,0.0,0.0,0.0,957.4,728.6,610.9,544.9,508.9,479.3,426.6,43.4,40.8,39.4,38.9,38.5,38.3,38.4,142.6,146.6,148.5,152.4,154.8,152.5,145.3,1004.8,822.8,737.2,701.6,685.1,676.2,670.2,660.6,557.2,509.9,490.0,481.3,476.1,471.1,628.1,536.2,494.9,476.2,466.6,461.0,454.4,608.5,519.6,484.3,463.3,448.7,438.4,426.0,581.9,500.0,466.2,446.9,434.1,423.9,401.1,583.7,492.6,454.9,430.0,412.2,392.4,363.0,595.8,497.1,455.7,425.0,399.5,381.7,346.5,669.0,537.0,476.9,442.4,411.1,382.1,325.0,795.6,630.7,533.8,479.1,449.2,422.0,367.4,918.6,728.3,616.4,551.0,515.6,486.5,424.2,0.8915,1.1435,1.2810,0.6907,0.9244,1.0466,0.0,0.0000,2026,1.0445,574.4,03420004SU1,9.749,5799,26.5,40.5,30.6,0.0,120.8,673.0,524.7,468.4,868.7,649.1,573.3,575.9,528.8,1.0418,1.1347,512.9,425.0,401.3,39.5,143.9,680.3,471.6,453.3,419.7,387.2,344.1,312.2,283.7,299.3,345.6,1382.9,1044.8,1377.8,46.0,139.4,1433.4,915.6,854.6,816.8,790.5,818.7,844.9,954.2,1153.8,1332.3
GRE,01992,GR1937,GRE-1937,MARIE GALANTE,FIRST 35 S5,BENETEAU,BERRET/STARCK,1987,NAOL,,,,ORC,INTL,C,550,23 03 2026 20:48:31,10.446,8.910,1.883,3.57,5452.,108.3,0.34,670.3,0.8206,731.2,1.0080,595.2,1117.8,892.5,769.9,694.9,652.8,628.9,603.2,0.0,0.0,0.0,0.0,0.0,0.0,0.0,853.3,696.0,616.8,572.5,547.1,530.5,507.8,0.0,0.0,0.0,0.0,0.0,0.0,0.0,1112.9,837.2,694.1,610.7,567.3,535.9,486.8,44.1,42.1,40.5,39.4,38.5,38.2,38.6,146.0,150.5,153.2,160.2,167.3,175.4,178.1,1166.1,951.2,840.0,777.9,747.6,735.4,728.7,759.2,634.7,573.7,545.3,530.5,522.7,516.8,718.1,607.0,555.4,531.8,517.5,508.9,501.9,678.7,575.3,535.1,515.4,504.4,493.4,479.1,654.3,557.0,519.7,499.5,484.7,473.5,458.8,673.7,562.0,517.5,493.7,474.4,454.9,421.9,698.8,578.3,523.5,495.9,475.4,454.6,418.3,780.7,630.5,550.3,511.2,486.4,464.6,421.8,926.1,722.3,607.9,542.8,508.8,485.8,443.5,1069.4,833.7,699.7,611.9,558.0,522.5,477.7,0.7746,1.0148,1.1405,0.5969,0.8266,0.9596,0.0,0.0000,2026,0.9250,648.6,03420004IOM,8.140,6199,24.5,35.3,21.5,75.0,57.1,774.6,591.2,526.1,1005.2,725.9,625.3,647.4,600.4,0.9268,0.9993,587.7,493.4,469.9,39.7,177.5,736.5,516.2,499.8,472.8,444.8,406.9,391.3,387.5,406.4,438.9,1631.4,1219.8,1626.4,46.7,137.4,1680.5,1066.2,989.1,934.7,889.8,937.8,979.7,1128.7,1370.2,1582.2
GRE,01994,GR1938,GRE-1938,ESTERA,CYCLADES 43.4,BENETEAU,BERRET/RACOUPEAU,2007,SEANATK,,,,ORC,CLUB,C,400,17 03 2026 20:38:21,12.940,11.700,1.877,4.42,8984.,0.0,0.41,660.5,0.8148,736.3,1.0372,578.5,1182.3,923.5,783.4,696.6,643.4,612.5,585.4,0.0,0.0,0.0,0.0,0.0,0.0,0.0,892.8,707.3,608.5,550.4,515.8,494.8,473.3,0.0,0.0,0.0,0.0,0.0,0.0,0.0,1170.7,860.5,695.4,593.2,536.4,498.5,446.7,46.9,45.2,43.8,42.8,42.1,41.9,42.3,143.3,146.4,148.0,148.9,151.5,156.4,162.6,1297.7,1024.4,879.9,790.0,736.6,711.9,707.4,821.0,659.4,574.9,523.2,493.4,478.7,472.4,760.4,619.0,544.2,499.7,473.9,460.4,452.3,722.6,591.9,521.5,481.5,458.5,443.8,427.9,677.8,549.8,484.0,452.5,437.2,429.0,415.7,663.1,536.0,472.8,441.8,420.6,403.1,379.5,686.1,552.4,482.8,447.5,424.4,404.4,368.5,776.2,611.3,521.4,470.5,441.5,419.6,380.1,923.9,712.3,594.9,522.4,477.2,449.8,412.5,1066.9,822.5,687.0,603.3,550.2,513.2,463.5,0.7499,1.0449,1.2195,0.5699,0.8206,0.9835,0.0,0.0000,2026,0.9429,636.3,03420004I4A,9.423,9661,36.8,37.1,33.8,0.0,91.6,800.1,574.2,492.0,1052.8,731.2,610.1,640.6,581.7,0.9366,1.0314,580.6,464.1,432.7,43.9,161.9,731.9,478.8,454.1,424.1,400.5,364.6,340.2,338.9,378.8,429.3,1775.2,1323.0,1757.8,48.6,140.3,1949.2,1217.7,1109.3,1041.6,974.6,955.2,993.3,1150.0,1386.7,1601.2
GRE,01997,GR1943,GRE-1943,MARE GREKO,HALLBERG RASSY 352,HALLBERG RASSY,Rassy/Enderlein,1978,NOK,,,,ORC,CLUB,C,300,25 05 2026 13:04:16,10.469,8.672,1.621,3.40,6700.,0.0,0.71,740.1,0.7338,817.7,0.9152,655.6,1246.1,989.4,856.0,777.9,733.0,707.7,690.6,0.0,0.0,0.0,0.0,0.0,0.0,0.0,953.8,772.5,678.8,627.5,599.5,583.3,568.0,0.0,0.0,0.0,0.0,0.0,0.0,0.0,1236.4,926.7,767.4,673.3,622.9,587.4,533.3,46.1,43.7,42.4,42.4,43.1,43.4,44.9,147.7,151.4,154.7,159.1,165.1,171.8,178.1,1343.6,1088.5,964.9,901.9,873.9,863.8,877.1,858.0,713.9,640.3,599.8,579.5,572.1,572.1,802.8,677.1,610.1,574.4,555.8,547.6,544.5,768.1,649.7,585.9,552.7,534.6,523.9,515.4,742.2,621.6,561.6,532.7,517.8,509.2,495.1,746.3,615.6,552.0,521.1,501.4,485.4,463.3,773.1,632.7,560.5,524.9,502.9,484.2,451.5,858.3,685.9,590.5,541.1,513.6,492.6,454.3,994.8,771.9,650.7,576.8,536.1,511.5,472.0,1148.7,890.3,747.1,653.9,592.0,551.6,504.1,0.6951,0.9235,1.0316,0.5368,0.7404,0.8479,0.0,0.0000,2026,0.8389,715.2,03420004R3V,7.077,7186,28.4,27.8,33.0,76.4,66.2,863.2,649.7,581.6,1117.7,810.4,707.6,723.8,650.8,0.8290,0.9219,691.8,563.6,524.0,47.2,177.7,915.4,582.3,547.4,512.4,484.6,444.7,432.8,425.1,436.2,468.3,1843.9,1384.3,1831.1,48.6,145.1,1971.2,1231.3,1123.7,1060.9,1033.4,1056.6,1103.3,1257.4,1486.5,1716.5
GRE,02037,GR1946,GRE-1946,BELLATRIX,SUN ODYSSEY 490,JEANNEAU,BRIAND/PIATON/BONE,2019,NIOLATh,,,,ORC,CLUB,C,700,14 05 2026 10:52:24,14.100,13.334,2.228,4.49,11279.,0.0,0.33,608.9,0.8880,675.7,1.1294,531.2,1106.5,859.2,722.5,638.2,585.2,553.8,520.8,0.0,0.0,0.0,0.0,0.0,0.0,0.0,837.5,659.0,562.0,504.8,469.6,447.2,420.0,0.0,0.0,0.0,0.0,0.0,0.0,0.0,1100.1,802.6,642.2,543.5,488.6,451.0,399.0,46.7,45.0,43.6,42.1,41.1,40.5,41.0,142.8,145.8,147.6,148.6,150.3,153.9,161.0,1170.5,919.3,783.2,699.9,649.6,623.8,608.3,741.6,592.8,514.3,468.0,441.5,427.2,417.0,687.8,557.5,488.8,449.4,426.9,413.7,401.5,653.9,534.7,471.1,435.9,415.3,400.2,378.3,655.6,524.4,455.5,419.6,398.7,383.7,368.0,643.9,513.6,445.9,411.6,388.0,366.9,331.5,667.0,530.2,457.3,418.6,393.7,371.6,330.8,756.7,590.1,498.6,444.4,413.2,390.0,348.5,902.7,692.1,573.1,499.2,451.2,421.4,381.9,1042.4,799.2,661.8,576.4,520.9,483.8,433.3,0.8019,1.1366,1.3556,0.6105,0.8936,1.0923,0.0,0.0000,2026,1.0254,585.1,03420004PTR,11.218,12379,45.9,56.5,52.0,0.0,119.2,748.2,527.9,442.6,982.8,671.4,549.3,581.1,545.6,1.0325,1.0997,504.7,402.7,377.5,41.9,159.7,612.7,415.9,398.3,369.4,347.6,310.5,291.1,306.2,346.9,396.7,1660.9,1242.4,1651.7,48.4,140.4,1752.3,1095.3,998.3,935.6,954.3,937.5,975.5,1127.6,1359.2,1569.4
GRE,02002,GR1948,GRE-1948,HARA,OCEANIS 37,BENETEAU,FINOT,2006,IOP,,,,ORC,CLUB,C,480,16 07 2026 12:25:43,11.087,10.615,1.414,3.91,6931.,0.0,0.39,665.2,0.8051,745.3,1.0186,589.0,1130.8,901.9,780.8,708.8,668.5,646.6,627.9,0.0,0.0,0.0,0.0,0.0,0.0,0.0,857.6,695.6,611.9,564.8,537.5,521.2,503.3,0.0,0.0,0.0,0.0,0.0,0.0,0.0,1119.9,841.8,695.9,607.2,558.7,524.6,471.6,47.9,46.0,44.5,43.6,43.3,43.4,44.5,143.5,147.6,148.9,150.5,154.3,159.3,163.0,1239.8,1003.4,883.4,813.4,778.1,767.5,775.1,776.9,642.4,574.6,536.2,516.6,508.7,507.1,715.6,603.0,544.4,513.2,495.7,486.7,482.2,679.5,576.5,522.8,494.7,477.7,465.9,453.0,674.8,558.9,501.8,474.3,458.8,449.6,434.7,654.6,539.7,487.6,460.3,438.3,420.3,394.1,671.3,550.9,493.7,464.2,440.6,420.0,383.5,746.9,600.8,522.2,482.0,456.6,434.1,393.5,885.0,693.2,587.4,523.4,487.5,464.8,427.4,1021.9,800.5,678.3,604.1,558.8,525.6,480.6,0.7726,1.0264,1.1571,0.5903,0.8121,0.9302,0.0,0.0000,2026,0.9299,645.2,03420004VAW,8.677,7671,30.4,31.6,35.2,0.0,87.9,776.6,584.6,518.5,1016.4,738.8,645.0,651.4,586.5,0.9211,1.0229,630.9,498.6,459.6,46.8,178.0,816.0,529.3,486.4,449.4,421.5,378.7,352.7,350.8,393.1,445.7,1664.9,1242.6,1649.7,50.4,140.1,1816.7,1123.0,1005.9,934.6,957.7,925.6,952.4,1086.3,1310.4,1513.1
GRE,02016,GR1953,GRE-1953,AELIA,SUN ODYSSEY 35,Jeanneau,Marc Lombard,2003,ANOZ,,,,ORC,CLUB,C,380,14 05 2026 12:20:20,10.104,9.629,1.666,3.47,5389.,0.0,0.40,725.0,0.7416,809.1,0.9405,638.0,1263.9,995.4,852.6,766.3,716.9,690.5,670.2,0.0,0.0,0.0,0.0,0.0,0.0,0.0,960.4,767.5,666.3,608.2,575.0,556.0,537.8,0.0,0.0,0.0,0.0,0.0,0.0,0.0,1251.2,928.8,758.9,654.7,598.0,559.6,503.4,46.7,44.6,43.2,42.4,42.1,42.3,43.3,144.7,146.4,147.5,148.8,152.2,157.2,161.4,1391.1,1109.2,964.1,877.9,833.0,819.1,830.3,883.3,718.6,634.7,583.3,556.2,546.1,546.8,821.9,678.2,602.8,557.1,532.7,521.1,518.0,788.6,650.6,577.1,535.5,511.8,497.8,485.8,741.9,606.9,538.3,506.7,493.1,483.8,464.6,717.9,585.7,520.8,488.6,465.2,446.8,425.6,743.2,601.3,528.9,492.6,466.3,443.8,407.3,834.0,660.1,565.0,513.4,483.3,457.9,414.0,984.5,763.5,641.8,567.0,521.6,493.8,451.4,1136.8,881.6,741.1,654.8,600.8,562.0,510.2,0.6945,0.9486,1.0832,0.5311,0.7483,0.8702,0.0,0.0000,2026,0.8578,699.5,03420004PUA,7.708,5982,26.1,23.5,28.9,0.0,77.6,863.9,632.5,553.9,1129.7,801.8,689.5,708.2,635.7,0.8472,0.9439,671.4,533.2,493.7,45.2,160.1,871.8,562.6,524.3,483.5,451.4,412.5,386.7,372.5,414.3,471.0,1892.1,1417.5,1873.1,48.2,141.7,2081.7,1303.7,1193.4,1131.2,1063.5,1029.8,1070.1,1229.9,1474.4,1702.4
GRE,00486,GR1955,GRE-1955,KAMAYA V,SUN ODYSSEY 34.2,JEANNEAU,JACQUES FAUROUX,2001,SEANATK,,,,ORC,CLUB,C,600,17 03 2026 21:32:06,9.975,9.222,1.771,3.31,5533.,0.0,0.42,708.1,0.7655,783.8,0.9596,625.3,1207.3,960.3,829.2,747.5,695.4,664.5,636.0,0.0,0.0,0.0,0.0,0.0,0.0,0.0,922.3,745.1,653.0,599.7,566.5,546.2,524.4,0.0,0.0,0.0,0.0,0.0,0.0,0.0,1199.5,899.0,741.1,643.3,588.7,551.6,500.3,45.7,43.9,42.4,41.3,40.4,39.9,40.0,144.8,147.3,148.0,150.1,155.0,160.3,176.4,1285.1,1038.9,911.8,832.4,782.1,759.8,754.5,823.0,679.5,606.5,563.8,539.7,527.6,522.8,771.5,644.2,579.6,544.6,524.2,512.5,505.5,741.3,622.0,560.3,528.9,510.1,496.8,481.0,730.8,600.8,537.5,507.5,490.0,479.9,467.0,716.1,588.4,528.4,499.1,477.7,458.9,430.1,741.0,606.1,538.0,504.8,481.9,461.3,425.3,829.4,663.9,572.9,525.3,498.2,476.8,437.7,978.2,763.6,646.5,573.9,531.5,506.3,469.8,1129.5,881.7,746.5,662.6,608.7,569.3,517.6,0.7197,0.9657,1.1048,0.5536,0.7698,0.9069,0.0,0.0000,2026,0.8768,684.3,03420004I4P,7.829,6355,26.0,26.6,27.2,0.0,66.6,833.7,621.3,543.1,1083.8,779.4,661.6,682.9,633.5,0.8786,0.9472,628.8,514.1,485.3,41.4,176.6,774.7,525.3,504.7,476.2,451.6,415.2,397.5,402.5,436.7,482.9,1786.9,1341.6,1776.8,47.8,141.2,1887.9,1184.6,1085.2,1025.9,1038.5,1015.1,1055.0,1214.9,1460.1,1686.0
GRE,00373,GR1956,GRE-1956,AERIKO,HANSE 400e,YZ GREIFSWALD,JUDEL/VROELIJK,2005,IOP,,,,ORC,CLUB,C,500,16 03 2026 18:09:51,12.027,11.185,1.989,4.04,9074.,108.0,0.27,609.9,0.8861,677.1,1.1068,542.1,1013.3,813.6,704.9,645.2,614.0,593.2,569.4,0.0,0.0,0.0,0.0,0.0,0.0,0.0,774.8,633.3,559.7,520.9,499.8,485.3,466.3,0.0,0.0,0.0,0.0,0.0,0.0,0.0,1009.1,763.2,632.8,557.7,519.6,490.0,442.1,44.9,42.8,41.5,40.7,40.4,40.2,40.6,142.8,147.3,149.3,151.1,155.2,160.8,178.4,1055.2,862.4,761.6,713.0,695.1,686.6,684.0,680.6,571.0,514.4,488.0,477.7,472.6,468.2,640.6,544.7,496.2,472.7,462.1,457.3,452.0,614.5,526.5,483.1,460.4,446.7,438.1,429.3,620.7,517.8,470.9,449.3,438.9,429.0,411.2,612.8,508.7,462.4,437.3,418.0,402.7,384.1,630.9,521.3,469.6,442.2,420.7,401.5,368.6,706.5,571.2,498.8,461.1,436.9,415.8,377.1,841.3,662.3,561.4,500.5,466.0,444.0,408.0,971.4,764.8,648.2,577.3,532.9,499.8,454.8,0.8522,1.1154,1.2453,0.6568,0.8938,1.0179,0.0,0.0000,2026,1.0132,592.2,03420004HT4,9.979,9852,35.7,51.4,41.6,0.0,110.1,704.1,537.9,481.8,913.5,671.3,589.4,589.6,549.9,1.0177,1.0910,560.2,456.0,430.3,41.9,178.4,699.4,470.3,453.0,425.7,401.7,371.3,348.8,337.0,374.5,421.0,1469.6,1100.9,1465.2,47.9,138.8,1513.6,950.0,871.1,819.2,841.3,854.6,885.8,1017.5,1234.7,1425.7
GRE,02007,GR1960,GRE-1960,UTOPIA,Oceanis 46.1,Beneteau,Conq,2018,IOVATh,,,,ORC,CLUB,C,800,11 06 2026 13:59:17,13.685,13.208,2.348,4.51,10597.,0.0,0.30,578.4,0.9353,641.5,1.1776,509.5,1003.1,791.9,676.4,607.5,569.2,547.3,520.7,0.0,0.0,0.0,0.0,0.0,0.0,0.0,761.0,611.5,532.2,487.2,461.0,444.2,421.7,0.0,0.0,0.0,0.0,0.0,0.0,0.0,998.5,741.1,604.6,522.6,479.1,448.2,399.8,45.2,43.1,41.4,40.1,39.5,39.2,39.3,142.1,145.6,148.5,149.8,152.0,155.8,159.2,1049.7,839.9,729.1,666.1,635.5,622.8,614.7,674.3,553.5,491.2,457.0,440.1,432.7,427.3,632.5,526.6,471.8,442.4,426.8,418.4,412.3,605.6,505.6,454.4,431.2,414.3,402.0,388.1,578.7,482.0,435.7,412.3,397.3,387.9,370.5,593.6,488.0,433.7,405.4,382.5,363.5,338.4,617.5,499.5,440.7,410.2,385.7,363.5,324.6,693.6,550.2,472.7,430.5,404.2,380.6,337.2,828.5,644.3,540.0,475.4,436.6,412.5,373.0,956.6,743.9,623.6,548.9,502.9,471.9,426.7,0.8743,1.1857,1.3637,0.6685,0.9430,1.1054,0.0,0.0000,2026,1.0741,558.6,03420004SUJ,11.630,11806,45.6,52.7,51.3,0.0,128.3,686.3,506.0,440.0,897.5,636.3,542.8,555.1,519.9,1.0809,1.1540,504.7,406.5,383.7,40.1,146.7,621.4,427.3,411.5,382.7,356.2,320.3,300.2,293.3,336.1,388.0,1484.6,1107.8,1478.6,47.5,139.4,1544.6,970.9,891.6,841.5,809.9,838.0,888.6,1019.4,1233.8,1424.7
GRE,00331,GR1961,GRE-1961,BLUE SHARK,GRAND SURPRISE,ARCHAMBAULT,JOUBERT/NIVELT,1999,ASIATh RODOU,,,,ORC,INTL,R,621,05 04 2026 18:06:47,9.550,9.362,2.083,2.96,2795.,104.7,0.00,610.8,0.8910,673.4,1.1014,544.8,989.5,798.2,696.3,646.3,619.1,596.3,550.7,0.0,0.0,0.0,0.0,0.0,0.0,0.0,763.4,629.0,563.6,528.4,505.5,486.8,453.6,0.0,0.0,0.0,0.0,0.0,0.0,0.0,985.6,751.2,630.9,563.7,524.7,490.8,432.8,43.0,40.6,38.8,37.6,37.1,36.9,37.4,142.8,146.4,149.6,152.6,152.3,149.8,143.5,1028.6,843.9,752.7,715.8,699.5,689.9,682.2,678.4,574.4,527.9,508.7,500.0,494.1,487.1,646.3,554.1,514.5,494.6,484.3,477.1,467.8,628.9,541.0,504.3,479.5,461.4,450.5,436.1,620.0,528.5,496.7,476.1,451.2,431.9,407.8,605.0,513.2,471.0,440.9,422.1,406.1,378.7,620.2,519.0,473.6,436.2,406.9,385.2,351.5,692.3,559.4,499.3,459.3,421.9,386.4,317.2,823.1,651.7,554.1,501.6,467.3,435.3,363.1,950.4,752.5,639.8,576.8,538.7,502.7,419.3,0.8618,1.1054,1.2525,0.6713,0.8971,1.0258,0.0,0.0000,2026,1.0129,592.4,03420004KCC,9.033,3639,20.7,32.7,23.2,0.0,90.6,696.2,542.8,479.0,893.8,668.8,584.9,594.7,548.4,1.0089,1.0941,506.7,426.6,404.7,38.9,144.6,692.0,485.9,464.9,429.3,394.0,355.7,322.1,271.3,278.2,321.3,1423.1,1082.5,1418.8,45.3,139.7,1466.3,941.7,882.2,846.6,867.7,847.2,874.6,988.8,1195.0,1379.9
GRE,02013,GR1964,GRE-1964,AIKALIA,ONE OFF,OWNER,,1992,NONKE,,,,ORC,CLUB,C,400,15 04 2026 22:26:20,11.980,10.057,1.802,3.78,6500.,0.0,0.33,656.3,0.8250,727.3,1.0344,580.0,1119.7,885.7,760.6,689.2,652.3,630.1,608.0,0.0,0.0,0.0,0.0,0.0,0.0,0.0,854.6,687.6,601.2,554.6,529.5,513.3,493.3,0.0,0.0,0.0,0.0,0.0,0.0,0.0,1113.3,829.9,681.3,594.5,550.3,518.1,466.8,46.0,44.0,42.6,41.5,41.1,40.8,41.3,143.8,147.0,148.4,149.9,153.3,158.3,162.1,1183.4,951.4,831.6,766.6,739.6,729.0,731.3,754.3,621.5,553.6,520.1,504.7,498.9,496.0,704.8,589.4,531.6,503.3,489.0,482.6,478.2,673.5,567.8,515.9,489.6,474.3,464.0,453.7,686.4,566.0,505.2,477.2,462.6,453.9,434.5,671.3,547.4,491.7,463.3,441.9,423.4,397.9,690.0,560.1,498.5,467.2,443.6,421.9,383.4,771.6,613.1,528.7,485.8,459.1,435.9,391.9,914.5,710.2,597.2,529.9,491.8,467.8,428.9,1056.0,820.1,689.6,611.8,565.0,531.1,484.6,0.7781,1.0435,1.1768,0.5984,0.8332,0.9564,0.0,0.0000,2026,0.9460,634.3,03420004LIF,8.823,7149,29.8,31.1,46.4,0.0,90.3,771.1,575.0,509.9,1002.7,720.1,627.4,633.5,587.0,0.9472,1.0221,601.2,482.8,452.7,42.9,159.1,754.6,500.5,479.1,448.9,422.0,382.2,356.5,347.5,391.3,447.9,1652.7,1240.3,1644.6,48.3,140.8,1733.1,1082.7,987.8,927.9,958.3,960.4,990.6,1132.0,1361.6,1572.2
GRE,01110,GR1969,GRE-1969,ANASA,COMFORTINA 36,Comfortbatar,Rolf Magnusson,1985,IO HALKIDAS,,,,ORC,CLUB,C,480,29 04 2026 10:10:49,11.000,9.365,1.845,3.04,4671.,0.0,0.24,647.7,0.8424,712.3,1.0378,578.1,1055.3,849.2,742.4,681.8,646.3,624.0,597.5,0.0,0.0,0.0,0.0,0.0,0.0,0.0,809.4,664.8,595.1,558.6,537.0,521.9,500.1,0.0,0.0,0.0,0.0,0.0,0.0,0.0,1052.1,797.9,669.6,596.7,557.5,526.7,476.8,43.7,41.1,39.9,39.6,39.3,39.1,39.2,142.6,147.0,149.0,158.8,165.9,173.2,177.2,1087.6,894.4,804.1,765.5,748.0,738.4,732.0,711.8,602.8,552.5,531.5,522.5,517.4,512.9,674.7,578.3,535.1,516.2,506.9,502.0,497.0,650.9,561.2,521.8,502.0,490.0,482.2,473.9,648.8,549.7,510.4,494.0,481.9,470.1,452.9,640.1,537.3,496.8,473.5,455.4,442.1,422.2,660.8,548.1,501.9,475.1,452.9,432.8,399.8,743.2,599.2,527.6,492.7,467.3,443.7,395.5,886.0,696.2,589.6,528.0,494.6,470.3,425.2,1023.0,803.9,680.8,598.1,544.7,509.7,463.0,0.8140,1.0449,1.1594,0.6301,0.8485,0.9683,0.0,0.0000,2026,0.9532,629.5,03420004NK0,8.487,5361,23.2,32.0,27.5,75.9,75.2,737.1,574.2,517.5,952.2,707.1,619.6,629.3,581.6,0.9534,1.0317,581.5,483.9,460.9,40.1,167.6,741.7,513.3,496.1,469.8,442.7,408.0,378.6,339.4,373.9,421.3,1533.6,1155.4,1530.7,46.3,138.8,1561.9,992.3,921.4,878.5,904.0,896.8,931.1,1074.4,1303.6,1505.3
GRE,02021,GR1970,GRE-1970,PENELOPE,OCEANIS 311,Beneteau,FINOT,1999,NO RAFINAS ALKYON,,,,ORC,CLUB,C,537,07 05 2026 09:06:36,9.540,8.688,1.462,3.23,3650.,0.0,0.39,756.0,0.7213,831.8,0.9058,662.4,1336.0,1043.2,885.5,788.6,725.0,689.0,662.4,0.0,0.0,0.0,0.0,0.0,0.0,0.0,1020.7,808.0,695.7,631.0,591.1,567.6,543.6,0.0,0.0,0.0,0.0,0.0,0.0,0.0,1324.7,974.9,790.1,678.0,614.3,572.4,512.6,46.6,45.5,44.3,43.0,42.0,41.8,42.4,148.0,150.7,154.1,158.2,163.3,168.2,176.8,1448.9,1148.8,993.7,902.0,844.2,819.0,822.3,919.6,738.4,647.8,597.4,567.4,551.6,547.4,857.0,697.5,615.7,571.7,545.7,530.9,523.1,821.9,672.0,591.7,550.8,527.2,511.2,492.8,799.3,642.8,566.4,529.1,510.3,501.2,477.5,785.5,634.3,556.8,518.4,493.2,472.0,441.7,818.7,655.4,568.9,524.0,496.2,472.7,429.7,915.1,717.2,609.4,548.3,513.8,487.7,439.0,1059.2,812.3,676.3,592.8,542.4,511.9,464.5,1223.1,937.5,777.4,675.2,605.7,559.0,502.6,0.6562,0.9128,1.0629,0.5044,0.7262,0.8720,0.0,0.0000,2026,0.8266,725.9,03420004OU5,7.085,4377,20.7,19.4,22.5,51.2,0.0,914.4,657.3,564.5,1189.5,826.2,688.1,731.4,665.4,0.8204,0.9017,661.1,534.5,496.2,44.6,175.4,862.0,559.0,526.8,489.1,459.3,424.8,394.3,389.5,418.7,460.2,2005.1,1512.3,1988.9,48.1,146.0,2167.1,1358.0,1244.3,1180.8,1160.3,1133.9,1193.3,1361.1,1596.1,1843.0
GRE,02024,GR1973,GRE-1973,OLVIDO III,RUSH 31,JEANNEAU,RON HOLLAND,1982,NASK AIOLOS,,,,ORC,CLUB,C,500,14 05 2026 12:18:57,9.240,7.589,1.670,3.13,3200.,0.0,0.35,729.5,0.7486,801.5,0.9259,648.0,1209.2,969.0,839.9,765.3,719.7,693.8,665.8,0.0,0.0,0.0,0.0,0.0,0.0,0.0,928.8,756.9,671.3,624.6,595.1,575.9,552.6,0.0,0.0,0.0,0.0,0.0,0.0,0.0,1203.2,909.1,756.3,666.8,617.7,582.0,528.2,44.4,42.7,41.3,39.7,38.4,38.0,38.8,145.3,147.6,148.9,152.8,159.2,176.6,177.9,1269.4,1036.7,913.2,841.7,802.5,787.4,785.2,824.6,686.0,620.5,589.1,571.4,561.8,556.8,779.6,655.7,601.1,574.6,558.5,548.3,540.8,753.4,638.3,587.3,562.2,545.7,532.6,514.7,741.1,615.5,565.2,539.3,520.9,507.0,491.0,731.2,610.0,560.8,533.1,508.5,484.7,452.8,757.1,626.0,569.8,539.8,514.4,488.4,447.1,845.5,680.9,598.4,558.7,532.7,508.3,460.1,995.0,780.6,663.9,598.8,563.8,540.7,499.0,1148.9,901.3,766.6,688.9,636.9,600.2,546.3,0.7119,0.9320,1.0490,0.5509,0.7540,0.8699,0.0,0.0000,2026,0.8497,706.2,03420004PU9,6.942,3866,18.5,19.4,22.0,0.0,46.5,842.8,643.8,572.0,1089.1,795.8,689.7,702.2,657.6,0.8544,0.9124,658.5,541.8,513.8,40.7,177.5,807.7,559.9,541.3,508.6,479.5,437.0,420.2,422.5,458.7,509.2,1770.4,1334.9,1763.7,46.7,141.2,1837.6,1164.6,1079.8,1027.7,1040.2,1025.4,1067.2,1226.7,1475.1,1703.3
GRE,02070,GR1977,GRE-1977,EOS,EOS 48,RIMAR,,1992,NASPOR,,,,ORC,CLUB,C,894,14 05 2026 12:32:51,14.500,12.305,2.511,4.32,13001.,0.0,0.34,584.5,0.9333,642.9,1.1548,519.6,969.1,775.9,672.2,612.7,580.5,559.0,531.2,0.0,0.0,0.0,0.0,0.0,0.0,0.0,741.8,606.4,537.0,499.6,479.0,464.7,445.6,0.0,0.0,0.0,0.0,0.0,0.0,0.0,969.5,730.0,605.8,533.3,497.1,470.1,428.5,43.6,41.2,39.9,38.9,38.1,37.5,37.1,142.4,146.7,148.7,150.2,153.7,159.2,175.3,964.1,790.7,702.2,656.7,636.0,624.7,615.0,628.7,531.7,484.1,463.0,452.9,447.9,443.2,595.6,510.2,470.7,452.2,442.4,437.3,432.1,574.3,496.4,461.4,443.2,432.1,424.5,416.0,586.1,501.6,462.1,440.7,428.3,418.0,402.7,611.8,502.7,454.4,431.0,414.7,400.9,380.8,629.9,515.0,460.9,434.8,416.8,400.8,372.0,706.9,566.4,490.0,451.9,429.9,412.6,379.7,843.5,659.1,556.2,492.7,457.5,436.8,407.1,974.0,761.1,642.3,568.8,524.9,493.4,447.5,0.8901,1.1631,1.3011,0.6877,0.9403,1.0831,0.0,0.0000,2026,1.0587,566.7,03420004PUF,11.323,14349,43.6,52.4,70.9,0.0,128.6,674.1,515.9,461.1,872.5,638.1,554.0,556.7,535.6,1.0777,1.1202,516.5,433.1,414.9,37.4,175.7,615.0,441.7,429.7,410.7,392.3,368.0,351.3,349.0,378.8,418.0,1412.4,1058.2,1415.7,46.4,139.3,1379.3,872.2,804.7,760.8,786.0,868.1,898.5,1033.7,1251.9,1445.5
GRE,02197,GR198,GRE-198,SUSANO'O,ITALIA 11.98 BELLISSIMA,ITALIA YACHTS,MATTEO POLLI,2019,YCG,,,,ORC,INTL,C,650,22 04 2026 19:36:18,11.650,10.589,2.150,3.97,7282.,112.4,0.13,590.1,0.9221,650.7,1.1384,527.0,954.7,772.0,673.4,621.9,595.7,577.3,552.7,0.0,0.0,0.0,0.0,0.0,0.0,0.0,735.1,606.1,542.3,509.5,490.2,475.9,455.1,0.0,0.0,0.0,0.0,0.0,0.0,0.0,949.6,725.5,608.6,543.5,508.7,480.1,435.0,44.1,41.6,40.0,39.3,38.8,39.2,39.3,143.0,146.9,149.2,152.8,156.6,161.0,159.7,1005.4,825.8,736.7,695.8,677.8,667.8,660.0,655.1,554.4,506.5,484.2,474.3,468.7,463.1,620.2,532.0,491.2,471.1,460.6,455.1,448.2,597.3,516.9,480.4,460.2,446.5,436.9,426.3,601.3,508.5,471.5,456.6,442.1,428.3,408.1,581.7,491.5,454.4,431.3,415.7,404.6,386.3,592.4,496.3,456.7,431.2,409.2,390.5,367.1,660.2,533.1,475.7,446.1,421.3,398.2,353.1,782.9,621.9,528.3,477.1,450.8,429.7,389.7,904.0,718.1,610.0,548.1,513.6,486.9,445.4,0.8947,1.1459,1.2721,0.6950,0.9302,1.0477,0.0,0.0000,2026,1.0468,573.2,03420004MJW,9.900,8219,31.8,48.9,39.6,0.0,142.5,670.6,523.6,471.7,863.3,645.0,572.7,574.1,529.4,1.0451,1.1333,532.1,438.1,418.5,40.5,142.6,668.4,463.2,446.9,421.0,396.3,371.5,347.5,300.5,342.7,395.7,1372.6,1038.2,1366.6,46.7,139.7,1433.4,906.7,838.6,793.7,817.7,811.7,836.2,941.1,1136.2,1312.0
GRE,02033,GR1983,GRE-1983,MARIALENA,SUN ODYSSEY 29.2,JEANNEAU,Fauroux,1997,NASK AIOLOS,,,,ORC,CLUB,C,500,25 05 2026 12:25:29,8.484,7.694,1.386,2.95,2849.,0.0,0.38,747.3,0.7343,817.1,0.9087,660.3,1266.9,1007.7,867.0,778.2,720.2,688.2,664.6,0.0,0.0,0.0,0.0,0.0,0.0,0.0,971.8,785.7,688.8,633.7,598.8,577.4,554.6,0.0,0.0,0.0,0.0,0.0,0.0,0.0,1256.6,943.3,777.9,678.2,621.5,583.3,528.3,45.5,44.1,43.2,41.9,40.4,39.7,40.2,147.7,151.4,155.0,161.0,166.9,175.4,177.4,1370.4,1110.3,973.8,889.6,833.9,808.8,810.9,879.0,724.2,642.9,601.4,577.4,564.3,558.9,824.4,687.4,616.2,581.8,561.6,548.6,540.0,792.7,663.8,597.8,566.1,546.9,532.3,512.8,766.5,630.3,571.1,543.5,527.9,519.6,499.6,752.7,622.2,564.1,533.8,510.0,489.7,462.1,780.8,640.0,572.8,539.4,513.6,490.0,449.0,868.1,696.4,603.9,558.1,529.7,504.6,457.2,1007.6,784.8,662.6,591.8,553.7,527.7,481.6,1163.5,905.1,760.3,666.8,606.6,567.7,518.4,0.6828,0.9146,1.0449,0.5276,0.7385,0.8729,0.0,0.0000,2026,0.8325,720.8,03420004R3M,6.665,3513,18.2,16.8,18.3,48.8,0.0,878.7,656.0,574.2,1137.2,812.5,687.4,725.0,661.5,0.8276,0.9070,661.8,545.1,512.8,42.4,176.3,846.7,565.4,541.9,507.3,480.9,446.7,419.8,412.6,438.4,476.9,1873.3,1410.2,1859.6,47.7,144.3,2010.9,1263.3,1160.4,1098.8,1082.3,1058.0,1106.2,1265.2,1503.2,1735.8
GRE,02044,GR1992,GRE-1992,APOLLO,POGO 44,POGO STRUCTURES,FINOT/CONQ,2020,HORC,,,,ORC,CLUB,C,640,24 03 2026 16:38:44,12.795,12.358,3.052,4.50,6295.,0.0,0.00,524.5,1.0228,586.6,1.2800,468.8,845.7,686.4,610.5,566.9,538.9,517.7,479.2,0.0,0.0,0.0,0.0,0.0,0.0,0.0,649.3,537.7,486.2,455.9,435.3,419.0,391.1,0.0,0.0,0.0,0.0,0.0,0.0,0.0,849.0,646.9,549.5,488.6,451.9,421.4,371.8,42.8,39.8,38.3,40.4,39.1,37.9,37.4,141.7,144.9,148.7,151.4,152.5,150.8,143.9,813.1,683.3,638.6,617.3,600.9,590.5,581.8,537.1,462.9,441.8,431.9,425.2,420.3,414.5,511.6,446.6,427.5,418.2,410.9,405.1,398.3,496.2,437.7,411.6,399.6,390.0,382.1,372.8,506.1,443.6,410.5,386.6,373.6,363.2,348.5,556.8,458.7,411.8,378.8,359.3,344.6,323.3,571.5,466.9,418.2,382.3,350.8,327.5,296.2,636.0,509.5,444.7,407.5,375.1,344.0,276.4,760.6,597.2,504.3,448.0,414.1,385.5,326.2,878.3,689.6,582.4,516.5,476.9,444.9,376.6,1.0110,1.2829,1.4542,0.7832,1.0267,1.1798,0.0,0.0000,2026,1.1733,511.4,03420004IRC,12.030,7328,39.4,61.1,82.1,0.0,137.1,593.5,467.7,412.6,766.1,584.4,508.6,504.7,480.4,1.1887,1.2491,441.2,367.8,349.3,38.2,140.8,585.9,413.8,398.5,367.9,338.4,305.2,272.3,232.4,256.8,296.5,1214.0,910.3,1221.7,45.5,138.5,1136.8,727.2,675.8,640.9,656.5,768.7,815.5,922.2,1118.2,1291.1
GRE,02053,GR1998,GRE-1998,VESSY,BAVARIA CR 40S,BAVARIA,FARR,2010,NOEF,,,,ORC,CLUB,C,550,16 04 2026 14:16:31,11.977,10.863,2.254,3.94,8680.,0.0,0.23,606.6,0.8970,668.9,1.1127,539.2,1001.1,806.5,698.8,637.5,604.7,583.4,558.5,0.0,0.0,0.0,0.0,0.0,0.0,0.0,769.0,630.6,558.1,518.7,496.4,481.5,461.1,0.0,0.0,0.0,0.0,0.0,0.0,0.0,995.2,756.7,629.0,554.2,515.5,486.3,440.1,43.8,41.5,40.2,39.3,38.8,38.5,38.6,142.8,147.3,149.4,151.5,155.9,160.6,163.7,1060.1,865.5,761.6,705.6,681.2,669.7,662.8,692.3,580.9,521.3,491.1,477.0,471.0,465.4,655.7,556.2,504.4,477.9,464.2,457.4,451.3,631.9,539.3,492.4,467.5,452.0,441.7,430.8,613.2,514.3,471.3,453.2,443.4,434.9,414.2,601.7,503.1,460.4,436.5,418.2,405.4,387.9,616.9,513.0,466.1,439.8,418.2,398.9,369.6,686.8,558.8,491.8,457.0,433.0,411.1,370.2,815.9,647.4,550.8,494.0,462.4,440.8,403.2,942.1,747.5,636.1,569.3,528.2,497.1,454.2,0.8574,1.1203,1.2563,0.6639,0.9039,1.0356,0.0,0.0000,2026,1.0207,587.8,03420004LN7,9.910,9502,35.2,53.1,34.3,0.0,127.3,699.8,535.6,477.6,903.8,663.8,579.4,587.5,545.0,1.0213,1.1010,544.3,447.5,426.5,40.2,160.6,669.7,464.9,449.6,425.4,402.2,373.7,352.0,328.4,367.6,418.8,1445.8,1090.6,1438.2,47.0,138.6,1521.8,963.8,893.0,846.9,851.3,833.1,861.1,978.9,1186.3,1369.8
GRE,00560,GR2IMX,GRE-2,POSEIDON,IMX-38,X-YACHTS,N.JEPPESEN,1992,HORC,,,,ORC,INTL,R,750,08 07 2026 12:08:35,11.360,9.899,2.102,3.66,5543.,110.0,0.00,607.4,0.9055,662.6,1.1047,543.1,975.9,787.5,688.0,635.2,603.4,583.5,557.2,0.0,0.0,0.0,0.0,0.0,0.0,0.0,752.9,623.0,559.0,525.8,505.3,491.0,469.5,0.0,0.0,0.0,0.0,0.0,0.0,0.0,977.6,743.3,624.9,559.5,524.0,496.0,450.0,42.7,40.6,38.7,37.7,37.3,37.6,37.7,145.3,149.4,152.9,158.5,165.3,171.3,175.4,959.3,797.5,720.5,691.6,678.7,672.8,666.9,632.8,544.8,508.2,493.3,487.0,483.7,479.2,603.2,528.3,496.8,481.9,475.1,471.4,465.5,585.5,518.3,488.7,471.2,459.7,453.5,443.4,598.2,522.1,488.6,468.4,452.4,439.5,423.1,635.7,529.7,485.9,460.9,441.6,427.1,407.6,655.7,542.5,491.5,463.2,439.8,419.1,386.9,730.4,588.8,516.5,479.6,453.4,429.3,382.8,859.6,673.3,569.5,510.6,477.9,453.5,408.4,992.6,777.5,655.5,578.8,528.0,494.2,447.4,0.8722,1.1114,1.2333,0.6805,0.9125,1.0370,0.0,0.0000,2026,1.0177,589.6,03420004UWH,9.612,6582,27.9,38.0,49.7,97.7,0.0,687.9,539.9,486.5,881.7,657.5,578.6,582.2,555.1,1.0306,1.0808,540.5,454.1,434.4,38.7,167.2,674.8,480.4,464.6,438.0,411.4,397.1,366.7,332.7,362.1,406.2,1402.2,1055.5,1408.3,45.6,140.2,1340.7,855.5,796.0,758.8,781.6,889.7,921.2,1054.7,1267.6,1463.7
GRE,02930,GR2000,GRE-2000,FOXTROT,DUFOUR 390 (SK),DUFOUR,FELCI,2019,IOP DEI,,,,ORC,CLUB,C,680,25 03 2026 13:51:09,11.158,10.204,1.734,4.02,7700.,0.0,0.47,701.5,0.7628,786.6,0.9733,616.5,1231.3,975.9,839.4,753.2,693.3,648.1,602.4,0.0,0.0,0.0,0.0,0.0,0.0,0.0,931.8,748.3,650.6,591.7,552.6,523.5,491.2,0.0,0.0,0.0,0.0,0.0,0.0,0.0,1217.1,908.6,744.0,638.9,575.0,527.3,466.7,47.6,46.6,45.5,44.6,43.8,42.9,42.3,144.7,147.3,148.3,149.3,152.5,157.6,163.7,1373.2,1102.0,960.5,870.4,803.9,752.1,711.3,864.2,701.3,618.0,565.2,529.3,504.9,483.6,798.0,657.4,583.3,536.8,507.6,488.2,468.1,759.6,629.7,554.6,509.0,485.2,473.9,450.8,709.4,580.2,512.0,477.4,457.0,443.1,429.1,692.6,567.3,503.1,470.3,448.2,428.9,397.2,714.8,584.0,513.9,477.0,453.2,432.5,396.7,799.1,639.2,550.6,499.8,470.4,448.6,410.5,943.4,735.9,622.0,550.8,506.2,478.9,442.2,1089.4,849.7,718.3,636.0,582.7,544.1,493.5,0.7142,0.9763,1.1569,0.5437,0.7638,0.9342,0.0,0.0000,2026,0.8844,678.4,03420004IUI,8.046,8635,34.0,31.3,31.3,0.0,80.6,840.1,614.6,518.6,1103.5,785.5,642.3,685.4,615.3,0.8754,0.9752,587.0,476.4,450.0,43.0,178.6,714.5,481.6,463.9,438.3,421.2,377.2,365.4,377.0,410.5,459.6,1834.0,1365.8,1813.0,49.3,140.8,2044.7,1270.4,1148.5,1073.1,1007.5,980.9,1015.8,1168.3,1405.9,1623.4
GRE,02077,GR2002,GRE-2002,ARGO,OCEANIS 423,BENETEAU,FINOT,2003,NOPF,,,,ORC,CLUB,C,550,23 03 2026 12:46:07,12.670,11.525,1.662,3.90,8845.,0.0,0.41,655.9,0.8316,721.5,1.0399,577.0,1139.1,896.4,765.4,684.3,634.4,606.2,579.5,0.0,0.0,0.0,0.0,0.0,0.0,0.0,868.1,696.4,604.3,550.5,519.3,500.8,480.4,0.0,0.0,0.0,0.0,0.0,0.0,0.0,1132.0,839.7,685.0,590.6,539.7,505.2,455.4,46.8,44.7,43.0,42.1,41.5,41.3,41.5,146.0,149.6,152.0,155.4,161.0,166.2,176.3,1210.1,969.5,844.9,770.7,730.4,714.7,710.4,765.5,628.4,557.8,516.3,495.0,485.2,481.3,711.0,593.5,531.3,496.6,477.8,467.9,462.7,678.0,570.0,512.0,480.9,462.9,451.2,439.0,692.2,575.3,508.6,475.1,459.0,445.0,423.6,682.8,556.2,491.6,459.6,439.7,424.0,404.8,705.4,570.4,498.8,462.4,439.8,421.2,390.8,783.5,621.6,532.4,481.1,452.7,431.6,394.4,925.0,712.9,595.1,522.1,478.6,452.7,414.2,1068.1,823.2,686.0,598.0,538.5,497.7,448.6,0.7670,1.0475,1.2054,0.5895,0.8373,0.9946,0.0,0.0000,2026,0.9501,631.5,03420004IMM,9.517,9714,36.6,33.3,43.6,99.8,0.0,782.3,572.8,497.8,1017.8,716.6,603.3,633.1,583.1,0.9478,1.0289,572.6,471.3,443.4,43.0,176.3,731.3,485.7,463.4,434.8,410.9,392.0,371.8,359.0,379.4,414.0,1697.4,1271.5,1688.3,49.0,143.5,1788.5,1113.1,1009.4,944.0,973.2,981.8,1019.6,1159.2,1391.1,1606.3
GRE,02061,GR2003,GRE-2003,AEGEAS,SUN ODYSSEY 410,JEANNEAU,LOMBARD/PIATON,2018,NOThAK,,,,ORC,CLUB,C,780,20 05 2026 09:51:37,11.985,11.082,1.499,3.99,8320.,0.0,0.38,684.6,0.7763,772.9,1.0003,599.8,1233.0,966.0,821.5,733.2,676.5,642.5,616.9,0.0,0.0,0.0,0.0,0.0,0.0,0.0,924.0,733.0,631.4,571.8,534.5,511.1,489.0,0.0,0.0,0.0,0.0,0.0,0.0,0.0,1215.4,895.8,724.7,618.5,556.1,513.0,454.8,50.4,48.9,47.9,46.8,45.9,45.5,46.3,144.0,146.9,148.4,149.4,152.1,157.2,163.0,1409.0,1114.1,958.2,862.7,801.0,769.9,768.3,871.0,693.4,602.6,548.4,515.4,496.9,490.2,784.4,636.0,560.5,515.1,487.5,471.4,461.2,737.2,602.5,531.6,490.4,466.2,450.7,431.8,691.0,559.7,492.0,457.8,439.2,428.5,414.9,669.8,542.4,478.2,446.0,423.5,403.9,373.1,689.7,557.0,487.2,451.4,427.3,405.9,367.1,772.6,611.0,523.4,473.4,444.4,421.8,381.1,915.3,708.2,593.1,522.7,479.1,452.3,413.9,1056.9,817.8,684.9,603.6,551.9,515.0,465.5,0.7242,1.0071,1.1796,0.5457,0.7814,0.9355,0.0,0.0000,2026,0.9071,661.5,03420004QIK,8.537,9394,36.1,41.6,33.9,0.0,94.1,828.5,595.8,508.6,1099.5,767.9,641.4,674.3,592.1,0.8898,1.0134,617.8,482.6,440.1,48.5,161.4,805.3,513.4,463.9,426.2,400.3,356.0,330.2,340.3,379.9,430.4,1846.3,1366.3,1819.7,51.8,140.8,2112.1,1300.6,1147.3,1058.4,995.0,961.2,992.9,1138.2,1368.7,1580.5
GRE,00286,GR2004,GRE-2004,TOMAHAWK,FIRST 45 F5,BENETEAU,BRUCE FARR,1990,NOTK,,,,ORC,CLUB,C,850,23 03 2026 12:57:30,13.720,11.813,2.196,4.23,10858.,107.5,0.32,597.2,0.9164,654.8,1.1324,529.8,1002.5,797.3,687.0,623.8,586.6,562.6,535.7,0.0,0.0,0.0,0.0,0.0,0.0,0.0,764.3,621.5,548.3,508.9,486.6,471.9,452.3,0.0,0.0,0.0,0.0,0.0,0.0,0.0,1002.4,749.4,618.6,543.7,505.1,476.9,433.0,44.5,42.1,40.5,39.5,38.9,38.5,38.4,144.0,148.5,152.3,156.3,163.5,169.6,178.1,1003.9,818.4,725.0,680.2,661.0,650.4,641.1,649.6,545.7,495.6,473.4,463.8,458.6,453.2,612.4,522.0,479.9,460.5,450.9,446.1,440.5,588.5,506.1,468.4,449.3,438.1,430.7,422.5,600.2,510.5,468.5,446.8,432.8,422.1,406.4,620.1,510.4,461.6,437.8,421.7,408.4,390.5,643.6,526.5,469.5,441.4,422.8,406.7,377.5,726.9,581.0,501.9,460.0,435.8,417.2,381.6,867.0,672.3,563.1,496.8,459.2,436.3,401.0,1001.1,776.3,649.0,567.5,512.2,474.8,430.3,0.8659,1.1410,1.2815,0.6667,0.9230,1.0743,0.0,0.0000,2026,1.0373,578.4,03420004IMS,10.726,12066,39.0,57.4,47.8,109.5,0.0,692.9,525.9,468.2,900.0,650.1,558.5,571.0,543.0,1.0507,1.1049,520.8,439.0,419.3,39.0,177.7,643.9,451.7,438.2,417.4,396.4,377.5,358.7,348.3,366.1,397.7,1467.2,1095.1,1469.8,47.2,138.5,1441.2,908.3,835.6,787.8,811.8,877.7,916.6,1065.4,1293.2,1493.2
GRE,00758,GR2006,GRE-2006,INVICTUS,IMX-40,X-YACHTS,N. JEPPESEN,2000,OFTh,,,,ORC,INTL,R,780,16 07 2026 12:11:24,12.100,10.731,2.416,3.78,6649.,121.5,0.00,584.8,0.9434,636.0,1.1506,521.5,947.6,763.2,662.9,607.9,576.6,556.2,528.6,0.0,0.0,0.0,0.0,0.0,0.0,0.0,732.8,602.9,538.0,503.6,483.3,468.6,446.5,0.0,0.0,0.0,0.0,0.0,0.0,0.0,946.2,719.5,601.6,535.9,500.8,473.0,429.6,42.4,40.4,38.9,37.7,37.1,37.1,37.0,141.5,148.7,151.6,157.8,165.3,170.4,170.0,962.3,791.1,705.3,668.5,652.6,643.3,634.5,636.7,539.1,494.7,476.5,468.8,464.0,458.6,607.0,520.9,482.9,465.4,456.8,451.7,445.3,589.0,510.0,474.9,455.3,442.4,434.2,424.2,601.8,511.6,474.8,454.0,437.1,423.4,404.9,596.8,499.5,460.2,437.9,423.4,412.4,394.0,612.9,509.3,464.5,437.7,415.6,397.4,373.9,681.6,551.9,486.5,452.6,426.4,402.3,355.2,808.0,636.8,538.0,482.6,452.0,427.3,380.8,933.0,735.4,620.4,547.3,500.7,469.0,422.6,0.8984,1.1577,1.2932,0.7014,0.9504,1.0891,0.0,0.0000,2026,1.0600,566.1,03420004VAO,10.356,7728,31.0,50.5,37.5,127.4,0.0,667.9,518.3,464.0,855.4,631.3,550.9,563.0,529.4,1.0657,1.1334,509.3,429.5,413.3,37.9,160.8,640.1,457.9,444.5,419.3,394.0,377.2,354.1,307.7,329.9,378.5,1359.7,1029.5,1359.4,45.7,140.4,1362.9,871.7,813.8,777.1,801.0,829.8,857.4,975.9,1174.8,1356.5
GRE,01326,GR2008,GRE-2008,ORANGE,BAVARIA 35 MATCH,BAVARIA,J & J,2004,NOATh,,,,ORC,INTL,C,640,07 05 2026 10:45:47,10.840,10.073,2.195,3.28,5696.,116.9,0.19,621.1,0.8845,678.3,1.0826,554.2,1006.5,810.9,706.5,649.2,615.5,594.0,566.9,0.0,0.0,0.0,0.0,0.0,0.0,0.0,776.4,639.2,570.9,535.2,514.2,499.6,478.8,0.0,0.0,0.0,0.0,0.0,0.0,0.0,1005.2,763.9,639.8,570.5,533.3,504.2,459.2,42.8,40.4,39.1,38.5,38.0,37.8,37.9,144.6,149.2,152.4,158.5,165.7,172.3,176.8,1020.2,843.5,757.5,721.1,704.7,695.3,687.0,673.6,573.3,526.1,506.5,498.3,493.3,487.9,640.8,551.8,511.1,492.7,484.4,479.5,473.6,619.5,537.1,500.1,480.3,468.0,460.4,451.5,633.1,538.6,498.5,477.7,461.3,448.5,431.6,628.3,526.9,485.4,462.3,446.6,436.2,419.2,649.1,538.6,490.2,463.2,441.7,423.3,400.5,726.0,586.2,514.1,478.4,453.2,430.2,387.1,859.8,674.1,568.9,509.3,477.2,453.4,409.6,992.8,778.4,655.6,577.3,526.4,492.7,446.7,0.8477,1.0899,1.2110,0.6603,0.8910,1.0183,0.0,0.0000,2026,0.9963,602.2,03420004OW3,9.325,6586,26.6,41.1,29.7,91.8,0.0,707.8,550.5,495.5,908.7,673.4,589.2,600.1,561.1,0.9999,1.0694,552.3,464.9,445.6,39.0,169.6,697.7,488.0,473.6,447.6,422.5,405.8,383.3,342.9,363.7,406.9,1454.0,1097.0,1454.4,45.8,140.2,1449.2,925.2,862.3,822.4,848.9,875.7,909.6,1047.1,1263.3,1458.7
GRE,02062,GR2011,GRE-2011,ORCA,ALOA 27 SC,FRIPOL BC,MAAS,1990,ΝΑΟ KERKYRAS,,,,ORC,CLUB,C,160,15 04 2026 10:33:07,7.923,6.951,1.475,2.92,2805.,0.0,0.53,795.7,0.6888,871.0,0.8510,705.1,1324.6,1055.4,911.2,825.5,780.8,758.5,747.1,0.0,0.0,0.0,0.0,0.0,0.0,0.0,1024.6,830.4,729.2,674.0,645.5,629.1,614.8,0.0,0.0,0.0,0.0,0.0,0.0,0.0,1315.8,991.1,820.7,721.1,670.6,634.3,577.5,44.9,43.0,42.0,41.6,41.3,41.4,43.0,148.8,152.1,155.9,161.2,166.8,173.6,177.2,1413.0,1151.8,1018.2,946.1,920.3,917.5,949.0,911.9,760.6,680.9,640.1,624.7,621.5,628.6,858.7,724.0,653.4,617.5,602.1,597.5,598.0,824.9,697.4,632.3,598.5,579.9,569.4,562.5,840.3,691.5,619.4,589.5,574.0,557.3,535.8,816.5,672.9,604.9,570.2,546.1,527.6,507.6,843.2,687.9,611.2,573.2,546.4,521.9,483.6,932.6,743.6,642.6,590.9,559.0,531.6,481.8,1070.6,832.1,702.2,626.5,584.5,555.6,504.6,1236.2,959.0,804.2,704.9,641.2,599.6,545.3,0.6469,0.8592,0.9556,0.5042,0.6960,0.7897,0.0,0.0000,2026,0.7824,766.9,03420004LD8,5.967,3086,16.5,13.8,22.8,44.0,0.0,927.5,698.3,627.9,1190.0,862.1,759.8,774.8,703.4,0.7744,0.8530,762.4,619.1,572.9,46.0,175.8,1025.0,657.2,609.5,562.7,526.6,499.3,466.9,442.2,459.6,499.8,1955.1,1482.8,1944.5,47.6,146.2,2061.5,1295.7,1194.1,1134.4,1170.0,1155.0,1205.1,1367.5,1601.1,1848.7
GRE,02058,GR2018,GRE-2018,ARETHOUSA,BAVARIA 33 CRUISER,BAVARIA,J & J,2006,IO HALKIDAS,,,,ORC,CLUB,C,450,22 04 2026 12:23:12,10.250,9.261,1.787,3.49,5400.,0.0,0.41,693.0,0.7903,759.2,0.9807,611.8,1177.1,935.2,804.9,721.6,670.4,642.9,620.6,0.0,0.0,0.0,0.0,0.0,0.0,0.0,903.0,730.2,639.2,585.7,554.0,535.5,515.8,0.0,0.0,0.0,0.0,0.0,0.0,0.0,1169.7,876.6,722.2,626.9,575.2,540.8,490.8,45.1,43.0,41.8,40.8,40.1,39.9,40.4,146.9,150.5,153.7,158.8,164.6,170.2,177.2,1251.3,1014.4,891.6,814.1,771.6,756.1,759.8,805.8,668.8,596.8,555.1,532.6,522.5,520.1,757.4,635.7,571.8,536.7,516.9,506.5,501.6,729.2,613.3,553.4,522.1,503.2,490.2,476.4,717.4,591.6,529.8,500.1,483.2,473.8,461.3,706.9,582.1,522.9,493.1,471.3,452.2,422.5,734.0,599.9,532.2,498.4,475.5,455.0,417.6,818.4,654.7,564.6,517.0,489.1,466.4,425.1,955.2,741.7,624.7,553.8,513.6,488.2,446.5,1102.9,856.0,718.2,629.2,569.3,529.8,481.3,0.7347,0.9874,1.1263,0.5681,0.7954,0.9354,0.0,0.0000,2026,0.8985,667.8,03420004MDM,7.995,6056,25.6,23.4,29.1,74.1,61.3,816.7,607.7,532.7,1056.2,754.3,641.4,669.9,616.4,0.8956,0.9734,617.7,507.8,477.0,42.3,176.3,791.6,527.6,504.8,473.7,448.7,407.4,386.9,387.4,407.7,443.8,1741.3,1311.8,1732.0,47.4,143.5,1834.5,1155.7,1064.0,1009.0,1015.9,1000.0,1044.3,1197.2,1427.3,1648.1
GRE,01361,GR2020,GRE-2020,ONEIRO,ONE-OFF,CPT Racing,Christian Tesch,2012,NOTK,,,,ORC,INTL,R,800,17 03 2026 20:27:16,13.758,13.624,3.748,4.26,6399.,112.9,0.00,512.0,1.0525,570.1,1.3269,452.2,874.1,689.8,592.8,545.5,517.1,492.3,450.3,0.0,0.0,0.0,0.0,0.0,0.0,0.0,668.4,535.4,469.6,436.4,413.1,394.7,366.1,0.0,0.0,0.0,0.0,0.0,0.0,0.0,872.8,647.5,531.9,467.9,430.3,398.3,346.1,43.0,41.4,39.3,38.2,37.8,37.5,37.8,140.4,142.8,145.9,150.7,150.1,147.1,144.1,887.7,709.3,625.5,598.3,584.4,575.0,566.0,582.7,476.0,431.3,418.3,410.9,405.2,398.6,552.1,456.8,416.5,402.8,394.4,387.7,380.0,532.7,445.3,405.0,380.6,369.1,360.5,350.5,528.1,436.1,396.8,375.4,350.5,337.6,320.8,533.1,433.4,386.1,358.7,332.5,317.1,294.0,550.0,441.5,390.1,349.8,323.9,304.9,271.5,618.8,487.0,420.3,378.9,339.7,303.2,249.5,745.2,580.4,485.0,427.0,389.6,354.7,289.7,860.5,670.2,560.1,492.8,449.9,409.6,334.6,0.9968,1.3337,1.5440,0.7673,1.0597,1.2429,0.0,0.0000,2026,1.2111,495.4,03420004I46,13.040,7610,42.7,73.3,46.1,0.0,176.4,601.9,449.9,388.6,782.0,566.2,482.7,494.4,459.7,1.2137,1.3053,418.5,346.9,326.5,38.5,143.9,573.4,400.1,379.8,345.8,310.5,270.9,251.9,223.3,228.3,263.6,1283.8,969.4,1282.6,45.6,137.9,1296.0,830.8,775.4,739.9,746.6,764.6,795.8,905.6,1101.2,1271.6
GRE,02066,GR2022,GRE-2022,IRIS,OCEANIS 40.1,BENETEAU,MARC LOMBARD,2020,NOTK,,,,ORC,CLUB,C,650,26 03 2026 18:22:14,11.980,11.543,1.667,4.20,8737.,0.0,0.42,687.3,0.7781,771.1,0.9966,602.0,1233.6,963.5,819.3,731.5,675.3,640.9,612.8,0.0,0.0,0.0,0.0,0.0,0.0,0.0,928.7,735.0,633.2,573.7,537.0,513.6,491.6,0.0,0.0,0.0,0.0,0.0,0.0,0.0,1216.9,895.2,725.0,619.8,558.6,516.4,461.0,48.4,47.2,45.7,44.6,43.9,43.5,44.1,143.8,146.7,147.9,148.7,151.2,155.8,161.9,1401.0,1101.9,946.7,853.3,792.8,760.2,753.2,875.9,696.6,607.4,553.8,519.7,501.1,493.0,803.1,648.4,571.0,523.7,495.1,478.2,467.1,762.3,618.9,544.4,500.3,474.5,458.4,440.3,696.2,565.6,497.9,464.4,448.3,439.7,428.6,673.8,545.6,481.4,449.7,428.6,411.0,387.6,694.3,560.3,490.0,454.4,431.1,411.0,376.1,778.9,615.8,526.8,476.2,447.4,425.4,386.0,923.4,714.5,599.2,528.0,483.5,456.4,419.5,1066.2,825.0,691.9,609.7,557.7,521.6,472.5,0.7213,1.0037,1.1737,0.5462,0.7832,0.9390,0.0,0.0000,2026,0.9052,662.8,03420004J3V,8.834,9694,36.0,34.4,34.3,0.0,103.8,831.8,597.8,511.2,1098.5,766.1,639.0,674.5,596.1,0.8895,1.0065,610.8,484.2,447.8,46.0,161.0,783.1,512.3,469.6,435.7,411.7,373.2,349.0,345.5,386.5,438.5,1857.3,1381.1,1831.3,49.9,140.8,2116.7,1312.5,1183.6,1108.7,1005.8,969.2,1002.8,1150.9,1383.8,1597.9
GRE,02075,GR2029,GRE-2029,ANEMOLIA,SUN ODYSSEY 37.1,JEANNEAU,FAUROUX,1994,NOKI,,,,ORC,CLUB,C,500,29 04 2026 07:46:56,11.230,9.800,1.849,3.83,6000.,0.0,0.41,713.5,0.7677,781.6,0.9608,624.4,1263.3,985.2,835.0,740.7,678.9,642.6,612.7,0.0,0.0,0.0,0.0,0.0,0.0,0.0,967.6,765.5,657.8,594.1,555.3,532.5,508.6,0.0,0.0,0.0,0.0,0.0,0.0,0.0,1255.7,922.9,746.4,637.7,577.1,537.8,483.7,46.3,44.6,43.1,42.1,41.1,40.7,40.8,147.6,150.3,153.2,156.8,161.7,166.4,176.8,1338.8,1062.4,918.5,829.9,774.9,749.1,744.6,852.4,688.8,605.3,555.6,527.4,513.0,506.9,794.8,650.3,576.0,533.8,509.9,496.7,488.4,762.1,626.0,555.0,516.7,494.9,480.5,463.8,777.6,624.3,544.4,504.5,484.7,474.9,451.3,761.8,612.0,534.0,494.6,471.1,452.4,424.1,793.9,632.7,545.6,500.1,473.5,452.8,416.6,886.4,692.1,586.0,524.0,489.4,465.5,424.4,1028.6,786.6,652.9,570.0,518.7,488.1,445.9,1187.7,908.0,751.5,651.5,582.8,536.1,480.8,0.6924,0.9679,1.1338,0.5337,0.7722,0.9368,0.0,0.0000,2026,0.8772,684.0,03420004NJ2,8.138,6737,28.3,25.1,34.1,69.1,0.0,866.6,619.9,529.2,1124.2,777.0,640.5,684.2,634.7,0.8770,0.9453,609.6,500.2,469.3,42.6,176.5,775.8,514.9,491.3,460.5,434.9,409.5,387.3,385.8,408.3,443.4,1895.0,1433.4,1884.8,47.8,145.7,1997.5,1254.1,1150.4,1088.6,1127.0,1107.3,1163.6,1322.4,1552.4,1792.5
GRE,00399,GR203,GRE-203,BULLDOG,FIRST 35,BENETEAU,JEAN BERRET,1979,NAOEFK,,,,ORC,CLUB,C,450,17 03 2026 21:38:20,10.832,9.159,1.996,3.70,6142.,0.0,0.45,674.1,0.8187,732.8,1.0038,597.7,1122.1,895.2,772.3,697.2,652.8,628.2,604.1,0.0,0.0,0.0,0.0,0.0,0.0,0.0,863.4,703.5,620.5,573.8,547.2,530.6,509.5,0.0,0.0,0.0,0.0,0.0,0.0,0.0,1118.6,841.9,697.4,611.9,567.6,536.5,487.9,44.5,42.3,40.8,39.6,38.6,38.3,38.5,146.6,150.5,153.9,159.2,165.5,172.3,178.1,1157.5,945.8,835.2,771.4,739.6,727.7,724.8,750.1,629.7,569.0,538.6,523.2,515.7,512.5,708.0,601.8,550.6,525.1,510.8,502.6,497.9,681.3,583.0,537.1,513.5,498.6,487.9,474.9,694.3,588.1,533.7,507.4,494.1,481.3,459.0,699.5,578.3,524.4,497.2,477.9,461.0,437.3,724.8,594.0,531.4,500.3,478.9,459.5,423.2,804.2,645.1,559.9,516.6,491.1,470.1,428.0,941.1,731.7,617.1,550.0,513.4,490.1,449.8,1086.7,844.6,709.4,623.0,566.1,528.8,483.3,0.7658,1.0109,1.1389,0.5948,0.8246,0.9595,0.0,0.0000,2026,0.9223,650.6,03420004I4R,8.327,6807,27.0,31.0,35.6,76.9,0.0,783.5,593.5,526.8,1008.7,727.6,625.3,647.3,607.5,0.9269,0.9876,594.0,498.1,473.9,39.7,176.8,741.7,513.9,497.1,470.6,443.6,423.0,403.9,394.2,411.6,446.2,1643.7,1238.2,1641.3,47.4,143.2,1667.6,1052.6,971.8,919.0,945.9,988.3,1029.4,1174.4,1402.8,1619.8
GRE,02083,GR2030,GRE-2030,PHILEAS FOGG,JPK 39 FC,JPK Composites,JACQUE VALEUR,2021,NASPOR,,,,ORC,CLUB,C,600,25 03 2026 12:25:29,11.620,11.809,2.800,4.00,6302.,0.0,0.18,566.2,0.9565,627.3,1.1985,500.6,954.8,763.0,656.0,597.7,566.4,544.1,501.6,0.0,0.0,0.0,0.0,0.0,0.0,0.0,732.2,594.9,522.1,481.9,456.8,438.1,407.2,0.0,0.0,0.0,0.0,0.0,0.0,0.0,955.6,717.7,590.3,516.1,475.4,441.4,386.3,43.0,41.1,39.7,38.3,37.6,38.9,37.6,142.6,146.0,146.9,149.6,151.4,149.4,146.2,946.0,772.3,681.8,642.2,624.2,613.0,594.8,620.5,519.5,469.5,449.0,440.7,435.5,425.7,588.9,499.4,456.5,435.4,426.0,420.0,408.1,569.9,486.7,447.4,422.2,404.0,394.7,379.9,583.1,493.1,448.6,420.7,395.7,376.1,355.6,604.1,491.8,438.7,403.2,375.1,357.2,330.9,619.7,502.2,444.9,408.1,374.8,345.6,309.9,699.8,554.2,475.1,433.1,398.5,366.5,310.0,834.5,652.7,545.8,479.0,441.0,411.5,353.7,963.6,753.6,630.2,553.1,508.6,475.1,408.4,0.9042,1.2038,1.3916,0.6986,0.9630,1.1241,0.0,0.0000,2026,1.0952,547.8,03420004ITU,11.311,7219,34.9,44.2,38.5,0.0,137.9,663.6,498.4,431.2,858.9,623.1,533.8,541.0,517.3,1.1091,1.1599,470.1,384.3,364.3,37.3,139.2,590.7,421.2,402.0,369.5,339.8,310.7,286.0,253.0,302.8,349.6,1381.5,1040.2,1385.5,45.4,139.0,1341.5,856.3,795.5,758.7,783.9,860.5,887.8,1016.0,1231.1,1421.5
GRE,02088,GR2031,GRE-2031,DENNIS DUE,OCEANIS 38.1 Performance,BENETEAU,FINOT,2017,NOPF,,,,ORC,CLUB,C,770,11 03 2026 21:44:29,11.500,11.023,2.027,3.99,6846.,0.0,0.30,618.8,0.8773,683.9,1.0983,546.3,1058.0,840.7,721.5,649.6,608.2,583.7,555.1,0.0,0.0,0.0,0.0,0.0,0.0,0.0,806.1,651.3,570.3,524.0,496.0,477.6,453.4,0.0,0.0,0.0,0.0,0.0,0.0,0.0,1051.0,786.8,646.2,561.2,515.0,482.2,432.1,45.2,43.2,41.6,40.3,39.1,38.7,38.5,143.1,146.9,148.8,150.3,153.2,158.1,161.0,1127.9,907.5,788.9,717.5,678.4,661.2,649.0,725.4,597.1,530.9,494.6,475.2,464.7,457.2,681.5,568.1,510.7,480.3,462.7,451.8,442.5,656.1,544.3,490.9,467.1,451.7,437.9,419.5,619.1,517.3,470.9,447.1,430.8,420.4,407.4,628.5,515.8,464.9,437.3,414.9,395.7,369.0,645.1,528.3,472.2,442.2,417.9,396.0,353.8,720.1,577.9,502.1,462.2,435.9,411.9,366.6,855.7,670.3,566.4,504.0,468.2,445.0,405.5,988.1,774.0,654.0,581.8,538.0,506.2,461.1,0.8234,1.1049,1.2681,0.6320,0.8835,1.0361,0.0,0.0000,2026,1.0036,597.9,03420004HH7,9.843,7922,32.6,35.0,37.6,0.0,107.2,728.7,543.0,473.1,949.4,679.1,579.1,596.2,554.5,1.0064,1.0820,538.0,435.1,412.5,39.7,155.9,652.6,455.8,439.5,412.1,390.2,345.9,321.2,313.6,367.2,423.4,1554.9,1164.3,1545.4,47.6,139.4,1649.4,1036.8,953.9,903.5,861.6,883.3,915.4,1045.6,1264.8,1460.4
GRE,02094,GR2035,GRE-2035,KATSARIDA,DUFOUR 29,DUFOUR,MICHEL DUFOUR,1975,LOIATh,,,,ORC,CLUB,C,235,12 08 2026 11:25:16,8.950,7.694,1.572,2.89,3300.,0.0,0.40,756.6,0.7227,830.2,0.8936,671.4,1251.8,1000.1,866.1,788.4,748.9,726.2,710.0,0.0,0.0,0.0,0.0,0.0,0.0,0.0,968.2,787.6,693.2,643.0,617.0,600.8,585.3,0.0,0.0,0.0,0.0,0.0,0.0,0.0,1245.2,940.1,780.4,687.9,640.7,604.8,550.9,44.5,42.3,41.4,41.2,41.4,41.7,42.9,148.4,151.4,153.3,159.4,165.3,171.3,175.8,1317.8,1079.0,961.8,905.3,887.8,882.5,903.9,855.1,718.4,647.2,612.8,600.1,594.8,599.3,808.0,685.7,621.8,590.6,577.5,571.2,570.5,778.7,661.6,601.4,570.9,554.3,544.7,537.0,793.6,663.8,597.1,566.5,545.3,530.0,510.2,773.9,639.2,575.1,543.1,522.1,508.6,489.8,799.7,652.2,579.2,542.5,516.6,494.9,467.0,891.5,707.7,606.8,557.9,526.8,499.8,453.8,1026.9,798.8,669.5,593.3,552.8,524.2,474.4,1185.8,921.3,770.5,671.5,610.0,569.9,516.1,0.6834,0.9019,1.0016,0.5329,0.7299,0.8267,0.0,0.0000,2026,0.8217,730.2,03420004WBF,6.568,3685,18.3,16.5,26.6,57.1,0.0,878.0,665.3,599.0,1125.9,822.0,725.8,737.9,669.6,0.8131,0.8960,714.1,584.0,543.3,45.2,174.5,956.2,617.6,578.5,535.4,501.0,487.3,450.9,415.4,429.7,471.9,1840.7,1393.6,1833.8,47.4,145.1,1909.7,1202.7,1113.6,1061.3,1097.6,1093.2,1138.6,1294.0,1534.4,1771.7
GRE,02096,GR2040,GRE-2040,ALDEBARAN,COMET 850,COMAR,FINOT,1977,NOEF,,,,ORC,CLUB,C,260,11 03 2026 21:23:35,8.455,6.882,1.325,2.87,3000.,0.0,0.61,802.1,0.6769,886.4,0.8436,711.3,1340.7,1077.1,937.1,845.1,789.5,758.4,738.6,0.0,0.0,0.0,0.0,0.0,0.0,0.0,1026.6,836.7,740.2,683.5,649.4,628.4,609.4,0.0,0.0,0.0,0.0,0.0,0.0,0.0,1326.0,1006.3,838.4,733.3,674.5,633.3,575.4,46.4,44.5,43.4,42.9,42.6,42.4,43.1,145.9,147.6,155.4,161.7,167.8,176.3,177.9,1488.3,1211.3,1072.7,989.1,939.0,916.4,926.3,948.4,787.6,705.5,657.6,631.3,617.9,616.2,886.9,745.3,671.6,631.8,609.5,596.9,591.1,851.5,715.8,645.8,610.2,589.7,575.8,559.7,805.8,667.9,606.5,578.5,562.6,553.5,541.4,780.5,649.2,593.4,564.0,540.4,519.7,493.2,804.4,663.6,600.0,567.7,541.8,518.0,481.3,886.7,717.3,628.3,585.3,557.3,532.0,487.5,1033.3,816.5,698.8,624.6,586.1,560.0,513.6,1193.2,942.8,801.5,701.0,640.0,600.3,550.9,0.6440,0.8491,0.9577,0.4963,0.6809,0.7908,0.0,0.0000,2026,0.7726,776.6,03420004HH2,5.720,3392,16.3,14.5,20.1,48.5,48.0,931.7,706.6,626.5,1208.9,881.2,758.7,788.1,701.2,0.7613,0.8557,746.2,608.3,565.9,45.8,177.2,983.0,632.4,596.2,556.9,525.0,480.7,460.6,455.6,475.1,509.3,1972.0,1483.5,1951.1,48.3,142.6,2181.5,1365.0,1248.9,1181.1,1134.9,1092.1,1129.7,1279.1,1526.4,1762.5
GRE,02091,GR2041,GRE-2041,KRONOS,FIRST 26,BENETEAU,FINOT,1980,NOKI,,,,ORC,CLUB,C,210,03 06 2026 19:13:53,7.571,6.420,1.327,2.81,2185.,0.0,0.46,813.0,0.6616,906.8,0.8314,721.7,1353.4,1088.7,950.9,865.6,814.0,788.8,775.5,0.0,0.0,0.0,0.0,0.0,0.0,0.0,1037.3,846.4,749.9,693.7,659.2,639.9,624.2,0.0,0.0,0.0,0.0,0.0,0.0,0.0,1340.3,1017.9,850.0,744.8,685.3,644.9,585.5,46.0,44.1,43.3,42.6,41.9,41.9,43.4,145.7,147.1,148.1,151.6,156.9,161.2,177.1,1484.0,1213.6,1078.9,990.8,943.4,933.2,961.8,949.0,791.7,710.8,662.4,636.9,627.5,632.1,889.7,750.6,678.0,637.6,614.8,604.1,602.8,856.0,720.7,652.5,616.5,594.6,579.7,566.2,819.1,678.8,614.8,584.4,567.6,557.4,540.7,795.0,661.2,602.3,568.9,541.3,518.4,491.7,820.5,676.1,609.8,573.7,543.4,516.7,476.3,907.4,731.4,640.4,594.0,561.9,532.8,484.2,1059.0,834.6,712.6,642.1,601.6,573.9,525.1,1222.8,963.8,822.8,740.3,684.6,644.4,589.2,0.6370,0.8373,0.9392,0.4914,0.6669,0.7594,0.0,0.0000,2026,0.7613,788.1,03420004S1B,5.481,2509,14.0,13.2,19.0,0.0,41.7,941.9,716.6,638.8,1221.0,899.7,790.1,796.5,717.0,0.7533,0.8368,792.1,627.8,578.3,46.4,176.8,1038.3,661.9,612.2,564.6,526.3,477.4,452.7,445.4,484.3,545.9,1987.8,1497.5,1969.8,47.9,142.8,2168.3,1359.7,1249.4,1186.4,1153.1,1113.9,1155.7,1311.8,1565.2,1807.3
GRE,02090,GR2042,GRE-2042,OSTRIA,BREZZA 22,CNA,CNA,1996,NOKI,,,,ORC,CLUB,S,240,20 05 2026 09:50:07,6.500,5.811,1.496,2.50,800.,0.0,0.26,770.3,0.7027,853.9,0.8798,682.0,1296.2,1034.0,896.5,814.4,762.7,740.0,710.0,0.0,0.0,0.0,0.0,0.0,0.0,0.0,990.0,806.6,713.8,658.2,619.7,595.8,561.9,0.0,0.0,0.0,0.0,0.0,0.0,0.0,1284.1,968.2,805.7,705.6,644.8,600.6,522.0,43.7,42.2,41.1,40.2,38.8,39.0,40.6,145.6,148.3,150.4,156.3,162.2,163.1,146.4,1416.9,1144.0,1003.1,916.4,866.7,860.6,873.5,920.9,761.1,679.6,636.1,610.1,602.6,600.7,866.7,725.8,655.8,618.3,589.9,577.9,572.3,823.0,677.6,617.0,593.8,570.6,545.0,527.0,756.7,640.6,585.7,549.5,531.7,517.5,485.0,751.0,637.1,582.6,537.8,490.6,453.3,413.6,776.6,651.9,594.8,550.1,505.2,455.4,370.3,866.0,702.4,625.8,579.4,538.3,494.7,404.8,1018.0,800.3,684.3,624.1,584.3,548.7,473.3,1175.5,924.1,789.9,712.5,658.6,619.3,546.5,0.6679,0.8830,1.0186,0.5150,0.7083,0.8170,0.0,0.0000,2026,0.8054,745.0,03420004QII,5.561,1123,10.1,13.1,7.1,0.0,25.4,898.3,679.5,589.0,1165.0,847.1,734.4,753.2,684.2,0.7966,0.8769,639.4,516.6,478.8,42.5,136.6,897.2,606.0,574.5,521.3,464.9,380.5,325.3,273.8,330.4,381.6,1900.0,1424.1,1882.9,46.5,141.2,2070.9,1313.5,1215.1,1148.1,1047.3,1041.8,1084.2,1245.6,1497.4,1729.0
GRE,02097,GR2046,GRE-2046,OKYALOS,OCEANIS 393,BENETEAU,BERRET/RACOUPEAU,1999,NOTK,,,,ORC,CLUB,C,250,12 03 2026 14:11:27,11.624,10.507,1.894,4.00,7651.,0.0,0.40,659.3,0.8204,731.3,1.0287,583.2,1116.5,887.8,765.5,694.5,656.7,633.7,611.2,0.0,0.0,0.0,0.0,0.0,0.0,0.0,853.7,691.1,604.8,557.7,532.7,516.8,499.3,0.0,0.0,0.0,0.0,0.0,0.0,0.0,1111.5,832.8,685.6,598.2,553.8,521.6,472.3,45.4,43.1,41.9,41.2,41.0,40.8,41.3,144.1,147.2,148.4,149.6,153.2,158.3,174.8,1166.6,944.9,830.1,768.3,742.9,733.5,738.8,749.3,622.5,555.0,521.2,505.9,500.5,499.8,703.3,591.9,532.6,503.2,488.9,483.1,480.1,672.9,570.2,516.5,488.8,473.5,463.9,455.8,684.2,571.1,508.1,479.0,466.1,455.4,437.4,676.5,554.1,495.0,466.0,446.5,430.5,410.8,696.8,568.4,503.0,470.4,448.4,429.5,396.3,779.9,622.9,536.7,490.0,463.0,441.9,403.6,923.5,719.4,606.9,537.6,496.2,471.1,434.9,1066.4,830.7,700.8,620.7,570.4,533.9,483.5,0.7768,1.0376,1.1668,0.5987,0.8278,0.9509,0.0,0.0000,2026,0.9409,637.7,03420004HIU,9.031,8137,31.5,31.6,43.0,0.0,85.7,772.4,578.3,514.2,1002.2,724.8,631.0,635.6,592.2,0.9439,1.0131,608.3,492.7,461.8,43.1,175.3,768.0,507.4,482.8,452.8,427.7,397.5,375.0,365.8,401.7,448.7,1644.9,1232.1,1639.3,48.2,140.4,1700.2,1062.9,972.7,912.9,940.1,959.9,993.4,1142.3,1376.5,1589.5
GRE,02099,GR2048,GRE-2048,NISTERI,SUN ODYSSEY 45 PERFORMANCE,JEANNEAU,BRIAND,2004,SEANATK,,,,ORC,CLUB,C,800,10 03 2026 22:50:00,13.410,12.067,2.285,4.38,9800.,0.0,0.40,615.2,0.8826,679.8,1.1088,541.1,1070.4,844.4,721.1,644.8,598.8,572.3,544.6,0.0,0.0,0.0,0.0,0.0,0.0,0.0,814.8,653.1,567.0,516.9,487.0,468.6,446.8,0.0,0.0,0.0,0.0,0.0,0.0,0.0,1066.2,791.0,644.5,554.4,506.0,473.5,427.2,45.4,43.4,41.8,40.4,39.3,38.7,38.6,142.4,146.2,147.9,148.9,151.4,156.1,162.3,1112.4,891.4,773.3,699.8,657.8,639.5,631.7,713.1,585.1,518.1,479.8,459.1,449.0,443.7,668.0,555.6,497.0,465.1,447.0,436.8,430.0,640.2,536.3,482.6,454.2,436.7,424.1,409.5,648.5,529.4,469.0,439.4,423.0,414.1,398.8,638.3,518.5,460.6,431.7,411.1,393.5,367.1,659.5,534.5,470.4,438.0,415.9,396.3,361.1,746.0,591.5,507.4,460.4,433.3,412.6,374.7,890.5,690.6,579.4,510.7,468.2,442.3,407.1,1028.3,797.4,669.0,589.7,539.8,505.0,457.5,0.8175,1.1164,1.2903,0.6267,0.8884,1.0553,0.0,0.0000,2026,1.0112,593.3,03420004HCN,10.587,10970,39.0,37.5,51.8,0.0,110.6,733.9,537.4,465.0,957.4,675.4,568.6,586.9,556.0,1.0223,1.0791,533.0,434.0,410.8,39.4,174.9,641.3,444.3,428.8,404.5,384.3,352.0,330.2,336.9,375.5,424.7,1586.1,1188.6,1581.1,47.6,139.4,1636.0,1027.9,943.1,889.0,918.6,914.1,947.8,1099.4,1330.4,1536.2
GRE,02109,GR2061,GRE-2061,APOLLO 2,POGO 44,POGO STRUCTURES,FINOT/CONQ,2020,HORC,,,,ORC,CLUB,R,640,25 03 2026 13:55:49,12.795,12.344,3.052,4.50,6295.,0.0,0.00,532.9,1.0098,594.2,1.2654,474.1,884.4,708.2,616.6,570.4,542.9,520.8,480.6,0.0,0.0,0.0,0.0,0.0,0.0,0.0,673.4,551.0,490.6,459.1,438.7,421.4,392.9,0.0,0.0,0.0,0.0,0.0,0.0,0.0,882.7,664.8,554.3,491.5,455.5,425.4,375.4,42.7,40.7,38.9,38.0,40.1,39.0,37.9,141.7,144.9,148.8,151.6,152.2,150.5,144.0,900.8,734.1,656.2,628.2,612.1,600.2,590.6,587.6,494.9,451.4,437.5,429.9,424.6,419.0,547.1,465.9,437.6,423.3,415.4,409.6,403.0,516.5,446.8,421.8,406.0,394.3,386.3,377.6,514.1,444.3,409.5,389.5,378.6,367.1,353.0,550.1,456.4,410.5,382.3,363.4,341.9,318.3,566.6,463.7,415.9,379.9,351.9,334.1,303.1,629.0,504.5,441.5,404.5,371.9,340.4,274.3,751.7,590.9,499.6,444.8,411.2,382.4,321.0,867.9,682.4,576.9,512.6,473.8,441.4,370.6,0.9800,1.2708,1.4456,0.7535,1.0163,1.1735,0.0,0.0000,2026,1.1577,518.3,03420004IUL,11.823,7275,39.3,61.9,46.1,0.0,148.4,612.2,472.1,415.1,796.3,590.4,511.3,516.1,481.6,1.1626,1.2459,444.9,371.8,351.9,38.8,142.5,598.1,419.8,402.3,373.3,343.6,302.9,273.5,240.2,252.5,291.6,1281.9,955.6,1281.1,45.1,138.6,1290.1,822.5,747.4,685.5,683.0,755.1,807.3,910.6,1103.0,1273.6
GRE,02110,GR2062,GRE-2062,NEPTUNE,SUN ODYSSEY 29.2,JEANNEAU,FAUROUX,1997,NO KALAMAKIOU,,,,ORC,CLUB,C,320,20 05 2026 09:24:08,8.484,7.628,1.386,2.95,2850.,0.0,0.38,781.6,0.6979,859.7,0.8735,686.9,1366.6,1071.1,913.7,813.5,751.9,720.4,700.4,0.0,0.0,0.0,0.0,0.0,0.0,0.0,1041.3,828.3,718.5,655.0,617.2,595.8,575.4,0.0,0.0,0.0,0.0,0.0,0.0,0.0,1351.5,999.5,815.3,703.1,641.1,600.5,541.0,46.3,45.0,43.7,43.0,42.3,42.1,43.2,147.8,150.9,153.2,159.3,165.5,172.3,176.8,1518.1,1206.5,1050.5,952.9,893.5,871.8,884.8,965.1,778.6,686.4,630.2,598.7,584.7,584.2,900.0,734.3,650.3,602.7,576.0,562.5,557.4,860.6,702.6,622.2,580.5,556.8,540.8,524.3,797.5,652.2,583.4,554.4,542.6,533.9,505.8,779.0,635.3,569.7,537.2,513.6,495.4,474.7,809.6,653.4,577.2,540.1,512.9,489.1,451.2,908.7,714.0,608.6,558.2,527.2,500.2,450.9,1052.3,811.0,674.7,595.1,553.5,525.3,475.9,1215.1,935.8,776.8,674.2,610.3,569.0,515.9,0.6418,0.8808,1.0110,0.4923,0.7034,0.8325,0.0,0.0000,2026,0.7984,751.5,03420004QFV,6.270,3314,17.7,17.8,16.6,52.5,0.0,934.9,681.2,593.5,1218.8,853.0,720.7,764.3,679.5,0.7851,0.8830,707.6,572.7,531.5,45.9,174.5,943.6,603.9,564.7,523.1,489.7,459.6,431.7,403.4,429.0,471.6,2047.7,1538.8,2025.3,47.8,145.6,2272.0,1426.4,1309.7,1238.8,1146.1,1114.4,1167.7,1342.4,1579.1,1823.4
GRE,02126,GR2066,GRE-2066,SIRIOS,KING'S CRUISER 33,Fiskars,Pelle Pettersson,1972,IO HALKIDAS,,,,ORC,CLUB,C,450,14 04 2026 20:29:48,10.270,7.608,1.798,3.10,4300.,0.0,0.40,709.9,0.7723,776.9,0.9445,635.2,1131.5,918.1,805.1,743.6,710.1,689.4,670.2,0.0,0.0,0.0,0.0,0.0,0.0,0.0,878.5,728.0,652.5,613.6,591.7,576.3,559.0,0.0,0.0,0.0,0.0,0.0,0.0,0.0,1128.2,865.4,730.0,654.5,614.0,581.5,530.6,43.4,41.5,40.4,39.9,40.1,40.2,41.3,147.5,151.8,155.2,161.9,167.8,176.3,177.2,1163.8,971.2,878.1,839.9,827.8,822.5,832.4,764.3,654.0,604.1,581.3,572.9,569.1,568.7,726.6,629.1,585.7,564.7,555.3,551.1,548.4,704.6,612.9,571.7,549.8,536.1,527.2,516.0,718.1,617.1,569.8,545.4,527.6,512.5,490.0,722.5,607.0,556.7,529.3,507.9,491.1,474.4,747.5,620.5,562.1,531.2,505.9,483.6,457.5,822.2,667.9,587.0,546.3,519.0,492.7,453.5,951.9,750.3,638.8,576.7,542.4,517.1,471.0,1099.1,865.0,732.1,647.3,592.3,556.2,508.1,0.7469,0.9514,1.0459,0.5855,0.7790,0.8729,0.0,0.0000,2026,0.8709,689.0,03420004LA7,6.965,4929,21.3,24.3,33.1,69.0,0.0,803.3,630.6,573.7,1024.8,770.2,687.4,690.2,637.6,0.8693,0.9411,660.8,551.5,520.3,42.9,177.7,853.8,573.1,548.8,510.9,478.9,469.1,445.3,427.0,438.1,467.8,1627.7,1232.2,1626.9,46.4,143.3,1635.5,1039.5,966.7,922.2,948.6,998.7,1038.8,1179.6,1402.8,1619.8
GRE,02114,GR2067,GRE-2067,ASTREA OF ATTICA,EXPRESS 50,DYNAMIQUE YACHTS,,1982,NO KALAMAKIOU,,,,ORC,CLUB,C,934,16 06 2026 12:29:40,14.300,12.452,1.906,4.40,12000.,0.0,0.42,674.7,0.8080,742.5,1.0201,588.2,1222.7,947.4,798.4,705.5,641.7,596.4,546.8,0.0,0.0,0.0,0.0,0.0,0.0,0.0,931.2,731.2,624.3,559.8,518.7,490.8,458.0,0.0,0.0,0.0,0.0,0.0,0.0,0.0,1213.6,885.5,711.0,602.5,539.3,495.3,439.1,47.7,46.3,45.0,43.8,42.8,41.6,40.2,146.2,149.2,151.8,155.0,159.1,163.7,174.9,1313.8,1032.9,885.4,794.3,731.9,687.6,644.1,826.3,657.9,572.9,521.3,488.8,468.4,446.7,762.7,615.7,541.9,497.6,471.1,454.1,434.4,726.7,592.6,522.1,481.2,457.4,442.0,421.1,745.3,593.1,512.2,467.2,442.8,427.8,410.6,722.1,576.5,499.8,458.4,435.0,417.9,388.4,750.2,594.8,511.2,464.5,438.5,420.6,389.0,838.6,652.2,550.8,489.7,454.4,432.8,399.6,980.0,746.5,616.9,537.5,486.0,454.3,417.7,1131.6,862.0,711.4,616.7,551.5,505.2,449.5,0.7219,1.0251,1.2359,0.5530,0.8101,1.0185,0.0,0.0000,2026,0.9282,646.4,03420004T9N,9.760,13365,44.1,33.1,53.4,111.3,0.0,831.1,585.3,485.5,1085.0,740.6,589.1,646.7,598.3,0.9278,1.0029,530.4,441.5,421.0,40.6,177.2,643.4,441.9,426.8,406.7,399.0,364.1,358.7,366.9,387.5,417.4,1845.2,1390.7,1831.8,49.1,145.1,1978.9,1232.7,1120.4,1054.0,1090.4,1060.3,1108.4,1257.2,1482.3,1711.6
GRE,02237,GR2070,GRE-2070,CHRISTINA,CONTEST 250C,CONYPLEX,DE RIDDER,1982,SEANATK,,,,ORC,CLUB,C,230,27 03 2026 14:48:28,7.446,6.286,1.488,2.73,1750.,0.0,0.32,782.2,0.7040,852.3,0.8613,696.6,1272.4,1024.2,889.4,809.3,769.9,749.2,733.4,0.0,0.0,0.0,0.0,0.0,0.0,0.0,985.4,808.7,718.9,669.8,643.6,626.8,607.7,0.0,0.0,0.0,0.0,0.0,0.0,0.0,1267.4,963.4,805.2,714.1,668.1,632.9,574.6,43.6,41.5,40.4,39.5,39.3,39.5,41.0,148.9,153.2,157.3,164.2,171.3,177.7,177.7,1322.5,1094.4,976.7,915.5,896.1,893.7,917.5,867.5,735.4,670.1,638.4,624.5,620.4,622.5,824.2,704.7,649.3,621.0,606.6,600.6,598.7,798.7,683.5,632.6,605.1,587.0,574.5,563.6,797.7,669.3,614.9,588.8,575.3,561.1,535.0,790.4,662.2,607.3,575.0,548.2,526.3,501.6,820.8,679.2,615.3,580.4,551.0,523.8,481.8,919.4,739.6,645.7,600.1,567.8,537.6,484.0,1058.6,828.8,701.8,632.3,593.8,564.0,508.3,1222.4,953.9,802.0,703.2,643.8,604.7,549.3,0.6689,0.8681,0.9618,0.5225,0.7108,0.8017,0.0,0.0000,2026,0.7935,756.1,03420004J7B,5.804,2092,12.6,15.0,15.7,33.9,0.0,897.0,691.2,623.8,1148.3,844.1,748.4,759.1,699.2,0.7904,0.8581,740.1,605.5,565.0,43.9,177.2,980.5,639.0,605.4,561.9,522.5,488.3,460.4,438.2,460.1,499.7,1853.2,1403.5,1849.6,46.0,145.1,1889.1,1205.5,1123.7,1074.1,1105.0,1096.7,1150.0,1320.7,1573.9,1817.3
GRE,02135,GR2074,GRE-2074,FORMION,BAVARIA 35 CRUISER,BAVARIA,J & J,2008,NO KATAKOLOU,,,,ORC,CLUB,C,450,22 05 2026 10:46:45,10.450,9.424,1.905,3.60,5800.,0.0,0.39,680.7,0.8011,749.0,0.9976,601.4,1157.4,922.4,795.9,713.2,661.6,631.4,606.3,0.0,0.0,0.0,0.0,0.0,0.0,0.0,884.0,716.2,628.5,576.5,545.2,526.2,505.5,0.0,0.0,0.0,0.0,0.0,0.0,0.0,1149.4,863.4,712.4,617.7,566.2,531.3,481.1,44.9,42.9,41.6,40.6,39.7,39.4,39.7,144.2,147.3,148.1,155.9,165.8,175.8,178.6,1237.8,1001.8,879.1,801.4,757.5,739.7,738.3,797.9,661.5,589.6,547.9,525.4,514.5,510.2,750.2,628.9,565.0,530.2,510.5,499.7,493.2,721.5,606.5,546.9,515.8,497.0,484.0,469.1,693.8,574.7,518.2,491.6,477.4,469.1,454.5,679.5,561.1,508.3,480.8,459.6,441.7,417.6,702.2,575.5,516.1,485.6,462.6,441.7,405.9,787.9,631.5,547.3,504.9,478.8,456.5,415.5,932.8,730.1,617.2,546.5,507.5,482.7,442.1,1077.1,843.0,712.7,624.9,565.7,523.2,474.4,0.7499,1.0039,1.1468,0.5770,0.8051,0.9531,0.0,0.0000,2026,0.9125,657.5,03420004QSP,8.184,6460,26.9,29.9,26.8,0.0,79.3,800.1,597.7,523.2,1039.9,745.2,629.5,659.2,605.5,0.9102,0.9909,598.4,494.9,466.7,41.2,178.2,759.9,513.8,493.5,464.5,439.4,403.2,381.1,377.5,404.4,436.9,1706.6,1281.6,1695.6,47.1,140.3,1816.1,1145.3,1055.2,999.8,980.4,961.5,996.5,1146.4,1383.1,1597.1
GRE,02131,GR2075,GRE-2075,EROS,MICROSAIL,JEANNEAU,GARY MULL,1984,NAOB,,,,ORC,CLUB,R,250,22 05 2026 11:55:20,5.499,4.910,1.062,2.38,600.,0.0,0.24,845.6,0.6472,927.1,0.7973,752.5,1381.4,1118.5,974.1,886.2,831.2,802.0,781.4,0.0,0.0,0.0,0.0,0.0,0.0,0.0,1063.0,880.0,785.6,728.9,689.4,662.2,629.5,0.0,0.0,0.0,0.0,0.0,0.0,0.0,1368.9,1048.8,881.1,780.1,716.0,667.9,587.8,44.3,42.7,41.7,41.0,40.8,40.7,43.6,150.2,155.4,163.7,173.2,178.6,179.0,177.5,1506.4,1249.8,1115.7,1035.0,980.3,959.9,988.7,977.3,823.3,746.7,705.4,678.8,663.6,660.7,923.3,787.0,720.9,683.6,657.4,638.2,627.9,881.1,740.5,681.9,651.0,633.7,608.5,577.2,823.2,707.3,651.6,612.9,586.7,572.2,543.5,823.4,708.7,653.3,607.9,567.7,528.8,465.2,854.7,724.5,665.2,621.0,580.9,541.1,453.1,950.1,777.9,695.4,647.5,605.5,567.0,487.7,1088.2,861.2,741.8,680.2,637.6,599.0,525.5,1256.4,987.2,832.6,737.4,682.2,644.1,574.1,0.6176,0.7994,0.9136,0.4800,0.6514,0.7485,0.0,0.0000,2026,0.7324,819.3,03420004QTN,4.537,914,8.2,11.6,5.4,19.0,0.0,971.5,750.6,656.7,1250.0,921.1,801.6,831.1,745.8,0.7219,0.8045,765.3,602.7,551.4,46.3,165.3,1027.9,666.2,628.3,569.0,509.2,428.1,380.4,386.6,443.2,502.6,2001.4,1503.2,1986.1,46.7,144.7,2153.9,1363.7,1260.8,1193.7,1113.1,1116.0,1171.7,1345.8,1601.1,1848.8
GRE,02137,GR2078,GRE-2078,ALMYRA OF THEMIS,DISCOVERY 3000,DROMOR,ED DUBOIS,1983,NO KATAKOLOU,,,,ORC,CLUB,C,300,21 05 2026 17:38:07,9.122,7.867,1.639,3.28,4500.,0.0,0.62,786.7,0.6976,860.1,0.8673,691.8,1358.2,1068.8,915.1,817.9,754.0,716.6,689.8,0.0,0.0,0.0,0.0,0.0,0.0,0.0,1044.6,835.0,724.6,660.4,621.6,598.6,576.3,0.0,0.0,0.0,0.0,0.0,0.0,0.0,1347.9,1001.5,819.8,708.1,645.6,604.6,548.3,46.0,44.2,43.0,42.4,41.8,41.2,41.5,148.6,151.4,155.4,159.5,164.6,171.1,178.1,1461.1,1172.6,1026.2,935.4,877.1,847.3,845.7,932.7,763.7,677.0,624.3,594.7,580.0,575.3,872.2,723.5,644.7,600.1,575.5,562.2,555.0,838.5,696.0,620.3,580.7,558.6,544.5,529.1,839.0,680.8,599.9,562.6,544.8,536.0,515.2,822.3,668.3,589.9,552.5,529.8,511.6,482.6,853.7,687.5,599.7,556.7,531.9,511.3,473.8,944.6,744.8,636.3,577.1,545.0,522.1,480.4,1087.1,836.8,701.1,617.8,570.4,542.6,501.1,1255.3,965.1,804.0,700.5,631.0,585.9,533.8,0.6384,0.8738,1.0067,0.4944,0.7016,0.8381,0.0,0.0000,2026,0.7941,755.6,03420004QQ3,6.482,4957,21.7,17.4,26.2,51.0,0.0,939.8,686.7,596.0,1213.6,855.2,715.9,760.5,694.6,0.7889,0.8638,691.7,571.0,536.2,43.5,177.7,886.7,586.0,558.8,526.7,499.5,468.6,448.0,445.4,462.8,496.7,2028.9,1539.3,2014.8,47.7,146.4,2169.8,1364.0,1253.4,1189.3,1215.3,1183.3,1240.9,1400.5,1635.0,1888.0
GRE,02133,GR2079,GRE-2079,RICCI,SHOW 32,BARBERIS,HUMPHREYS,1989,NO KATAKOLOU,,,,ORC,CLUB,C,300,25 05 2026 18:29:13,10.433,7.950,1.790,3.42,3400.,0.0,0.16,665.0,0.8136,737.5,1.0069,595.9,1059.7,862.3,759.3,707.8,679.7,661.2,639.9,0.0,0.0,0.0,0.0,0.0,0.0,0.0,817.8,680.0,612.7,577.5,555.7,540.3,520.7,0.0,0.0,0.0,0.0,0.0,0.0,0.0,1053.9,810.9,686.7,616.8,577.6,545.0,492.7,43.5,41.5,40.0,39.6,39.6,39.7,41.0,144.2,148.0,150.1,152.6,157.6,160.6,157.8,1117.3,926.4,832.6,791.7,777.5,772.9,784.3,733.0,624.0,575.1,552.3,542.0,538.0,538.2,695.6,600.2,558.3,536.9,525.3,520.1,517.5,671.5,584.3,544.9,522.5,507.2,496.0,485.2,663.2,568.8,529.4,511.2,499.1,482.9,457.5,647.1,553.2,512.6,483.6,459.0,444.8,425.0,663.0,561.9,516.9,484.5,455.2,433.1,401.1,735.5,603.5,540.2,503.8,470.9,443.8,393.0,867.8,691.2,594.2,542.3,510.5,482.7,436.1,1002.1,798.2,686.1,623.9,581.8,549.6,495.5,0.8012,1.0130,1.1177,0.6244,0.8210,0.9121,0.0,0.0000,2026,0.9268,647.4,03420004R5F,7.533,3860,19.4,24.0,27.7,0.0,77.8,748.9,592.3,536.8,960.9,730.8,657.8,650.5,597.0,0.9224,1.0051,629.4,509.0,477.4,43.8,140.8,826.1,547.8,522.7,482.9,446.9,420.9,375.8,321.3,374.8,432.7,1513.5,1145.8,1506.9,46.4,139.8,1579.4,1003.1,931.3,884.9,910.0,889.3,915.3,1038.4,1253.6,1447.5
GRE,02122,GR2083,GRE-2083,CRETE,OCEANIS 393,BENETEAU,BERRET/RACOUPEAU,1999,IOP-DEI,,,,ORC,CLUB,C,769,05 04 2026 17:58:39,11.624,10.834,1.564,4.00,8164.,0.0,0.42,674.7,0.7997,750.3,1.0107,593.6,1177.0,929.4,796.4,713.6,661.2,628.4,600.3,0.0,0.0,0.0,0.0,0.0,0.0,0.0,892.9,715.4,621.7,567.7,534.5,513.2,491.6,0.0,0.0,0.0,0.0,0.0,0.0,0.0,1166.9,867.5,708.6,610.5,555.5,517.8,468.2,47.4,45.5,44.5,43.2,42.2,41.2,41.2,144.0,146.9,147.8,149.2,152.5,157.6,163.7,1278.1,1022.6,889.1,805.2,750.2,720.2,710.8,805.0,654.9,578.1,533.0,507.5,493.5,485.9,744.9,614.8,547.5,511.5,491.3,479.0,469.5,709.1,591.5,527.9,495.7,477.4,464.7,448.5,701.8,571.5,506.1,475.4,458.6,448.8,437.0,680.5,554.6,493.8,465.2,445.5,429.0,402.7,701.6,569.8,502.7,470.3,448.9,430.5,397.8,786.8,625.4,537.0,490.2,464.2,444.6,409.2,931.8,724.2,609.5,538.7,497.1,472.8,439.7,1075.9,836.2,703.8,622.0,572.2,536.6,489.8,0.7461,1.0174,1.1754,0.5697,0.8042,0.9584,0.0,0.0000,2026,0.9208,651.6,03420004KC8,8.856,9243,32.9,27.8,39.9,0.0,91.4,804.2,589.7,510.5,1053.2,746.1,626.0,652.4,598.7,0.9197,1.0022,596.4,483.8,455.4,42.9,176.6,735.8,491.3,471.0,443.9,423.6,387.5,370.3,375.3,410.4,457.0,1752.5,1310.5,1738.2,49.3,140.8,1895.7,1177.7,1065.3,993.2,1011.2,976.5,1009.2,1158.6,1393.8,1609.4
GRE,02149,GR2088,GRE-2088,RED BONE,Bavaria B/one,BAVARIA,Farr,2012,NCTh,,,,ORC,INTL,S,440,29 04 2026 09:55:31,7.092,6.934,1.656,2.49,1080.,97.4,0.00,668.9,0.8081,742.5,0.9995,600.3,1052.1,857.2,762.1,719.0,692.6,670.4,609.3,0.0,0.0,0.0,0.0,0.0,0.0,0.0,814.2,682.8,620.4,586.3,561.7,540.9,498.8,0.0,0.0,0.0,0.0,0.0,0.0,0.0,1047.9,808.7,692.2,626.3,583.2,544.2,471.4,42.8,40.6,38.2,37.7,37.6,37.8,38.6,144.0,148.5,151.8,155.0,155.4,148.7,139.2,1094.2,908.8,826.4,800.1,790.2,785.5,789.1,723.8,623.5,586.9,570.9,563.3,558.4,554.0,690.5,605.0,572.4,552.5,542.8,536.0,528.5,671.1,594.9,558.6,530.4,512.0,501.5,487.6,660.7,578.6,543.1,522.4,495.8,473.7,448.0,652.3,567.6,517.7,479.9,454.5,434.3,399.2,669.2,577.3,525.6,479.9,438.3,405.7,362.5,741.0,614.0,556.4,510.8,466.3,417.1,315.6,874.7,697.7,605.8,556.8,517.6,480.9,371.9,1010.0,805.7,697.8,637.9,595.1,555.3,429.4,0.8016,1.0008,1.1314,0.6285,0.8127,0.9188,0.0,0.0000,2026,0.9211,651.4,03420004NJT,6.950,1634,12.1,21.1,12.5,0.0,47.2,748.5,599.5,530.3,954.7,738.3,653.0,657.5,602.2,0.9125,0.9964,562.9,469.7,439.0,40.9,145.0,815.4,557.9,529.2,482.6,433.8,370.4,322.1,262.9,268.8,310.4,1496.8,1136.9,1492.7,45.4,140.2,1537.8,986.2,922.4,881.5,905.1,895.0,924.9,1045.4,1260.8,1455.9
GRE,02144,GR2095,GRE-2095,IRENE,OCEANIS 331,BENETEAU,FINOT,1999,NAOL,,,,ORC,CLUB,C,400,05 04 2026 18:44:34,9.798,9.088,1.585,3.36,4500.,0.0,0.38,703.0,0.7701,779.2,0.9660,621.1,1200.3,951.4,818.5,739.0,695.0,671.0,649.8,0.0,0.0,0.0,0.0,0.0,0.0,0.0,915.0,737.3,645.6,594.1,565.2,547.9,528.8,0.0,0.0,0.0,0.0,0.0,0.0,0.0,1192.0,890.3,732.2,637.0,587.3,553.1,500.3,46.0,44.0,42.5,41.4,40.7,40.5,41.2,144.4,146.9,148.0,150.1,154.6,159.7,176.2,1282.8,1032.2,901.8,823.9,786.8,776.1,783.5,818.2,674.3,599.9,559.4,540.0,533.0,532.5,764.9,639.0,574.5,540.9,523.5,515.2,512.3,733.9,615.7,556.3,526.2,508.0,495.7,484.4,724.0,595.0,534.3,506.8,492.9,484.1,465.0,706.0,579.5,523.2,494.0,471.5,452.8,428.5,730.0,595.7,531.6,499.2,474.4,452.3,412.4,818.5,653.1,564.6,519.6,491.8,467.8,422.7,968.0,753.9,636.7,566.6,526.5,501.5,461.3,1117.7,870.6,735.2,654.1,603.3,565.9,516.2,0.7262,0.9741,1.1007,0.5577,0.7770,0.8968,0.0,0.0000,2026,0.8832,679.4,03420004KCQ,7.829,5097,23.4,22.0,29.7,0.0,68.1,826.2,616.0,545.1,1075.8,772.2,669.0,679.6,627.2,0.8829,0.9567,650.1,521.7,487.8,43.4,176.3,821.0,542.4,515.8,481.7,452.8,412.5,384.0,373.6,422.9,479.1,1777.9,1333.8,1766.9,48.4,140.8,1888.5,1182.1,1081.4,1021.1,1032.1,1004.7,1042.2,1199.8,1444.0,1667.4
GRE,02234,GR2098,GRE-2098,IKAROS,FIRST 345,BENETEAU,J. BERRET,1984,NO ALEXANDROUPOLIS,,,,ORC,CLUB,C,500,15 04 2026 23:39:44,10.503,9.074,1.919,3.49,5505.,0.0,0.40,686.3,0.8014,748.7,0.9863,608.3,1152.5,914.9,788.3,712.1,666.7,640.8,616.5,0.0,0.0,0.0,0.0,0.0,0.0,0.0,882.4,713.4,630.1,584.3,557.5,540.8,518.8,0.0,0.0,0.0,0.0,0.0,0.0,0.0,1148.5,858.8,710.1,623.4,578.4,546.7,496.8,44.8,42.5,40.9,39.6,38.6,38.3,38.4,144.1,146.9,151.1,157.4,170.4,177.7,179.0,1192.7,964.6,848.0,784.2,753.6,741.6,738.2,770.2,640.3,578.1,549.5,535.1,527.7,523.9,725.5,611.2,560.4,536.3,522.6,514.4,508.9,699.9,592.6,547.7,525.1,510.3,499.5,486.0,710.8,587.0,536.0,511.6,496.4,488.1,470.3,698.4,575.7,528.2,502.5,481.9,462.1,432.6,723.3,591.1,535.8,507.5,485.3,463.2,423.3,813.0,648.0,564.2,525.8,501.2,479.4,433.5,963.3,749.3,631.4,562.6,527.5,504.3,463.1,1112.3,865.2,728.6,640.1,579.8,540.0,494.9,0.7520,0.9939,1.1179,0.5804,0.8075,0.9402,0.0,0.0000,2026,0.9049,663.1,03420004LJ4,8.163,6220,25.4,26.5,35.5,0.0,73.1,797.9,603.7,536.7,1033.8,743.0,638.2,658.5,618.3,0.9112,0.9704,604.7,506.0,481.0,39.6,178.1,753.8,526.0,508.6,481.2,453.9,418.9,399.9,397.4,421.3,455.7,1699.0,1278.4,1695.0,47.1,140.8,1739.3,1097.8,1014.5,963.2,996.1,993.7,1033.7,1192.9,1436.4,1658.6
GRE,00530,GR21,GRE-21,IRIDANOS,DUFOUR 35,MICHEL DUFOUR S.A.,MICHEL DUFOUR,1972,IO PATRON,,,,ORC,CLUB,C,300,02 04 2026 07:45:47,10.494,8.562,1.934,3.46,7055.,129.8,0.63,718.9,0.7622,787.2,0.9420,637.0,1188.6,959.9,834.9,752.7,700.6,668.7,640.3,0.0,0.0,0.0,0.0,0.0,0.0,0.0,919.9,756.2,666.6,612.1,579.0,558.0,535.7,0.0,0.0,0.0,0.0,0.0,0.0,0.0,1178.1,900.7,750.8,655.4,600.8,563.1,511.2,43.9,41.7,40.7,40.4,40.4,40.4,40.5,148.0,152.3,154.6,160.1,164.4,170.9,177.2,1294.2,1064.0,944.1,867.1,820.4,796.1,787.5,846.0,713.5,639.7,591.8,563.1,547.3,539.1,802.1,682.9,613.8,571.4,545.2,531.0,521.1,774.9,660.2,590.9,553.5,530.0,515.2,497.4,736.8,616.6,552.2,521.0,504.7,496.7,484.5,716.6,601.0,541.4,511.6,490.8,472.4,447.3,738.3,614.5,547.9,513.6,490.3,470.4,440.6,808.8,661.6,576.1,528.9,501.3,478.4,440.4,938.0,742.8,632.2,564.6,525.0,499.8,457.7,1083.1,855.7,725.8,638.3,580.8,541.4,493.1,0.7159,0.9464,1.0813,0.5585,0.7650,0.9008,0.0,0.0000,2026,0.8650,693.7,03420004K42,7.247,7531,26.8,30.2,25.0,93.4,71.5,838.1,634.0,554.9,1074.3,784.3,666.1,702.9,633.6,0.8537,0.9470,629.4,525.4,497.1,41.5,177.2,803.0,540.5,519.9,491.2,467.2,436.3,420.7,414.5,426.1,455.7,1730.5,1308.0,1716.7,46.8,143.3,1868.3,1182.1,1096.7,1047.0,1010.5,983.2,1018.6,1151.1,1379.2,1592.6
GRE,02198,GR2100,GRE-2100,BLACK PEARL,ITALIA 12.98,ITALIA YACHTS,COSSUTTI,2022,IOP,,,,ORC,INTL,C,840,15 04 2026 23:28:12,13.173,12.382,2.524,3.94,10033.,130.9,0.10,550.9,0.9850,609.1,1.2178,492.7,889.6,721.1,630.2,583.1,558.5,541.1,515.1,0.0,0.0,0.0,0.0,0.0,0.0,0.0,683.4,564.4,506.3,477.0,459.5,446.0,424.7,0.0,0.0,0.0,0.0,0.0,0.0,0.0,885.9,677.5,568.8,508.6,476.9,450.9,407.3,43.1,41.1,39.8,39.1,38.6,38.3,38.2,142.3,145.8,147.3,152.6,155.2,158.4,149.2,926.4,763.8,688.7,656.0,638.3,627.6,617.3,607.5,514.7,473.2,455.7,447.3,441.9,436.2,576.1,494.4,458.0,441.6,434.2,429.0,423.1,555.0,481.0,447.4,429.9,418.9,411.9,402.4,545.0,468.3,436.4,420.9,411.5,400.5,383.8,544.4,460.5,426.3,409.5,393.4,378.3,356.9,552.7,462.6,425.5,401.9,384.2,372.2,343.9,620.0,493.2,441.6,413.7,389.8,367.5,323.6,738.5,587.6,495.0,444.1,418.6,397.6,357.5,852.8,678.5,571.6,510.2,478.7,454.6,412.9,0.9617,1.2254,1.3593,0.7450,0.9931,1.1200,0.0,0.0000,2026,1.1186,536.4,03420004LJ0,11.373,11271,39.5,62.9,51.3,0.0,203.1,623.9,489.6,441.4,805.4,604.2,535.7,536.3,493.2,1.1188,1.2166,488.9,407.7,387.8,39.1,144.7,624.6,435.7,421.8,398.0,373.5,343.5,317.3,293.6,305.9,353.2,1277.9,963.8,1273.7,46.0,139.0,1319.7,837.0,774.6,732.9,736.9,759.4,786.1,884.5,1070.4,1236.0
GRE,02163,GR2101,GRE-2101,PERSEAS,TORTUGA 27,AUTOMARINE,VITTO R,1980,IOAThA,,,,ORC,CLUB,C,400,25 03 2026 14:25:25,8.171,7.284,1.151,2.87,3194.,0.0,0.56,905.3,0.5960,1006.7,0.7591,790.4,1630.7,1274.7,1078.3,956.8,875.2,814.6,770.0,0.0,0.0,0.0,0.0,0.0,0.0,0.0,1241.6,980.0,837.8,752.7,698.1,659.9,626.8,0.0,0.0,0.0,0.0,0.0,0.0,0.0,1608.4,1185.7,955.8,813.4,726.2,662.3,585.1,48.7,48.1,47.8,47.0,46.3,45.8,46.0,150.1,153.7,155.9,161.1,163.9,167.8,177.4,1852.9,1472.1,1273.4,1152.8,1068.8,1004.1,978.3,1156.5,923.6,801.8,731.4,682.9,646.6,639.3,1059.7,856.1,748.8,684.9,642.0,609.9,590.3,1002.9,812.3,709.8,646.1,606.0,582.3,555.6,951.9,760.6,659.7,601.8,572.7,558.6,540.5,931.4,746.5,646.9,590.3,558.2,534.1,499.5,967.9,765.0,659.1,597.1,561.9,535.3,491.7,1074.6,832.5,698.8,623.9,579.0,550.0,501.9,1219.7,936.8,769.9,672.9,610.3,574.4,524.8,1408.4,1077.3,883.2,760.7,681.7,625.1,561.8,0.5402,0.7630,0.9132,0.4130,0.5980,0.7380,0.0,0.0000,2026,0.6907,868.7,03420004IVH,5.320,3746,19.8,13.9,18.6,39.7,0.0,1110.7,786.4,657.0,1452.8,1003.3,813.0,892.1,775.6,0.6726,0.7736,784.5,627.2,574.0,49.0,177.2,1049.6,665.3,598.0,551.1,519.0,482.4,461.9,462.5,483.6,519.4,2472.2,1862.1,2438.2,50.2,148.4,2812.7,1741.6,1569.9,1468.7,1402.7,1365.2,1421.4,1605.6,1846.1,2131.7
GRE,02252,GR2106,GRE-2106,ORION,BAVARIA 36 HOLIDAY,BAVARIA,J & J,1998,NAOL,,,,ORC,CLUB,C,350,26 03 2026 21:24:01,10.673,9.253,1.776,3.70,5355.,0.0,0.40,712.0,0.7580,791.6,0.9563,627.4,1233.8,973.1,835.2,751.2,701.7,673.6,649.5,0.0,0.0,0.0,0.0,0.0,0.0,0.0,937.1,751.1,654.6,599.5,567.4,547.9,528.1,0.0,0.0,0.0,0.0,0.0,0.0,0.0,1226.1,909.7,744.8,644.1,589.7,552.4,498.7,46.0,44.0,42.7,41.9,41.2,41.2,41.9,144.3,146.7,147.9,149.8,154.6,159.9,176.2,1311.6,1052.6,920.0,839.4,796.7,781.4,788.8,837.0,686.4,608.9,564.2,541.1,530.6,529.5,781.1,649.1,580.4,542.9,522.5,512.0,507.8,747.2,623.2,559.2,526.0,506.5,493.6,480.4,728.5,596.3,532.2,501.3,483.2,471.7,458.7,718.2,586.3,524.9,494.4,472.0,451.9,418.4,747.2,605.6,535.4,500.8,476.9,455.2,415.0,845.1,668.4,573.5,522.9,494.3,471.8,429.4,1001.2,773.9,649.8,574.1,529.1,502.3,463.5,1156.1,893.6,750.4,663.0,606.8,565.9,510.2,0.7108,0.9639,1.1002,0.5437,0.7640,0.8934,0.0,0.0000,2026,0.8726,687.6,03420004J4U,7.791,5898,26.0,26.4,29.5,0.0,57.6,844.1,622.5,545.4,1103.5,785.3,671.6,687.3,634.5,0.8730,0.9457,651.1,522.5,486.3,44.1,176.3,828.3,540.4,511.6,478.3,451.0,400.6,381.2,388.4,427.1,473.9,1838.8,1376.0,1828.3,47.8,141.3,1943.6,1219.9,1117.3,1055.6,1042.5,1028.7,1076.6,1249.3,1501.7,1734.0
GRE,02169,GR2108,GRE-2108,AELLA,SUN ODYSSEY 410,JEANNEAU,MARC LOMBARD,2018,NIOLATh,,,,ORC,CLUB,C,500,22 04 2026 11:48:01,11.985,10.897,2.135,3.99,7784.,0.0,0.33,657.6,0.8218,730.1,1.0412,576.3,1168.2,914.8,776.6,690.8,638.2,609.6,581.6,0.0,0.0,0.0,0.0,0.0,0.0,0.0,885.9,703.8,606.5,548.7,513.9,493.4,470.4,0.0,0.0,0.0,0.0,0.0,0.0,0.0,1159.0,854.0,691.3,590.4,534.3,497.6,444.5,46.1,44.4,43.0,41.7,40.9,40.5,40.9,143.9,146.6,148.0,149.2,151.8,157.0,162.3,1260.5,999.6,860.0,771.6,721.3,701.9,697.6,803.7,649.0,568.0,518.7,489.6,476.9,471.3,748.9,612.2,540.8,498.3,472.7,459.8,452.7,714.5,587.4,520.6,482.7,459.5,443.8,426.9,681.9,554.0,488.8,455.5,438.3,429.5,413.3,669.6,542.2,479.3,446.7,423.1,403.0,376.2,694.1,558.9,488.7,452.8,427.6,405.4,364.3,784.6,617.8,527.7,475.2,445.1,421.5,378.9,931.8,718.8,600.4,528.3,481.7,453.4,412.8,1075.9,830.0,693.3,610.0,555.1,517.3,465.6,0.7549,1.0485,1.2247,0.5761,0.8277,0.9897,0.0,0.0000,2026,0.9477,633.1,03420004MDI,9.194,8538,35.3,41.7,34.0,0.0,89.9,794.8,572.2,489.9,1041.5,724.9,606.2,634.3,583.5,0.9459,1.0283,572.0,458.1,428.0,42.3,161.0,715.8,474.9,453.8,422.8,396.8,359.5,332.6,334.9,376.7,428.2,1746.6,1306.5,1733.2,47.7,140.8,1880.8,1181.3,1082.5,1020.0,979.1,963.6,1003.0,1159.9,1396.5,1612.5
GRE,02170,GR2109,GRE-2109,ASTEROSKONI,Oceanis 34.1,Beneteau,Marc Lombard,2021,NOK,,,,ORC,CLUB,C,643,12 03 2026 14:09:41,9.960,9.632,2.023,3.57,6218.,0.0,0.36,660.0,0.8214,730.5,1.0216,587.3,1091.0,875.9,762.1,700.9,661.7,631.2,602.8,0.0,0.0,0.0,0.0,0.0,0.0,0.0,834.2,683.8,606.6,566.0,542.3,524.7,503.8,0.0,0.0,0.0,0.0,0.0,0.0,0.0,1093.9,824.3,685.8,606.0,563.6,530.5,480.8,43.6,42.0,40.4,39.7,39.0,38.7,38.9,145.1,146.4,146.7,146.9,180.0,180.0,180.0,1062.5,879.2,783.9,741.0,722.8,714.9,715.0,691.2,588.7,539.5,517.3,508.5,504.6,501.3,654.7,565.8,524.7,504.4,494.4,490.0,485.4,631.5,550.0,513.0,492.7,479.2,470.7,462.8,643.8,552.7,511.5,489.2,473.3,460.1,441.9,701.2,577.5,517.4,487.5,466.5,447.9,416.7,730.6,597.6,528.5,494.2,471.5,451.5,415.3,822.0,656.3,565.6,515.9,487.9,466.9,429.2,969.5,755.6,641.2,572.4,530.6,503.0,467.2,1119.5,872.5,740.4,660.9,600.7,547.5,490.6,0.7905,1.0284,1.1511,0.6101,0.8263,0.9551,0.0,0.0000,2026,0.9350,641.7,03420004HIS,8.877,7078,28.4,35.4,23.7,0.0,0.0,759.0,583.4,521.2,983.4,726.1,628.2,626.1,608.1,0.9582,0.9867,591.6,491.4,465.7,40.0,180.0,726.6,501.6,483.8,456.9,433.6,395.3,384.5,395.2,435.9,456.7,1588.1,1185.1,1597.0,46.4,141.4,1499.9,945.9,872.0,827.2,851.6,990.3,1040.6,1208.4,1451.8,1676.4
GRE,02193,GR2111,GRE-2111,ARIADNE,ELAN IMPRESSION i45.1,Elan Yachts,Rob Humphreys,2019,NAOB,,,,ORC,CLUB,C,750,14 05 2026 11:07:00,13.000,11.456,2.025,4.18,10502.,0.0,0.44,647.5,0.8333,720.0,1.0535,569.5,1134.5,891.3,760.7,682.0,636.1,609.7,585.4,0.0,0.0,0.0,0.0,0.0,0.0,0.0,859.7,686.2,594.8,542.9,513.3,495.6,477.0,0.0,0.0,0.0,0.0,0.0,0.0,0.0,1124.9,832.2,677.5,583.8,533.6,499.7,451.8,47.1,45.0,43.3,42.4,41.9,41.8,42.1,143.2,146.6,147.6,149.2,152.1,157.2,163.5,1230.4,977.2,846.2,768.9,725.8,707.3,704.6,777.4,631.4,556.6,512.2,488.9,477.6,473.3,720.6,594.8,528.7,491.5,471.6,460.9,454.8,686.0,569.8,508.2,475.4,456.9,445.4,432.9,671.3,548.3,485.7,456.4,442.2,434.8,421.5,651.6,529.6,471.4,443.9,425.8,410.7,389.9,671.6,543.4,479.0,447.9,427.9,410.5,379.8,756.5,599.0,513.1,467.3,441.9,422.9,388.0,899.4,697.4,584.8,515.4,474.3,450.2,417.8,1038.5,805.3,675.2,595.1,546.3,512.0,466.2,0.7762,1.0624,1.2169,0.5924,0.8401,0.9882,0.0,0.0000,2026,0.9602,624.9,03420004PTW,9.500,11596,37.0,38.2,48.0,0.0,121.0,773.0,564.8,493.1,1012.8,714.2,607.2,626.8,573.7,0.9572,1.0459,582.1,470.1,440.5,43.7,176.5,728.9,479.0,456.0,429.4,409.2,377.4,357.9,356.1,388.3,435.3,1689.4,1263.4,1675.5,48.9,140.3,1828.0,1139.8,1036.1,969.1,967.3,937.2,968.5,1114.1,1343.0,1550.7
GRE,02269,GR2112,GRE-2112,KUROSHIO,GIBSEA 33,DUFOUR,J&J/PONCIN,2000,NONKE,,,,ORC,CLUB,C,500,14 04 2026 20:16:19,9.850,9.187,1.576,3.41,5171.,0.0,0.41,706.6,0.7650,784.3,0.9615,624.0,1210.4,962.2,830.9,749.5,694.9,660.4,631.3,0.0,0.0,0.0,0.0,0.0,0.0,0.0,920.0,742.9,652.1,599.6,565.4,543.4,519.9,0.0,0.0,0.0,0.0,0.0,0.0,0.0,1198.2,898.1,741.2,644.0,587.5,548.4,495.6,45.8,44.3,42.9,42.0,41.0,40.1,40.1,144.3,147.6,148.6,150.9,156.3,161.3,166.8,1332.8,1071.2,937.6,852.9,793.8,761.6,749.6,851.7,696.9,618.6,571.6,543.7,528.3,518.2,795.9,659.1,588.9,550.0,527.4,513.4,501.3,761.7,633.6,561.8,529.6,512.9,498.9,480.1,702.6,582.2,527.1,501.0,485.5,476.7,464.5,690.9,570.9,519.0,492.5,471.9,453.6,426.0,713.2,587.0,527.4,497.8,475.6,455.2,419.1,797.0,642.2,558.6,516.8,491.7,470.5,430.6,942.2,738.9,627.2,559.8,522.4,499.5,463.4,1088.0,853.2,724.2,646.0,595.9,559.2,513.0,0.7216,0.9670,1.1110,0.5523,0.7685,0.9117,0.0,0.0000,2026,0.8777,683.6,03420004LA0,7.658,5869,24.0,26.1,19.0,0.0,64.8,831.5,620.5,540.1,1086.4,780.7,658.1,687.8,624.8,0.8723,0.9603,623.1,508.5,480.5,41.5,179.9,766.1,519.7,500.2,472.0,450.7,411.7,390.9,394.0,429.6,480.0,1793.4,1340.0,1775.3,47.8,140.3,1974.4,1239.2,1134.3,1067.5,989.2,970.5,1006.0,1157.5,1396.4,1612.4
GRE,00764,GR2115,GRE-2115,SELINI,HALLBERG-RASSY 382,HALLBERG-RASSY,ENDERLEIN,1984,NO KALAMAKIOU,,,,ORC,CLUB,C,540,09 03 2026 17:03:58,11.670,9.518,1.787,3.53,8999.,0.0,0.68,701.5,0.7688,780.5,0.9656,621.4,1180.8,941.1,816.0,744.0,703.7,677.5,648.6,0.0,0.0,0.0,0.0,0.0,0.0,0.0,903.5,732.9,643.8,595.2,568.9,551.9,532.1,0.0,0.0,0.0,0.0,0.0,0.0,0.0,1174.0,882.2,730.2,639.2,591.4,556.4,502.9,45.4,43.4,41.9,41.8,41.9,42.1,42.7,144.9,147.3,148.1,149.8,154.8,159.5,176.6,1249.0,1012.2,893.8,832.8,806.8,794.1,791.7,800.4,666.9,597.3,559.8,541.3,533.3,528.5,750.8,634.5,571.6,538.7,521.3,513.1,507.5,721.0,611.5,551.7,520.5,503.6,493.3,483.7,723.6,598.5,535.3,505.7,492.6,484.5,466.6,707.6,583.5,522.5,493.0,474.2,458.9,438.7,732.0,600.2,531.5,497.4,476.0,457.7,426.8,817.9,656.5,566.6,517.4,490.0,469.8,433.5,963.6,753.4,639.3,567.4,523.8,497.9,462.8,1112.6,869.9,738.2,655.2,600.7,560.8,505.6,0.7333,0.9735,1.0935,0.5655,0.7749,0.8912,0.0,0.0000,2026,0.8833,679.3,03420004H8F,7.975,9788,35.2,37.4,42.2,0.0,90.6,818.2,616.3,548.7,1061.0,774.3,673.2,679.7,626.9,0.8828,0.9571,639.7,523.2,491.6,43.9,177.1,807.0,531.4,507.6,479.8,456.1,426.4,409.5,404.8,431.5,472.3,1738.7,1305.8,1730.4,47.8,141.5,1822.0,1141.5,1044.1,987.2,1016.1,998.3,1038.2,1194.0,1433.6,1655.4
GRE,02195,GR2117,GRE-2117,ROZA,OCEANIS 40.1,BENETEAU,MARC LOMBARD,2020,NOTK,,,,ORC,CLUB,C,851,14 04 2026 20:31:23,11.980,11.581,1.667,4.20,8737.,0.0,0.38,656.1,0.8174,734.0,1.0389,577.5,1147.7,906.9,777.0,697.8,648.3,619.3,592.8,0.0,0.0,0.0,0.0,0.0,0.0,0.0,866.6,695.1,604.6,552.2,520.3,500.5,479.2,0.0,0.0,0.0,0.0,0.0,0.0,0.0,1135.3,844.7,690.1,594.9,540.9,504.1,451.9,47.9,46.3,44.7,43.5,42.6,42.5,43.0,143.3,147.1,148.6,149.7,153.0,158.3,164.2,1271.5,1014.8,879.5,798.2,748.4,726.0,720.0,798.7,646.5,570.4,525.2,499.1,485.7,478.8,736.5,605.4,539.6,501.1,479.0,466.5,457.9,700.1,581.1,517.3,482.5,462.3,448.9,432.9,658.3,541.8,483.8,455.8,441.1,432.9,419.9,645.4,528.7,472.5,444.4,424.1,406.8,382.3,665.1,543.8,481.4,449.6,427.5,407.8,372.9,746.2,597.3,515.8,470.5,444.2,423.1,384.4,886.8,692.0,584.1,517.3,476.7,452.0,416.2,1024.0,799.0,674.5,597.4,548.3,512.7,465.5,0.7684,1.0460,1.2061,0.5840,0.8228,0.9730,0.0,0.0000,2026,0.9455,634.6,03420004LA8,9.291,9912,36.4,41.1,30.5,0.0,100.2,780.8,573.6,497.5,1027.4,729.2,616.6,640.0,577.2,0.9375,1.0394,586.5,468.9,436.9,44.5,163.0,740.4,483.5,458.3,427.7,403.8,367.6,343.7,343.9,383.5,432.6,1707.1,1268.8,1688.6,49.7,139.7,1891.3,1173.3,1057.7,984.8,934.9,914.2,945.6,1090.9,1318.8,1522.8
GRE,02266,GR2119,GRE-2119,KALLIKRATIS,OCEAN STAR 56.1,OCEAN YACHTS,OCEAN YACHTS,2003,NOTK,,,,ORC,CLUB,C,900,23 03 2026 13:14:42,15.990,14.960,2.147,5.10,22506.,0.0,0.51,640.4,0.8509,705.1,1.0765,557.4,1174.3,903.6,756.6,667.8,608.1,566.0,522.6,0.0,0.0,0.0,0.0,0.0,0.0,0.0,892.0,696.3,592.2,529.3,489.2,463.1,435.7,0.0,0.0,0.0,0.0,0.0,0.0,0.0,1165.3,844.3,674.2,569.7,508.9,467.2,416.4,47.8,46.0,44.5,42.7,42.3,41.9,41.3,145.7,148.5,150.9,154.1,156.8,161.4,170.9,1264.8,984.6,836.3,748.8,692.2,654.1,623.5,794.2,628.8,545.5,495.6,462.0,441.7,424.8,731.3,588.6,517.5,472.4,443.8,426.5,410.5,696.9,565.4,498.2,455.3,429.7,414.0,396.4,711.4,564.4,488.1,442.6,418.6,406.6,392.1,685.2,545.6,472.0,429.5,406.4,391.5,370.4,712.3,562.1,483.0,435.4,408.9,392.1,367.5,797.7,618.6,522.2,461.8,424.9,403.1,374.0,938.6,712.4,586.5,510.7,458.9,425.6,389.8,1083.8,822.7,676.9,586.8,524.0,478.0,421.7,0.7555,1.0828,1.3062,0.5775,0.8545,1.0709,0.0,0.0000,2026,0.9793,612.7,03420004IN3,11.457,24002,62.4,46.3,75.4,162.1,0.0,794.2,554.1,459.3,1039.0,702.2,560.3,613.8,567.3,0.9776,1.0575,506.3,422.7,401.7,41.5,177.2,622.0,422.5,407.1,387.6,378.2,358.8,346.4,348.6,364.3,390.7,1777.2,1338.8,1763.4,49.1,144.7,1914.8,1192.8,1083.8,1021.7,1053.4,1011.6,1057.1,1199.2,1419.9,1639.6
GRE,02203,GR2122,GRE-2122,MELENI II,BAVARIA 37 CRUISER,BAVARIA,J & J,2005,IO PATRON,,,,ORC,CLUB,C,600,02 04 2026 09:10:15,11.200,10.110,1.942,3.80,6896.,0.0,0.41,680.9,0.7968,753.0,1.0003,599.8,1175.0,931.1,800.9,719.1,664.2,627.7,593.5,0.0,0.0,0.0,0.0,0.0,0.0,0.0,895.7,721.0,629.1,575.3,540.8,517.4,491.9,0.0,0.0,0.0,0.0,0.0,0.0,0.0,1167.0,871.0,715.0,617.7,561.8,522.6,471.7,45.4,43.7,42.4,41.4,40.2,38.9,38.4,144.2,147.1,148.3,149.6,153.7,158.9,176.8,1255.3,1009.6,881.2,799.2,741.4,706.4,687.7,805.7,661.0,585.9,541.0,514.5,498.7,487.0,755.4,626.8,559.9,522.5,500.7,486.6,473.3,725.1,605.7,542.1,508.5,488.9,475.1,455.9,700.5,574.7,512.3,482.5,464.8,452.6,439.8,688.9,564.9,505.7,476.8,456.5,438.4,407.9,712.5,582.6,516.0,483.0,461.2,441.8,406.6,800.2,639.7,552.0,504.4,477.4,457.0,420.1,948.0,738.3,624.0,553.4,511.0,485.7,451.0,1094.7,852.5,720.5,639.0,587.0,548.9,499.4,0.7423,1.0054,1.1680,0.5698,0.7997,0.9616,0.0,0.0000,2026,0.9129,657.3,03420004K4J,8.546,7744,30.3,28.0,31.4,0.0,75.6,808.3,596.8,513.7,1053.0,750.3,624.0,655.1,609.2,0.9159,0.9850,581.2,479.2,456.3,39.2,177.5,697.1,487.4,471.9,447.2,430.7,389.3,375.7,385.3,420.0,465.3,1744.7,1307.7,1733.7,47.5,140.4,1855.4,1167.8,1072.5,1012.6,995.9,977.7,1015.5,1173.7,1415.1,1634.1
GRE,02213,GR2123,GRE-2123,DAMASKINI,SUN ODYSSEY 26,JEANNEAU,BRIAND,2003,NAOEFK,,,,ORC,CLUB,C,250,07 05 2026 09:04:01,7.484,6.938,1.304,2.98,2698.,0.0,0.48,782.6,0.6992,858.1,0.8639,694.5,1301.9,1043.6,904.4,816.3,764.5,739.2,722.1,0.0,0.0,0.0,0.0,0.0,0.0,0.0,999.0,815.9,721.1,666.7,635.3,617.5,598.4,0.0,0.0,0.0,0.0,0.0,0.0,0.0,1294.9,978.4,813.1,713.5,659.6,622.8,566.0,45.6,43.6,42.8,42.3,41.7,41.6,42.8,149.8,154.6,159.9,164.6,172.3,178.6,179.0,1372.5,1132.2,1009.5,934.5,896.0,885.7,899.0,881.1,742.1,668.9,629.2,609.2,600.4,598.8,827.7,703.8,640.6,608.0,589.9,580.0,574.9,795.8,676.1,618.8,590.2,572.1,558.8,543.3,786.9,656.3,598.2,570.2,551.7,539.0,523.0,790.1,657.5,597.0,566.4,543.1,522.5,488.2,823.9,678.6,607.7,574.1,549.9,527.2,486.4,925.6,743.7,644.1,594.0,565.2,541.3,496.6,1066.4,831.3,702.9,627.0,586.7,560.8,516.3,1231.4,955.0,799.2,698.1,633.0,592.7,545.2,0.6612,0.8703,0.9759,0.5116,0.7045,0.8118,0.0,0.0000,2026,0.7926,757.0,03420004OU3,6.023,3068,15.2,20.1,12.7,26.7,0.0,907.4,689.4,614.8,1172.8,851.7,739.1,759.7,696.1,0.7898,0.8619,727.7,594.2,552.9,45.5,179.0,950.6,611.0,578.8,539.1,506.8,470.8,454.6,458.6,476.4,504.7,1907.8,1432.0,1901.2,48.0,145.7,1973.8,1238.1,1138.4,1075.6,1090.2,1097.0,1158.7,1346.8,1595.0,1841.8
GRE,02200,GR2124,GRE-2124,NIRIIDA,VOYAGE 11.20,JEANNEAU,DUMAS,1988,NOTK,,,,ORC,CLUB,C,170,10 03 2026 18:16:09,10.700,8.264,1.612,3.64,4995.,0.0,0.43,693.0,0.7699,779.3,0.9676,620.1,1117.6,908.5,800.7,745.2,718.3,703.8,696.9,0.0,0.0,0.0,0.0,0.0,0.0,0.0,859.6,710.2,635.0,597.5,577.3,565.6,556.4,0.0,0.0,0.0,0.0,0.0,0.0,0.0,1110.1,852.0,718.1,641.6,600.5,568.3,517.0,44.9,42.9,42.4,42.3,42.5,43.0,44.9,145.0,147.9,148.7,150.6,155.4,160.1,160.1,1192.7,989.0,895.0,856.8,849.5,855.0,890.4,770.9,653.4,596.4,570.4,562.5,561.8,571.6,726.6,622.3,570.7,545.6,536.6,534.1,535.3,696.1,599.5,549.9,525.0,511.5,504.5,498.7,699.3,588.8,536.8,517.8,500.4,486.9,469.3,674.6,566.3,516.4,489.4,469.1,457.1,440.5,691.9,576.9,520.9,490.1,464.4,444.4,421.8,768.4,624.5,547.2,507.1,478.2,452.5,413.7,902.9,717.1,611.8,549.1,513.5,488.3,445.3,1042.6,828.0,706.5,633.7,587.1,552.5,503.4,0.7644,0.9766,1.0617,0.5923,0.7786,0.8513,0.0,0.0000,2026,0.8878,675.9,03420004HBW,7.170,5329,24.6,26.8,37.2,0.0,89.2,784.9,614.4,565.1,1013.0,770.6,704.8,684.1,614.4,0.8771,0.9765,723.5,567.3,517.3,48.9,161.9,982.4,613.0,549.8,498.6,461.1,428.8,407.3,377.3,411.4,464.7,1606.5,1208.8,1597.6,47.5,140.8,1695.5,1064.6,976.7,917.2,937.4,934.5,960.9,1092.7,1314.2,1517.5
GRE,02230,GR2126,GRE-2126,LEWA,RIVAL 34,SOUTHERN SHIPBUILDING,Peter Brett,1972,NAO PERAMATOS,,,,ORC,CLUB,C,320,01 04 2026 20:23:23,10.370,7.901,1.874,3.10,5397.,0.0,0.72,760.0,0.7239,828.9,0.8933,671.7,1274.9,1014.7,875.5,788.4,736.9,707.2,678.7,0.0,0.0,0.0,0.0,0.0,0.0,0.0,986.4,798.8,699.7,642.8,610.7,591.1,568.7,0.0,0.0,0.0,0.0,0.0,0.0,0.0,1268.4,953.7,788.2,687.6,634.2,596.9,541.5,44.6,42.3,41.2,40.6,40.3,40.1,40.2,148.0,151.4,153.8,159.5,164.6,170.2,178.1,1339.9,1091.5,966.2,892.5,853.5,837.1,831.4,869.0,727.0,651.6,609.8,587.3,577.5,572.2,821.5,694.1,626.0,589.1,568.8,558.7,552.1,794.2,671.5,606.4,571.2,551.2,538.8,525.3,811.0,667.6,595.6,561.6,546.2,530.6,507.8,788.3,649.3,579.2,544.3,522.9,505.6,483.9,816.0,664.8,586.6,546.7,522.8,502.2,468.6,909.0,721.8,618.6,564.9,534.8,512.0,470.2,1047.8,813.2,682.4,604.1,559.8,533.1,490.4,1209.9,937.8,784.8,684.3,620.3,577.2,526.0,0.6722,0.8999,1.0211,0.5241,0.7287,0.8524,0.0,0.0000,2026,0.8203,731.4,03420004K3B,6.749,5886,23.0,18.8,31.4,64.5,0.0,892.6,666.7,587.6,1144.8,823.4,703.9,735.0,676.4,0.8163,0.8871,667.7,558.2,528.4,41.5,176.8,848.0,573.9,550.6,518.9,490.4,472.9,454.1,442.6,455.7,487.4,1882.1,1428.9,1874.9,46.8,145.3,1954.5,1237.0,1147.1,1094.8,1132.0,1119.0,1167.3,1334.5,1567.2,1809.7
GRE,02264,GR2129,GRE-2129,MARGARITA S,OCEANIS 423,BENETEAU,FINOT,2003,NOEF,,,,ORC,CLUB,C,400,14 04 2026 20:26:30,12.670,11.503,1.662,3.90,8845.,0.0,0.42,687.6,0.7931,756.5,0.9969,601.8,1219.5,950.9,806.3,717.0,659.0,624.8,596.3,0.0,0.0,0.0,0.0,0.0,0.0,0.0,931.8,737.8,634.0,572.3,535.2,513.4,491.9,0.0,0.0,0.0,0.0,0.0,0.0,0.0,1210.0,889.8,720.0,615.2,556.5,517.6,465.1,47.1,45.2,43.7,42.7,42.1,42.1,42.4,146.9,149.4,152.1,155.0,159.4,164.4,175.4,1314.6,1041.3,899.5,814.1,762.9,739.3,735.8,831.2,671.5,589.7,539.7,510.9,496.6,491.6,770.8,632.2,559.5,515.6,490.8,477.3,470.0,734.9,606.5,537.1,496.9,474.0,460.0,445.1,752.8,605.6,527.6,486.7,467.9,455.7,433.5,723.5,582.9,508.2,469.5,447.5,431.1,410.7,749.9,598.7,516.9,472.9,448.0,428.9,397.9,833.9,653.7,553.8,494.4,461.3,439.4,402.2,973.7,745.2,618.8,540.4,490.5,460.9,421.7,1124.4,860.5,713.2,619.8,555.2,510.2,456.8,0.7187,1.0044,1.1747,0.5529,0.7981,0.9636,0.0,0.0000,2026,0.9098,659.5,03420004LA5,9.116,9545,36.4,25.5,43.5,92.0,0.0,834.8,597.4,510.8,1085.2,751.8,622.7,664.2,606.8,0.9034,0.9888,597.3,487.5,455.4,44.2,175.9,772.6,504.3,475.5,443.8,419.5,398.0,377.6,367.9,387.7,421.9,1836.0,1385.5,1822.3,48.7,144.8,1972.9,1231.0,1121.0,1056.3,1095.5,1054.2,1100.6,1244.6,1471.5,1699.2
GRE,02207,GR2132,GRE-2132,NIONIOS,SUN ODYSSEY 35,JEANNEAU,Marc Lombard,2003,NOKI,,,,ORC,CLUB,C,320,29 04 2026 09:30:36,10.104,9.601,1.658,3.47,5200.,0.0,0.41,726.2,0.7401,810.7,0.9390,639.0,1266.1,996.8,853.7,767.5,718.7,693.1,674.0,0.0,0.0,0.0,0.0,0.0,0.0,0.0,962.8,769.4,667.1,608.5,575.8,557.4,540.3,0.0,0.0,0.0,0.0,0.0,0.0,0.0,1256.8,931.6,760.2,655.2,599.1,561.4,505.5,46.5,44.6,43.2,42.4,42.1,42.3,43.4,144.7,146.2,147.2,148.3,151.6,156.8,175.5,1359.0,1086.9,946.4,864.5,824.9,815.3,833.3,863.2,704.7,623.5,574.8,551.3,544.1,547.9,803.3,665.2,592.3,549.9,528.3,519.2,518.3,766.7,637.6,567.8,529.5,508.0,495.2,485.3,758.6,616.9,543.3,508.1,491.3,482.3,462.8,736.6,598.6,528.5,494.0,469.7,449.3,424.0,764.9,616.7,538.7,499.3,472.8,449.5,410.8,860.8,678.5,578.9,522.4,490.6,465.3,421.6,1016.1,785.2,658.9,580.7,531.1,501.1,458.4,1173.2,906.6,760.9,670.5,612.4,570.9,514.6,0.6928,0.9475,1.0799,0.5303,0.7471,0.8667,0.0,0.0000,2026,0.8561,700.8,03420004NJD,7.785,5726,25.7,20.9,33.6,0.0,65.5,866.1,633.2,555.6,1131.4,803.1,692.3,704.3,643.3,0.8519,0.9327,680.7,538.9,496.3,45.9,175.9,887.3,567.8,527.1,484.3,451.3,409.4,383.9,380.1,421.7,474.1,1893.3,1419.5,1880.3,48.4,142.3,2023.2,1264.5,1154.1,1088.3,1093.2,1059.9,1107.8,1276.3,1527.2,1763.5
GRE,02201,GR2133,GRE-2133,NORTHWIND 44,SUN ODYSSEY 440,JEANNEAU,BRIAND,2019,IOBA,,,,ORC,CLUB,C,856,27 03 2026 14:31:07,12.628,11.889,2.167,4.29,8554.,0.0,0.37,646.9,0.8366,717.2,1.0619,565.0,1166.0,907.8,766.4,678.9,622.6,588.3,555.8,0.0,0.0,0.0,0.0,0.0,0.0,0.0,885.5,697.9,597.1,537.6,500.4,476.8,450.2,0.0,0.0,0.0,0.0,0.0,0.0,0.0,1156.3,847.2,681.4,578.9,520.4,480.7,427.8,46.1,44.9,43.4,42.0,40.9,40.1,39.8,143.5,146.2,147.7,148.5,150.5,154.3,160.6,1263.0,993.4,848.4,758.1,699.3,667.1,652.1,804.9,641.9,557.6,507.2,476.5,459.6,449.2,750.1,604.7,530.1,486.5,460.8,445.4,433.5,717.9,582.9,511.8,471.5,448.1,432.3,411.3,687.1,550.4,479.9,444.3,424.6,413.2,398.5,669.6,536.4,468.6,434.4,410.6,390.2,358.3,691.6,552.7,479.7,441.2,415.6,393.3,352.3,779.5,610.7,518.8,465.6,434.8,411.2,368.5,925.8,712.0,592.7,519.4,472.9,444.1,404.6,1069.0,822.2,684.4,599.7,545.9,509.5,459.4,0.7579,1.0686,1.2693,0.5786,0.8414,1.0262,0.0,0.0000,2026,0.9655,621.4,03420004J74,9.825,9763,38.7,36.3,44.7,0.0,106.8,791.7,561.5,472.7,1037.0,713.1,584.7,622.1,573.8,0.9645,1.0456,542.7,435.3,408.8,40.8,158.5,662.5,450.3,432.4,404.1,383.2,340.3,314.3,323.6,369.4,422.9,1751.8,1314.7,1737.2,47.6,141.0,1897.4,1193.7,1096.4,1037.0,999.6,970.8,1006.6,1157.3,1391.0,1606.2
GRE,02202,GR2134,GRE-2134,NORTHWIND 49,SUN ODYSSEY 490,JEANNEAU,BRIAND/PIATON/BONE,2018,IOBA,,,,ORC,CLUB,C,1022,27 03 2026 14:40:03,14.100,13.401,2.228,4.49,11279.,0.0,0.40,635.2,0.8497,706.1,1.0866,552.2,1174.2,907.0,760.0,668.2,607.5,566.5,522.4,0.0,0.0,0.0,0.0,0.0,0.0,0.0,888.8,693.8,588.0,524.3,483.8,455.9,421.9,0.0,0.0,0.0,0.0,0.0,0.0,0.0,1163.2,845.1,673.3,566.1,503.8,459.3,401.0,46.6,45.6,44.3,43.1,41.9,41.0,40.6,143.3,145.8,147.3,148.3,149.5,152.2,159.4,1284.6,1000.3,846.8,750.5,686.0,641.4,603.2,814.4,641.3,550.5,495.5,460.3,438.0,416.6,755.7,601.0,520.7,472.3,442.8,424.3,402.9,721.4,578.0,501.7,456.4,429.8,412.7,386.9,682.1,540.7,465.3,425.0,401.9,384.5,364.4,663.3,526.1,453.8,416.4,392.4,371.4,333.9,685.4,542.5,465.6,423.9,398.3,376.2,336.3,774.4,602.1,507.3,450.5,417.6,394.7,353.9,921.3,704.8,583.0,507.4,458.1,426.9,388.0,1063.8,813.9,673.2,585.9,529.0,491.6,441.7,0.7583,1.0918,1.3329,0.5766,0.8529,1.0710,0.0,0.0000,2026,0.9850,609.1,03420004J76,10.659,12740,46.5,42.4,48.5,0.0,119.3,791.2,549.6,450.1,1040.6,703.5,560.2,611.0,560.9,0.9821,1.0697,503.9,402.5,379.4,41.1,158.3,601.6,412.2,395.1,369.1,352.7,305.4,295.4,313.5,354.8,406.1,1775.7,1331.1,1758.6,47.8,141.2,1946.5,1222.4,1120.6,1059.4,1002.2,971.3,1007.2,1157.3,1389.9,1604.9
GRE,02212,GR2136,GRE-2136,MORAVA,SUN ODYSSEY 45,JEANNEAU,BRIAND,2008,NOThAK,,,,ORC,CLUB,C,800,11 06 2026 15:01:36,13.410,11.687,2.009,4.36,9900.,0.0,0.33,630.1,0.8571,700.0,1.0840,553.5,1111.1,871.4,740.6,661.9,616.3,591.0,565.2,0.0,0.0,0.0,0.0,0.0,0.0,0.0,841.1,669.5,579.0,527.5,497.7,479.7,458.7,0.0,0.0,0.0,0.0,0.0,0.0,0.0,1102.8,813.6,659.7,567.0,517.4,483.9,434.6,46.8,45.3,43.6,42.3,41.3,41.0,41.2,142.6,146.0,147.7,149.2,152.0,156.9,162.9,1194.0,947.6,816.9,738.8,696.0,679.2,674.3,754.1,610.0,536.3,494.9,472.3,461.7,456.6,697.6,573.6,510.3,475.9,456.7,446.3,440.0,663.4,549.8,492.1,461.7,443.6,431.2,417.2,658.7,535.1,474.1,444.5,429.1,420.6,403.8,641.2,519.0,461.7,433.3,412.8,395.4,370.8,661.0,532.5,469.6,438.2,416.3,396.3,361.0,746.6,588.4,503.6,458.8,432.7,411.8,372.5,890.5,688.6,575.3,506.6,465.8,441.2,405.8,1028.3,795.1,664.3,584.9,536.6,502.7,456.1,0.7944,1.0928,1.2596,0.6053,0.8643,1.0210,0.0,0.0000,2026,0.9871,607.9,03420004SVC,9.929,11057,39.1,45.2,50.4,0.0,128.6,755.3,549.0,476.3,991.2,694.2,587.7,607.4,560.8,0.9878,1.0699,557.1,447.7,419.7,42.5,161.2,691.0,458.7,439.3,412.3,389.3,355.5,333.4,334.2,372.6,423.2,1653.9,1236.9,1642.1,48.7,139.8,1771.9,1104.3,1002.1,937.4,952.2,925.5,956.8,1101.7,1330.1,1535.8
GRE,02223,GR2141,GRE-2141,STAVROULI,DUFOUR 29,DUFOUR,MICHEL DUFOUR,1975,IOAThA,,,,ORC,CLUB,C,480,07 05 2026 09:05:22,8.950,7.733,1.572,2.89,3300.,0.0,0.40,765.2,0.7188,834.8,0.8893,674.7,1300.8,1030.3,883.2,792.0,738.0,708.3,680.7,0.0,0.0,0.0,0.0,0.0,0.0,0.0,1003.3,808.2,703.6,644.6,610.8,590.8,567.5,0.0,0.0,0.0,0.0,0.0,0.0,0.0,1295.8,968.0,794.1,689.6,634.5,597.0,540.0,45.1,43.3,41.9,40.8,40.4,40.1,40.6,148.7,151.8,155.2,159.5,164.4,170.7,177.7,1350.3,1095.4,961.5,884.0,845.1,831.1,831.1,870.2,719.8,644.9,604.7,583.9,576.0,572.2,820.4,684.5,619.3,585.7,567.0,557.9,552.4,792.9,664.9,600.3,568.8,549.9,537.0,524.6,810.9,673.2,596.0,559.9,541.1,527.6,503.4,812.3,662.0,584.7,547.4,522.1,501.6,473.8,841.2,680.7,594.9,553.6,526.4,502.6,463.2,943.0,745.2,635.1,575.8,542.4,516.5,470.0,1083.5,837.2,701.2,617.1,569.3,539.8,493.0,1251.2,965.2,804.8,700.0,630.9,585.4,530.3,0.6624,0.8963,1.0220,0.5148,0.7240,0.8506,0.0,0.0000,2026,0.8151,736.1,03420004OU4,6.720,3958,18.8,16.2,27.5,46.2,0.0,905.8,669.4,587.1,1165.5,828.7,705.4,735.3,685.6,0.8160,0.8751,671.0,556.3,524.9,41.9,177.2,853.4,576.1,552.3,519.1,490.5,460.0,437.0,430.5,452.4,488.7,1924.9,1457.0,1920.4,47.5,146.4,1969.1,1239.9,1145.5,1092.0,1129.3,1159.0,1211.3,1393.8,1628.6,1880.6
GRE,02219,GR2142,GRE-2142,HYDROBATES,CROMARTY 36,BLONDECELL  LTD,Wyatt/Freeman,1988,IOAThA,,,,ORC,CLUB,C,400,22 04 2026 11:42:51,11.000,8.607,1.542,3.25,8635.,0.0,0.73,805.2,0.6741,890.1,0.8495,706.3,1416.2,1111.2,951.9,850.4,778.4,728.2,682.3,0.0,0.0,0.0,0.0,0.0,0.0,0.0,1078.7,860.7,746.5,675.8,629.5,599.2,569.0,0.0,0.0,0.0,0.0,0.0,0.0,0.0,1403.2,1038.1,848.8,728.2,654.8,603.5,539.0,46.4,45.1,43.9,43.1,42.8,42.5,43.0,147.1,151.4,157.3,165.3,171.3,175.8,179.0,1546.0,1233.3,1080.4,984.4,916.4,870.5,839.2,982.6,796.9,707.0,648.7,607.9,581.9,559.4,913.9,751.9,670.1,616.3,580.9,558.5,538.0,871.7,720.7,639.7,588.6,557.0,537.8,517.2,831.1,678.9,595.4,549.5,525.6,511.4,495.9,822.1,672.7,590.0,544.4,519.8,502.7,473.8,856.9,695.6,605.2,552.8,524.6,506.2,474.5,956.2,756.7,649.2,581.9,542.0,518.7,485.5,1114.1,857.5,719.9,633.9,576.7,541.0,502.5,1286.4,989.1,823.4,716.5,640.3,585.9,525.4,0.6187,0.8533,1.0076,0.4748,0.6757,0.8293,0.0,0.0000,2026,0.7747,774.5,03420004MDH,6.605,9212,31.0,18.2,24.4,0.0,49.1,969.8,703.2,595.5,1263.7,888.0,723.5,783.0,705.8,0.7663,0.8501,672.6,557.0,524.6,44.5,179.2,851.5,558.3,533.1,506.5,488.1,451.0,448.3,455.1,471.7,493.6,2131.3,1599.0,2112.2,48.1,144.2,2322.0,1455.1,1330.2,1251.0,1197.6,1179.0,1242.5,1420.3,1680.5,1940.5
GRE,02258,GR2146,GRE-2146,SILVER AGE,DEHLER 34,DEHLER,VAN DE STADT,1981,NOLE,,,,ORC,CLUB,C,500,29 07 2026 16:11:30,10.112,8.414,1.734,3.41,3940.,0.0,0.22,683.0,0.8033,747.0,0.9891,606.6,1138.2,908.4,783.4,709.4,669.8,646.0,623.3,0.0,0.0,0.0,0.0,0.0,0.0,0.0,870.6,707.8,627.1,583.1,558.7,542.1,520.1,0.0,0.0,0.0,0.0,0.0,0.0,0.0,1133.4,852.3,706.2,622.0,579.8,547.8,495.5,44.8,43.0,41.1,39.5,38.9,38.5,39.0,144.1,147.1,148.0,158.2,170.9,177.9,178.6,1186.3,964.4,849.9,789.7,766.7,756.7,758.8,765.2,638.2,580.0,553.3,540.7,535.5,532.6,720.6,609.8,562.4,539.8,527.2,521.2,516.4,694.9,592.2,549.6,527.6,512.9,502.0,490.8,698.9,582.6,536.0,513.6,501.1,491.8,467.7,682.9,568.5,524.5,498.3,475.5,455.3,430.0,707.8,580.4,530.3,501.8,476.4,451.6,413.0,794.6,635.3,555.4,519.7,493.4,467.5,417.6,944.1,738.2,620.9,554.4,521.6,497.4,449.9,1090.1,852.4,716.9,629.0,572.9,535.2,487.8,0.7603,0.9965,1.1152,0.5863,0.8100,0.9325,0.0,0.0000,2026,0.9077,661.0,03420004VRH,7.783,4638,22.2,27.3,31.2,68.8,75.1,789.2,602.1,538.0,1023.4,740.7,643.4,659.5,612.4,0.9097,0.9797,610.7,506.4,479.7,40.4,177.1,777.7,534.4,515.9,484.7,453.0,414.5,389.8,371.8,405.3,443.8,1665.7,1252.8,1660.7,47.4,140.4,1715.6,1081.6,997.8,945.5,975.9,975.5,1011.4,1150.9,1399.2,1615.7
GRE,02221,GR2152,GRE-2152,VELA,BAVARIA C50,BAVARIA,COSSUTTI,2018,IOVATh,,,,ORC,CLUB,C,900,22 04 2026 19:27:51,14.988,14.123,1.821,5.00,15424.,0.0,0.33,570.9,0.9418,637.1,1.1928,503.0,988.9,784.7,671.5,603.8,566.5,544.7,519.4,0.0,0.0,0.0,0.0,0.0,0.0,0.0,750.1,604.9,525.9,480.5,454.8,438.6,417.1,0.0,0.0,0.0,0.0,0.0,0.0,0.0,983.3,734.0,598.8,516.6,473.1,442.2,393.1,46.7,44.9,43.6,42.3,41.9,41.5,41.9,142.2,145.8,148.5,149.6,151.4,154.7,160.8,1045.5,841.1,731.0,668.4,640.1,627.6,621.1,661.8,542.6,481.4,447.7,430.1,422.7,416.4,612.7,511.7,459.1,429.9,414.0,406.4,399.7,580.5,491.0,443.4,416.9,400.7,389.3,376.2,590.7,492.4,435.6,406.3,390.6,381.4,360.3,588.5,478.9,423.5,395.0,373.7,355.3,330.7,603.9,490.2,431.1,400.1,377.8,357.7,322.0,676.5,539.4,464.3,421.0,395.1,374.1,336.3,807.5,630.7,529.9,467.0,427.5,403.1,367.6,932.4,728.3,611.9,539.2,492.9,461.7,417.6,0.8856,1.2010,1.3806,0.6766,0.9492,1.1098,0.0,0.0000,2026,1.0863,552.3,03420004MJR,12.052,16839,53.8,61.9,77.0,0.0,166.1,677.5,499.6,434.6,886.8,632.1,540.6,550.4,512.1,1.0901,1.1717,508.2,404.7,377.8,43.0,159.2,632.3,417.2,398.2,369.4,346.8,315.2,294.3,298.4,336.2,384.2,1455.3,1084.1,1448.1,49.2,138.9,1527.8,948.9,854.3,790.4,811.9,837.6,863.1,988.4,1197.6,1382.9
GRE,02231,GR2156,GRE-2156,ALIKI,FORNA 37 mod,OWNER,VAN DE STADT,2023,NOK,,,,ORC,CLUB,C,450,14 05 2026 10:31:18,11.231,9.832,1.898,3.66,8091.,0.0,0.42,638.9,0.8505,705.5,1.0537,569.4,1046.8,846.0,736.7,674.3,638.3,616.2,592.4,0.0,0.0,0.0,0.0,0.0,0.0,0.0,802.1,660.5,588.3,549.2,525.9,511.0,491.3,0.0,0.0,0.0,0.0,0.0,0.0,0.0,1038.0,792.6,662.7,586.8,545.9,516.1,469.8,44.7,42.6,41.3,40.7,40.0,39.5,39.5,143.5,148.0,149.6,152.5,158.1,162.6,166.4,1134.2,927.7,819.7,758.6,727.3,713.6,705.9,733.3,615.8,553.9,521.8,506.0,498.9,493.2,691.3,587.3,534.3,507.2,492.8,485.2,479.0,665.3,568.0,519.9,495.5,480.5,470.3,458.9,631.1,535.1,495.6,479.5,468.9,461.9,444.3,617.6,522.1,484.2,462.6,445.9,433.8,413.4,633.0,531.3,488.8,465.1,445.3,427.0,399.2,702.2,575.2,511.3,479.7,457.7,437.4,399.1,830.8,661.8,566.1,513.0,484.5,464.9,429.5,959.3,764.2,653.6,590.0,549.3,518.8,478.9,0.8205,1.0607,1.1826,0.6340,0.8566,0.9791,0.0,0.0000,2026,0.9669,620.6,03420004PTJ,8.791,8769,31.3,45.3,30.2,0.0,115.2,731.3,565.7,507.4,946.4,700.4,612.8,622.9,570.3,0.9632,1.0521,580.0,479.4,456.5,40.3,162.8,713.7,492.6,477.3,453.8,431.7,398.6,380.8,369.0,396.8,446.2,1510.8,1135.3,1498.6,47.8,139.3,1632.9,1026.0,943.7,891.8,868.2,848.1,874.9,994.5,1202.6,1388.7
GRE,02032,GR217,GRE-217,NALU,DEHLER 30 OD,DEHLER,JUDEL/VROELIJK,2019,SIP-OTE,,,,ORC,CLUB,R,500,16 03 2026 18:05:18,9.120,8.908,2.167,3.26,2745.,0.0,0.00,597.9,0.9062,662.1,1.1242,533.7,961.2,782.4,686.2,636.9,609.0,585.3,543.3,0.0,0.0,0.0,0.0,0.0,0.0,0.0,742.0,618.3,555.0,518.2,494.4,474.3,440.0,0.0,0.0,0.0,0.0,0.0,0.0,0.0,958.2,737.0,621.5,553.4,513.0,478.0,417.8,42.3,40.1,38.4,37.7,37.2,37.1,37.4,143.3,147.6,149.5,152.8,150.8,147.7,143.8,991.3,822.8,739.1,704.0,688.5,679.6,675.3,656.7,563.5,521.9,501.9,492.2,485.2,477.8,626.5,545.6,509.3,487.3,474.0,465.5,455.3,607.1,534.1,499.1,471.4,450.4,436.9,420.3,596.9,519.5,480.5,451.1,433.4,419.3,389.3,596.4,510.4,464.5,429.1,406.4,383.2,345.6,608.0,515.5,468.0,427.9,392.8,366.3,327.1,680.7,551.8,493.7,451.4,412.5,375.0,298.2,806.4,642.5,548.5,495.3,458.8,425.1,356.2,931.1,741.9,633.3,569.8,529.5,490.9,411.3,0.8821,1.1260,1.2862,0.6882,0.9112,1.0426,0.0,0.0000,2026,1.0337,580.4,03420004HT2,8.953,3451,20.8,34.3,28.2,0.0,99.8,680.2,532.9,466.5,871.8,658.5,575.5,583.0,537.8,1.0292,1.1157,488.7,406.0,379.9,38.8,144.0,684.0,476.5,452.7,412.4,371.7,318.3,276.8,242.7,254.2,293.5,1367.8,1037.0,1365.3,45.1,139.9,1392.6,892.5,834.0,796.1,801.9,830.0,855.8,963.7,1163.1,1343.0
GRE,02260,GR2174,GRE-2174,EQUINOXE,X-442,X-YACHTS,NIELS JEPPESEN,1995,NCTh,,,,ORC,CLUB,C,350,12 08 2026 11:17:54,13.480,11.667,2.299,4.16,9687.,0.0,0.16,581.7,0.9338,642.5,1.1562,518.9,946.7,763.6,666.3,614.6,586.2,567.4,543.2,0.0,0.0,0.0,0.0,0.0,0.0,0.0,728.4,599.3,534.4,500.8,481.4,467.7,448.5,0.0,0.0,0.0,0.0,0.0,0.0,0.0,946.2,719.0,601.5,534.8,499.7,472.3,428.6,43.3,41.3,39.9,39.0,38.5,38.2,38.2,142.6,146.4,148.8,150.7,153.8,158.5,162.1,952.1,786.1,705.3,670.0,653.7,645.5,639.1,624.3,529.5,486.5,467.8,460.1,455.9,451.7,593.0,509.8,472.6,455.5,447.5,443.3,438.5,573.2,497.7,463.1,445.2,433.8,426.7,418.6,584.9,503.0,464.2,443.2,428.7,417.3,401.1,601.3,497.6,452.3,428.5,410.7,398.2,380.7,614.9,506.4,457.0,430.7,410.0,391.6,362.6,684.6,551.6,482.1,446.8,423.2,402.1,362.0,815.2,641.9,543.3,484.6,452.2,431.0,394.9,941.4,741.2,627.3,559.2,518.8,489.3,447.3,0.9038,1.1643,1.2934,0.7016,0.9417,1.0656,0.0,0.0000,2026,1.0615,565.2,03420004WBC,10.800,10369,37.9,45.8,64.4,0.0,136.1,663.9,515.3,463.9,855.2,637.1,563.1,559.1,529.8,1.0732,1.1324,529.4,435.8,415.6,38.9,157.8,645.9,452.0,437.8,413.9,391.8,371.4,343.9,319.2,359.5,412.9,1366.5,1027.8,1368.2,46.1,138.9,1349.3,855.2,792.0,750.8,773.3,843.4,869.2,988.9,1198.3,1383.7
GRE,02282,GR2175,GRE-2175,WATER MELLON,DISCOVERY 3000,DROMOR,ED DUBOIS,1990,NO MESOLOGGIOU,,,,ORC,CLUB,C,320,15 04 2026 22:59:44,10.150,7.909,1.669,3.24,4500.,0.0,0.60,770.1,0.7113,843.5,0.8846,678.3,1315.3,1040.8,894.8,802.3,743.5,710.4,684.7,0.0,0.0,0.0,0.0,0.0,0.0,0.0,1013.8,815.7,710.4,648.1,611.0,589.6,567.3,0.0,0.0,0.0,0.0,0.0,0.0,0.0,1306.5,976.5,802.8,694.9,634.7,595.0,537.0,45.7,43.6,42.4,41.9,41.5,41.3,41.7,148.4,151.6,155.4,159.5,164.4,169.3,177.7,1403.0,1133.7,996.9,913.0,863.7,843.8,847.2,898.9,743.8,662.1,612.8,585.8,572.5,569.6,843.4,706.3,632.0,589.6,565.1,552.4,546.6,812.7,680.6,609.0,569.7,546.9,532.8,517.7,821.2,671.2,593.0,554.2,535.9,525.9,500.8,805.1,658.1,581.4,541.8,517.9,498.5,471.1,835.5,676.7,591.3,546.0,519.4,497.3,458.6,923.1,732.5,627.3,567.3,533.5,509.1,464.1,1063.2,822.0,691.2,609.8,560.7,531.2,486.3,1227.6,947.8,792.6,691.7,623.3,577.0,522.3,0.6559,0.8908,1.0229,0.5093,0.7157,0.8462,0.0,0.0000,2026,0.8105,740.3,03420004LIN,6.630,4983,21.2,19.1,28.4,53.8,0.0,914.8,673.6,586.6,1178.1,838.3,709.1,745.1,682.0,0.8053,0.8797,686.5,563.0,526.3,43.7,177.0,891.1,583.0,551.5,515.6,484.3,457.6,437.7,431.2,448.3,481.9,1953.1,1481.4,1941.9,47.7,146.0,2065.1,1298.7,1194.1,1135.4,1171.9,1149.1,1204.0,1361.7,1594.5,1841.2
GRE,02261,GR2177,GRE-2177,FRANKLY MYDEAR,HALLBERG-RASSY 43 MK I,HALLBERG RASSY,FRERS,2001,NO ANDROU,,,,ORC,CLUB,C,707,07 05 2026 10:50:06,12.706,10.309,2.001,4.09,12699.,0.0,0.67,648.9,0.8347,718.8,1.0381,578.0,1061.6,859.8,751.1,687.1,651.2,628.8,605.8,0.0,0.0,0.0,0.0,0.0,0.0,0.0,816.3,672.8,597.4,556.1,533.3,518.7,501.1,0.0,0.0,0.0,0.0,0.0,0.0,0.0,1054.9,806.7,674.6,595.1,553.8,523.8,478.0,44.8,42.6,41.4,40.8,40.8,40.5,40.7,144.1,148.0,148.9,150.5,154.7,159.9,176.2,1128.3,929.3,825.4,767.1,739.1,726.8,722.1,728.1,616.6,556.2,524.4,508.7,502.2,497.7,686.1,588.0,535.2,508.2,494.4,487.2,482.1,660.0,568.4,519.9,495.2,481.2,472.2,461.8,662.6,555.9,504.4,481.8,471.7,464.6,448.9,644.9,538.7,491.2,468.4,452.7,439.2,421.7,660.9,549.9,496.8,471.0,453.0,436.9,409.3,730.9,597.6,523.6,486.1,464.6,446.8,414.0,861.6,684.4,586.0,525.9,492.2,472.3,442.4,994.9,790.2,676.7,607.1,563.3,530.9,489.6,0.8058,1.0455,1.1634,0.6246,0.8405,0.9588,0.0,0.0000,2026,0.9521,630.2,03420004OW7,8.944,13716,38.9,40.2,56.1,0.0,133.4,744.6,573.9,515.7,960.6,713.9,625.8,630.3,582.4,0.9519,1.0303,596.7,492.5,467.4,41.9,177.1,733.9,498.3,480.8,457.7,437.3,410.5,395.7,390.5,414.4,459.6,1531.4,1152.8,1523.5,48.0,139.8,1610.3,1010.4,927.6,873.9,898.6,892.3,917.4,1041.8,1257.9,1452.5
GRE,02300,GR2191,GRE-2191,ISO TIME,GRAND SOLEIL 50,CANTIERE DEL PARDO,JUDEL/VROELIJK,2002,NOK,,,,ORC,CLUB,C,500,04 06 2026 10:52:21,14.915,13.365,2.329,4.53,13080.,0.0,0.35,578.1,0.9378,639.8,1.1773,509.6,998.3,789.6,674.6,606.5,568.3,545.2,517.4,0.0,0.0,0.0,0.0,0.0,0.0,0.0,758.7,610.9,531.5,487.0,461.9,445.8,424.8,0.0,0.0,0.0,0.0,0.0,0.0,0.0,995.5,739.9,603.5,522.0,480.0,450.3,405.5,45.1,43.2,41.6,40.3,39.7,39.1,38.9,142.1,146.0,148.5,149.6,151.7,155.8,162.6,1026.3,824.5,716.5,656.1,627.5,614.0,603.8,659.1,543.0,482.3,450.9,435.5,428.9,423.3,618.3,517.2,464.6,437.4,423.4,416.3,410.4,591.6,500.1,452.5,427.3,412.4,402.2,391.6,588.5,488.2,439.0,415.3,401.7,393.4,377.1,601.4,493.9,437.6,409.7,390.5,374.7,352.9,625.2,506.6,445.8,414.7,393.6,375.2,342.9,703.5,558.8,479.9,435.4,409.5,389.3,352.7,840.3,653.5,547.9,482.2,441.7,417.1,382.4,970.3,754.6,632.6,556.8,509.0,476.4,430.9,0.8762,1.1861,1.3576,0.6712,0.9451,1.1100,0.0,0.0000,2026,1.0742,558.6,03420004S46,11.863,13986,45.9,56.8,62.6,0.0,128.1,684.8,505.9,442.0,893.9,634.9,540.5,551.2,523.8,1.0884,1.1454,502.2,410.9,390.7,39.3,176.2,606.2,422.3,408.3,386.3,365.9,335.6,319.6,316.0,350.9,398.3,1472.4,1098.7,1469.7,47.7,139.3,1499.4,939.8,859.5,805.8,821.8,847.4,897.4,1033.7,1251.8,1445.4
GRE,02285,GR2193,GRE-2193,THOMAS OWEN,OCEANIS 51.1 (SD),BENETEAU,Berret/Racoupeau/Nauta,2016,IO CHALKIDAS,,,,ORC,CLUB,C,500,16 04 2026 10:03:30,15.003,14.226,2.163,4.81,13930.,0.0,0.39,614.0,0.8763,684.7,1.1194,536.0,1116.0,864.4,727.3,644.8,596.5,570.4,544.9,0.0,0.0,0.0,0.0,0.0,0.0,0.0,842.9,661.4,564.2,507.9,475.5,456.7,435.2,0.0,0.0,0.0,0.0,0.0,0.0,0.0,1104.7,805.3,645.2,547.9,495.0,459.4,407.6,47.6,45.8,44.5,43.4,42.6,42.7,43.2,142.6,145.3,147.3,148.3,149.8,152.5,158.3,1228.9,959.3,816.9,733.9,689.1,670.3,664.6,773.3,613.6,530.6,482.8,456.6,444.0,438.0,712.9,573.9,501.2,458.9,435.5,422.8,415.4,674.4,547.1,479.4,440.4,418.0,404.6,389.9,650.7,522.3,456.6,422.8,406.9,397.6,376.3,630.0,502.1,436.4,403.7,382.8,365.4,344.7,646.3,513.3,443.3,407.2,384.2,363.8,329.3,728.2,567.3,479.5,428.6,399.8,378.0,338.5,868.8,666.4,552.2,481.3,436.3,408.8,371.9,1003.2,769.5,637.6,555.8,503.8,470.5,425.3,0.7977,1.1292,1.3235,0.6059,0.8843,1.0575,0.0,0.0000,2026,1.0167,590.1,03420004LKE,11.254,14894,51.0,46.0,64.0,0.0,165.4,752.2,531.3,453.3,990.3,678.5,567.4,596.0,538.3,1.0067,1.1145,538.4,425.7,394.7,44.5,155.9,686.6,444.8,416.9,386.0,360.7,329.6,307.1,299.3,338.9,390.2,1682.2,1256.5,1664.9,49.3,140.4,1854.6,1153.8,1045.7,979.1,946.1,919.7,947.8,1085.8,1307.4,1509.7
GRE,02301,GR2195,GRE-2195,SABETTA,HANSE 350,HANSE,JUDEL/VROELIJK,2007,IO KERKYRAS,,,,ORC,CLUB,C,440,15 04 2026 10:36:35,10.500,9.858,1.861,3.55,6360.,0.0,0.30,662.8,0.8170,734.4,1.0227,586.7,1124.0,896.9,774.0,699.0,654.7,628.6,604.0,0.0,0.0,0.0,0.0,0.0,0.0,0.0,855.1,693.9,610.9,563.3,534.6,516.5,495.8,0.0,0.0,0.0,0.0,0.0,0.0,0.0,1111.9,837.5,692.2,603.6,555.3,521.3,471.5,45.6,43.5,42.2,41.3,40.4,40.1,40.3,143.3,147.3,148.9,151.4,156.3,161.2,164.6,1244.3,1002.5,875.6,795.2,749.5,729.6,723.2,797.2,657.0,582.5,539.1,515.9,504.5,498.0,745.8,622.2,556.4,520.8,500.8,489.7,481.2,713.9,598.1,536.1,506.4,487.8,474.2,457.8,655.8,547.3,500.3,479.0,468.6,460.5,445.6,639.8,532.8,488.8,463.9,444.2,428.6,410.5,656.7,543.8,494.7,467.9,445.7,425.6,392.0,732.5,592.7,520.7,485.4,461.3,439.3,398.1,869.1,685.4,582.3,522.9,491.1,469.8,432.9,1003.6,791.4,672.3,602.9,559.8,527.6,484.8,0.7747,1.0294,1.1690,0.5938,0.8226,0.9586,0.0,0.0000,2026,0.9353,641.5,03420004LDA,8.455,7015,28.4,33.4,23.1,0.0,94.9,774.5,582.9,513.3,1010.4,729.4,625.9,647.2,585.3,0.9271,1.0250,595.3,484.5,458.3,41.5,161.7,739.9,500.2,481.0,452.2,429.4,398.2,373.4,355.6,397.4,450.7,1654.0,1237.8,1635.9,47.7,139.2,1835.2,1152.6,1055.6,994.7,918.0,894.8,922.5,1053.5,1275.6,1472.9
GRE,02281,GR2196,GRE-2196,SOPHIA,DUFOUR 63 Exclusive,DUFOUR,FELCI,2017,NOK,,,,ORC,CLUB,C,1445,21 05 2026 18:44:38,18.300,17.027,2.791,5.47,23650.,0.0,0.27,502.4,1.0596,566.3,1.3465,445.6,860.5,683.1,592.6,542.9,508.5,487.8,461.6,0.0,0.0,0.0,0.0,0.0,0.0,0.0,644.1,522.4,461.7,429.9,408.4,394.3,374.9,0.0,0.0,0.0,0.0,0.0,0.0,0.0,859.2,638.7,527.4,462.9,424.9,397.0,355.2,46.7,44.6,42.6,41.5,40.4,40.1,39.9,140.8,143.8,147.5,149.7,151.6,154.5,160.8,872.6,703.9,629.2,597.8,572.3,558.6,545.2,550.9,454.4,415.5,399.8,389.9,382.9,375.3,506.0,426.7,394.0,381.3,374.8,369.2,362.1,470.9,405.4,376.5,363.1,356.1,351.3,343.5,469.0,403.7,373.3,356.3,343.8,335.2,324.5,511.8,429.1,381.8,357.3,340.2,327.9,311.0,545.3,440.0,387.3,360.8,341.4,324.1,297.0,611.4,485.5,417.1,379.2,356.8,337.9,302.4,734.6,573.6,481.4,422.5,386.0,364.1,331.6,848.3,662.3,555.9,487.9,444.7,417.0,377.9,1.0287,1.3550,1.5364,0.7774,1.0666,1.2418,0.0,0.0000,2026,1.2236,490.3,03420004QQJ,14.752,25844,72.0,106.1,67.6,0.0,255.4,583.3,442.8,390.5,771.8,562.5,483.2,482.9,456.1,1.2425,1.3156,446.2,361.0,342.5,40.4,155.2,545.4,373.3,359.7,337.7,317.1,291.3,279.6,265.8,300.7,346.9,1259.4,923.4,1259.3,49.4,138.1,1260.6,782.5,701.1,630.9,623.6,701.6,784.8,896.5,1089.6,1258.2
GRE,02354,GR2197,GRE-2197,IRIS,CARTER 33,OLYMPIC MARINE,DICK CARTER,1971,NAOAPF,,,,ORC,CLUB,C,449,07 05 2026 09:27:19,9.961,7.578,1.691,3.33,3360.,0.0,0.39,745.3,0.7379,813.1,0.9096,659.6,1246.0,990.8,854.2,773.2,726.3,699.4,675.4,0.0,0.0,0.0,0.0,0.0,0.0,0.0,963.5,779.8,684.4,632.1,602.4,583.6,562.3,0.0,0.0,0.0,0.0,0.0,0.0,0.0,1240.7,931.7,770.2,675.6,625.5,589.2,534.3,44.6,42.7,41.2,40.3,40.1,39.8,40.4,148.3,151.8,155.2,160.1,165.7,171.3,177.7,1298.8,1056.5,933.0,868.0,838.2,827.2,832.8,841.1,700.2,631.0,597.6,579.9,571.8,570.4,794.4,667.7,608.0,578.4,562.3,553.5,549.6,767.9,646.8,590.3,561.1,544.1,532.3,518.8,784.7,651.6,585.1,553.9,536.7,521.1,497.8,780.6,640.1,572.4,538.4,515.3,496.2,470.1,809.6,658.9,581.6,541.6,515.4,493.0,456.8,896.7,714.9,615.4,562.0,530.2,504.4,457.7,1033.3,802.5,676.2,600.1,556.2,527.8,480.6,1193.2,925.2,775.4,678.3,614.4,571.6,518.1,0.6883,0.9168,1.0339,0.5365,0.7439,0.8607,0.0,0.0000,2026,0.8356,718.0,03420004OUE,6.748,3986,19.2,19.6,28.8,52.3,0.0,871.7,654.5,580.3,1118.4,806.6,697.1,719.2,666.5,0.8342,0.9003,671.7,554.8,521.8,42.3,176.3,867.7,578.2,551.9,515.5,482.8,457.2,435.9,422.3,439.7,475.7,1831.6,1388.4,1826.7,47.1,145.6,1880.5,1188.5,1101.1,1048.7,1082.8,1104.4,1155.7,1310.8,1543.7,1782.6
GRE,02289,GR2198,GRE-2198,APOSPERITIS,SUN ODYSSEY 509,JEANNEAU,Philippe Briand,2011,ANOZ,,,,ORC,CLUB,C,440,16 07 2026 11:23:01,15.000,13.900,2.252,4.69,13901.,0.0,0.36,607.7,0.8882,675.5,1.1294,531.3,1092.0,850.1,717.1,636.4,590.4,565.6,538.2,0.0,0.0,0.0,0.0,0.0,0.0,0.0,828.0,653.2,558.6,503.5,472.8,455.2,433.5,0.0,0.0,0.0,0.0,0.0,0.0,0.0,1083.5,793.7,637.6,542.3,492.1,458.5,408.3,46.5,44.6,43.3,42.1,41.5,41.4,41.7,142.6,145.7,147.6,148.6,150.1,153.0,159.7,1177.0,925.0,789.8,709.8,670.3,655.2,648.0,747.8,598.7,519.7,473.5,450.5,441.0,434.8,695.1,564.0,494.2,453.4,431.9,422.2,416.1,662.2,541.1,475.9,438.3,417.0,404.6,393.3,646.6,519.5,453.4,420.9,407.4,398.7,377.1,628.8,503.4,438.7,406.2,385.2,368.9,349.7,647.5,517.0,447.7,411.3,387.9,367.7,334.6,731.1,572.8,486.0,434.8,405.1,382.9,343.3,872.1,671.4,558.0,487.5,442.1,413.9,376.0,1007.0,775.3,644.4,562.9,510.5,475.9,428.5,0.8101,1.1392,1.3290,0.6179,0.8961,1.0685,0.0,0.0000,2026,1.0270,584.2,03420004VAC,11.375,14740,51.6,53.6,55.2,0.0,148.5,740.6,526.7,451.5,971.0,669.6,561.5,585.7,538.8,1.0245,1.1136,526.2,421.8,395.2,42.7,157.6,659.4,436.8,416.5,389.1,365.0,336.4,314.4,304.0,342.3,392.9,1638.8,1226.4,1626.1,48.3,140.2,1765.6,1103.7,1006.4,946.9,936.7,910.7,942.5,1085.4,1309.3,1511.9
GRE,02270,GR2200,GRE-2200,ONAR,OCEANIS 43,BENETEAU,BERRET/RACOUPEAU,2007,SEANATK,,,,ORC,CLUB,C,400,02 04 2026 07:36:58,12.750,11.582,2.010,4.11,8879.,0.0,0.37,624.1,0.8659,692.9,1.0877,551.6,1065.7,842.6,723.6,657.5,622.8,600.8,575.8,0.0,0.0,0.0,0.0,0.0,0.0,0.0,812.3,653.7,570.8,527.4,504.5,488.9,469.4,0.0,0.0,0.0,0.0,0.0,0.0,0.0,1061.8,790.1,647.8,565.9,524.5,493.3,444.3,45.5,43.1,41.8,41.1,40.8,40.5,40.8,142.8,146.4,148.0,149.4,152.4,157.4,162.8,1104.3,888.1,778.6,725.1,704.1,694.4,691.0,708.5,584.7,521.2,492.0,480.3,475.0,470.6,664.5,556.1,500.6,474.9,463.4,458.6,453.2,635.8,536.4,486.3,461.3,447.6,439.3,430.3,648.4,537.8,479.8,454.0,442.3,429.6,412.4,641.4,522.5,466.9,439.7,420.4,405.2,387.5,661.1,536.4,474.6,444.0,422.2,403.0,369.9,746.0,592.0,508.4,463.8,437.6,416.2,376.4,889.5,690.3,579.1,510.8,470.4,446.0,409.3,1027.1,797.1,668.6,589.9,541.5,507.2,460.7,0.8186,1.0976,1.2359,0.6288,0.8743,1.0052,0.0,0.0000,2026,0.9937,603.8,03420004K3W,10.032,9583,35.7,38.9,50.1,0.0,108.2,733.0,546.6,485.5,954.2,686.3,596.9,600.5,561.6,0.9991,1.0685,566.2,458.6,432.0,42.0,174.9,706.5,473.3,453.1,425.6,402.6,375.5,349.8,332.9,374.6,425.9,1574.0,1177.8,1569.8,48.1,139.7,1616.3,1011.4,925.1,869.9,899.1,916.1,948.7,1097.0,1326.5,1531.7
GRE,02303,GR2201,GRE-2201,ITHAKI,AEGEAN 37,OLYMPIC MARINE,TSIAMAS J.,1976,NO RAFINAS ALKYON,,,,ORC,CLUB,C,570,25 05 2026 12:33:06,11.275,8.993,1.941,3.73,6502.,0.0,0.32,653.8,0.8426,712.1,1.0273,584.0,1050.6,852.9,743.8,679.9,645.4,624.0,600.3,0.0,0.0,0.0,0.0,0.0,0.0,0.0,812.7,674.3,602.6,563.6,541.6,526.7,507.5,0.0,0.0,0.0,0.0,0.0,0.0,0.0,1047.1,803.4,674.3,600.1,561.6,532.0,486.4,43.4,41.5,40.2,39.1,38.5,38.3,39.0,146.4,150.9,152.6,160.1,165.9,172.9,176.8,1085.9,903.1,808.0,760.3,740.9,731.3,728.1,711.7,607.6,557.8,533.9,522.6,517.5,514.1,675.7,583.9,541.8,520.9,509.7,504.0,499.3,653.6,569.1,530.2,509.7,496.5,486.9,476.7,665.9,573.7,529.2,507.1,491.1,478.0,457.9,661.5,557.6,513.4,489.9,472.3,460.1,442.3,679.1,567.6,517.0,489.8,468.4,449.3,425.7,745.9,610.7,538.4,502.9,478.3,455.5,417.8,879.3,695.7,590.1,531.6,500.7,477.8,435.2,1015.3,802.8,679.7,599.6,549.8,516.8,472.5,0.8070,1.0339,1.1467,0.6304,0.8487,0.9670,0.0,0.0000,2026,0.9465,633.9,03420004R3P,8.354,7318,28.0,30.9,46.2,113.7,0.0,743.5,580.3,523.2,951.8,707.0,620.5,633.4,588.6,0.9473,1.0194,587.4,497.9,474.8,39.3,175.8,740.5,515.4,499.2,472.5,445.5,438.6,412.8,391.7,402.0,434.3,1500.7,1133.2,1498.3,46.4,138.6,1524.3,966.9,895.9,850.3,873.2,912.0,937.7,1061.2,1279.2,1477.1
GRE,02329,GR2202,GRE-2202,MARIANNA,SALONA 37,AD BOATS,J & J,2011,SEANATK,,,,ORC,CLUB,C,550,17 03 2026 20:21:05,11.270,10.366,2.359,3.59,6623.,0.0,0.27,612.3,0.8912,673.3,1.0994,545.7,997.3,804.6,700.2,643.3,612.5,591.5,565.4,0.0,0.0,0.0,0.0,0.0,0.0,0.0,769.0,632.5,563.0,526.4,505.4,490.2,468.9,0.0,0.0,0.0,0.0,0.0,0.0,0.0,996.7,757.7,632.7,561.2,524.7,495.7,448.5,42.3,40.3,38.9,37.8,37.3,37.1,37.0,143.0,147.3,149.4,151.4,156.3,161.4,176.6,1004.1,828.8,738.7,695.6,678.2,669.1,661.5,664.4,563.9,515.6,494.2,484.9,480.1,475.0,633.0,543.5,502.2,482.5,472.3,467.2,461.2,613.2,530.3,492.6,472.2,458.6,449.3,439.7,625.3,528.7,484.6,462.9,451.9,440.0,420.9,625.3,520.7,476.5,450.9,430.4,413.7,393.8,644.5,533.2,483.4,455.8,432.9,412.3,376.4,721.4,583.5,511.1,474.7,449.7,427.1,384.4,857.9,675.8,573.0,512.6,479.6,457.3,418.7,990.6,780.4,661.7,591.0,546.9,513.9,469.4,0.8562,1.1067,1.2346,0.6660,0.8982,1.0222,0.0,0.0000,2026,1.0101,594.0,03420004I43,9.791,7428,29.7,42.5,37.1,0.0,86.8,700.8,542.2,486.0,900.9,668.0,587.0,587.6,558.9,1.0211,1.0735,549.9,454.0,433.5,37.7,161.7,666.1,474.0,459.1,434.1,409.8,379.8,354.5,337.4,381.3,433.8,1438.8,1084.9,1440.3,45.7,138.9,1423.3,909.0,847.6,808.9,835.3,871.8,904.6,1038.6,1259.4,1454.3
GRE,02297,GR2203,GRE-2203,AXIA,BIANCA 27,BIANCA,SVED AAGE CHRISTENSEN,1964,NAO KERKYRAS,,,,ORC,CLUB,C,300,15 04 2026 10:34:33,8.250,6.364,1.417,2.44,3249.,0.0,0.68,818.2,0.6601,908.9,0.8222,729.7,1329.8,1074.9,943.0,870.6,829.9,803.3,776.6,0.0,0.0,0.0,0.0,0.0,0.0,0.0,1026.0,843.3,750.7,702.7,676.3,659.3,639.7,0.0,0.0,0.0,0.0,0.0,0.0,0.0,1322.0,1009.3,847.4,752.9,703.0,664.9,603.9,44.2,42.2,40.9,41.1,41.3,41.6,42.6,145.8,147.6,148.6,153.0,158.3,174.9,177.1,1408.0,1157.5,1035.8,980.2,960.3,952.1,958.3,912.6,773.2,701.0,665.3,649.1,643.0,644.6,864.3,739.3,674.7,642.2,626.2,620.2,615.6,838.1,714.8,653.1,621.8,604.9,594.8,586.2,826.1,691.4,629.5,601.9,590.3,581.1,561.7,813.5,679.2,618.5,587.9,565.6,547.2,522.8,842.0,697.6,627.5,593.1,567.5,544.5,509.2,931.1,756.1,660.9,612.5,584.1,559.6,515.5,1084.0,859.4,736.3,661.3,618.4,592.5,550.6,1251.7,992.4,850.2,761.0,699.6,654.4,594.8,0.6420,0.8290,0.9144,0.4990,0.6655,0.7501,0.0,0.0000,2026,0.7547,795.0,03420004LD9,5.503,3677,18.8,17.5,21.8,0.0,41.8,934.6,723.8,656.2,1202.4,901.6,799.9,797.4,731.7,0.7525,0.8200,772.4,632.2,592.4,44.5,176.8,987.9,647.4,616.6,582.5,549.7,508.0,490.1,484.3,513.3,556.8,1934.2,1462.0,1925.8,47.3,142.8,2018.4,1276.0,1182.5,1129.1,1148.8,1125.3,1174.8,1341.7,1602.1,1850.0
GRE,02309,GR2207,GRE-2207,SAITA,SUN ODYSSEY 33.1,JEANNEAU,ANDRIEU,1993,NOTK,,,,ORC,CLUB,C,350,05 04 2026 18:20:06,9.970,8.355,1.881,3.53,4600.,0.0,0.49,723.5,0.7500,800.0,0.9379,639.8,1224.7,975.7,844.2,763.3,712.3,681.2,656.4,0.0,0.0,0.0,0.0,0.0,0.0,0.0,937.6,758.7,666.7,614.2,581.5,560.9,539.8,0.0,0.0,0.0,0.0,0.0,0.0,0.0,1216.3,913.7,755.6,658.4,604.1,566.5,515.2,44.8,43.0,41.8,40.9,39.9,39.2,39.6,144.8,146.9,147.9,150.1,155.0,159.5,175.9,1309.2,1060.2,932.8,852.3,801.6,777.2,777.0,845.6,699.8,624.3,580.8,556.2,543.7,538.6,796.1,665.4,598.1,562.0,541.0,529.2,521.6,766.4,642.0,579.1,546.8,527.7,514.2,497.9,739.6,611.2,549.7,520.9,504.5,495.2,482.7,724.8,596.8,540.3,512.0,490.4,470.9,441.1,749.6,613.5,548.9,517.2,494.1,472.5,434.8,837.8,670.9,581.6,536.4,510.0,487.9,445.8,987.5,771.8,654.3,584.2,543.9,519.6,482.5,1140.3,891.2,755.5,674.4,622.9,585.2,535.8,0.7074,0.9440,1.0750,0.5453,0.7545,0.8828,0.0,0.0000,2026,0.8580,699.3,03420004KCH,7.248,5122,22.5,17.4,27.0,0.0,61.0,848.2,635.6,558.1,1100.3,795.2,679.7,699.2,646.2,0.8582,0.9286,655.0,532.8,502.5,41.4,176.4,809.3,545.2,523.9,493.0,469.3,426.5,407.7,411.0,446.9,500.8,1812.1,1364.0,1800.7,46.7,141.3,1926.4,1218.2,1125.5,1068.8,1047.2,1026.5,1065.9,1224.2,1470.4,1697.9
GRE,02295,GR2208,GRE-2208,AFROESSA,OCEANIS 331 CLIPPER,BENETEAU,FINOT,1996,IO PATRON,,,,ORC,CLUB,C,350,16 06 2026 16:27:24,9.798,9.072,1.585,3.36,4500.,0.0,0.40,734.5,0.7445,805.9,0.9308,644.6,1288.6,1007.6,856.5,761.7,704.2,674.3,652.8,0.0,0.0,0.0,0.0,0.0,0.0,0.0,984.8,782.1,675.2,613.1,577.6,557.5,538.0,0.0,0.0,0.0,0.0,0.0,0.0,0.0,1277.6,942.3,765.5,657.8,600.1,562.3,507.4,46.5,44.7,43.3,42.3,41.6,41.5,42.4,147.5,150.3,153.2,157.3,163.3,168.7,176.8,1399.3,1111.5,962.8,871.3,821.6,804.7,814.1,888.6,719.9,633.4,581.6,555.1,543.8,543.6,827.1,678.9,601.9,558.4,535.1,523.6,520.0,791.8,651.6,578.3,539.5,517.6,503.6,489.8,778.9,631.1,556.7,523.2,509.5,496.9,471.8,757.8,613.9,542.5,508.1,485.4,467.7,447.2,787.6,631.9,551.3,511.7,485.9,464.4,428.1,877.9,689.2,586.4,531.2,500.2,475.6,431.2,1020.2,782.9,651.8,572.1,526.7,498.9,454.2,1178.0,903.8,750.3,652.2,586.8,543.8,491.5,0.6792,0.9390,1.0806,0.5226,0.7505,0.8906,0.0,0.0000,2026,0.8510,705.1,03420004TAJ,7.473,5037,23.3,21.8,25.8,64.6,0.0,883.4,639.0,555.2,1148.1,799.5,673.7,711.7,645.8,0.8430,0.9291,652.6,531.5,496.0,44.5,175.4,853.6,556.0,524.2,487.8,457.8,434.4,407.2,385.2,410.9,451.7,1933.7,1458.4,1917.8,48.0,145.3,2093.2,1312.0,1201.5,1135.6,1129.2,1094.4,1146.8,1302.5,1536.6,1774.3
GRE,02319,GR2209,GRE-2209,BLUESCAPE III,OCEANIS 38.1 BK,BENETEAU,FINOT,2017,IOP DEI,,,,ORC,CLUB,C,425,23 03 2026 12:59:09,11.118,10.842,1.993,3.99,7425.,0.0,0.38,664.2,0.8137,737.3,1.0270,584.2,1154.2,912.2,781.5,700.4,650.6,621.6,594.5,0.0,0.0,0.0,0.0,0.0,0.0,0.0,879.6,705.4,612.7,558.3,525.4,504.8,482.5,0.0,0.0,0.0,0.0,0.0,0.0,0.0,1143.7,852.2,696.8,600.2,546.0,509.0,456.7,45.6,43.9,42.6,41.6,40.9,40.7,40.8,144.1,147.1,148.5,149.5,152.3,157.4,161.9,1259.9,1008.3,875.6,792.3,742.3,719.6,713.6,806.6,658.4,580.4,532.4,504.9,491.2,485.2,754.5,623.2,553.1,511.5,487.5,474.5,466.5,722.9,599.9,532.9,495.0,472.9,458.2,441.2,684.4,560.0,496.7,466.6,451.9,442.9,427.4,666.3,543.7,483.8,453.5,430.6,411.6,388.5,686.1,558.0,492.1,458.5,433.8,412.1,374.2,767.1,611.3,526.2,479.3,451.3,427.6,386.2,908.1,706.7,595.3,526.9,485.5,460.1,420.8,1048.6,816.1,687.4,608.4,558.9,523.6,475.4,0.7571,1.0337,1.1962,0.5807,0.8190,0.9698,0.0,0.0000,2026,0.9369,640.4,03420004IMT,8.973,8100,34.0,32.7,31.8,0.0,93.6,792.5,580.4,501.6,1033.2,732.6,618.7,644.9,586.9,0.9303,1.0223,585.1,470.8,441.9,42.2,160.6,731.2,489.0,467.6,437.3,410.5,373.4,348.9,342.4,386.2,439.0,1719.4,1289.7,1703.8,47.7,140.6,1875.6,1179.0,1082.2,1022.3,975.7,949.0,980.2,1124.3,1353.7,1563.1
GRE,02298,GR2211,GRE-2211,ORION,FIRST 305,BENETEAU,JEAN BERRET,1989,IO PATRON,,,,ORC,CLUB,C,350,15 04 2026 23:41:03,9.302,7.778,1.731,3.22,3739.,0.0,0.47,736.2,0.7497,800.3,0.9211,651.4,1234.3,980.2,844.4,760.6,710.7,683.6,661.0,0.0,0.0,0.0,0.0,0.0,0.0,0.0,952.4,769.4,676.4,624.5,594.4,576.3,554.2,0.0,0.0,0.0,0.0,0.0,0.0,0.0,1227.5,920.5,760.9,666.7,616.7,582.6,529.1,44.7,42.7,41.5,40.6,39.6,39.3,39.7,147.8,150.9,154.6,160.1,166.8,174.9,178.1,1302.8,1056.8,931.5,857.4,817.3,801.4,803.6,842.7,699.5,627.2,590.9,572.1,562.0,558.1,794.5,666.1,604.1,574.3,557.3,547.1,540.4,766.2,643.8,587.4,560.0,542.9,530.5,514.6,774.2,636.5,574.9,547.0,531.7,523.9,499.4,758.7,623.2,564.9,535.8,514.3,495.3,468.2,786.8,640.6,572.0,538.8,515.2,493.7,454.9,869.9,694.9,600.8,555.7,528.4,504.9,458.9,1009.6,783.1,659.5,588.5,551.2,526.5,482.0,1165.8,903.6,757.2,663.7,604.1,565.9,518.5,0.6970,0.9283,1.0480,0.5419,0.7554,0.8799,0.0,0.0000,2026,0.8461,709.1,03420004LJ5,6.923,4246,19.4,18.4,24.2,51.2,0.0,860.8,646.3,572.5,1107.2,794.3,681.9,710.4,656.4,0.8446,0.9140,657.8,546.2,516.1,41.6,176.8,837.8,565.3,543.1,510.3,482.0,454.3,432.8,423.0,441.5,477.8,1823.9,1382.3,1815.8,47.0,144.8,1904.3,1203.6,1114.0,1058.8,1092.5,1076.9,1125.6,1274.7,1509.8,1743.4
GRE,02307,GR2219,GRE-2219,THERAPY,MARCON CLAYMORE 30,Marine Construction,ALLAN  F.  HILL,1975,IOAThA,,,,ORC,CLUB,C,300,16 04 2026 09:32:58,9.000,6.992,1.325,3.12,5500.,0.0,0.73,820.8,0.6678,898.5,0.8271,725.5,1372.5,1099.1,953.9,860.1,796.4,756.7,723.8,0.0,0.0,0.0,0.0,0.0,0.0,0.0,1062.1,865.6,760.6,696.6,656.5,631.6,605.3,0.0,0.0,0.0,0.0,0.0,0.0,0.0,1362.3,1031.8,857.6,746.8,681.8,637.3,576.0,45.4,43.8,42.8,42.3,41.6,41.5,42.4,149.8,154.1,159.3,163.0,166.8,175.4,178.8,1475.2,1209.2,1075.4,989.3,931.3,899.8,887.2,948.2,793.8,713.0,662.3,630.1,611.8,598.9,891.1,755.2,681.1,635.5,608.1,592.5,577.6,858.2,727.4,655.4,612.7,588.4,573.1,553.6,859.2,711.7,632.0,591.1,570.6,556.5,539.3,849.5,703.8,624.7,583.3,559.1,539.4,506.4,879.2,722.5,635.4,588.7,562.3,540.8,503.9,963.9,775.9,671.6,609.8,575.9,552.7,511.3,1099.7,860.6,731.8,651.0,601.2,572.1,530.3,1269.8,989.0,832.5,731.0,661.4,613.5,560.4,0.6225,0.8311,0.9555,0.4855,0.6701,0.7955,0.0,0.0000,2026,0.7589,790.7,03420004LKA,5.774,5938,22.8,20.8,23.3,45.5,0.0,963.9,721.9,627.9,1235.8,895.4,754.2,797.4,725.9,0.7525,0.8266,717.3,595.4,561.1,44.1,178.6,911.9,601.9,576.7,542.0,518.1,491.1,480.8,483.1,496.4,522.7,2018.0,1530.2,2005.6,47.8,146.6,2141.4,1344.6,1236.1,1172.2,1200.5,1189.6,1245.7,1404.5,1640.7,1894.5
GRE,02259,GR2222,GRE-2222,PLEIADES II,SUN ODYSSEY 54 DS,JEANNEAU,FAUROUX/GARRONI,2004,IOVATh,,,,ORC,CLUB,C,650,16 04 2026 00:00:40,16.380,14.203,2.302,4.87,17573.,0.0,0.40,603.9,0.8951,670.3,1.1333,529.4,1068.8,838.4,713.0,635.6,587.4,559.0,528.3,0.0,0.0,0.0,0.0,0.0,0.0,0.0,810.9,646.4,557.7,504.5,472.4,453.2,430.8,0.0,0.0,0.0,0.0,0.0,0.0,0.0,1063.8,784.5,635.6,542.7,491.6,457.2,410.3,46.4,44.5,42.8,41.6,40.8,40.4,40.2,142.6,146.0,147.9,148.7,150.3,153.6,161.2,1119.0,890.6,769.1,694.2,650.4,629.8,618.3,710.6,578.3,509.2,467.4,443.4,431.0,423.9,661.0,546.4,485.6,449.7,428.3,416.6,408.9,629.3,525.3,469.1,436.4,416.5,403.7,389.7,642.3,523.7,458.7,423.1,404.2,394.5,380.2,632.4,511.3,448.2,414.6,394.3,378.0,352.5,653.0,526.3,458.7,421.2,398.8,381.1,349.5,738.9,582.3,497.4,446.3,415.7,395.6,361.6,882.1,680.8,568.9,499.7,454.3,424.9,389.8,1018.6,786.1,656.9,577.0,524.5,488.3,438.3,0.8235,1.1406,1.3345,0.6292,0.9006,1.0819,0.0,0.0000,2026,1.0313,581.8,03420004LJD,11.728,18704,57.9,55.6,68.0,0.0,142.5,728.6,526.0,449.6,953.6,666.2,554.6,576.7,543.7,1.0404,1.1036,515.1,418.9,395.0,40.9,177.5,626.3,424.9,408.1,385.6,366.3,338.5,322.1,329.7,361.3,404.0,1596.2,1191.7,1589.6,48.6,139.8,1662.0,1036.8,941.7,879.5,908.4,912.6,947.6,1097.1,1325.2,1530.3
GRE,02347,GR2229,GRE-2229,EXODUS,X-46,X-YACHTS,JEPPESEN,2003,NASPOR,,,,ORC,CLUB,C,800,25 03 2026 13:39:40,13.990,12.410,2.359,4.09,10400.,0.0,0.22,567.6,0.9585,626.0,1.1904,504.0,945.7,757.3,653.5,595.7,565.1,544.9,519.7,0.0,0.0,0.0,0.0,0.0,0.0,0.0,723.1,589.6,521.2,484.8,464.3,449.5,429.0,0.0,0.0,0.0,0.0,0.0,0.0,0.0,942.0,710.7,588.1,517.8,482.1,454.2,409.9,44.5,42.0,40.4,39.2,38.5,38.1,38.5,141.7,145.6,148.9,151.2,154.5,159.8,163.4,982.7,797.6,700.2,650.8,629.2,618.0,608.6,636.2,531.2,478.9,454.6,443.4,437.9,432.1,598.9,507.4,463.6,442.5,431.5,425.7,419.2,572.9,491.0,453.0,432.7,419.4,410.1,399.7,581.1,484.4,443.7,425.8,416.1,403.6,384.6,571.6,475.2,434.2,411.1,393.3,380.1,362.1,587.4,484.6,439.6,414.8,394.3,375.7,344.3,657.6,530.7,465.2,432.2,409.6,388.9,348.3,787.0,621.0,525.6,468.8,437.7,417.2,381.6,908.7,717.0,606.9,540.7,501.0,471.8,430.8,0.9141,1.1987,1.3468,0.7046,0.9665,1.1100,0.0,0.0000,2026,1.0906,550.1,03420004IUC,11.470,11575,38.8,58.5,46.8,0.0,136.4,656.4,500.5,445.5,851.5,620.8,540.5,546.0,513.7,1.0990,1.1679,503.9,414.4,395.3,39.2,158.6,610.9,430.7,417.0,394.2,372.9,351.0,324.7,304.0,345.6,397.0,1373.9,1030.6,1369.7,47.4,138.1,1416.1,892.3,820.5,769.7,789.8,800.2,830.0,948.3,1153.2,1331.6
GRE,02346,GR2231,GRE-2231,PASSEPARTOUT,JPK 39 FC,JPK Composites,JACQUE VALEUR,2021,NASPOR,,,,ORC,CLUB,C,600,25 03 2026 12:58:24,11.620,11.803,2.795,4.00,6150.,0.0,0.18,564.4,0.9608,624.5,1.2021,499.1,949.6,758.0,652.8,595.6,564.0,540.9,501.1,0.0,0.0,0.0,0.0,0.0,0.0,0.0,729.9,592.7,520.6,480.8,455.3,436.2,406.5,0.0,0.0,0.0,0.0,0.0,0.0,0.0,950.9,713.6,588.0,514.7,473.8,439.6,385.4,43.0,41.1,39.7,38.3,37.6,38.8,37.7,142.6,145.8,147.8,149.6,151.4,149.3,146.2,936.6,764.5,676.0,638.1,619.8,607.5,595.8,614.5,514.6,466.3,446.7,438.3,433.5,425.6,583.7,495.7,454.3,433.6,424.2,418.4,407.8,567.8,485.4,446.7,421.6,403.3,394.2,379.4,583.7,493.2,448.6,420.9,395.8,376.0,356.0,609.2,494.3,439.7,403.6,374.5,355.5,328.8,624.6,504.9,446.0,408.5,374.7,344.8,307.5,700.2,555.9,476.2,433.3,398.3,365.7,308.4,833.6,650.8,545.3,479.1,440.7,410.7,351.9,962.5,751.5,629.7,553.2,508.3,474.2,406.4,0.9073,1.2073,1.3959,0.7028,0.9672,1.1284,0.0,0.0000,2026,1.0996,545.6,03420004IU8,11.379,7068,34.7,42.5,39.6,0.0,132.5,661.3,497.0,429.8,853.7,620.3,531.7,538.2,516.4,1.1148,1.1620,469.5,383.4,363.0,37.4,139.5,592.2,421.4,401.9,369.0,339.0,308.6,283.3,251.3,300.4,346.8,1375.5,1037.6,1380.2,45.4,139.5,1328.6,848.6,788.3,755.1,785.5,867.6,893.7,1018.7,1231.8,1422.4
GRE,02320,GR2233,GRE-2233,ASTERAKI,Lambrusco 8.75,Cider,Fioravanti,1979,IO HALKIDAS,,,,ORC,CLUB,C,316,16 06 2026 16:36:54,8.750,6.245,1.642,2.72,2100.,0.0,0.22,752.5,0.7303,821.6,0.8946,670.7,1211.6,982.9,855.7,781.1,745.9,726.2,709.3,0.0,0.0,0.0,0.0,0.0,0.0,0.0,944.6,779.8,691.9,644.1,619.9,604.2,589.0,0.0,0.0,0.0,0.0,0.0,0.0,0.0,1205.4,925.4,774.8,687.3,644.1,609.8,557.1,43.0,41.3,40.4,39.3,39.7,40.0,41.7,148.8,152.5,156.8,161.7,168.2,174.5,177.0,1274.0,1058.2,941.4,882.7,870.3,869.0,893.4,841.0,714.0,646.4,615.7,607.7,605.3,609.5,801.2,686.8,626.7,599.5,589.9,586.5,586.0,779.1,669.4,612.7,584.4,567.2,557.8,550.3,777.7,649.4,591.9,568.0,554.3,537.0,518.4,762.9,638.5,581.8,546.0,519.4,502.6,483.9,788.0,656.4,590.8,552.5,521.4,498.1,465.2,867.2,708.6,619.0,572.9,537.0,509.9,465.1,995.3,788.3,674.1,606.1,567.2,534.4,487.2,1149.3,907.7,769.9,679.5,621.4,583.4,525.1,0.6959,0.9019,0.9960,0.5468,0.7371,0.8278,0.0,0.0000,2026,0.8248,727.4,03420004TAP,5.984,2544,15.0,15.4,24.8,52.3,47.5,862.2,665.3,602.4,1097.3,814.0,724.8,733.1,671.7,0.8185,0.8932,719.6,589.3,550.4,45.2,176.8,955.5,621.6,590.3,546.6,511.5,473.5,448.0,427.2,445.6,483.7,1740.1,1325.0,1734.5,45.8,144.3,1796.1,1147.9,1071.9,1026.8,1056.2,1046.3,1084.8,1232.8,1458.5,1684.1
GRE,02366,GR2235,GRE-2235,TEMPUS FUGIT,SUN ODYSSEY 35,JEANNEAU,,2003,NO RAHON,,,,ORC,CLUB,C,320,21 05 2026 19:21:58,10.104,9.601,1.658,3.47,5200.,0.0,0.42,734.0,0.7325,819.1,0.9302,645.0,1286.1,1010.4,863.8,775.0,724.0,697.4,679.7,0.0,0.0,0.0,0.0,0.0,0.0,0.0,978.7,779.9,674.6,613.6,579.3,560.2,543.9,0.0,0.0,0.0,0.0,0.0,0.0,0.0,1276.9,944.4,769.0,661.0,602.8,564.1,508.9,46.4,44.6,43.2,42.5,42.1,42.3,43.4,144.4,146.0,147.0,147.8,150.9,155.9,174.5,1378.4,1100.1,956.2,871.3,828.9,818.0,838.9,876.2,713.4,630.2,579.5,554.1,545.7,551.0,816.2,673.7,598.8,554.3,531.1,520.7,521.0,781.2,646.9,574.4,533.8,510.9,497.4,486.7,772.6,625.5,548.4,510.7,492.4,483.4,466.1,749.2,606.6,533.2,496.9,472.3,451.6,424.8,778.7,625.4,544.0,502.5,475.7,452.3,413.3,876.5,688.4,586.0,526.7,493.6,468.4,424.7,1033.9,797.3,668.0,587.9,536.4,504.9,462.0,1193.8,920.7,771.3,678.8,619.0,576.7,520.5,0.6824,0.9387,1.0736,0.5225,0.7394,0.8603,0.0,0.0000,2026,0.8479,707.6,03420004QQP,7.738,5727,25.7,18.4,33.8,0.0,64.8,879.2,639.2,558.9,1148.3,811.5,697.4,710.6,650.2,0.8443,0.9227,687.4,543.6,499.6,46.0,175.2,895.5,585.2,530.4,486.5,453.9,410.3,384.5,384.0,425.7,479.3,1928.0,1448.1,1914.9,48.3,142.6,2058.8,1288.7,1179.4,1117.6,1119.9,1082.7,1132.9,1303.2,1556.3,1797.1
GRE,02318,GR2240,GRE-2240,ARTEMIS,DUFOUR 34 PERFORMANCE,DUFOUR,UMBERTO FELCI,2003,LOIATh,,,,ORC,CLUB,C,420,25 06 2026 15:04:22,10.300,9.568,1.965,3.48,5958.,0.0,0.38,669.9,0.8134,737.6,1.0110,593.5,1122.0,897.9,776.8,702.7,659.4,633.9,605.7,0.0,0.0,0.0,0.0,0.0,0.0,0.0,860.4,700.6,617.2,569.7,541.8,524.8,503.8,0.0,0.0,0.0,0.0,0.0,0.0,0.0,1118.2,843.0,697.7,609.1,562.7,530.5,482.4,44.5,42.2,40.9,39.8,38.9,38.5,38.5,144.1,147.6,148.7,150.7,155.8,161.1,176.6,1159.3,947.6,835.2,766.6,730.8,717.3,712.4,751.6,630.7,566.3,531.9,514.8,506.7,502.3,709.3,601.7,546.4,517.7,502.1,493.3,487.6,681.9,581.7,531.9,506.1,490.0,478.9,466.2,693.9,575.3,518.6,491.6,475.4,466.3,452.1,685.3,565.4,511.6,484.6,464.3,446.4,418.2,708.3,581.6,520.3,490.1,468.5,448.7,413.3,793.4,637.6,553.0,509.5,484.2,463.6,425.0,939.3,734.6,622.1,553.5,514.6,491.2,456.0,1084.6,848.2,718.4,638.8,587.9,550.5,498.9,0.7687,1.0179,1.1512,0.5941,0.8187,0.9529,0.0,0.0000,2026,0.9260,647.9,03420004U5V,8.579,6588,25.7,29.7,30.8,0.0,62.6,780.5,589.4,521.2,1009.9,732.9,629.7,642.3,606.5,0.9341,0.9893,595.6,492.1,466.9,39.6,176.6,725.2,503.4,486.5,461.1,438.8,403.9,384.5,389.5,423.0,465.9,1643.4,1234.4,1640.2,47.3,140.3,1675.6,1056.6,975.7,922.8,950.3,965.1,1002.5,1156.2,1395.3,1611.2
GRE,02338,GR2254,GRE-2254,HARPY,ARCHAMBAULT A40 RC,ARCHAMBAULT,JOUBERT/NIVELT,2007,SEANATK,,,,ORC,CLUB,R,600,16 06 2026 13:13:47,11.977,10.805,2.506,3.79,6477.,138.6,0.00,562.6,0.9783,613.3,1.1931,502.9,902.1,730.8,638.8,587.7,558.3,538.8,510.1,0.0,0.0,0.0,0.0,0.0,0.0,0.0,697.3,576.9,519.1,487.7,467.9,452.6,427.3,0.0,0.0,0.0,0.0,0.0,0.0,0.0,899.5,688.5,580.1,518.9,484.8,456.7,410.8,42.5,40.4,38.6,37.4,36.8,36.5,36.2,143.3,145.8,149.7,157.6,165.5,169.3,164.7,928.8,763.8,682.7,647.1,630.8,620.9,610.9,614.4,521.1,481.7,464.6,456.3,451.0,444.7,585.5,504.6,471.1,454.5,444.5,438.6,430.9,568.0,494.8,464.0,445.5,431.7,421.4,409.2,573.7,487.8,458.0,444.4,428.1,413.6,391.3,559.4,476.2,442.3,418.9,404.0,391.9,369.9,572.7,481.5,445.2,419.3,396.0,375.4,346.2,637.2,517.3,465.1,435.6,409.9,384.0,325.1,758.2,604.3,515.2,466.8,438.4,413.4,362.2,875.5,697.7,594.9,528.2,485.9,456.7,409.4,0.9418,1.1984,1.3425,0.7349,0.9847,1.1258,0.0,0.0000,2026,1.0994,545.8,03420004TA2,10.727,7356,30.0,50.5,37.5,142.6,138.6,637.1,500.7,446.9,816.4,609.3,533.0,544.0,508.6,1.1030,1.1797,481.0,405.2,388.7,36.9,147.7,612.6,442.7,427.8,401.8,376.3,351.5,320.0,274.4,302.6,349.4,1293.1,981.2,1290.7,45.1,138.8,1316.8,843.6,788.0,752.4,776.2,777.6,805.5,907.6,1099.4,1269.5
GRE,02343,GR2257,GRE-2257,ROMINA,OCEANIS 42cc,BENETEAU,GROUP FINOT,2002,NOAM,,,,ORC,CLUB,C,400,10 03 2026 23:16:25,12.740,11.596,1.690,3.90,9638.,0.0,0.42,664.7,0.8107,740.1,1.0257,585.0,1158.3,911.7,780.5,701.7,656.3,629.9,603.7,0.0,0.0,0.0,0.0,0.0,0.0,0.0,879.6,704.0,610.9,557.7,527.8,510.1,490.3,0.0,0.0,0.0,0.0,0.0,0.0,0.0,1150.8,852.7,695.7,600.0,549.0,514.1,463.0,46.9,44.6,43.0,42.3,42.1,41.9,42.4,143.7,146.7,147.8,148.7,151.7,156.7,163.9,1233.0,985.7,859.1,785.8,748.7,733.7,731.6,780.8,639.5,566.9,523.9,502.0,493.3,489.3,725.8,604.3,539.5,502.3,482.7,473.2,467.9,691.2,579.6,518.4,484.7,465.9,454.3,443.3,697.9,570.1,502.5,469.3,453.1,444.9,426.6,678.1,552.1,487.7,456.3,436.4,420.3,398.4,700.5,566.8,496.3,460.8,438.9,420.4,389.2,790.3,624.0,533.5,482.1,453.7,433.3,397.8,938.4,725.5,607.8,534.9,489.2,461.9,426.7,1083.6,837.7,701.8,617.7,563.9,526.1,475.9,0.7577,1.0342,1.1832,0.5797,0.8173,0.9574,0.0,0.0000,2026,0.9350,641.7,03420004HCO,9.409,10337,37.4,38.3,42.0,0.0,95.5,791.9,580.2,507.1,1035.0,734.1,626.7,642.3,591.6,0.9342,1.0141,595.8,481.5,450.5,43.7,176.2,750.7,493.7,468.1,438.7,415.1,385.7,366.5,364.9,396.5,440.9,1729.0,1292.3,1718.8,49.3,140.6,1830.5,1138.2,1031.8,964.9,996.8,975.9,1014.4,1170.5,1409.4,1627.5
GRE,02344,GR2259,GRE-2259,BONITO,OCEANIS 51.1 (SD),BENETEAU,BERRET RACOUPEAU JACHTONTWERP,2016,YCG,,,,ORC,CLUB,C,960,16 04 2026 10:05:44,15.003,14.290,2.163,4.81,13930.,0.0,0.36,596.4,0.8996,666.9,1.1502,521.7,1083.5,841.2,709.0,629.1,581.5,555.0,526.2,0.0,0.0,0.0,0.0,0.0,0.0,0.0,811.2,639.6,548.5,495.9,464.8,445.8,422.7,0.0,0.0,0.0,0.0,0.0,0.0,0.0,1072.6,782.6,628.3,534.8,483.4,448.5,398.2,47.7,45.8,44.1,43.0,42.0,42.1,42.2,142.2,145.3,147.8,148.9,150.7,153.9,160.2,1192.0,931.7,793.9,712.8,667.5,646.8,634.1,749.6,596.4,517.4,471.7,446.4,432.8,423.6,690.9,558.3,489.5,449.8,427.5,415.0,405.3,634.1,514.4,457.2,432.4,412.4,399.0,382.2,588.8,482.9,430.8,405.8,392.1,383.6,370.4,597.8,485.0,427.4,397.4,376.5,358.5,334.6,627.3,500.5,434.8,401.6,379.1,358.7,323.2,706.8,553.8,470.3,422.8,395.7,374.2,334.8,844.3,650.2,540.5,472.2,429.4,403.7,367.2,974.9,750.8,624.1,545.3,495.5,463.2,418.3,0.8271,1.1591,1.3579,0.6235,0.9070,1.0893,0.0,0.0000,2026,1.0432,575.2,03420004LKF,11.534,15380,51.7,58.5,49.7,0.0,154.9,725.4,517.6,441.9,962.3,661.5,550.8,578.5,524.9,1.0371,1.1432,513.4,408.9,381.9,43.1,158.2,643.0,424.3,403.6,375.2,353.0,317.5,297.3,295.0,334.2,383.8,1629.2,1204.6,1612.6,48.9,139.9,1795.1,1118.1,1015.0,920.2,840.3,858.8,915.1,1050.0,1267.2,1463.2
GRE,02361,GR2262,GRE-2262,THESEUS,ELAN IMPRESSION 40,ELAN MARINE,HUMPHREYS,2006,NOThAK,,,,ORC,CLUB,C,750,25 05 2026 20:30:00,11.250,10.274,1.808,3.91,8000.,0.0,0.48,701.2,0.7673,782.0,0.9750,615.4,1241.2,974.4,832.1,744.4,686.3,647.2,614.1,0.0,0.0,0.0,0.0,0.0,0.0,0.0,938.7,747.1,646.5,588.2,551.3,526.5,501.8,0.0,0.0,0.0,0.0,0.0,0.0,0.0,1228.2,907.8,738.6,634.0,573.2,530.7,476.8,47.1,45.9,44.5,43.4,42.6,41.5,41.4,144.0,146.6,147.6,148.8,152.3,157.7,164.2,1371.6,1087.6,940.1,849.2,786.1,746.5,729.9,866.6,696.2,610.9,558.9,526.6,507.7,495.9,802.8,654.2,578.4,533.7,507.6,491.6,478.5,766.1,629.0,555.1,514.7,492.0,477.3,458.9,714.2,581.0,513.8,482.0,464.8,454.8,442.8,696.1,566.4,503.6,473.6,453.4,435.9,408.2,720.6,584.1,513.7,479.4,457.5,438.3,404.2,811.5,643.2,551.3,501.3,473.6,453.4,416.6,962.0,745.9,627.1,554.0,509.3,482.8,448.2,1110.8,861.3,724.1,639.7,586.5,548.0,498.2,0.7118,0.9810,1.1463,0.5416,0.7709,0.9309,0.0,0.0000,2026,0.8868,676.6,03420004R5M,8.229,9026,31.8,30.8,34.1,0.0,93.8,842.9,611.6,523.4,1107.8,778.3,644.5,680.8,617.2,0.8814,0.9721,607.1,492.3,463.5,42.8,176.6,748.7,498.3,477.8,451.3,433.5,392.8,376.7,383.5,417.4,465.5,1857.5,1386.3,1838.0,48.6,140.8,2052.4,1281.6,1167.7,1098.9,1027.3,998.3,1037.1,1196.6,1439.8,1662.5
GRE,02362,GR2270,GRE-2270,SAITA,FIRST 30,BENETEAU,SAMUEL MANUARD,2025,NAOB,,,,ORC,INTL,C,450,21 05 2026 17:50:19,9.336,9.003,2.038,2.98,2988.,114.5,0.19,627.8,0.8550,701.8,1.0696,561.0,1023.4,829.9,730.5,673.0,643.2,620.5,578.7,0.0,0.0,0.0,0.0,0.0,0.0,0.0,778.3,644.6,580.8,543.6,521.7,503.6,472.5,0.0,0.0,0.0,0.0,0.0,0.0,0.0,1017.8,777.2,656.1,582.4,541.3,507.4,450.9,45.5,43.0,39.7,39.1,40.8,40.9,40.9,143.5,147.6,147.6,152.3,153.8,151.8,144.0,1079.4,895.0,811.6,761.6,740.2,728.2,722.8,689.7,588.2,546.4,524.2,513.4,507.9,503.5,642.8,553.0,523.3,509.1,497.0,491.1,485.4,605.1,528.1,498.8,485.5,477.2,465.8,454.7,597.7,520.8,487.1,463.8,449.9,440.3,427.8,622.6,523.0,481.2,452.4,435.2,414.6,376.7,635.6,528.8,483.8,449.2,420.4,397.4,362.6,706.9,572.8,505.9,467.6,433.7,399.5,329.2,837.8,662.4,562.4,507.7,474.5,444.5,376.4,967.4,764.8,649.4,584.3,546.1,512.8,434.6,0.8433,1.0734,1.2085,0.6475,0.8599,0.9828,0.0,0.0000,2026,0.9798,612.3,03420004QQ4,8.345,3634,21.6,27.9,24.1,0.0,88.7,711.5,559.0,496.5,926.6,697.8,610.5,615.3,559.6,0.9751,1.0722,539.6,448.1,424.1,43.0,143.6,745.1,507.4,488.7,451.7,416.9,352.2,326.9,276.8,289.3,334.1,1472.0,1095.4,1465.6,48.2,140.2,1535.8,958.7,866.1,793.3,787.6,862.4,894.3,1011.2,1219.5,1408.2
GRE,02360,GR2271,GRE-2271,COPANA,FARR 640,C.N. CALASETTA,BRUCE FARR,1981,ANOG,,,,ORC,CLUB,S,266,20 05 2026 13:05:13,6.470,6.325,1.376,2.15,531.,0.0,0.23,692.4,0.7673,782.0,0.9803,612.1,1181.0,938.7,813.5,751.0,713.8,680.4,605.6,0.0,0.0,0.0,0.0,0.0,0.0,0.0,892.8,729.1,643.8,592.9,557.5,527.9,471.8,0.0,0.0,0.0,0.0,0.0,0.0,0.0,1176.9,880.6,729.7,639.1,582.3,528.8,433.4,43.2,41.5,39.4,38.5,38.4,38.5,38.9,142.4,147.1,150.8,156.6,154.8,147.5,134.9,1221.1,989.5,878.6,832.2,816.2,806.9,790.9,799.2,664.7,609.9,579.3,563.6,552.4,534.3,756.0,639.1,589.3,552.0,532.3,518.7,497.5,689.3,597.6,546.5,522.9,488.0,468.0,438.6,666.9,578.5,516.7,474.6,451.9,430.5,389.8,690.6,587.7,517.8,453.2,402.1,370.1,325.9,721.7,606.0,538.3,473.5,414.3,359.0,294.1,824.8,661.0,585.4,525.5,466.9,414.0,297.2,988.0,769.0,648.6,584.4,531.1,479.7,364.0,1140.9,888.0,748.5,669.8,611.5,553.9,420.3,0.7399,0.9798,1.1667,0.5661,0.7710,0.9081,0.0,0.0000,2026,0.8930,671.9,03420004QK9,6.382,855,9.4,18.5,3.3,0.0,17.5,810.9,612.4,514.3,1059.9,778.2,660.7,678.4,622.9,0.8845,0.9632,550.8,433.0,394.8,40.0,140.0,787.4,523.1,481.9,416.6,359.4,289.6,260.5,232.1,272.1,314.2,1728.4,1284.7,1723.8,45.3,138.8,1773.9,1137.4,1059.9,956.2,912.8,966.1,1021.4,1200.0,1457.4,1682.8
GRE,02370,GR2273,GRE-2273,SIMBA,FIRST 36.7,BENETEAU,FARR YACHT DESIGN,2000,HORC,,,,ORC,CLUB,C,650,26 05 2026 12:39:23,10.640,9.492,2.203,3.46,5200.,0.0,0.04,621.2,0.8897,674.4,1.0835,553.8,1009.6,812.7,704.3,643.2,609.2,588.2,563.8,0.0,0.0,0.0,0.0,0.0,0.0,0.0,778.6,642.0,572.0,534.2,512.3,497.0,476.1,0.0,0.0,0.0,0.0,0.0,0.0,0.0,1009.6,766.3,639.5,568.0,531.2,502.6,456.1,42.6,40.6,38.9,37.4,37.2,37.1,37.4,145.1,149.8,153.4,159.7,166.4,173.6,177.2,1010.3,834.9,742.3,698.8,682.8,675.2,672.3,666.3,567.8,522.4,501.5,492.6,488.3,484.6,634.5,548.7,510.7,491.1,480.7,475.9,470.8,614.9,537.0,502.5,482.2,467.9,458.2,448.8,626.9,541.0,499.9,479.1,463.8,448.9,428.3,641.2,536.3,492.7,467.3,446.6,430.5,411.6,662.8,550.1,499.6,471.3,448.1,427.0,392.1,739.6,599.0,526.3,489.3,463.7,439.8,395.0,873.8,684.5,579.4,519.9,487.2,463.3,419.2,1008.9,790.4,666.3,587.6,535.6,501.2,455.4,0.8447,1.0902,1.2171,0.6585,0.8966,1.0269,0.0,0.0000,2026,0.9979,601.2,03420004R76,9.313,6088,26.0,37.7,36.9,83.7,0.0,710.3,550.4,493.0,911.2,669.2,584.3,595.0,566.5,1.0084,1.0591,549.0,461.8,441.5,38.5,173.6,682.3,485.1,470.0,443.6,417.4,401.4,372.3,346.4,376.4,415.7,1456.0,1096.3,1459.2,45.9,139.0,1424.0,908.6,847.0,807.2,829.7,893.3,927.3,1065.4,1288.7,1488.1
GRE,02369,GR2279,GRE-2279,TITI,FIRST 44 GTE,BENETEAU,BISCONTINI,2022,NOAM,,,,ORC,CLUB,C,800,25 05 2026 17:48:58,13.165,12.321,2.041,4.25,10660.,0.0,0.26,584.8,0.9256,648.2,1.1603,517.1,995.6,793.3,680.9,614.6,579.4,558.8,535.5,0.0,0.0,0.0,0.0,0.0,0.0,0.0,757.9,613.7,537.9,495.4,471.4,455.8,435.3,0.0,0.0,0.0,0.0,0.0,0.0,0.0,987.7,742.0,609.6,530.7,489.8,460.0,412.6,46.3,44.1,42.6,41.3,40.8,40.4,40.6,142.4,146.2,148.0,150.9,153.6,158.1,161.8,1075.0,865.3,754.3,690.1,658.2,644.8,638.6,683.0,563.6,501.7,468.0,450.6,441.9,436.2,635.6,533.3,480.7,452.5,436.9,427.7,420.7,604.1,512.4,465.8,440.9,425.0,413.2,397.3,605.7,499.7,450.4,427.4,416.3,407.6,386.1,583.6,481.5,436.0,411.1,391.4,375.9,357.7,595.0,488.7,440.5,414.3,392.8,373.5,340.0,666.4,532.3,464.8,431.0,408.1,387.2,347.2,793.5,624.7,526.1,467.3,436.3,416.0,381.3,916.2,721.3,607.5,539.2,500.7,472.8,432.4,0.8749,1.1686,1.3273,0.6708,0.9334,1.0806,0.0,0.0000,2026,1.0603,565.9,03420004R59,10.843,11847,40.5,48.8,49.8,0.0,157.3,685.8,513.4,452.0,894.5,642.8,555.2,567.2,520.8,1.0579,1.1522,524.7,422.5,398.5,41.6,157.4,650.1,437.4,419.8,391.1,369.7,342.7,319.9,303.4,347.5,399.4,1458.2,1093.3,1447.1,48.9,139.0,1569.3,977.0,887.3,826.0,848.2,828.1,850.9,963.3,1166.6,1347.1
GRE,02376,GR2280,GRE-2280,LALKA,FIGARO 3,BENETEAU,PETEGHEM/PREVOST,2017,NIOP,,,,ORC,INTL,R,510,30 06 2026 13:55:24,9.753,9.416,2.490,3.45,3152.,115.8,0.00,568.6,0.9446,635.2,1.1806,508.2,915.1,747.9,662.0,612.9,583.8,558.7,514.4,0.0,0.0,0.0,0.0,0.0,0.0,0.0,700.5,587.8,531.0,495.0,470.2,449.7,413.8,0.0,0.0,0.0,0.0,0.0,0.0,0.0,914.1,704.1,597.4,530.1,488.5,451.8,389.9,43.5,41.1,38.3,37.7,37.1,36.7,36.7,142.8,146.7,149.1,152.5,150.4,147.5,141.6,925.3,776.6,712.1,677.5,660.0,649.5,640.0,604.6,525.0,496.0,481.9,470.5,462.1,451.6,570.5,506.0,478.7,463.2,451.6,441.8,428.8,545.7,491.6,459.0,435.3,420.3,409.4,392.7,546.1,489.7,453.5,422.3,397.0,378.8,352.7,577.6,493.2,447.3,411.5,386.7,367.4,325.8,587.5,497.0,449.7,409.2,374.2,345.8,302.4,659.0,530.7,474.4,432.3,393.4,356.9,280.4,783.6,622.9,529.9,476.5,439.6,405.2,336.7,904.9,719.3,611.9,548.3,507.5,467.8,388.7,0.9315,1.1798,1.3595,0.7216,0.9475,1.0942,0.0,0.0000,2026,1.0830,554.0,03420004UF5,9.565,3883,22.9,40.3,30.4,0.0,115.3,644.1,508.6,441.3,831.5,633.2,548.3,554.7,513.6,1.0817,1.1682,459.1,373.7,352.1,37.4,142.8,639.2,446.4,421.9,378.4,331.7,263.8,257.0,213.2,241.6,278.9,1299.6,971.6,1300.6,46.6,139.6,1290.0,816.6,749.9,696.8,700.0,785.5,832.7,938.3,1133.9,1309.3
GRE,02379,GR2284,GRE-2284,DELOS,SUNSHINE 36,JEANNEAU,T.CASTRO,1982,SEANATK,,,,ORC,CLUB,C,400,08 07 2026 11:53:34,10.662,8.888,1.892,3.81,5385.,0.0,0.16,648.7,0.8490,706.7,1.0343,580.1,1043.7,842.9,735.1,674.8,642.1,622.3,601.4,0.0,0.0,0.0,0.0,0.0,0.0,0.0,804.1,665.6,597.0,560.5,539.7,525.2,506.2,0.0,0.0,0.0,0.0,0.0,0.0,0.0,1041.3,793.9,667.2,596.6,559.7,530.8,483.8,43.9,41.6,40.1,38.9,38.5,38.8,39.5,145.9,150.5,154.1,161.0,167.8,176.3,177.2,1067.7,885.0,793.4,750.5,734.9,728.2,730.4,697.8,595.3,549.7,529.7,520.6,516.5,514.3,661.5,572.9,535.5,517.4,507.7,503.1,499.4,637.5,558.5,525.0,506.3,493.8,484.8,475.7,646.8,561.2,522.9,503.3,487.8,474.5,454.4,656.1,553.1,512.1,488.4,469.2,453.7,435.4,675.8,564.2,516.8,490.4,468.8,448.4,417.3,749.4,610.1,540.5,505.7,481.3,457.9,415.1,883.0,693.8,589.3,533.5,503.1,480.1,435.3,1019.6,800.8,676.8,599.1,549.3,516.5,472.3,0.8165,1.0412,1.1501,0.6361,0.8562,0.9686,0.0,0.0000,2026,0.9532,629.5,03420004UWE,8.403,5988,25.4,33.2,38.6,82.1,0.0,734.8,576.3,521.7,943.2,700.8,619.5,627.1,586.2,0.9569,1.0236,591.4,496.7,472.2,41.2,175.4,751.1,517.3,500.7,471.6,442.7,428.0,402.3,380.4,396.8,431.7,1503.6,1130.1,1503.3,46.7,138.6,1506.2,953.2,881.4,833.3,853.9,910.6,941.8,1075.1,1299.9,1501.0
GRE,00449,GR2318,GRE-2318,MARILENA,FANDANGO 33,JOUET,Yves Mareschal,1971,SEANATK,,,,ORC,CLUB,C,320,12 03 2026 14:28:24,9.890,7.867,1.596,3.34,4552.,0.0,0.62,766.5,0.7148,839.4,0.8867,676.6,1303.2,1031.1,886.5,797.3,744.3,713.7,687.6,0.0,0.0,0.0,0.0,0.0,0.0,0.0,1001.3,805.7,704.1,647.1,614.8,594.7,572.5,0.0,0.0,0.0,0.0,0.0,0.0,0.0,1292.5,966.0,795.2,693.2,638.5,600.1,543.0,46.0,43.8,42.6,42.0,41.9,41.9,42.1,147.9,151.2,152.8,159.1,165.1,171.3,177.7,1409.2,1135.6,999.9,921.7,877.4,856.3,852.7,900.3,743.4,663.3,618.0,593.6,580.2,574.4,843.4,705.4,633.2,594.7,573.4,561.0,552.8,812.7,679.8,610.4,575.2,555.3,542.3,526.2,806.7,662.4,592.3,560.1,546.1,535.5,512.3,776.7,638.1,572.8,541.8,521.0,503.1,482.5,801.6,651.7,577.6,543.1,520.4,499.6,465.1,899.3,710.4,607.5,558.3,530.6,507.7,464.8,1036.7,803.2,671.2,593.9,553.8,528.8,485.7,1197.1,926.6,773.0,672.9,611.2,571.0,522.5,0.6641,0.8939,1.0146,0.5141,0.7201,0.8432,0.0,0.0000,2026,0.8129,738.1,03420004HJ6,6.559,5042,21.0,17.0,29.8,69.1,0.0,903.5,671.2,591.4,1167.1,833.2,711.6,746.3,674.2,0.8040,0.8900,684.1,565.6,531.9,43.7,176.3,884.5,582.2,554.8,520.9,495.4,470.4,449.8,435.1,448.4,483.7,1934.3,1463.3,1920.0,47.8,145.7,2077.4,1305.0,1198.6,1139.6,1157.3,1105.3,1148.6,1320.9,1551.2,1791.2
GRE,00761,GR2380,GRE-2380,JUNIOR,J-80,J. COMPOSITE,R. JOHNSTONE,1992,NOTK,,,,ORC,INTL,S,410,18 03 2026 15:19:36,8.032,7.292,1.503,2.49,1489.,104.3,0.13,663.2,0.8221,729.8,1.0098,594.2,1052.8,855.1,752.3,702.7,676.7,653.7,594.7,0.0,0.0,0.0,0.0,0.0,0.0,0.0,813.3,678.2,613.3,578.7,555.7,535.6,494.9,0.0,0.0,0.0,0.0,0.0,0.0,0.0,1045.6,804.9,683.6,616.3,576.3,540.3,472.4,43.3,41.3,38.9,37.8,37.5,37.4,38.0,144.2,148.5,151.6,153.7,153.0,147.3,141.5,1124.3,926.1,824.6,786.7,773.5,766.4,764.1,737.4,626.9,581.6,563.2,555.4,550.3,545.0,700.3,605.6,568.0,548.4,538.9,532.5,525.1,678.5,592.7,556.1,531.6,515.2,505.4,492.3,656.7,571.7,545.1,526.1,502.7,484.1,456.6,639.1,555.4,514.9,488.2,467.4,447.4,411.4,653.1,560.7,514.4,478.3,444.7,417.7,375.9,721.9,596.4,538.7,496.0,454.0,408.3,323.9,849.8,678.9,589.5,539.2,503.4,468.5,368.3,981.2,784.0,679.9,618.8,579.8,541.0,425.3,0.8045,1.0122,1.1421,0.6290,0.8271,0.9414,0.0,0.0000,2026,0.9310,644.5,03420004I7I,7.249,2044,13.7,21.6,14.5,0.0,65.1,745.8,592.8,525.3,953.9,725.4,637.3,651.4,591.0,0.9211,1.0153,547.0,465.7,440.1,39.9,146.2,785.1,547.3,524.6,486.4,440.0,383.1,339.3,273.9,267.5,308.9,1502.8,1141.4,1493.8,46.0,140.5,1592.9,1015.1,944.7,899.2,908.4,882.6,907.5,1017.0,1223.4,1412.7
GRE,00638,GR24,GRE-24,AVGI,NEK 24,NEK YACHTS,NEK DESIGN,1985,IOAThA,,,,ORC,CLUB,C,400,25 03 2026 14:28:28,7.266,6.396,1.347,2.50,1534.,97.1,0.36,809.7,0.6820,879.7,0.8362,717.6,1345.9,1079.2,934.5,840.2,777.9,741.9,715.4,0.0,0.0,0.0,0.0,0.0,0.0,0.0,1037.2,847.6,749.4,691.7,653.8,628.2,599.1,0.0,0.0,0.0,0.0,0.0,0.0,0.0,1339.4,1013.2,842.8,738.7,678.4,635.0,573.0,44.5,42.9,42.3,41.4,39.4,38.2,38.6,149.8,154.3,160.4,165.5,176.8,178.6,178.6,1411.3,1164.7,1036.2,951.2,892.1,859.5,858.7,915.7,768.8,691.3,651.6,629.2,614.9,607.3,865.2,733.8,667.8,634.3,614.2,599.4,587.8,834.6,710.3,650.7,619.4,598.2,580.7,554.7,823.4,687.0,626.8,595.4,572.2,554.4,534.1,825.8,689.7,629.0,595.3,565.8,537.3,491.2,860.3,710.5,640.0,604.4,575.7,546.2,490.8,964.0,774.8,674.1,624.7,593.6,565.5,508.5,1109.0,864.9,733.0,657.6,617.5,589.1,534.9,1280.6,993.8,832.9,729.1,663.7,624.4,572.0,0.6367,0.8398,0.9620,0.4948,0.6849,0.8098,0.0,0.0000,2026,0.7679,781.4,03420004IVI,5.663,2040,12.4,15.3,10.5,23.2,0.0,942.4,714.5,623.7,1212.6,876.0,740.9,780.7,724.4,0.7685,0.8283,706.8,583.8,550.7,40.8,178.1,891.9,611.3,587.7,545.7,508.2,466.7,449.4,459.0,484.5,521.7,1980.4,1492.1,1974.3,47.1,146.0,2041.0,1288.6,1192.3,1132.1,1145.0,1149.2,1213.5,1408.9,1662.5,1919.7
GRE,00829,GR2501,GRE-2501,ANDROMEDA,PLATU 25,BENETEAU,BRUCE FARR,1995,OEANAB,,,,ORC,INTL,S,400,27 08 2026 07:46:01,7.530,7.031,1.593,2.58,1246.,103.2,0.00,673.9,0.8126,738.4,0.9890,606.6,1052.3,852.6,758.5,712.7,685.4,664.6,629.2,0.0,0.0,0.0,0.0,0.0,0.0,0.0,813.8,681.7,623.7,592.1,570.4,552.2,522.0,0.0,0.0,0.0,0.0,0.0,0.0,0.0,1050.6,806.0,692.6,630.1,591.0,556.4,497.9,42.5,39.9,37.6,37.2,37.4,37.5,38.3,145.3,150.1,156.1,165.1,170.5,169.1,157.3,1069.3,888.9,822.8,804.2,796.1,791.4,794.1,709.7,616.8,587.4,577.0,570.9,566.6,563.2,678.6,600.4,573.1,560.6,553.2,547.6,541.9,661.7,590.5,558.7,537.9,525.8,517.0,506.3,662.8,585.3,557.1,527.9,505.8,490.1,470.0,659.3,574.1,533.7,506.1,487.1,470.3,441.2,678.8,585.0,537.8,498.6,468.2,444.2,408.8,754.4,622.1,566.4,524.3,483.7,440.4,363.3,896.6,707.0,608.7,559.7,520.8,483.4,403.8,1035.3,816.3,694.3,621.2,574.8,537.8,464.3,0.8024,0.9922,1.1001,0.6300,0.8187,0.9139,0.0,0.0000,2026,0.9151,655.6,03420004WPS,6.963,1776,12.1,20.9,12.8,42.8,0.0,747.8,604.7,545.4,952.4,732.9,656.5,659.7,605.5,0.9095,0.9909,589.9,497.6,470.9,41.1,146.6,832.2,570.8,545.5,502.9,458.5,410.8,379.1,309.1,301.1,347.6,1498.9,1136.1,1498.7,45.2,138.6,1501.2,965.0,904.7,867.5,892.9,905.8,939.4,1074.1,1296.2,1496.7
GRE,PLAT25,GR2502,GRE-2502,ALKYON,PLATU 25 OD,BENETEAU,FARR,1997,NOPF,,,,ORC,INTL,S,430,22 06 2026 21:06:40,7.530,7.044,1.592,2.58,1233.,107.8,0.00,664.6,0.8274,725.2,1.0056,596.7,1046.0,846.8,746.4,698.3,670.0,648.7,610.9,0.0,0.0,0.0,0.0,0.0,0.0,0.0,809.1,677.3,615.6,581.9,558.4,538.8,505.0,0.0,0.0,0.0,0.0,0.0,0.0,0.0,1044.5,800.6,682.7,618.5,578.2,542.5,481.9,42.5,40.2,37.1,36.3,36.1,36.1,36.6,145.1,150.1,156.3,165.1,170.0,168.9,155.7,1060.6,879.8,800.3,777.0,766.7,760.8,759.5,704.2,610.3,578.6,565.1,557.7,552.5,546.8,673.6,595.6,565.8,549.0,540.1,533.4,525.4,657.2,588.2,553.5,529.3,513.6,503.6,489.4,661.1,579.3,549.8,523.1,497.8,478.4,452.4,656.9,572.7,528.3,496.8,474.7,456.2,424.1,675.8,583.5,536.6,494.0,458.4,429.8,391.1,750.3,619.6,564.5,522.6,481.8,438.0,349.9,893.2,704.9,607.2,558.0,519.1,481.7,401.6,1031.4,813.7,692.5,619.6,573.4,536.5,462.4,0.8073,1.0081,1.1298,0.6340,0.8337,0.9377,0.0,0.0000,2026,0.9302,645.0,03420004TR3,7.216,1793,12.1,21.2,13.3,44.6,0.0,743.2,595.2,531.1,946.4,719.7,639.9,647.5,600.4,0.9267,0.9994,560.7,473.7,449.4,38.7,145.2,782.8,550.3,525.1,483.9,437.6,391.8,356.5,286.9,293.3,338.7,1485.5,1126.2,1485.5,45.2,138.8,1485.6,954.9,895.1,858.3,883.2,901.4,934.2,1066.7,1286.4,1485.5
GRE,00953,GR2503,GRE-2503,INSOMNIA,PLATU 25 OD,BENETEAU,BRUCE FARR,1997,NOThAK,,,,ORC,CLUB,S,380,15 04 2026 22:52:49,7.530,7.026,1.595,2.58,1256.,109.0,0.00,673.1,0.8137,737.4,0.9906,605.7,1051.6,852.5,757.8,711.7,684.1,663.3,627.7,0.0,0.0,0.0,0.0,0.0,0.0,0.0,813.3,681.7,623.2,591.2,569.1,550.6,519.8,0.0,0.0,0.0,0.0,0.0,0.0,0.0,1050.1,805.9,692.1,629.2,589.6,554.6,495.4,42.5,39.8,37.6,37.2,37.4,37.5,38.2,145.3,150.1,156.2,165.1,170.4,169.1,157.3,1066.7,888.0,821.0,801.8,793.3,788.6,791.1,708.1,616.6,586.5,575.5,569.1,564.9,561.3,677.1,600.4,572.4,559.1,551.3,545.6,539.5,660.4,589.8,558.5,536.9,523.9,514.9,503.2,663.3,585.2,556.5,527.7,505.0,488.4,466.7,659.9,574.5,533.6,504.4,484.5,467.3,437.5,679.5,585.2,538.1,498.7,466.6,440.8,405.0,755.4,622.6,566.6,524.6,483.8,440.7,361.7,897.6,707.6,609.0,559.9,520.9,483.4,403.8,1036.4,816.9,694.6,621.5,574.9,537.9,464.2,0.8027,0.9936,1.1037,0.6302,0.8198,0.9159,0.0,0.0000,2026,0.9164,654.7,03420004LII,6.981,1766,12.1,20.8,12.9,42.3,0.0,747.5,603.9,543.6,952.1,731.9,655.1,658.7,605.4,0.9109,0.9911,588.1,494.7,467.9,41.0,146.5,828.1,568.4,542.6,499.6,454.3,406.8,374.5,304.2,301.5,348.1,1498.0,1135.2,1498.2,45.2,138.6,1496.8,962.2,902.1,865.0,890.3,906.9,940.8,1075.8,1298.4,1499.2
GRE,00894,GR2504,GRE-2504,LA DOSE,PLATU 25 OD,BENETEAU,FARR,1995,NOThAK,,,,ORC,CLUB,S,380,15 04 2026 22:27:40,7.530,6.954,1.582,2.58,1162.,108.4,0.00,665.7,0.8222,729.8,1.0027,598.4,1043.6,844.8,749.6,704.4,677.0,655.7,617.5,0.0,0.0,0.0,0.0,0.0,0.0,0.0,807.2,676.0,616.8,584.2,561.1,541.6,508.4,0.0,0.0,0.0,0.0,0.0,0.0,0.0,1042.2,798.8,684.8,621.8,581.2,545.0,483.8,42.5,40.0,37.4,37.1,37.1,37.1,37.8,145.1,150.1,156.3,165.1,169.6,168.0,150.9,1057.9,878.2,808.7,790.1,781.8,777.4,779.9,701.7,610.4,580.5,569.2,562.6,558.1,554.1,670.9,594.9,566.5,552.3,544.0,537.9,531.3,654.3,586.1,552.4,529.3,515.7,506.2,493.7,659.0,579.4,550.6,520.2,495.9,477.8,453.8,655.9,571.2,526.6,495.2,473.3,454.2,421.9,675.0,582.3,533.5,490.5,454.5,426.4,388.9,750.5,619.2,563.9,520.3,477.3,431.3,344.5,891.4,702.8,605.8,557.1,516.7,477.3,394.3,1029.3,811.4,690.5,618.7,572.3,534.1,455.1,0.8090,1.0051,1.1235,0.6354,0.8283,0.9277,0.0,0.0000,2026,0.9275,646.9,03420004LIH,7.049,1665,11.8,21.0,13.0,40.8,0.0,741.7,597.0,534.0,944.3,724.4,646.8,651.0,599.6,0.9217,1.0007,573.9,481.4,454.0,40.6,146.0,815.2,561.4,534.1,489.6,440.6,389.8,355.2,286.7,288.1,332.6,1485.9,1125.6,1486.1,45.3,138.9,1483.7,953.0,892.9,855.3,879.7,901.0,934.9,1068.6,1288.7,1488.1
GRE,00833,GR2519,GRE-2519,BLACK SHEEP,PLATU 25 OD,BENETEAU,B. FARR,1995,NOThAK,,,,ORC,CLUB,S,380,15 04 2026 22:54:07,7.530,7.006,1.591,2.58,1231.,108.9,0.00,668.1,0.8213,730.5,0.9994,600.3,1048.9,848.7,751.1,704.4,676.4,655.2,617.8,0.0,0.0,0.0,0.0,0.0,0.0,0.0,811.2,678.9,618.7,585.7,562.7,543.4,510.9,0.0,0.0,0.0,0.0,0.0,0.0,0.0,1047.2,802.4,686.6,623.0,582.8,547.2,487.1,42.5,40.0,37.3,36.8,36.7,36.7,37.4,145.3,150.1,156.2,165.1,170.0,168.7,155.7,1065.9,883.7,809.8,788.8,779.4,774.3,775.0,707.4,613.6,582.4,570.0,563.1,558.5,554.0,676.4,597.8,568.8,553.5,545.1,538.9,532.0,659.6,589.2,555.6,532.3,517.8,508.4,495.5,660.9,581.5,553.3,524.4,500.0,481.8,458.1,657.4,572.7,529.7,499.1,477.8,459.6,428.4,676.7,583.7,536.0,494.4,460.2,432.6,395.6,751.9,620.5,565.0,522.5,480.9,436.5,352.7,893.6,704.8,607.2,558.3,518.9,480.7,400.0,1031.8,813.7,692.4,619.9,573.5,536.1,460.6,0.8053,1.0021,1.1193,0.6324,0.8276,0.9281,0.0,0.0000,2026,0.9247,648.9,03420004LIJ,7.086,1739,12.0,21.0,12.7,42.7,0.0,745.1,598.7,536.0,948.8,725.0,646.5,652.5,601.8,0.9196,0.9969,573.1,482.9,457.2,39.9,145.9,806.4,559.9,533.9,491.1,444.7,396.9,362.9,292.5,294.2,339.7,1493.5,1132.1,1493.2,45.2,138.8,1496.2,961.7,901.5,864.3,889.3,902.7,936.3,1070.2,1291.0,1490.8
GRE,01148,GR2522,GRE-2522,MAXIMA,PLATU 25,Beneteau,Bruce Farr,1995,OEA NAB,,,,ORC,INTL,S,320,29 04 2026 09:40:16,7.530,6.980,1.596,2.58,1266.,112.2,0.00,671.8,0.8141,737.0,0.9905,605.8,1040.2,847.1,758.6,712.7,684.9,663.6,627.7,0.0,0.0,0.0,0.0,0.0,0.0,0.0,805.3,678.7,623.4,592.1,570.2,551.9,521.9,0.0,0.0,0.0,0.0,0.0,0.0,0.0,1039.0,801.2,692.4,630.1,590.7,556.4,497.9,42.3,39.4,37.7,37.2,37.4,37.4,38.5,145.1,150.2,156.3,165.1,169.8,168.2,151.8,1052.3,883.2,826.8,807.2,798.0,793.2,799.3,700.1,615.3,588.7,578.6,572.3,568.2,565.5,669.8,599.6,573.6,562.1,554.7,549.2,544.2,653.7,588.3,558.1,538.8,527.4,518.7,508.4,660.8,587.1,554.7,527.2,506.5,491.6,471.5,654.7,573.1,534.4,507.7,489.0,472.2,441.6,673.7,582.0,535.7,498.2,467.8,445.4,410.0,748.5,618.2,563.1,520.1,477.8,435.3,360.5,890.3,702.5,605.7,556.5,516.6,477.7,395.3,1028.0,811.0,690.4,618.2,571.9,534.1,456.2,0.8086,0.9929,1.1005,0.6358,0.8194,0.9153,0.0,0.0000,2026,0.9168,654.5,03420004NJJ,6.913,1710,11.9,21.2,13.2,43.4,0.0,742.0,604.3,545.2,943.7,732.2,655.5,659.2,602.9,0.9102,0.9953,592.1,500.0,472.5,41.5,148.0,843.0,574.4,548.8,505.9,460.4,410.2,381.1,311.8,295.6,341.3,1477.8,1120.3,1478.2,45.2,139.0,1473.7,948.0,889.1,852.7,877.8,897.8,931.3,1064.0,1283.2,1481.8
GRE,01037,GR2644,GRE-2644,MOUNT KANDILI,SONATA 26,SONATA YACHTS,GARY MULL,1980,NAOL,,,,ORC,CLUB,C,355,16 04 2026 09:36:15,7.827,6.835,1.804,2.50,1664.,0.0,0.34,744.4,0.7492,800.9,0.9057,662.4,1212.6,972.1,842.4,762.5,716.4,692.1,666.3,0.0,0.0,0.0,0.0,0.0,0.0,0.0,939.0,769.3,686.6,639.6,610.5,591.4,562.3,0.0,0.0,0.0,0.0,0.0,0.0,0.0,1211.3,916.2,766.0,678.9,632.3,598.5,540.2,42.4,40.8,39.2,37.2,35.9,35.7,36.2,147.9,151.8,156.5,164.2,172.7,178.6,178.1,1225.9,1011.4,901.7,836.3,801.7,789.4,787.5,814.3,686.8,633.9,606.9,590.6,581.8,577.0,777.4,664.0,619.2,595.3,578.9,568.3,560.7,756.0,650.7,608.0,584.4,566.3,550.9,531.4,761.5,639.8,593.3,567.6,549.7,538.6,509.7,761.6,640.3,592.6,563.1,535.6,508.9,467.4,793.9,657.7,601.4,571.3,543.6,514.0,457.7,891.4,717.3,630.8,590.5,562.4,534.1,472.8,1038.6,809.2,684.7,619.9,585.5,559.3,503.8,1199.3,932.8,783.1,688.8,631.0,594.9,545.0,0.7024,0.9107,1.0252,0.5493,0.7546,0.8715,0.0,0.0000,2026,0.8355,718.2,03420004LKC,6.606,2141,13.0,15.5,13.7,29.4,0.0,854.2,658.8,585.3,1092.3,795.1,688.5,712.2,675.6,0.8425,0.8881,647.2,540.9,513.9,37.6,174.8,801.5,577.2,558.7,523.4,486.9,446.7,410.4,410.5,447.6,492.9,1770.5,1340.2,1772.4,44.9,143.5,1750.9,1127.3,1057.0,1015.2,1047.9,1062.9,1118.0,1295.0,1550.2,1790.0
GRE,01201,GR27,GRE-27,ALS,DUFOUR 425 GL,DUFOUR,UMBERTO FELCI,2006,IOP,,,,ORC,CLUB,C,740,17 03 2026 21:39:46,12.600,11.348,2.101,4.17,8820.,0.0,0.38,633.6,0.8587,698.7,1.0755,557.9,1094.4,865.9,741.6,664.3,616.0,587.0,557.2,0.0,0.0,0.0,0.0,0.0,0.0,0.0,835.3,671.7,584.6,533.8,502.7,482.9,460.2,0.0,0.0,0.0,0.0,0.0,0.0,0.0,1089.8,811.6,663.5,572.2,522.2,488.0,441.1,45.5,43.7,42.1,40.8,39.4,38.7,39.1,143.5,147.0,148.5,149.6,152.5,157.7,176.2,1140.1,917.9,799.1,724.5,678.5,656.3,646.0,730.0,601.3,534.2,496.0,474.4,462.9,455.9,683.7,570.7,512.4,480.9,462.5,451.3,442.5,654.8,550.5,497.3,469.2,452.0,439.3,423.1,668.5,549.7,486.7,455.4,437.1,424.8,412.0,661.5,537.9,477.8,448.2,427.8,409.8,380.2,682.2,553.5,487.2,454.0,432.2,412.9,378.0,765.2,608.1,522.6,475.2,448.3,428.1,391.2,908.2,704.8,592.5,523.2,481.0,455.7,421.4,1048.7,813.9,684.1,604.1,553.6,517.7,468.5,0.7962,1.0821,1.2517,0.6122,0.8635,1.0290,0.0,0.0000,2026,0.9820,611.0,03420004I4S,9.922,9882,35.1,37.4,42.9,0.0,86.5,753.6,554.5,479.3,980.1,694.8,583.1,605.1,572.2,0.9916,1.0487,544.7,447.1,424.3,40.1,176.8,655.0,456.4,441.2,417.4,397.1,361.9,346.2,355.8,390.5,434.4,1619.2,1214.2,1614.0,47.8,140.3,1671.0,1047.8,960.1,903.0,930.9,946.3,979.5,1126.3,1357.3,1567.3
GRE,00228,GR2710,GRE-2710,SOPHIA,NEREIS 32 st. ext.,AKROPRORO,VAN DE STADT,1981,NOTK,,,,ORC,CLUB,C,300,05 04 2026 17:53:16,9.514,7.858,1.530,3.25,4490.,0.0,0.60,756.2,0.7174,836.3,0.8956,669.9,1272.4,1016.3,880.5,797.1,746.4,717.3,696.7,0.0,0.0,0.0,0.0,0.0,0.0,0.0,973.3,789.8,695.4,642.4,611.8,593.6,574.8,0.0,0.0,0.0,0.0,0.0,0.0,0.0,1263.5,951.6,788.0,689.2,635.7,598.4,542.1,46.0,44.1,43.0,42.6,42.7,42.5,43.3,145.3,147.1,152.9,157.9,170.9,177.7,179.0,1361.8,1106.9,980.0,909.6,875.6,862.5,871.3,867.7,722.8,648.1,607.8,587.9,580.0,578.4,811.3,685.0,619.0,585.4,567.3,558.5,554.2,778.1,658.5,597.2,566.5,548.5,536.8,525.5,778.6,641.8,576.9,546.8,530.3,521.8,504.8,758.5,625.0,564.9,535.1,513.1,493.4,465.7,784.5,641.9,572.9,539.4,515.7,493.5,456.4,873.2,699.9,605.5,558.0,530.3,507.6,464.0,1024.6,801.7,678.0,601.5,559.2,533.3,490.8,1183.1,925.7,781.1,684.6,617.2,572.0,522.2,0.6806,0.9027,1.0151,0.5243,0.7225,0.8370,0.0,0.0000,2026,0.8196,732.1,03420004KC7,6.624,4950,20.1,21.2,29.4,0.0,58.1,881.6,664.7,591.1,1144.4,830.4,716.8,736.1,669.8,0.8151,0.8958,694.7,568.6,530.2,45.1,178.6,906.7,587.5,556.3,520.8,490.7,453.3,434.9,433.5,452.8,482.7,1874.7,1409.4,1863.3,48.4,142.4,1988.7,1241.4,1133.5,1071.0,1101.7,1071.8,1115.1,1275.5,1524.9,1760.8
GRE,00298,GR29YCA,GRE-29 YCA,IOS,YCA 29,MARINE PROJECTS,J.EVERITT,1979,IO PATRON,,,,ORC,CLUB,C,360,14 04 2026 20:21:37,8.850,7.000,1.611,2.97,3465.,0.0,0.66,774.2,0.7130,841.5,0.8743,686.3,1279.9,1025.5,887.3,800.4,750.4,723.1,699.4,0.0,0.0,0.0,0.0,0.0,0.0,0.0,992.9,808.2,712.2,658.3,628.0,609.2,587.6,0.0,0.0,0.0,0.0,0.0,0.0,0.0,1272.7,963.8,800.3,702.7,651.5,615.6,560.9,44.3,42.6,41.3,40.5,39.9,39.7,40.1,148.4,152.1,154.6,161.0,166.8,175.8,177.9,1351.4,1108.6,982.3,907.5,868.4,853.1,854.5,878.4,736.6,663.7,625.4,605.5,595.7,592.4,832.4,703.5,640.0,607.5,589.9,579.8,574.2,806.9,681.8,621.6,591.7,573.9,561.4,545.9,816.4,673.7,607.4,578.7,564.9,552.8,527.9,796.4,657.6,594.8,564.3,542.1,523.0,499.3,824.6,673.8,601.3,566.8,542.0,519.4,484.5,910.8,729.0,629.9,582.9,554.8,530.0,486.7,1046.5,817.8,689.9,616.0,578.1,552.6,507.3,1208.4,942.5,792.3,693.4,632.4,593.0,544.4,0.6663,0.8808,0.9905,0.5205,0.7180,0.8321,0.0,0.0000,2026,0.8041,746.2,03420004LA2,6.208,3976,18.3,15.9,25.2,53.6,0.0,900.5,681.2,605.8,1152.7,835.7,721.1,749.4,689.3,0.8006,0.8704,690.3,577.8,547.6,41.4,177.2,876.8,595.0,573.2,540.4,510.9,487.0,467.9,456.5,471.4,503.8,1876.1,1426.1,1868.5,47.0,145.3,1952.7,1236.4,1149.1,1098.7,1133.9,1121.3,1168.9,1318.7,1558.4,1799.5
GRE,00637,GR293,GRE-293,VENCEREMOS,OCEANIS 311,BENETEAU SA,FINOT,1998,NO RAFINAS ALKYON,,,,ORC,CLUB,C,559,25 05 2026 12:59:08,9.540,8.807,1.490,3.23,4085.,0.0,0.34,701.8,0.7697,779.5,0.9640,622.4,1175.8,944.6,819.9,744.5,697.5,670.9,646.1,0.0,0.0,0.0,0.0,0.0,0.0,0.0,897.7,732.9,647.7,599.0,568.4,549.5,527.3,0.0,0.0,0.0,0.0,0.0,0.0,0.0,1165.9,883.4,733.8,642.1,590.5,554.5,500.1,45.7,44.1,42.6,41.5,40.4,40.2,40.6,144.2,147.8,148.9,151.3,156.5,161.5,179.8,1275.6,1039.1,914.1,837.8,793.0,776.3,775.3,817.0,677.4,607.4,568.6,546.5,535.5,530.9,766.0,643.4,582.1,549.4,530.2,519.1,512.0,736.2,622.4,563.7,533.7,515.2,501.5,485.3,700.7,585.4,533.4,507.9,493.6,484.7,469.1,687.9,574.0,523.9,495.8,473.1,453.7,426.0,708.5,588.7,532.3,501.3,476.3,453.2,410.8,789.0,641.2,562.5,521.7,494.8,470.5,423.0,931.9,736.3,628.6,564.5,528.0,504.0,463.1,1076.1,850.2,725.8,651.2,602.0,565.5,517.0,0.7359,0.9697,1.0991,0.5659,0.7746,0.8979,0.0,0.0000,2026,0.8817,680.5,03420004R3T,7.580,4842,21.6,24.7,20.9,0.0,65.1,815.3,618.7,545.9,1060.3,774.6,668.2,682.9,625.0,0.8787,0.9599,640.2,515.7,484.0,42.3,179.8,800.3,535.6,513.5,481.0,452.4,407.8,379.4,374.3,422.8,480.1,1716.4,1286.2,1702.7,48.1,139.7,1853.0,1159.9,1063.1,1003.6,976.7,955.9,987.8,1131.5,1368.1,1579.7
GRE,00520,GR295,GRE-295,ZEFYROS,ELAN 295,ELAN YACHT,ROD HUMPHREYS,1995,NO LIMNIS EVIAS,,,,ORC,INTL,C,430,14 05 2026 12:16:21,9.184,8.506,1.809,2.95,3681.,104.4,0.26,679.3,0.8019,748.2,0.9867,608.1,1094.6,884.9,777.3,717.2,682.2,660.9,637.3,0.0,0.0,0.0,0.0,0.0,0.0,0.0,840.2,693.8,624.0,588.2,567.5,553.0,533.1,0.0,0.0,0.0,0.0,0.0,0.0,0.0,1091.2,831.7,701.4,628.4,589.3,558.0,507.0,43.4,40.8,39.8,39.5,39.3,39.3,39.8,143.3,147.8,149.5,161.9,169.1,177.7,178.3,1128.5,933.4,842.8,808.3,794.2,787.3,786.8,741.8,630.9,580.4,561.2,553.5,549.1,545.5,704.5,605.7,562.5,544.5,536.8,532.3,527.9,681.9,588.1,548.5,528.6,517.0,510.3,502.8,666.0,568.8,532.2,516.1,506.2,495.1,480.0,664.7,561.8,522.1,497.9,479.0,464.8,446.0,688.2,575.6,528.9,501.5,478.4,457.7,424.5,773.2,628.0,555.8,520.5,494.7,470.7,424.1,918.5,724.4,616.3,556.7,523.5,498.9,454.1,1060.6,836.5,711.7,626.1,570.2,534.4,487.8,0.7822,0.9938,1.0926,0.6062,0.8081,0.9127,0.0,0.0000,2026,0.9069,661.6,03420004PU7,7.666,4285,19.8,29.9,19.6,53.5,57.3,767.1,603.7,549.1,989.8,742.5,657.4,661.8,610.1,0.9066,0.9834,629.0,522.5,494.8,41.5,177.2,811.2,549.3,528.8,500.6,472.5,432.2,405.9,376.8,408.4,446.8,1582.4,1190.7,1579.7,46.0,138.7,1609.8,1026.2,955.4,911.5,917.7,918.9,957.7,1109.9,1346.6,1555.0
GRE,00201,GR3IMX,GRE-3,VORRAS,IMX-38,X-YACHTS,N.JEPPESEN,1992,NOATh,,,,ORC,INTL,R,640,29 07 2026 16:22:42,11.360,9.778,2.085,3.66,5201.,112.2,0.10,607.4,0.9021,665.1,1.1055,542.7,977.3,791.4,692.2,636.7,605.7,586.2,558.6,0.0,0.0,0.0,0.0,0.0,0.0,0.0,754.6,623.9,559.7,525.2,504.4,489.3,465.6,0.0,0.0,0.0,0.0,0.0,0.0,0.0,974.6,745.2,627.0,559.8,523.5,493.9,444.5,43.1,40.8,39.1,38.0,37.6,38.1,38.3,143.0,147.5,152.3,158.8,165.5,170.5,169.3,1004.3,828.6,741.7,705.3,690.7,684.1,678.0,660.9,562.9,518.6,499.7,491.8,487.6,482.6,628.7,543.3,505.4,487.4,478.4,474.0,467.8,608.9,530.8,495.7,475.7,462.4,453.5,443.4,619.9,524.9,487.1,470.2,456.0,441.3,421.1,607.8,513.1,473.9,448.2,428.0,413.8,391.6,623.2,521.8,478.8,450.1,425.1,402.7,368.7,693.5,564.5,502.2,468.9,441.2,415.1,362.0,822.9,653.1,556.9,502.1,470.7,444.6,394.9,950.2,754.2,642.7,568.2,520.6,488.2,439.3,0.8705,1.1116,1.2393,0.6785,0.9086,1.0332,0.0,0.0000,2026,1.0175,589.7,03420004VRL,9.371,6095,27.2,39.3,35.7,109.0,106.1,689.3,539.8,484.1,884.3,660.4,580.7,588.6,548.5,1.0193,1.0939,540.8,447.8,426.7,39.7,160.4,690.1,484.6,467.3,438.4,409.5,376.6,343.0,298.6,340.4,391.6,1399.6,1058.9,1397.6,46.0,139.4,1419.6,904.6,842.1,802.6,827.4,844.0,871.2,988.1,1194.7,1379.6
GRE,00112,GR301,GRE-301,KYMATOLIGI,MOUNT GAY 30,YACHT SERVICES,S. ROGERS,1993,NAOB,,,,ORC,INTL,R,450,29 04 2026 09:46:20,9.529,8.515,1.966,3.29,2688.,107.4,0.00,608.3,0.8959,669.7,1.1004,545.3,964.4,784.6,693.8,646.1,616.3,594.7,554.3,0.0,0.0,0.0,0.0,0.0,0.0,0.0,744.5,622.4,563.6,531.2,509.2,490.4,456.8,0.0,0.0,0.0,0.0,0.0,0.0,0.0,959.6,739.4,629.4,566.3,528.2,495.7,435.8,42.6,40.1,38.2,37.6,37.2,37.1,37.3,143.1,147.8,150.9,161.8,167.3,166.5,141.7,1013.2,834.9,753.6,724.4,709.4,700.8,694.9,671.3,573.2,532.9,517.4,509.1,503.4,496.6,640.8,555.8,520.0,502.5,493.1,486.2,477.5,613.6,536.7,508.4,485.9,470.1,460.6,447.3,594.3,523.5,489.1,467.3,454.5,441.4,418.3,591.1,513.7,474.0,448.5,428.0,404.6,370.1,604.5,519.5,476.5,441.1,411.1,389.9,344.4,669.1,553.7,501.3,462.0,425.0,384.3,310.0,793.0,636.0,549.6,503.3,469.2,434.9,358.4,915.6,734.3,634.0,567.9,523.2,488.6,413.8,0.8779,1.1027,1.2435,0.6861,0.9008,1.0257,0.0,0.0000,2026,1.0137,591.9,03420004NJP,8.507,3320,19.9,38.7,19.9,88.8,94.5,683.4,544.1,482.5,874.5,666.1,585.0,596.1,544.1,1.0065,1.1028,505.0,427.5,403.0,39.0,145.8,710.8,497.5,475.4,441.6,404.4,348.0,305.6,260.6,259.2,299.3,1370.3,1037.2,1364.4,45.3,139.5,1429.8,917.2,857.2,818.8,789.9,807.7,835.6,939.6,1135.2,1310.8
GRE,02287,GR3014,GRE-3014,IDEFIX,FIRST 44,BENETEAU,BISCONTINI,2022,YCG,,,,ORC,CLUB,C,650,26 03 2026 21:34:04,13.165,12.247,2.038,4.25,10955.,118.5,0.27,583.0,0.9282,646.4,1.1608,516.9,982.6,784.2,673.1,612.4,583.6,565.6,545.0,0.0,0.0,0.0,0.0,0.0,0.0,0.0,749.0,607.4,534.1,495.6,474.9,460.8,442.6,0.0,0.0,0.0,0.0,0.0,0.0,0.0,973.5,733.4,603.9,530.7,492.9,463.8,419.3,46.2,43.9,42.4,41.5,41.4,41.2,41.6,142.7,146.4,146.6,151.7,154.1,157.8,158.6,1073.2,864.4,758.3,703.6,679.8,668.3,665.5,683.2,564.8,504.7,474.3,458.8,452.1,447.5,637.1,535.0,483.1,456.4,442.1,435.1,429.8,606.3,514.0,467.3,442.6,427.8,417.4,406.2,601.4,500.6,457.5,439.3,424.3,411.0,390.0,570.6,474.3,432.6,409.9,395.9,385.5,368.5,577.1,476.5,433.0,408.0,387.5,371.4,351.2,650.2,511.8,450.9,420.9,398.2,377.1,336.9,772.5,609.6,509.1,452.5,425.6,406.1,370.5,892.0,703.9,587.8,521.2,487.5,462.9,424.5,0.8847,1.1706,1.3115,0.6792,0.9379,1.0669,0.0,0.0000,2026,1.0626,564.7,03420004J52,10.628,11976,40.9,50.0,49.0,0.0,198.5,678.2,512.6,457.5,883.4,639.7,562.4,570.8,513.4,1.0511,1.1686,532.2,430.7,406.4,42.7,144.1,680.8,450.6,430.8,401.8,377.6,355.3,334.3,295.6,332.2,383.6,1437.4,1080.7,1424.3,48.6,139.4,1568.0,976.9,887.7,828.0,851.7,811.7,832.3,936.1,1131.7,1306.8
GRE,02204,GR3015,GRE-3015,LEONESSA,HANSE 430e,HANSE YAGHTS,JUDEL/VROELIJK,2007,NOPF,,,,ORC,CLUB,C,859,18 03 2026 15:37:20,13.150,11.935,2.154,4.23,10901.,0.0,0.31,612.4,0.8856,677.5,1.1134,538.9,1066.8,841.6,717.5,641.8,598.0,572.2,542.5,0.0,0.0,0.0,0.0,0.0,0.0,0.0,810.2,649.7,563.5,514.3,486.1,468.6,446.6,0.0,0.0,0.0,0.0,0.0,0.0,0.0,1061.6,787.5,640.7,551.7,505.1,473.3,426.0,45.4,43.4,42.1,41.1,40.2,39.7,39.8,142.8,146.7,148.5,149.8,153.2,159.0,178.8,1118.7,895.0,773.8,701.7,664.3,648.8,637.8,716.6,586.4,516.5,477.8,459.3,451.0,444.7,669.9,555.7,494.8,462.7,446.2,437.5,430.6,640.9,535.6,480.1,451.6,434.7,422.8,410.2,631.8,517.7,461.8,435.8,421.3,412.1,396.9,628.4,512.6,456.5,428.9,409.1,392.3,368.7,650.9,529.3,467.0,435.5,413.8,394.7,361.1,736.7,586.0,503.0,457.4,431.2,410.5,373.2,878.9,682.6,572.5,504.0,462.6,438.0,402.5,1014.8,788.2,661.1,582.0,531.8,495.6,447.1,0.8220,1.1216,1.2912,0.6288,0.8919,1.0573,0.0,0.0000,2026,1.0151,591.1,03420004I7R,10.496,12107,41.1,58.5,43.0,0.0,107.7,729.9,535.0,464.7,954.2,672.7,567.5,586.2,551.5,1.0235,1.0880,527.0,432.3,409.7,40.6,179.3,640.8,443.3,428.2,404.9,383.7,351.3,333.9,337.4,370.7,413.2,1576.7,1177.7,1570.0,47.9,139.3,1642.8,1029.5,941.3,885.2,895.1,891.3,928.4,1079.9,1308.1,1510.5
GRE,00620,GR302,GRE-302,KRAKEN,MOUNT GAY 30,YACHT SERVICES,S. ROGERS,1993,OFTh,,,,ORC,CLUB,R,622,25 06 2026 15:13:17,9.529,8.702,1.977,3.29,2893.,105.0,0.04,626.8,0.8755,685.3,1.0724,559.5,1009.7,817.8,713.2,655.6,624.6,603.0,570.2,0.0,0.0,0.0,0.0,0.0,0.0,0.0,779.4,646.3,579.9,542.4,518.5,500.0,470.3,0.0,0.0,0.0,0.0,0.0,0.0,0.0,1005.1,769.7,647.5,577.9,537.7,503.8,447.7,43.2,41.3,39.4,38.2,38.2,38.1,38.4,145.1,149.6,153.7,160.9,167.3,167.6,161.3,1056.5,872.8,777.7,733.9,718.3,709.3,703.9,694.5,590.3,543.2,520.8,510.4,504.2,497.3,660.4,569.2,529.3,507.1,494.0,486.4,476.7,640.3,556.0,518.5,493.5,473.6,460.2,445.6,629.2,540.5,507.3,491.0,467.2,446.8,418.4,619.8,529.9,489.5,460.2,440.9,426.0,399.8,636.6,539.6,494.8,459.6,429.8,405.1,370.7,705.8,578.4,518.3,479.7,445.3,411.9,341.8,833.9,660.6,564.7,513.6,478.2,446.5,381.2,963.0,762.8,648.8,577.2,531.0,496.8,436.4,0.8417,1.0761,1.2158,0.6566,0.8816,1.0065,0.0,0.0000,2026,0.9879,607.3,03420004U62,8.491,3718,20.9,37.3,21.0,88.0,0.0,712.8,557.6,493.5,913.8,680.6,596.1,610.6,561.7,0.9826,1.0683,526.7,441.6,418.8,39.7,144.9,713.5,496.6,473.3,437.6,402.2,376.1,341.0,282.6,294.3,339.8,1440.2,1092.3,1435.0,46.0,141.1,1492.9,953.0,888.5,847.0,869.0,851.0,879.6,999.8,1201.7,1387.6
GRE,00352,GR3033,GRE-3033,NEPHELE,FIRST 30E,BENETEAU,JEAN BERRET,1982,IOP,,,,ORC,CLUB,C,300,23 03 2026 12:48:27,9.265,7.972,1.753,3.23,4043.,107.8,0.46,717.6,0.7679,781.3,0.9363,640.8,1158.7,931.0,811.7,745.2,709.9,689.4,669.2,0.0,0.0,0.0,0.0,0.0,0.0,0.0,896.2,735.9,658.2,617.8,595.9,581.3,562.5,0.0,0.0,0.0,0.0,0.0,0.0,0.0,1156.7,877.1,736.2,658.1,618.1,587.3,536.0,43.5,41.2,40.1,39.8,39.5,39.4,40.0,147.3,150.9,154.5,161.7,169.1,177.2,178.1,1178.5,977.0,880.5,836.7,821.0,814.9,819.4,773.7,659.1,606.3,583.9,574.4,570.3,568.3,735.4,633.1,589.4,569.0,558.6,554.4,550.0,711.4,615.6,576.2,555.2,542.2,533.6,524.9,725.3,618.9,574.7,551.5,535.4,522.5,503.6,735.5,612.7,564.0,537.7,518.4,502.2,483.3,763.7,626.4,569.5,539.9,518.0,497.5,462.7,846.9,678.6,593.8,555.2,529.6,506.8,461.3,986.3,767.0,647.1,584.0,551.1,527.7,483.1,1138.9,885.0,742.9,653.7,598.9,563.8,519.0,0.7352,0.9440,1.0382,0.5742,0.7752,0.8734,0.0,0.0000,2026,0.8631,695.2,03420004IMO,7.171,4500,20.3,21.4,27.5,55.5,0.0,816.1,635.6,577.9,1044.9,774.0,687.0,693.7,645.9,0.8650,0.9290,661.5,553.9,524.8,41.6,176.5,845.1,573.4,551.6,520.8,492.4,474.0,447.7,428.1,441.8,477.9,1690.4,1279.0,1691.2,46.3,143.9,1682.2,1069.9,996.0,953.0,986.0,1037.7,1084.9,1235.4,1471.0,1698.6
GRE,01989,GR306,GRE-306,AURELIA,FEELING 306,KIRIE,GILLES VATTON,1998,NOTK,,,,ORC,CLUB,C,450,12 03 2026 14:22:59,8.885,7.956,1.800,3.05,3428.,0.0,0.35,702.5,0.7793,769.9,0.9599,625.0,1151.4,927.2,805.6,735.0,694.1,670.3,643.6,0.0,0.0,0.0,0.0,0.0,0.0,0.0,887.5,727.2,646.8,602.6,575.8,558.5,536.1,0.0,0.0,0.0,0.0,0.0,0.0,0.0,1147.7,871.6,727.2,642.2,597.4,564.9,514.3,43.5,41.7,40.2,38.6,37.6,37.5,37.8,144.8,147.8,148.8,152.2,158.5,162.9,176.6,1187.4,976.6,863.8,798.9,767.4,755.8,752.8,777.8,655.1,596.3,567.8,552.7,545.2,540.9,739.0,628.5,579.9,555.4,540.9,532.0,525.8,717.2,612.4,567.6,544.4,528.4,516.0,501.0,718.8,599.6,550.9,526.3,509.5,499.4,484.2,710.1,592.2,544.9,517.8,494.9,474.2,442.8,734.0,607.9,553.1,523.6,499.0,476.0,435.4,819.1,662.6,581.7,542.9,516.7,492.8,447.8,965.9,760.2,647.2,582.7,548.3,525.2,484.9,1115.3,877.8,747.3,671.0,620.8,584.8,534.3,0.7432,0.9662,1.0823,0.5773,0.7850,0.9006,0.0,0.0000,2026,0.8820,680.2,03420004HJ3,7.472,4047,18.7,21.3,23.7,0.0,52.2,807.3,621.0,554.4,1039.3,764.3,666.2,674.5,637.5,0.8896,0.9411,632.2,522.5,497.0,39.2,176.3,766.5,541.9,524.6,495.3,468.2,427.3,404.6,406.5,446.6,497.8,1671.3,1262.3,1668.8,46.1,140.3,1696.0,1079.5,1005.2,960.8,992.1,990.2,1028.1,1182.1,1426.0,1646.6
GRE,00995,GR3117,GRE-3117,FILINTA,FIRST 31.7,BENETEAU,FINOT,1998,ASIATh RODOU,,,,ORC,CLUB,R,500,29 04 2026 10:45:15,9.610,8.948,1.927,3.21,3667.,107.9,0.00,692.9,0.7959,753.9,0.9823,610.8,1184.2,931.5,795.4,713.5,667.3,641.3,615.1,0.0,0.0,0.0,0.0,0.0,0.0,0.0,911.3,729.4,635.6,583.4,554.5,536.1,513.4,0.0,0.0,0.0,0.0,0.0,0.0,0.0,1181.6,875.6,716.3,623.0,575.8,541.9,488.6,44.3,42.3,40.6,39.4,38.9,38.6,39.0,147.1,150.3,153.3,158.2,164.4,170.9,177.2,1211.0,974.0,852.4,784.7,756.4,746.3,747.1,788.5,649.9,581.5,546.5,530.9,525.1,522.1,746.6,621.8,562.2,531.9,516.7,509.8,505.0,724.4,604.3,548.3,520.1,502.1,489.8,478.5,737.2,602.6,539.8,511.5,497.8,481.0,456.8,729.8,593.4,530.7,499.0,475.2,456.3,433.4,761.2,613.7,540.0,503.8,477.6,454.5,413.9,856.9,675.8,577.1,525.3,494.6,468.5,418.8,1002.4,770.2,641.8,564.6,521.2,493.1,445.4,1157.5,889.1,738.5,642.3,578.3,536.2,483.2,0.7314,0.9905,1.1274,0.5672,0.8027,0.9405,0.0,0.0000,2026,0.9011,665.9,03420004NMQ,8.095,4364,21.7,25.8,24.9,57.3,0.0,820.3,605.8,532.2,1057.8,747.5,638.0,662.3,623.6,0.9059,0.9622,603.2,498.9,472.3,40.3,173.4,766.2,525.4,506.2,474.1,444.6,417.6,386.9,363.8,395.3,440.2,1760.4,1332.7,1758.5,46.4,144.3,1779.3,1132.8,1055.2,1012.1,1048.9,1047.3,1100.3,1268.5,1508.1,1741.4
GRE,00707,GR3141,GRE-3141,FISKARDO,OCEANIS 423,BENETEAU,FINOT,2000,IOP,,,,ORC,CLUB,C,480,17 03 2026 20:17:07,12.670,11.522,1.658,3.90,8810.,0.0,0.42,680.3,0.8018,748.3,1.0074,595.6,1211.5,943.9,796.8,707.1,651.4,619.8,592.3,0.0,0.0,0.0,0.0,0.0,0.0,0.0,922.0,729.5,625.9,565.9,530.7,509.8,488.7,0.0,0.0,0.0,0.0,0.0,0.0,0.0,1200.8,882.0,711.1,608.0,551.7,513.7,461.8,47.3,45.3,43.7,42.7,42.1,42.2,42.5,146.6,149.2,149.6,154.2,159.7,164.8,173.6,1318.2,1041.1,897.9,812.5,761.7,740.1,735.2,832.6,671.4,589.2,539.3,510.4,496.4,491.3,772.8,632.9,559.8,515.7,490.7,477.0,469.6,740.5,608.4,537.8,496.8,473.5,459.4,444.3,735.2,593.5,520.2,484.9,470.7,454.4,431.8,699.7,565.9,496.8,462.5,442.7,428.3,411.6,724.0,579.3,503.1,464.0,440.8,421.9,393.5,810.0,632.5,534.7,481.2,451.8,430.0,392.2,956.8,733.2,602.5,524.0,478.7,451.9,412.3,1104.8,846.7,695.7,601.7,541.0,499.4,449.3,0.7266,1.0156,1.1831,0.5568,0.8078,0.9719,0.0,0.0000,2026,0.9189,652.9,03420004I41,9.139,9601,36.5,28.2,42.3,115.1,0.0,825.8,590.8,507.1,1077.6,742.8,617.3,660.2,596.1,0.9089,1.0065,587.3,481.1,451.0,44.0,173.6,760.7,498.6,471.4,440.9,417.6,401.3,377.9,356.9,376.7,413.8,1823.8,1371.7,1808.1,48.7,144.3,1980.6,1236.4,1129.2,1069.7,1072.6,1019.5,1060.9,1203.0,1443.6,1667.0
GRE,02025,GR3156,GRE-3156,INCENTIVE,CARTER 33,OLYMPIC YACHTS,R.CARTER,1973,IOP,,,,ORC,CLUB,C,500,11 03 2026 00:27:37,9.961,7.917,1.782,3.33,4625.,0.0,0.59,728.9,0.7562,793.5,0.9272,647.1,1196.3,962.7,835.5,756.9,710.3,682.9,657.1,0.0,0.0,0.0,0.0,0.0,0.0,0.0,928.1,760.7,671.8,621.8,593.0,574.8,553.1,0.0,0.0,0.0,0.0,0.0,0.0,0.0,1191.5,906.2,754.7,663.6,615.3,581.0,528.8,43.9,41.9,40.5,39.7,39.2,38.9,39.0,148.0,151.8,155.0,160.3,165.1,172.7,178.1,1244.5,1026.2,911.4,846.7,813.7,799.8,796.6,812.8,686.3,621.3,587.7,569.2,560.0,555.9,771.3,656.7,600.3,570.6,554.2,544.7,538.6,748.0,637.9,584.3,556.1,539.4,527.5,512.7,762.8,639.6,576.9,547.4,532.5,519.8,496.8,754.7,626.5,564.8,534.4,513.4,495.9,472.6,780.4,643.7,572.5,537.2,513.9,493.6,460.3,858.8,695.9,603.4,554.7,526.7,503.9,462.5,994.3,780.2,662.2,590.9,550.3,525.1,483.5,1148.1,899.3,759.7,667.1,606.8,566.0,517.5,0.7106,0.9334,1.0504,0.5558,0.7608,0.8823,0.0,0.0000,2026,0.8528,703.6,03420004HCT,7.069,5317,21.4,21.3,30.7,64.6,0.0,844.4,642.8,571.2,1079.5,788.6,680.0,703.7,654.3,0.8527,0.9169,648.0,543.2,515.8,40.3,177.7,816.0,558.2,537.8,507.4,481.4,460.4,442.8,433.2,447.6,480.0,1739.6,1317.5,1736.1,46.9,144.2,1774.6,1125.6,1045.4,996.7,1027.9,1050.5,1094.7,1238.4,1476.2,1704.6
GRE,00073,GR317,GRE-317,AVANTES,FIRST 31.7 MOD,BENETEAU,FINOT,1998,NCTh,,,,ORC,CLUB,R,520,02 08 2026 13:16:34,9.610,8.981,1.933,3.21,3749.,106.2,0.00,660.6,0.8241,728.0,1.0195,588.5,1080.0,868.5,755.6,694.5,663.1,642.2,617.8,0.0,0.0,0.0,0.0,0.0,0.0,0.0,831.4,681.5,606.8,567.3,545.0,529.2,506.6,0.0,0.0,0.0,0.0,0.0,0.0,0.0,1075.5,816.2,682.0,605.3,566.0,534.5,482.1,43.6,41.2,39.7,38.8,38.5,38.3,38.7,143.3,147.3,149.0,151.8,157.4,161.9,162.3,1124.7,921.6,818.0,766.2,747.9,739.4,738.0,739.2,622.8,566.1,539.1,527.9,522.9,518.8,703.7,598.6,549.9,525.5,513.6,508.0,502.1,684.6,583.1,537.7,513.7,497.9,487.2,475.9,665.8,561.1,517.8,498.1,486.7,476.0,454.2,655.6,549.0,505.7,478.0,456.4,440.1,418.3,675.3,560.8,512.0,481.9,455.8,432.5,392.9,755.5,610.9,538.6,502.3,474.2,447.9,392.7,896.6,706.2,600.3,540.6,508.2,484.0,439.6,1035.3,815.5,693.1,622.8,578.2,544.9,497.6,0.7932,1.0267,1.1436,0.6159,0.8316,0.9401,0.0,0.0000,2026,0.9370,640.3,03420004VWH,8.289,4470,22.0,27.9,23.0,0.0,73.4,756.4,584.4,524.7,974.2,721.5,638.2,639.6,595.1,0.9381,1.0083,599.8,489.2,464.4,39.9,141.7,755.1,521.5,503.4,471.5,442.0,399.6,366.5,328.5,385.0,444.6,1569.7,1187.9,1564.7,46.2,139.4,1619.5,1035.3,968.0,929.2,933.1,917.8,949.0,1087.5,1316.3,1519.9
GRE,02180,GR320,GRE-320,FEEL FREE,MELGES 24 OD,ROWEN,REICHEL/PUGH,1992,NAO KERKYRAS,,,,ORC,INTL,S,410,22 07 2026 18:34:39,7.509,7.268,1.528,2.49,848.,83.6,0.01,631.9,0.8502,705.7,1.0678,561.9,1034.1,835.8,734.2,683.7,647.9,614.9,549.2,0.0,0.0,0.0,0.0,0.0,0.0,0.0,795.0,659.4,589.3,546.8,515.3,489.7,446.4,0.0,0.0,0.0,0.0,0.0,0.0,0.0,1028.1,786.0,662.5,586.2,536.3,492.3,417.4,44.1,42.1,39.7,38.3,38.2,38.2,38.8,143.1,147.6,151.7,150.3,146.7,145.3,141.3,1093.2,899.1,802.6,768.7,757.4,752.4,748.5,711.8,603.6,560.4,538.7,528.0,520.9,512.7,674.1,582.2,542.4,513.8,501.3,492.4,482.1,651.3,571.0,524.7,485.0,462.3,448.3,430.5,639.2,552.4,515.5,479.5,436.7,410.0,382.3,625.5,535.2,473.0,436.1,408.9,386.6,349.3,640.2,544.6,478.2,420.0,384.8,360.6,320.9,711.4,583.7,517.4,458.2,399.8,350.3,276.1,844.3,668.9,577.8,518.6,466.3,413.4,303.0,974.9,772.4,665.8,598.7,538.5,477.3,349.9,0.8251,1.0667,1.2504,0.6418,0.8520,1.0025,0.0,0.0000,2026,0.9793,612.7,03420004VJE,7.408,1356,12.2,22.1,11.8,0.0,52.8,727.2,562.5,479.8,934.9,704.2,598.5,624.6,559.3,0.9607,1.0728,516.0,422.6,390.5,40.2,146.6,763.4,514.6,479.8,420.9,365.8,309.5,283.5,240.9,232.6,268.5,1486.1,1126.8,1478.9,46.1,139.9,1557.9,991.4,921.5,875.6,895.9,872.9,901.2,1015.3,1224.8,1414.3
GRE,00419,GR328,GRE-328,TAKE FIVE,NEREIS 30,AKROPRORO,VAN DE STADT,1981,NOTK,,,,ORC,CLUB,C,200,25 03 2026 13:52:26,8.995,7.664,1.833,3.22,4538.,0.0,0.68,776.5,0.7083,847.1,0.8743,686.2,1303.3,1038.3,896.8,807.1,751.4,718.1,690.7,0.0,0.0,0.0,0.0,0.0,0.0,0.0,1007.9,817.1,715.7,657.2,623.3,601.9,579.4,0.0,0.0,0.0,0.0,0.0,0.0,0.0,1293.8,974.7,806.5,703.4,647.1,607.8,551.4,44.3,42.3,41.2,40.9,40.8,40.5,40.7,148.4,152.1,155.0,159.9,165.5,172.0,178.1,1398.4,1137.4,1005.4,925.9,878.4,853.7,848.9,908.3,757.1,676.4,627.8,601.8,587.3,580.8,858.0,722.3,647.7,605.7,582.5,569.3,560.6,826.9,697.0,624.9,586.9,565.1,551.3,535.2,816.6,674.2,602.5,569.0,556.2,544.4,520.8,793.2,655.1,586.4,553.1,531.8,514.6,496.0,818.8,670.1,592.8,555.2,531.9,511.5,476.9,909.6,726.0,623.7,571.6,542.6,519.8,477.7,1046.3,814.8,686.5,608.7,566.2,540.1,497.4,1208.2,939.1,788.2,688.4,624.5,582.4,532.4,0.6576,0.8803,1.0020,0.5125,0.7123,0.8378,0.0,0.0000,2026,0.8029,747.3,03420004IUJ,6.433,4881,19.8,18.4,24.8,59.1,0.0,912.4,681.6,598.8,1170.7,842.3,716.2,754.5,686.1,0.7952,0.8746,684.3,571.3,539.9,42.1,177.7,874.7,586.5,561.5,529.8,504.7,485.9,462.6,447.5,460.4,493.8,1927.8,1462.3,1915.5,46.7,145.7,2050.1,1298.0,1200.2,1144.9,1154.7,1117.1,1164.7,1328.6,1563.5,1805.4
GRE,00670,GR3290,GRE-3290,SELANNA,COMFORTINA 32,COMFORT BATAR,ALBINSSON,1982,NO LIMNIS EVIAS,,,,ORC,CLUB,C,450,25 05 2026 17:29:09,9.312,7.857,1.780,3.30,5039.,117.3,0.62,710.2,0.7673,781.9,0.9442,635.5,1136.3,927.3,815.4,750.8,712.6,686.5,658.2,0.0,0.0,0.0,0.0,0.0,0.0,0.0,876.9,729.5,655.5,615.1,590.6,573.6,551.6,0.0,0.0,0.0,0.0,0.0,0.0,0.0,1133.2,872.3,736.4,656.0,613.0,579.7,528.5,43.3,41.1,40.0,39.2,39.0,38.7,39.1,145.3,148.6,149.6,154.4,161.0,176.6,178.0,1166.9,975.4,876.6,824.3,800.6,788.4,780.5,767.5,658.8,605.4,579.6,566.0,558.7,552.5,730.5,633.0,588.4,565.7,552.7,544.5,537.0,709.9,616.2,575.3,553.4,538.9,528.1,513.4,706.1,601.4,557.2,534.2,518.3,507.9,493.9,705.4,597.5,553.8,528.6,507.4,487.8,459.6,730.5,613.5,562.3,534.8,512.4,490.8,456.5,813.9,667.6,590.6,553.1,528.9,507.3,466.2,957.5,761.3,653.1,590.6,557.1,535.2,497.5,1105.6,879.1,754.2,677.3,624.7,584.6,535.9,0.7470,0.9494,1.0534,0.5815,0.7717,0.8792,0.0,0.0000,2026,0.8683,691.0,03420004R57,7.210,5660,21.2,29.8,25.9,0.0,54.1,803.2,632.0,569.6,1031.8,777.5,682.4,686.0,645.1,0.8746,0.9300,643.3,538.6,513.5,39.8,177.5,785.4,551.3,534.2,506.4,481.1,447.6,435.3,438.1,462.7,501.3,1624.0,1223.7,1623.0,46.2,139.5,1633.6,1039.2,967.5,924.1,949.6,960.5,1001.1,1156.2,1398.1,1614.4
GRE,00273,GR332,GRE-332,ESCAPE,X-332,X-YACHTS,N. JEPPESEN,1994,NAS,,,,ORC,INTL,C,400,07 05 2026 10:16:24,9.978,9.177,1.842,3.28,4873.,115.3,0.26,658.3,0.8327,720.5,1.0234,586.3,1080.3,866.4,751.4,687.4,651.3,629.1,604.1,0.0,0.0,0.0,0.0,0.0,0.0,0.0,830.4,680.2,604.2,564.7,542.2,526.9,506.5,0.0,0.0,0.0,0.0,0.0,0.0,0.0,1078.0,814.8,678.7,602.7,562.8,531.8,482.5,43.6,41.3,40.1,39.4,39.1,39.0,39.4,145.5,150.5,154.0,160.1,167.1,175.8,177.7,1102.8,907.8,809.7,766.5,750.4,742.5,740.3,722.5,610.8,556.1,533.1,523.9,519.0,514.9,685.0,585.5,538.8,518.0,508.1,503.2,498.1,660.7,568.1,525.9,504.1,490.6,482.1,473.3,668.5,562.8,518.4,499.8,483.8,470.0,451.4,665.1,555.7,509.8,484.1,464.8,450.7,433.0,691.0,571.3,516.8,487.4,464.5,444.5,414.0,775.9,625.6,545.8,505.8,479.1,455.2,411.7,916.1,714.7,603.0,538.3,503.2,478.1,433.6,1057.8,825.0,693.1,608.2,552.3,515.8,468.0,0.7944,1.0311,1.1471,0.6164,0.8396,0.9595,0.0,0.0000,2026,0.9404,638.0,03420004OV7,8.383,5466,24.4,36.2,24.5,68.6,0.0,755.3,581.9,523.1,973.4,714.6,625.3,636.4,593.3,0.9428,1.0114,593.2,495.4,469.7,40.9,176.8,758.6,517.0,498.1,469.6,441.9,425.7,396.4,368.2,390.3,427.7,1571.4,1180.7,1571.2,46.4,141.1,1574.0,999.1,927.0,881.7,908.0,926.8,969.1,1122.6,1358.7,1568.9
GRE,00888,GR3323,GRE-3323,CALEXICO,X-332,X-YACHTS,N. JEPPESEN,1994,IOM,,,,ORC,CLUB,C,600,21 05 2026 18:27:00,10.060,9.156,2.153,3.28,4239.,121.3,0.18,636.2,0.8694,690.1,1.0595,566.3,1040.8,835.5,722.3,657.7,621.6,598.9,570.5,0.0,0.0,0.0,0.0,0.0,0.0,0.0,802.2,658.8,586.0,546.1,523.0,506.0,481.7,0.0,0.0,0.0,0.0,0.0,0.0,0.0,1040.7,787.4,655.5,580.7,542.3,511.8,461.5,42.6,40.3,38.5,37.0,36.3,36.4,36.6,145.1,150.1,153.8,160.6,167.5,176.3,177.2,1041.6,858.4,761.3,714.7,696.5,686.6,678.6,689.2,585.7,537.5,515.3,504.9,499.3,493.0,656.6,565.4,525.0,504.0,492.1,485.7,478.0,637.2,552.4,515.6,493.7,477.5,466.6,454.7,650.0,549.6,507.6,485.5,473.9,457.7,434.6,651.7,546.1,502.8,475.3,452.9,434.6,412.5,677.3,561.9,510.8,480.7,455.7,433.1,393.4,761.1,614.9,539.1,500.9,473.2,448.1,399.8,900.6,703.7,594.4,532.6,498.5,472.6,426.0,1040.0,812.5,683.3,600.7,546.7,511.2,462.3,0.8213,1.0657,1.1973,0.6396,0.8759,1.0103,0.0,0.0000,2026,0.9754,615.1,03420004QQC,8.943,5053,23.5,36.7,25.2,68.8,0.0,730.5,563.0,501.1,938.1,685.0,593.9,609.2,579.7,0.9848,1.0351,551.7,463.5,443.2,37.4,173.6,683.3,491.6,475.4,448.4,421.2,397.8,367.9,343.4,377.8,420.1,1507.6,1135.2,1510.7,45.4,138.9,1476.1,945.9,884.0,845.1,871.6,906.5,947.6,1098.7,1332.9,1539.0
GRE,02373,GR3333,GRE-3333,AEGEANIX,ELAN 33,ELAN YACHTS,JAKOPIN,1988,IO AIGAIOU,,,,ORC,CLUB,C,453,29 05 2026 21:20:37,9.910,8.031,1.681,3.31,3350.,0.0,0.25,686.7,0.8034,746.8,0.9838,609.9,1134.2,907.8,784.5,710.4,668.6,645.4,620.7,0.0,0.0,0.0,0.0,0.0,0.0,0.0,873.8,712.7,632.4,587.3,560.6,542.1,518.9,0.0,0.0,0.0,0.0,0.0,0.0,0.0,1128.1,852.7,709.2,625.9,581.5,547.8,495.3,44.5,42.9,41.1,39.4,38.6,38.5,39.2,146.4,150.5,153.0,160.6,166.6,172.7,171.8,1194.9,976.3,862.2,798.2,766.0,754.2,754.8,774.3,646.5,587.9,559.1,543.1,534.6,530.8,730.5,617.4,569.5,544.7,529.6,519.8,512.9,703.8,599.9,555.8,531.8,515.3,502.1,484.1,711.9,594.2,545.7,522.5,510.5,494.0,464.9,692.9,579.1,532.7,505.4,482.5,462.9,442.1,716.4,591.5,537.8,507.0,480.3,455.7,422.2,794.5,638.1,561.4,523.0,494.4,466.3,419.7,929.6,727.0,614.1,553.4,520.0,493.6,443.5,1073.4,839.2,706.8,622.7,571.3,536.6,486.6,0.7564,0.9899,1.1152,0.5877,0.8096,0.9347,0.0,0.0000,2026,0.9049,663.1,03420004RNV,7.516,3976,19.5,20.8,24.5,66.5,0.0,793.2,606.1,538.0,1020.9,741.1,641.9,664.3,613.5,0.9032,0.9781,611.7,507.4,481.4,41.1,173.6,781.2,537.6,516.2,478.8,448.2,427.3,401.9,370.8,399.1,442.3,1653.2,1249.3,1646.7,46.8,142.8,1718.0,1087.0,1004.9,951.6,979.1,976.4,1010.9,1149.1,1375.6,1588.5
GRE,00060,GR334,GRE-334,MYSTIS,DUFOUR 334 trophy,DUFOUR SA,J & J Design,1997,IO HALKIDAS,,,,ORC,INTL,R,550,29 04 2026 07:14:53,10.033,9.226,1.957,3.35,3276.,103.0,0.00,625.4,0.8730,687.3,1.0775,556.8,1031.2,823.7,714.5,656.9,623.3,601.7,571.6,0.0,0.0,0.0,0.0,0.0,0.0,0.0,788.5,645.5,575.2,538.2,515.2,497.7,470.5,0.0,0.0,0.0,0.0,0.0,0.0,0.0,1031.7,775.2,646.0,574.6,535.6,502.5,445.7,43.4,41.0,39.2,38.2,37.9,38.2,38.6,144.7,149.2,152.3,158.3,166.4,170.9,169.1,1026.4,841.4,754.0,723.0,709.8,702.5,698.7,673.4,570.4,526.9,511.1,504.1,499.3,494.5,640.0,550.7,513.3,496.9,489.1,483.4,476.7,621.0,538.2,502.9,481.7,467.6,458.9,447.2,614.8,526.5,489.9,467.5,454.1,440.9,420.8,638.0,535.1,488.6,456.1,429.4,407.0,376.9,666.7,550.3,498.0,463.7,433.4,404.7,353.1,750.5,602.8,526.9,486.9,453.9,423.7,362.9,897.3,698.1,585.7,521.4,485.3,454.5,397.6,1036.1,806.1,675.0,590.7,536.9,501.0,444.6,0.8368,1.0835,1.2198,0.6469,0.8803,1.0070,0.0,0.0000,2026,0.9889,606.7,03420004NIQ,8.878,4037,22.1,34.4,26.2,68.1,55.4,717.0,553.8,491.9,927.5,681.6,595.8,602.4,567.6,0.9959,1.0572,551.7,451.5,425.6,40.1,159.3,714.1,495.9,476.1,442.4,409.1,356.1,321.8,300.5,339.5,389.3,1492.4,1119.2,1495.6,46.0,138.5,1460.5,931.6,868.3,828.9,840.0,881.8,941.3,1088.5,1320.0,1524.2
GRE,02171,GR3622,GRE-3622,AETHOS,FIRST 36,BENETEAU,MANUARD,2022,NO KALAMAKIOU,,,,ORC,CLUB,C,480,30 06 2026 13:57:39,10.966,10.490,2.225,3.79,4794.,110.8,0.19,581.8,0.9302,645.0,1.1587,517.8,957.2,769.3,667.4,616.7,590.7,570.4,531.6,0.0,0.0,0.0,0.0,0.0,0.0,0.0,734.0,601.8,534.7,500.2,479.9,462.8,433.7,0.0,0.0,0.0,0.0,0.0,0.0,0.0,952.1,722.3,601.6,534.4,498.1,467.2,412.3,43.7,41.4,39.7,38.9,38.5,38.5,39.6,142.4,146.2,148.0,152.2,151.8,150.3,144.4,1008.6,822.6,730.8,694.3,678.0,669.5,664.7,659.0,553.7,501.8,481.3,473.0,467.9,463.2,623.8,531.3,486.1,465.8,457.2,451.5,445.4,600.6,516.3,475.7,451.2,434.9,425.8,414.7,584.9,498.2,458.8,436.8,424.2,408.6,387.7,575.0,484.1,442.9,417.9,400.5,379.0,351.2,584.1,488.4,444.2,409.6,383.8,366.8,330.3,658.2,524.4,466.2,429.7,396.8,364.0,301.0,784.5,620.0,523.0,468.5,436.6,408.2,345.1,905.8,715.9,603.9,539.1,503.4,471.3,398.5,0.8984,1.1648,1.3154,0.6951,0.9378,1.0696,0.0,0.0000,2026,1.0627,564.6,03420004UF6,9.871,5527,29.6,41.6,35.8,0.0,140.0,667.9,515.1,456.1,863.2,639.8,561.0,568.2,517.6,1.0560,1.1593,496.4,412.7,387.7,40.4,144.2,684.1,465.8,447.5,411.3,377.9,332.7,297.0,264.9,267.3,308.7,1383.2,1043.8,1376.9,46.3,139.4,1446.7,918.6,852.2,809.3,800.1,810.2,835.5,944.8,1142.9,1319.7
GRE,02254,GR3640,GRE-3640,TIAMAT,FIRST 36,BENETEAU,MANUARD,2022,HORC,,,,ORC,CLUB,C,600,25 03 2026 13:58:48,10.966,10.506,2.240,3.79,4800.,0.0,0.19,582.7,0.9302,645.1,1.1583,518.0,967.5,775.2,669.6,614.0,587.8,568.8,532.0,0.0,0.0,0.0,0.0,0.0,0.0,0.0,738.5,604.0,536.0,499.3,478.7,462.7,433.6,0.0,0.0,0.0,0.0,0.0,0.0,0.0,961.6,726.9,603.4,533.2,496.6,467.1,412.6,44.1,41.9,40.1,38.8,38.2,38.7,39.0,142.2,146.1,148.4,152.1,153.6,151.6,144.0,1026.1,832.1,731.6,684.4,667.0,658.2,653.2,666.5,556.4,502.6,478.2,468.7,463.6,459.0,628.9,532.7,487.5,464.9,453.9,448.2,442.0,601.1,509.9,474.6,453.5,435.9,424.8,413.8,572.0,490.3,455.3,435.4,421.8,412.1,389.8,576.7,484.6,444.3,417.0,398.9,380.0,351.8,587.5,489.8,447.2,414.7,387.5,368.3,328.6,660.4,528.5,469.6,435.0,404.1,373.6,306.4,787.2,622.0,526.2,472.3,442.2,415.6,355.9,909.0,718.2,607.6,543.6,508.7,479.4,410.9,0.8939,1.1649,1.3164,0.6886,0.9384,1.0718,0.0,0.0000,2026,1.0618,565.1,03420004IUN,10.014,5667,29.1,36.8,36.5,0.0,132.8,671.2,515.1,455.8,871.3,639.4,559.8,566.8,520.4,1.0585,1.1531,493.8,409.9,387.0,40.4,143.0,665.6,460.9,443.8,409.8,378.7,329.2,294.8,262.4,278.8,322.0,1402.9,1054.2,1395.1,46.4,139.4,1480.9,939.2,869.3,822.8,782.0,807.8,840.0,948.5,1147.5,1325.0
GRE,00949,GR370,GRE-370,KALHI,SUN ODYSSEY 37,JEANNEAU,FAUROUX,1997,IO HALKIDAS,,,,ORC,CLUB,C,664,14 04 2026 20:22:50,10.900,9.841,1.452,3.70,6280.,0.0,0.40,684.7,0.7955,754.2,0.9932,604.1,1175.6,932.0,800.1,717.1,664.1,635.9,612.9,0.0,0.0,0.0,0.0,0.0,0.0,0.0,895.3,722.3,630.9,578.2,546.3,528.0,507.9,0.0,0.0,0.0,0.0,0.0,0.0,0.0,1167.4,871.9,715.4,620.1,567.6,533.0,481.5,47.1,45.5,44.5,43.3,42.0,41.7,42.2,146.6,150.3,153.3,157.7,163.9,170.0,178.1,1258.0,1018.0,892.0,814.8,768.4,751.5,752.7,792.3,651.9,580.9,541.9,520.7,510.3,507.9,732.6,611.5,552.1,521.5,504.1,493.7,488.7,697.0,586.6,532.6,505.4,488.7,476.8,462.2,707.4,589.4,525.5,495.4,479.5,470.0,447.0,702.8,575.3,514.9,485.4,465.2,447.6,421.2,728.3,592.6,523.0,489.3,467.0,447.5,413.1,809.1,644.6,554.6,507.1,480.3,459.3,420.6,946.8,732.8,615.4,544.0,504.0,479.6,440.9,1093.3,845.9,708.2,619.5,559.9,520.4,473.1,0.7418,1.0003,1.1428,0.5694,0.8006,0.9459,0.0,0.0000,2026,0.9073,661.3,03420004LA3,8.279,7199,29.3,30.4,33.5,76.7,0.0,808.8,599.8,525.0,1053.7,749.4,634.3,663.0,608.1,0.9050,0.9867,611.1,500.1,468.0,44.3,177.4,784.0,513.0,489.0,457.9,431.7,407.1,386.9,384.5,405.2,438.1,1740.2,1301.0,1729.9,49.7,143.5,1843.2,1142.9,1030.3,959.4,982.3,1001.2,1043.2,1190.2,1417.9,1637.2
GRE,00174,GR3762,GRE-3762,PANORMITIS,FIRST 41S5,BENETEAU,JEAN BERRET,1988,ASIATh RODOU,,,,ORC,CLUB,C,730,17 04 2026 10:35:06,12.300,10.802,1.975,3.90,7715.,111.4,0.26,618.0,0.8854,677.7,1.0908,550.0,1027.8,818.1,705.6,644.5,612.0,591.9,568.3,0.0,0.0,0.0,0.0,0.0,0.0,0.0,782.5,637.3,565.5,529.1,509.4,496.1,477.1,0.0,0.0,0.0,0.0,0.0,0.0,0.0,1025.7,768.4,636.6,564.7,528.4,500.5,455.6,44.7,42.3,40.6,40.0,39.6,39.4,39.6,144.4,148.7,148.9,157.5,164.9,171.3,177.1,1049.0,854.9,763.3,724.7,708.6,700.8,695.7,677.0,569.3,520.9,501.0,493.0,488.7,484.4,637.1,544.2,504.0,486.2,478.2,474.0,469.1,612.3,527.2,491.1,472.8,462.1,455.5,447.8,625.4,530.5,490.1,469.2,455.0,444.0,428.4,620.8,516.6,475.9,455.3,440.6,430.2,413.0,639.6,526.7,479.5,454.8,435.7,418.6,393.9,718.2,574.5,501.5,468.0,445.4,424.2,382.5,871.8,676.6,561.2,497.1,467.0,445.7,404.7,1006.6,781.2,648.0,564.2,515.4,483.1,441.0,0.8452,1.1002,1.2188,0.6501,0.8939,1.0202,0.0,0.0000,2026,1.0007,599.6,03420004LRU,9.646,8744,32.1,44.7,40.0,118.2,0.0,709.9,545.4,492.3,922.9,671.2,588.1,597.7,554.3,1.0038,1.0824,554.5,464.0,442.0,40.6,168.1,705.9,484.7,468.0,443.4,418.3,399.1,377.1,346.5,361.2,403.1,1490.7,1117.4,1488.4,47.5,136.8,1513.0,952.8,876.1,826.9,853.1,880.2,911.2,1047.1,1271.6,1468.3
GRE,01322,F38007,GRE-38007,SKIRON,FIRST 30 (2010) DK,BENETEAU SA,JUAN YACHT DESIGN,2010,ANOZ,,,,ORC,CLUB,C,320,27 05 2026 16:13:02,9.497,8.843,1.923,3.21,3745.,0.0,0.14,635.2,0.8503,705.6,1.0559,568.2,1025.5,825.9,724.6,677.5,650.2,631.6,608.0,0.0,0.0,0.0,0.0,0.0,0.0,0.0,788.1,648.5,582.7,550.9,530.2,515.0,492.9,0.0,0.0,0.0,0.0,0.0,0.0,0.0,1021.6,776.5,654.4,589.1,551.1,518.4,466.0,43.6,41.5,40.1,39.5,39.3,40.1,41.0,143.0,147.5,150.2,153.3,159.3,162.8,160.6,1064.5,873.4,787.7,758.4,746.5,741.5,744.6,697.0,587.4,541.2,524.9,517.8,514.0,511.5,660.8,565.0,524.5,508.2,501.0,496.6,492.6,637.4,550.3,512.7,491.3,478.0,470.5,461.9,632.8,537.3,501.4,486.0,466.8,451.1,432.6,625.7,528.3,487.4,458.1,437.5,424.2,402.9,644.0,538.9,494.1,462.4,434.0,407.9,374.3,719.0,583.5,519.4,484.2,453.9,425.0,361.1,854.3,674.1,573.0,519.7,488.7,462.5,411.9,986.5,778.3,661.6,596.6,553.9,521.7,471.4,0.8353,1.0630,1.1754,0.6482,0.8587,0.9563,0.0,0.0000,2026,0.9704,618.3,03420004RDS,8.298,4238,22.2,37.2,23.4,0.0,73.6,718.3,564.4,510.5,925.6,698.7,627.4,619.7,571.5,0.9683,1.0500,589.5,478.4,449.0,42.7,141.3,784.6,519.7,497.9,459.4,424.3,393.1,350.5,295.8,341.5,394.3,1475.9,1114.3,1471.9,46.2,139.5,1515.6,963.9,895.4,850.3,873.3,867.9,899.9,1028.2,1243.8,1436.3
GRE,01023,GR1668,GRE-387,STONE AGE,MELGES 24,,REICHEL/PUGH,1992,IO KAVALAS,,,,ORC,INTL,S,380,23 07 2026 14:52:58,7.509,7.264,1.531,2.49,881.,86.3,0.03,639.8,0.8398,714.5,1.0527,570.0,1042.6,842.1,740.9,693.0,657.6,624.7,561.5,0.0,0.0,0.0,0.0,0.0,0.0,0.0,800.4,664.0,595.1,555.0,525.1,500.5,459.2,0.0,0.0,0.0,0.0,0.0,0.0,0.0,1036.5,791.9,668.7,595.1,546.6,503.6,430.7,44.2,41.8,39.1,38.8,38.7,38.9,39.3,142.8,147.2,151.5,150.3,146.7,145.5,142.2,1103.4,906.6,812.3,785.5,774.8,770.2,766.1,717.5,610.3,566.0,549.6,540.6,534.4,526.6,678.6,587.9,547.2,525.6,514.1,506.0,496.8,654.3,572.7,529.1,493.1,475.5,462.7,447.8,642.0,558.4,526.7,483.7,446.1,424.4,398.5,626.4,538.0,480.1,448.0,421.6,399.3,359.5,641.7,545.3,480.6,427.7,396.4,372.6,334.1,715.7,585.7,518.6,459.5,401.2,354.0,288.4,850.3,673.4,580.5,520.1,468.0,415.0,309.2,981.9,777.5,669.4,600.5,540.4,479.2,357.0,0.8194,1.0526,1.2216,0.6367,0.8421,0.9848,0.0,0.0000,2026,0.9655,621.4,03420004VKR,7.246,1361,12.2,22.1,11.7,0.0,52.9,732.2,570.0,491.2,942.4,712.5,609.3,634.1,564.1,0.9462,1.0636,530.4,438.0,405.8,41.1,147.5,787.3,531.5,497.5,440.1,383.2,328.4,300.1,251.5,236.8,273.4,1499.4,1135.0,1491.9,46.2,139.7,1574.7,1001.3,929.2,880.9,896.7,875.2,904.2,1021.4,1233.4,1424.2
GRE,00020,GR396,GRE-396,ISIDOROS,FIRST 28,BENETEAU,FINOT,1981,HORC,,,,ORC,CLUB,C,450,23 03 2026 20:40:15,8.968,7.375,1.701,2.99,3299.,0.0,0.50,743.5,0.7439,806.6,0.9096,659.6,1219.7,982.5,851.9,769.3,719.2,691.0,665.1,0.0,0.0,0.0,0.0,0.0,0.0,0.0,948.6,776.5,686.0,634.2,603.3,584.1,560.3,0.0,0.0,0.0,0.0,0.0,0.0,0.0,1215.4,924.9,769.9,676.3,625.7,590.8,537.1,43.5,41.9,40.7,39.5,38.5,38.5,38.9,148.0,151.8,154.7,160.8,166.2,173.6,177.7,1262.9,1044.8,928.0,858.3,818.2,801.7,799.0,829.7,699.2,634.0,600.1,580.4,569.5,564.3,790.5,670.4,614.0,584.4,566.8,555.6,547.8,769.0,654.4,599.0,570.7,553.0,539.5,521.5,784.9,650.7,587.6,557.8,541.1,531.9,506.4,772.2,640.2,578.6,547.5,524.5,504.0,475.7,799.3,657.2,587.0,551.5,526.4,503.2,465.9,881.4,711.3,616.5,569.2,540.8,516.5,471.1,1018.9,798.4,675.7,603.8,564.7,539.1,493.9,1176.6,920.2,775.8,680.3,620.2,580.3,531.2,0.6956,0.9152,1.0345,0.5449,0.7481,0.8716,0.0,0.0000,2026,0.8368,717.0,03420004IOJ,6.714,3912,18.0,16.1,24.6,51.6,0.0,862.6,655.6,580.0,1101.1,802.0,688.4,715.9,668.3,0.8381,0.8978,653.3,548.0,521.2,40.3,176.8,816.2,565.5,545.9,514.4,487.8,463.0,443.5,437.9,456.0,490.3,1775.3,1348.7,1772.7,46.3,144.7,1801.1,1149.2,1072.9,1029.5,1064.2,1078.8,1125.2,1271.0,1515.0,1749.3
GRE,00145,GR4IMX,GRE-4,TILE 3,IMX-38,X-YACHTS,N.JEPPESEN,1992,SIP-OTE,,,,ORC,INTL,R,675,02 04 2026 07:53:27,11.360,9.843,2.099,3.66,5428.,111.9,0.00,605.0,0.9084,660.5,1.1082,541.4,968.9,782.6,685.0,633.5,602.5,583.5,557.5,0.0,0.0,0.0,0.0,0.0,0.0,0.0,747.7,619.6,557.0,524.5,504.3,490.4,468.7,0.0,0.0,0.0,0.0,0.0,0.0,0.0,970.2,738.7,622.4,558.2,523.0,495.1,448.9,42.6,40.5,38.6,37.7,37.4,37.8,38.0,145.1,149.2,153.0,158.8,165.5,171.4,173.6,956.9,795.7,720.8,693.0,680.6,675.8,671.0,631.7,544.1,508.2,493.6,487.4,484.4,480.3,602.3,527.6,496.5,481.8,475.1,471.7,466.1,584.6,517.5,488.0,470.6,459.0,452.9,443.0,596.3,521.2,487.8,467.4,451.1,438.1,420.9,628.3,525.7,483.5,458.9,440.0,426.4,406.6,647.6,537.5,488.8,460.6,436.9,416.2,385.4,721.4,582.5,512.5,476.7,450.1,425.4,377.5,849.6,666.4,564.1,507.1,475.1,450.3,403.6,981.0,769.5,649.3,574.1,524.5,491.3,444.1,0.8776,1.1148,1.2352,0.6851,0.9155,1.0371,0.0,0.0000,2026,1.0212,587.5,03420004K45,9.565,6376,27.7,39.7,46.6,99.5,0.0,683.7,538.2,485.8,875.8,655.4,578.5,581.4,551.9,1.0320,1.0872,541.2,453.1,433.3,39.2,164.9,681.5,481.9,465.5,437.7,410.0,393.5,364.8,324.6,354.6,400.9,1390.1,1047.2,1395.2,45.5,140.9,1338.3,854.2,794.9,757.4,779.7,877.8,908.4,1039.6,1248.7,1441.9
GRE,00945,GR40,GRE-40,ELLINIX FARR AWAY,FARR 40 ONE DESIGN,CARROLL,FARR,1997,NCTh,,,,ORC,INTL,R,900,21 08 2026 08:27:04,12.415,11.339,2.609,3.96,5259.,122.6,0.00,537.6,1.0102,594.0,1.2463,481.4,858.7,694.5,613.2,572.6,548.8,529.4,489.1,0.0,0.0,0.0,0.0,0.0,0.0,0.0,661.5,549.0,497.3,468.7,449.3,433.1,403.7,0.0,0.0,0.0,0.0,0.0,0.0,0.0,857.9,655.2,556.3,499.9,466.0,436.4,385.9,42.5,40.1,37.8,37.1,36.6,36.3,36.1,141.4,144.7,150.0,153.2,154.0,151.2,144.9,866.8,714.5,651.2,626.8,613.2,604.6,595.7,572.7,490.3,461.6,450.2,443.3,438.4,431.8,544.9,475.8,449.8,437.5,429.8,424.1,416.4,526.7,466.6,439.6,421.5,410.1,402.3,391.0,537.6,467.7,439.6,416.6,397.9,383.9,365.5,538.2,458.3,421.8,395.3,377.6,362.2,335.2,554.1,464.0,424.8,393.2,365.5,342.9,311.2,615.4,499.1,448.2,414.4,382.5,349.6,287.1,736.7,584.2,498.1,451.8,421.5,393.7,331.2,850.6,674.6,575.2,518.4,484.3,454.2,382.4,0.9913,1.2498,1.4080,0.7726,1.0164,1.1558,0.0,0.0000,2026,1.1476,522.8,03420004WLK,11.344,6489,30.5,58.9,39.1,0.0,133.1,605.3,480.1,426.1,776.6,590.3,519.1,521.1,488.1,1.1514,1.2293,453.1,380.9,362.1,37.3,143.6,604.6,431.8,414.2,385.7,353.1,314.9,284.9,244.6,261.2,301.6,1232.6,931.5,1232.9,45.1,138.6,1229.8,787.9,733.4,697.0,716.4,750.5,781.7,882.7,1069.9,1235.4
GRE,00691,GR400,GRE-400,SUGAR,X-40 SPORT,X-YACHTS,JEPESSEN,2004,NAS,,,,ORC,INTL,C,710,07 05 2026 10:55:06,12.190,10.874,2.371,3.76,7392.,121.1,0.14,594.6,0.9209,651.5,1.1314,530.3,969.5,778.4,677.8,623.6,591.3,570.5,544.9,0.0,0.0,0.0,0.0,0.0,0.0,0.0,745.4,611.9,546.0,512.0,491.9,477.9,458.0,0.0,0.0,0.0,0.0,0.0,0.0,0.0,968.5,732.9,612.9,546.2,510.3,482.1,438.3,42.9,40.8,39.6,38.9,38.5,38.4,38.5,143.9,148.5,152.1,157.4,164.8,171.3,175.8,980.1,806.1,724.2,691.5,676.7,668.6,662.4,643.9,544.9,500.5,483.2,475.8,471.3,466.5,611.3,524.2,485.8,469.4,462.2,457.6,452.3,589.5,510.3,475.2,456.8,445.6,438.9,430.6,600.7,514.5,475.4,454.0,438.4,426.5,411.0,604.3,504.2,463.1,440.8,426.0,415.7,398.8,623.3,515.8,468.3,441.9,420.9,403.1,380.3,699.3,563.0,492.8,457.5,432.7,410.1,367.4,830.5,650.1,547.6,488.9,456.8,433.4,390.0,959.0,750.7,631.3,555.7,505.9,472.5,427.4,0.8841,1.1394,1.2661,0.6865,0.9281,1.0599,0.0,0.0000,2026,1.0401,576.9,03420004OWC,10.101,8395,32.3,51.3,38.1,113.8,0.0,678.7,526.6,473.9,874.0,646.5,566.1,573.9,537.5,1.0455,1.1162,531.7,444.9,425.3,39.8,168.2,675.7,467.3,453.1,427.1,402.1,384.4,362.9,323.7,345.7,387.7,1404.4,1056.5,1405.1,46.2,139.4,1397.4,888.4,824.9,782.9,806.2,845.3,877.9,1010.8,1222.3,1411.4
GRE,00567,GR401,GRE-401,DORIAN,YCA 29,THAMES MARINE,J. EVERITT,1979,NAO LAVREOTIKIS,,,,ORC,CLUB,C,270,24 03 2026 16:01:08,8.850,7.064,1.635,2.97,3720.,0.0,0.71,781.4,0.7006,856.5,0.8653,693.4,1291.3,1040.8,906.0,819.4,763.1,729.9,703.7,0.0,0.0,0.0,0.0,0.0,0.0,0.0,996.3,815.8,721.6,667.0,633.6,613.0,591.2,0.0,0.0,0.0,0.0,0.0,0.0,0.0,1282.2,976.3,814.0,713.6,657.6,618.9,564.1,44.5,42.3,41.4,40.9,40.4,40.1,40.3,145.3,149.8,153.4,159.7,172.7,178.1,179.0,1381.9,1134.8,1009.5,931.6,885.9,863.5,859.9,897.4,755.1,679.0,636.0,612.4,599.8,596.3,849.0,720.6,652.2,615.5,595.2,583.4,575.2,821.5,696.6,631.7,598.3,578.9,565.8,549.3,800.6,664.9,601.3,572.7,556.0,547.2,534.4,783.2,651.1,591.6,562.1,539.8,519.9,491.9,812.1,668.7,599.4,565.9,542.0,520.0,484.5,889.1,721.8,629.7,583.8,556.7,533.6,491.6,1039.8,819.9,697.4,623.9,583.8,558.5,515.6,1200.7,946.8,802.6,707.2,640.3,596.3,547.6,0.6622,0.8705,0.9836,0.5146,0.7037,0.8237,0.0,0.0000,2026,0.7941,755.6,03420004IR2,6.101,4128,18.5,14.6,22.9,0.0,48.4,906.1,689.3,610.0,1166.0,852.6,728.4,759.7,694.0,0.7898,0.8646,701.1,584.1,551.9,42.1,178.6,893.9,601.4,578.8,544.9,516.8,477.6,462.6,461.8,479.7,508.2,1887.3,1429.0,1875.7,47.0,142.1,2003.3,1266.3,1174.5,1119.5,1124.0,1094.5,1140.2,1281.9,1534.0,1771.3
GRE,00981,GR40A,GRE-40A,LILI II,ARCHAMBAULT A40 RC,ARCHAMBAULT,JOUBERT/NIVELT,2007,NAOKTh,,,,ORC,INTL,R,790,02 09 2026 10:13:13,11.977,10.891,2.492,3.79,6587.,130.6,0.00,563.9,0.9718,617.4,1.1886,504.8,901.3,729.6,637.7,591.4,567.3,549.6,520.2,0.0,0.0,0.0,0.0,0.0,0.0,0.0,696.0,576.0,519.0,489.6,471.5,457.5,433.4,0.0,0.0,0.0,0.0,0.0,0.0,0.0,897.8,687.1,579.4,520.5,488.5,462.2,418.1,42.4,40.4,38.5,37.2,36.7,36.3,36.1,142.2,146.0,149.4,153.2,156.8,159.7,144.9,936.7,768.7,686.5,651.4,634.7,624.6,614.5,619.2,524.4,483.9,467.1,459.4,454.5,448.8,590.2,507.4,473.1,456.8,448.0,442.7,435.9,573.4,497.4,465.9,447.6,435.0,426.0,415.4,569.2,487.7,462.2,446.9,431.1,417.4,397.9,552.0,473.1,441.3,422.0,408.9,397.5,377.2,564.0,476.7,442.4,417.6,396.6,381.6,354.7,629.3,509.7,460.5,431.7,406.4,380.9,323.7,749.9,597.9,510.1,463.3,437.9,415.7,368.8,865.9,690.5,589.0,531.4,499.8,474.7,425.9,0.9434,1.1951,1.3275,0.7358,0.9799,1.1050,0.0,0.0000,2026,1.0957,547.6,03420005006,10.701,7685,30.5,48.4,39.0,0.0,156.6,636.0,502.1,452.0,815.4,612.3,543.0,546.2,509.0,1.0985,1.1789,481.3,409.5,394.1,36.8,143.6,616.7,447.2,433.3,409.2,385.5,359.2,329.9,283.1,299.5,345.8,1289.7,980.4,1285.6,45.0,138.8,1330.6,852.6,796.7,761.5,786.5,767.7,794.8,893.1,1081.5,1248.8
GRE,00455,GR41,GRE-41,SAITA,DROMOR 26,DROMOR,R. CARTER,1980,NAOL,,,,ORC,CLUB,C,360,14 04 2026 20:24:20,7.890,6.837,1.602,2.98,3403.,114.5,0.71,783.3,0.7062,849.6,0.8613,696.7,1272.1,1028.8,894.7,809.5,761.4,735.2,710.3,0.0,0.0,0.0,0.0,0.0,0.0,0.0,990.2,813.8,721.5,669.9,640.9,622.9,600.5,0.0,0.0,0.0,0.0,0.0,0.0,0.0,1265.9,968.0,809.1,714.0,664.6,629.7,575.1,43.7,42.0,40.9,40.1,39.5,39.3,39.7,148.8,153.2,156.1,162.3,168.4,177.2,178.1,1334.0,1107.7,987.3,915.5,878.6,864.4,861.5,873.1,740.3,671.7,636.7,618.2,609.1,606.2,830.7,709.1,649.8,620.1,603.5,593.9,588.7,807.5,689.6,633.1,605.2,588.2,576.0,560.7,818.3,680.7,618.9,592.1,578.4,567.9,543.3,801.2,668.0,608.6,579.3,557.6,538.7,513.7,830.1,684.0,615.2,582.0,557.8,535.3,499.6,914.8,738.6,642.0,597.6,570.4,546.2,502.7,1048.0,825.5,699.9,628.8,592.7,568.0,523.5,1210.2,950.0,802.2,703.5,644.3,605.9,559.1,0.6652,0.8673,0.9693,0.5215,0.7108,0.8192,0.0,0.0000,2026,0.7932,756.4,03420004LA4,6.079,3909,17.0,15.8,23.7,50.1,0.0,902.0,691.8,619.0,1150.5,844.1,732.4,758.5,700.2,0.7910,0.8569,702.3,591.1,561.8,41.1,177.7,885.4,608.0,587.2,555.6,526.4,500.7,482.1,473.1,487.7,519.1,1847.4,1403.6,1842.2,47.0,145.3,1899.0,1205.4,1123.0,1076.0,1109.5,1113.5,1161.6,1311.3,1555.2,1795.8
GRE,02367,GR4100,GRE-4100,XIPHOS,XR 41,X-Yachts,X-Yachts,2024,IOP,,,,ORC,INTL,R,975,30 06 2026 13:42:22,12.747,11.780,2.396,4.18,6998.,113.7,0.00,546.3,0.9914,605.2,1.2325,486.8,891.2,721.8,627.9,580.3,553.4,533.6,495.6,0.0,0.0,0.0,0.0,0.0,0.0,0.0,685.6,564.5,502.9,471.3,451.4,435.1,406.3,0.0,0.0,0.0,0.0,0.0,0.0,0.0,887.8,678.0,566.0,503.7,468.5,439.2,387.7,43.2,40.8,39.1,40.8,40.7,39.4,38.4,142.8,146.4,146.3,152.5,153.7,152.1,145.0,925.7,762.4,684.1,650.8,629.6,617.1,607.1,606.6,517.1,466.7,449.1,440.8,435.3,429.3,575.9,494.1,453.0,435.9,427.3,421.2,413.4,556.0,476.5,443.7,423.7,409.4,400.1,388.2,547.7,465.0,431.4,411.7,399.8,387.5,366.5,550.3,459.1,421.1,395.8,380.2,361.0,331.9,559.2,462.3,422.4,392.9,368.2,349.0,314.4,624.0,500.4,441.4,409.6,380.8,351.7,294.1,741.9,589.8,495.0,443.7,415.3,390.4,332.7,856.7,681.1,571.6,509.9,477.2,450.0,384.1,0.9599,1.2381,1.4006,0.7440,0.9980,1.1444,0.0,0.0000,2026,1.1296,531.1,03420004UF2,11.155,8367,37.1,60.1,49.4,0.0,188.4,625.1,484.6,428.4,806.5,601.2,524.3,531.9,489.8,1.1281,1.2249,460.3,383.1,362.6,39.6,143.4,615.0,429.0,412.8,382.6,353.9,309.9,280.3,250.8,264.6,305.6,1275.3,964.4,1271.7,45.8,139.6,1311.5,834.0,774.4,735.2,741.1,767.9,792.6,888.5,1073.1,1239.1
GRE,02356,GR4101,GRE-4101,XCALIBUR,XR 41,X-Yachts,X-Yachts,2024,HORC,,,,ORC,INTL,R,871,14 05 2026 11:18:18,12.747,11.855,2.415,4.18,7536.,108.0,0.00,556.0,0.9732,616.5,1.2107,495.6,906.9,733.7,638.5,590.3,564.9,545.3,509.7,0.0,0.0,0.0,0.0,0.0,0.0,0.0,697.9,573.9,510.5,479.3,460.4,444.6,417.8,0.0,0.0,0.0,0.0,0.0,0.0,0.0,903.1,689.1,575.1,512.3,478.0,448.8,398.6,43.6,40.9,39.3,38.7,40.7,41.0,40.2,142.8,146.7,145.2,152.3,154.0,152.8,145.5,945.1,777.5,698.1,666.0,648.2,635.6,623.9,619.9,527.0,474.5,456.7,448.3,443.0,437.4,588.9,507.1,459.6,442.5,434.5,429.0,422.6,568.7,487.9,449.4,429.7,416.9,408.7,397.9,557.6,471.3,437.0,419.9,409.1,395.0,376.3,558.3,464.4,426.3,403.6,386.8,369.5,345.2,566.9,467.5,427.0,398.6,375.6,359.4,326.1,632.8,507.3,445.4,414.0,386.0,358.8,304.6,752.3,597.5,501.3,447.5,419.4,395.0,342.6,868.7,689.9,578.8,514.7,481.5,455.1,395.6,0.9436,1.2175,1.3683,0.7314,0.9805,1.1176,0.0,0.0000,2026,1.1098,540.6,03420004PU2,10.955,8791,37.7,59.3,48.6,0.0,188.0,635.9,492.8,438.5,820.3,611.9,536.9,542.0,497.1,1.1070,1.2071,479.7,398.4,377.0,41.3,143.5,634.4,437.9,422.7,393.3,366.0,327.8,296.3,267.3,281.4,324.9,1299.3,982.6,1295.2,46.2,139.4,1341.0,852.7,792.6,753.8,754.7,779.0,803.3,901.6,1089.1,1257.6
GRE,02059,GR4136,GRE-4136,NOSTOS,KELT 5.50,KELT,OLLIER GILLES,1976,SEANATK,,,,ORC,CLUB,C,250,25 03 2026 14:50:26,5.431,4.865,1.081,2.33,600.,0.0,0.19,845.7,0.6409,936.2,0.7963,753.5,1368.7,1121.7,992.9,900.1,843.5,803.4,758.9,0.0,0.0,0.0,0.0,0.0,0.0,0.0,1054.0,880.4,792.3,733.6,690.7,656.4,608.8,0.0,0.0,0.0,0.0,0.0,0.0,0.0,1354.0,1050.9,893.5,788.1,720.2,662.5,569.4,44.1,43.1,42.6,41.8,41.2,40.5,40.9,147.3,149.2,167.3,177.2,179.0,179.0,178.6,1516.3,1262.6,1132.5,1051.2,994.5,953.1,933.0,987.4,834.4,757.3,714.7,685.6,661.0,636.1,934.3,798.0,732.3,695.2,667.3,640.6,605.9,887.0,745.3,685.1,644.5,612.6,592.0,569.0,818.7,707.8,653.4,607.7,566.3,535.5,504.4,808.6,703.0,650.6,605.2,561.9,521.1,434.5,833.0,716.1,661.1,615.9,573.4,532.9,445.1,914.0,759.5,688.6,643.1,601.5,561.6,485.6,1057.5,849.3,741.9,686.7,647.3,609.8,540.2,1221.1,980.7,853.3,748.9,692.6,653.8,584.8,0.6203,0.7950,0.9272,0.4819,0.6415,0.7531,0.0,0.0000,2026,0.7296,822.4,03420004IW3,4.450,914,7.6,10.6,5.8,0.0,20.7,967.3,754.7,647.1,1245.1,935.3,796.7,834.5,744.9,0.7190,0.8055,752.0,582.7,526.2,44.6,177.5,982.0,645.6,601.2,542.8,487.9,380.5,322.8,388.8,471.6,521.9,1963.0,1479.7,1943.1,46.4,142.6,2161.4,1373.4,1274.8,1210.8,1104.8,1090.5,1129.2,1280.2,1528.1,1764.5
GRE,02349,GR414,GRE-414,DAPHNIRIS,MAMBA 33,MAMBA YACHT AB,BENGT KARLSSON,1984,IO HALKIDAS,,,,ORC,CLUB,C,498,02 04 2026 07:22:57,9.848,8.198,1.703,3.27,4000.,0.0,0.22,672.6,0.8102,740.5,0.9963,602.2,1079.7,875.6,766.4,709.2,677.5,657.1,634.1,0.0,0.0,0.0,0.0,0.0,0.0,0.0,830.0,688.2,619.2,583.2,561.3,545.8,524.9,0.0,0.0,0.0,0.0,0.0,0.0,0.0,1072.9,822.5,693.5,621.4,582.5,551.5,502.2,44.0,41.9,40.2,38.9,38.5,38.2,38.4,144.0,148.0,150.1,153.9,160.1,163.9,164.2,1147.3,944.7,840.2,788.4,767.0,756.5,753.4,746.8,631.9,580.1,556.6,545.0,539.5,535.4,706.3,606.0,563.9,543.3,531.7,525.3,519.9,682.0,589.7,551.5,531.1,517.2,506.8,495.1,661.5,568.6,533.0,515.0,502.7,493.4,474.5,650.7,557.4,521.1,496.5,475.4,457.7,436.4,668.4,566.8,526.3,499.2,474.5,451.6,419.1,742.3,609.0,548.4,517.0,490.9,465.4,419.1,876.5,698.5,599.8,549.8,522.4,500.3,457.4,1012.0,806.6,692.6,630.1,588.1,557.6,514.7,0.7904,1.0025,1.1074,0.6137,0.8172,0.9180,0.0,0.0000,2026,0.9172,654.2,03420004K3O,7.687,4684,20.9,28.3,26.2,0.0,77.9,759.1,598.5,541.8,977.7,734.2,653.6,654.7,605.2,0.9165,0.9915,620.3,511.5,487.7,39.5,159.4,766.5,536.2,519.2,490.2,460.6,420.1,399.8,379.4,417.2,474.1,1549.0,1168.3,1540.7,46.7,139.6,1632.2,1032.7,955.0,904.5,911.6,894.3,922.7,1050.6,1269.4,1465.8
GRE,01102,I4242,GRE-4242,BLACK JACK,GP 42,LATINI,FARR,2006,IOP,,,,ORC,INTL,R,970,02 09 2026 10:25:29,12.790,12.334,3.006,3.89,4320.,140.7,0.00,489.2,1.1044,543.3,1.3798,434.8,803.9,644.2,566.8,526.1,497.0,469.3,423.0,0.0,0.0,0.0,0.0,0.0,0.0,0.0,617.6,508.3,455.1,423.2,399.5,379.1,347.1,0.0,0.0,0.0,0.0,0.0,0.0,0.0,801.8,607.2,511.7,453.3,415.9,382.2,328.3,43.3,41.0,38.8,37.6,37.1,36.7,36.5,140.8,143.9,147.8,151.6,147.8,144.1,144.1,824.5,672.0,607.5,582.2,568.8,560.4,551.1,539.7,456.0,425.1,410.7,401.0,394.1,384.9,510.6,441.2,410.4,392.8,382.2,374.7,364.5,490.9,431.8,396.7,371.0,356.4,346.1,331.5,500.9,436.4,400.2,366.8,340.5,322.5,300.7,498.0,422.8,381.7,357.3,336.6,318.5,278.6,509.4,425.7,377.4,342.6,319.4,299.4,267.4,565.8,451.0,401.1,357.1,315.5,280.9,240.4,678.3,533.8,455.7,407.4,368.2,327.5,255.4,783.2,616.3,526.2,469.9,425.2,378.2,294.9,1.0659,1.3793,1.6120,0.8287,1.1065,1.3075,0.0,0.0000,2026,1.2659,474.0,03420005009,12.745,5668,31.8,62.0,41.7,0.0,187.7,562.9,435.0,372.2,724.0,542.3,458.9,476.2,435.4,1.2600,1.3780,392.8,326.3,306.6,37.5,148.5,555.2,383.0,360.5,322.9,286.1,249.2,242.9,210.2,199.4,230.3,1166.1,882.7,1164.0,45.5,139.2,1187.0,758.2,703.1,665.1,684.8,706.8,733.8,821.4,991.8,1145.3
GRE,01314,GR42509,GRE-42509,ALBATROS,CORINTHIAN 28,DROMOR,Martzoucos,1972,IOAThA,,,,ORC,CLUB,C,400,29 04 2026 10:49:42,8.622,6.895,1.048,2.73,3112.,0.0,0.63,848.8,0.6337,946.8,0.8006,749.4,1446.9,1156.5,1001.2,904.1,841.1,801.9,778.1,0.0,0.0,0.0,0.0,0.0,0.0,0.0,1105.8,896.3,784.0,718.2,677.6,652.1,629.8,0.0,0.0,0.0,0.0,0.0,0.0,0.0,1427.2,1078.0,891.1,774.3,704.5,654.6,584.9,48.7,47.8,47.1,46.6,46.5,46.8,47.7,149.3,153.0,156.8,161.2,165.1,173.2,177.7,1643.0,1336.9,1181.0,1089.5,1031.0,999.3,1006.6,1025.3,842.1,748.7,695.1,660.2,639.4,637.3,945.7,790.3,705.9,655.9,624.3,604.3,595.6,901.8,754.8,670.4,622.7,594.1,576.4,556.2,863.7,709.7,630.6,590.6,572.7,564.0,536.8,839.0,691.8,613.2,573.5,548.0,527.4,501.4,864.7,707.9,622.4,577.0,548.7,524.2,487.1,948.1,761.4,656.0,596.8,563.2,536.4,490.9,1083.2,848.0,717.9,637.8,589.6,560.0,512.0,1250.8,976.0,821.3,718.8,651.2,604.6,549.6,0.5994,0.8055,0.9229,0.4610,0.6371,0.7474,0.0,0.0000,2026,0.7314,820.3,03420004NMT,5.326,3657,16.4,16.3,19.1,47.9,0.0,1001.0,744.9,650.1,1301.5,941.8,802.8,841.9,730.3,0.7127,0.8215,786.2,629.4,575.3,50.1,177.7,1065.1,661.1,600.0,552.0,517.8,488.5,468.0,458.5,474.9,507.2,2138.0,1605.8,2110.3,50.8,146.2,2414.9,1491.4,1336.9,1256.6,1223.7,1176.5,1223.5,1378.4,1611.8,1861.1
GRE,00257,HR4295,GRE-4295,WATER GIPSY,HALLBERG RASSY 42,HALLBERG RASSY,G.FRERS,1984,HORC,,,,ORC,CLUB,C,600,18 03 2026 10:44:17,12.950,10.710,1.928,3.90,13943.,138.2,0.71,681.1,0.7961,753.6,0.9975,601.5,1167.3,925.9,794.4,715.7,670.3,642.6,615.1,0.0,0.0,0.0,0.0,0.0,0.0,0.0,887.0,717.9,626.4,574.7,546.0,529.2,511.8,0.0,0.0,0.0,0.0,0.0,0.0,0.0,1161.0,867.1,710.7,616.7,567.5,533.5,486.4,46.0,43.8,42.1,41.5,41.7,41.7,42.1,144.2,147.8,148.8,152.8,157.6,162.3,171.3,1230.7,993.2,872.6,804.9,771.7,756.0,748.9,784.1,651.3,582.4,541.9,521.1,511.9,507.8,732.5,619.0,556.7,521.6,503.2,494.1,489.2,699.6,595.6,536.6,502.4,484.4,475.1,467.9,696.2,580.4,519.7,489.6,473.4,463.0,450.1,690.0,571.1,509.7,480.0,463.7,452.4,439.6,714.4,585.5,516.7,482.3,463.0,448.7,426.4,800.0,640.1,548.5,499.4,473.2,455.8,426.7,956.1,743.6,620.3,544.4,501.1,476.1,444.8,1104.0,858.6,716.3,626.6,568.9,529.3,481.4,0.7477,1.0056,1.1388,0.5733,0.8020,0.9386,0.0,0.0000,2026,0.9112,658.5,03420004I6C,8.797,14863,41.3,32.7,55.1,110.2,0.0,802.5,596.7,526.9,1046.6,748.1,639.2,658.4,607.0,0.9112,0.9885,609.4,505.3,477.6,43.7,175.4,766.1,507.5,486.5,463.4,443.6,432.7,414.9,401.9,417.1,452.6,1728.0,1289.3,1720.2,48.5,141.5,1806.0,1127.6,1024.9,959.9,980.4,980.9,1020.8,1174.6,1429.0,1650.0
GRE,00488,GR4303,GRE-4303,GEROLIMENAS,GIB SEA 33,GIBERT MARINE,HARLE,1978,NO RACHON,,,,ORC,CLUB,C,457,07 05 2026 10:24:33,9.858,7.725,1.653,3.45,3900.,0.0,0.29,702.9,0.7825,766.8,0.9572,626.9,1136.2,918.2,798.8,731.0,695.1,673.8,654.5,0.0,0.0,0.0,0.0,0.0,0.0,0.0,880.7,726.8,646.3,603.5,580.2,564.7,546.4,0.0,0.0,0.0,0.0,0.0,0.0,0.0,1134.9,865.5,723.9,643.3,602.2,570.6,519.7,43.7,42.1,40.9,39.9,39.7,39.7,40.8,148.2,151.8,155.2,161.0,166.4,174.5,177.2,1148.3,957.2,856.0,809.4,795.6,791.3,801.8,752.6,641.3,589.0,565.3,557.1,554.1,553.1,714.4,617.2,573.0,551.9,542.4,538.8,535.2,693.3,602.9,561.2,539.5,525.5,516.7,508.0,706.3,607.7,560.5,535.5,517.8,503.0,482.5,740.8,615.0,555.8,525.4,502.4,483.2,460.0,766.0,631.0,563.5,529.0,503.1,480.5,445.9,841.4,680.2,592.3,546.3,517.7,492.3,449.4,973.4,762.6,647.1,579.4,541.7,515.7,470.2,1124.0,879.2,741.6,652.6,594.6,556.4,507.1,0.7465,0.9643,1.0682,0.5841,0.7892,0.8930,0.0,0.0000,2026,0.8815,680.7,03420004OVE,7.266,4548,21.7,21.3,39.3,64.1,0.0,803.8,622.2,561.7,1027.2,760.3,671.9,676.7,636.0,0.8867,0.9434,650.0,539.4,509.1,43.0,177.2,833.4,559.3,536.8,502.6,473.1,447.6,427.8,415.8,433.5,466.7,1636.9,1238.1,1639.8,46.4,144.2,1608.3,1022.0,949.2,904.7,932.0,1034.6,1076.4,1215.0,1442.4,1665.6
GRE,00050,GR435,GRE-435,ANEMOLIA,CATALINA 320,CATALINA YACHTS,Gerry Douglas,1992,SEANATK,,,,ORC,CLUB,C,400,18 03 2026 11:56:54,9.750,8.917,1.409,3.53,5831.,0.0,0.53,713.2,0.7656,783.7,0.9503,631.4,1201.2,958.4,828.0,746.5,696.5,668.2,643.0,0.0,0.0,0.0,0.0,0.0,0.0,0.0,918.8,747.5,657.3,605.6,575.2,556.9,536.2,0.0,0.0,0.0,0.0,0.0,0.0,0.0,1194.9,898.6,743.0,648.5,597.3,562.1,510.4,46.0,44.0,42.6,41.8,41.5,41.3,41.5,147.6,151.6,155.2,160.0,165.5,172.7,178.6,1264.3,1033.3,913.5,842.3,804.4,788.2,785.2,806.2,675.9,607.0,569.1,549.2,539.5,535.4,754.3,640.9,581.3,550.2,532.9,523.0,517.2,723.8,617.4,562.6,534.8,518.0,506.4,493.0,735.6,611.1,548.4,518.8,501.4,490.2,477.9,726.2,600.4,540.8,511.7,491.6,473.5,442.4,752.1,618.8,550.6,517.2,495.4,476.1,439.5,840.7,676.3,585.8,537.7,510.4,489.5,450.7,985.7,766.1,647.5,574.6,533.6,508.7,470.1,1138.1,883.5,742.5,650.7,588.7,548.2,500.8,0.7201,0.9568,1.0836,0.5556,0.7704,0.9012,0.0,0.0000,2026,0.8703,689.4,03420004I6J,7.602,6429,25.4,26.1,32.1,62.9,58.9,833.2,627.1,553.7,1079.9,778.8,665.8,689.7,637.1,0.8700,0.9418,635.5,525.5,495.3,42.9,178.1,805.3,538.2,516.6,488.2,463.7,425.7,411.7,416.4,433.6,465.7,1767.7,1322.3,1761.3,48.9,144.3,1832.5,1141.7,1041.6,979.5,1005.5,1021.3,1064.3,1228.0,1474.9,1703.0
GRE,00213,GR44GS,GRE-44,PHAEDRA,GRAND SOLEIL 42R,DEL PARDO,BOTIN/CARKEEK,2004,NOE,,,,ORC,INTL,R,940,26 05 2026 11:42:55,12.668,10.912,2.376,3.09,5967.,134.2,0.00,552.2,0.9913,605.3,1.2161,493.4,891.1,715.8,627.7,581.6,553.0,533.4,503.3,0.0,0.0,0.0,0.0,0.0,0.0,0.0,686.9,564.9,508.0,478.6,459.4,444.8,420.3,0.0,0.0,0.0,0.0,0.0,0.0,0.0,890.1,675.0,569.0,510.0,476.1,448.8,404.0,43.1,40.9,39.2,38.2,37.8,37.6,37.7,142.4,147.1,151.5,157.0,164.2,167.3,162.2,900.9,735.9,668.3,643.2,629.7,621.4,614.0,592.4,500.1,466.4,455.3,448.7,444.3,439.1,563.3,484.2,453.8,442.5,435.9,431.1,425.1,545.4,475.4,444.5,427.7,418.6,412.0,402.9,556.8,480.7,446.5,423.9,407.0,395.4,380.0,562.3,471.0,434.1,415.6,402.4,390.5,364.2,577.4,479.7,437.7,409.8,388.4,373.4,346.5,642.7,519.3,460.0,426.4,396.8,368.8,312.9,763.2,602.5,510.2,458.5,427.0,398.6,344.5,881.3,695.7,587.1,520.0,476.4,445.4,392.6,0.9586,1.2225,1.3659,0.7468,0.9983,1.1384,0.0,0.0000,2026,1.1195,535.9,03420004R70,10.847,7113,31.5,60.0,40.3,137.6,0.0,625.9,490.8,439.3,803.4,601.0,527.1,533.0,499.1,1.1256,1.2022,477.2,402.1,384.7,39.2,145.7,627.8,440.3,424.3,399.1,370.3,337.7,323.3,279.5,282.8,326.6,1281.4,967.6,1281.6,45.5,140.2,1279.1,818.0,761.2,721.9,740.5,783.3,812.3,921.2,1111.7,1283.7
GRE,01328,GR44,GRE-440,PETE,IMS 43,COOKSON,FARR,2002,YCG,,,,ORC,INTL,R,870,07 05 2026 10:53:56,12.795,11.627,2.854,3.20,6391.,150.7,0.00,549.5,0.9896,606.3,1.2198,491.9,884.4,717.1,632.4,583.5,552.8,531.5,502.5,0.0,0.0,0.0,0.0,0.0,0.0,0.0,677.1,562.3,508.3,477.8,457.9,442.7,418.8,0.0,0.0,0.0,0.0,0.0,0.0,0.0,888.3,676.2,571.6,509.8,475.0,446.2,401.0,42.0,39.7,38.2,37.4,37.3,37.1,37.0,141.3,146.0,150.4,156.5,164.6,170.0,168.7,845.1,709.7,657.7,634.5,621.8,612.6,604.1,562.2,487.3,461.5,450.8,444.5,439.9,434.3,536.5,471.7,448.4,438.1,431.7,426.6,420.0,519.9,462.1,437.3,422.7,413.6,406.6,396.3,529.6,465.9,437.0,417.0,401.6,389.9,374.1,566.0,473.9,435.6,411.2,395.0,383.0,359.6,587.0,485.1,442.0,414.0,389.3,367.7,340.2,667.0,534.0,467.8,433.6,406.0,379.7,325.1,799.9,627.5,525.9,467.1,434.7,408.4,356.5,923.7,724.5,607.1,532.5,483.8,450.4,400.9,0.9681,1.2244,1.3713,0.7493,0.9946,1.1408,0.0,0.0000,2026,1.1205,535.5,03420004OW9,11.352,7598,32.1,63.5,46.2,108.5,0.0,619.8,490.0,437.5,800.7,603.3,525.9,527.3,504.3,1.1378,1.1898,480.6,400.0,382.9,38.3,150.9,613.1,433.9,417.6,390.7,362.8,333.9,318.9,277.1,301.5,348.0,1270.8,951.5,1279.5,44.8,138.3,1183.4,760.9,710.3,676.3,695.3,791.9,831.4,967.6,1176.2,1358.2
GRE,02196,GR441,GRE-441,KURONEKO,FIRST 44,BENETEAU,BISCONTINI,2022,NOE,,,,ORC,CLUB,C,650,15 04 2026 13:50:08,13.165,12.219,2.036,4.25,10995.,0.0,0.25,578.9,0.9340,642.4,1.1682,513.6,968.3,774.1,669.3,611.2,581.1,561.6,539.4,0.0,0.0,0.0,0.0,0.0,0.0,0.0,740.8,602.2,531.3,493.4,472.3,457.4,437.8,0.0,0.0,0.0,0.0,0.0,0.0,0.0,961.6,725.4,600.7,528.5,490.8,461.4,414.2,45.7,43.7,42.1,41.2,41.0,40.8,41.0,142.6,146.3,149.0,151.2,153.8,158.5,161.9,1035.2,837.9,737.6,686.8,664.5,653.0,648.4,661.2,549.4,493.7,466.0,451.6,444.8,439.8,618.4,522.0,474.4,450.3,436.8,429.3,423.5,590.4,503.3,460.5,438.0,423.7,412.8,399.5,601.2,498.0,450.9,428.4,417.4,407.2,385.5,580.9,479.8,435.4,411.1,391.7,376.7,358.9,592.3,486.7,439.2,413.5,392.5,373.3,341.3,656.7,528.5,462.7,429.4,406.8,386.1,346.8,780.6,615.1,520.5,464.5,434.2,414.2,379.7,901.4,710.3,601.0,535.6,497.6,470.1,430.4,0.8935,1.1769,1.3223,0.6887,0.9425,1.0750,0.0,0.0000,2026,1.0697,560.9,03420004LFA,10.836,12014,41.0,51.0,53.6,0.0,157.3,671.5,509.8,453.8,871.2,636.6,558.1,562.3,516.7,1.0671,1.1612,529.3,425.8,401.2,42.0,157.8,660.9,441.4,423.2,393.9,371.2,344.6,322.6,303.3,346.2,397.6,1412.0,1060.7,1403.1,48.5,139.4,1501.1,937.0,853.3,797.0,821.0,818.7,841.0,947.2,1145.8,1323.0
GRE,00500,GR4424,GRE-4424,ELISSO,CORINTHIAN 28,DROMOR,,1978,NAOEFK,,,,ORC,CLUB,C,320,05 04 2026 18:41:59,8.622,7.094,1.149,2.73,4220.,0.0,0.71,858.4,0.6276,956.0,0.7933,756.4,1477.0,1175.6,1012.1,910.3,847.6,808.0,774.9,0.0,0.0,0.0,0.0,0.0,0.0,0.0,1127.1,910.2,793.2,723.0,681.2,656.3,631.8,0.0,0.0,0.0,0.0,0.0,0.0,0.0,1469.8,1099.5,902.4,779.3,708.7,659.6,590.2,47.5,46.4,46.1,46.0,46.5,46.6,47.4,150.9,155.0,157.7,162.2,165.3,169.6,178.6,1548.6,1273.0,1135.1,1055.3,1008.3,985.0,982.5,972.6,809.4,727.7,677.6,646.2,631.5,624.6,895.8,758.8,686.0,641.1,612.1,598.4,590.4,854.9,725.1,652.2,609.0,584.9,570.5,557.9,862.5,724.6,646.4,599.9,573.5,557.5,535.3,913.6,738.1,644.7,591.0,562.8,542.7,509.2,963.6,757.4,658.9,599.9,568.0,545.7,507.3,1069.4,836.6,702.7,628.6,584.4,558.5,517.4,1217.8,939.1,777.0,678.6,617.4,580.4,536.9,1405.3,1078.2,889.0,765.3,686.8,631.0,567.3,0.5890,0.7984,0.9184,0.4524,0.6311,0.7449,0.0,0.0000,2026,0.7234,829.4,03420004KCP,5.549,4688,18.0,17.4,29.4,40.3,0.0,1018.7,751.5,653.3,1326.3,950.7,805.5,834.2,759.1,0.7192,0.7904,771.8,623.7,576.3,48.9,178.6,1013.7,636.5,590.7,552.4,521.7,486.5,479.5,484.2,500.4,529.8,2186.9,1639.9,2180.3,50.2,148.4,2252.4,1393.1,1246.6,1166.6,1188.4,1336.0,1402.4,1589.0,1837.1,2121.3
GRE,00957,GR444,GRE-444,FLUTTERBY,MAXI 108,PETTERSSON,PELLE PETTERSSON,1979,NO KALAMAKIOU,,,,ORC,CLUB,C,160,25 03 2026 12:27:33,10.621,9.037,1.831,3.36,6941.,0.0,0.65,721.1,0.7529,796.9,0.9392,638.8,1205.8,963.5,836.3,760.5,714.8,686.3,664.2,0.0,0.0,0.0,0.0,0.0,0.0,0.0,928.4,753.8,662.7,611.9,583.7,566.7,549.8,0.0,0.0,0.0,0.0,0.0,0.0,0.0,1200.4,904.8,749.9,656.5,606.8,571.4,518.3,44.5,42.4,41.5,41.8,42.0,41.9,42.6,144.9,147.8,151.4,155.6,164.6,175.0,178.6,1259.8,1028.7,917.5,859.3,832.7,822.5,830.5,817.8,685.1,615.4,578.1,560.5,554.4,553.8,773.7,654.7,590.3,556.8,539.6,532.3,528.9,746.5,632.7,571.0,538.9,520.9,510.4,502.1,761.4,626.4,557.3,524.0,510.8,501.7,483.7,735.6,605.1,540.8,508.9,488.9,472.7,454.2,759.5,620.3,548.7,512.6,490.2,471.3,438.8,846.4,676.4,582.4,532.0,503.5,482.6,445.1,997.5,778.0,654.6,577.8,533.1,506.1,467.7,1151.8,898.3,755.2,661.8,597.0,550.2,497.9,0.7133,0.9469,1.0627,0.5532,0.7583,0.8757,0.0,0.0000,2026,0.8604,697.3,03420004ITV,7.538,7289,28.0,21.8,41.9,0.0,80.0,841.2,633.6,564.6,1084.6,791.2,685.2,699.7,642.4,0.8575,0.9340,663.0,544.7,509.1,44.1,178.6,863.2,564.6,531.9,498.2,474.0,442.4,421.7,414.3,432.7,462.8,1776.1,1340.2,1770.4,47.4,142.1,1833.2,1155.4,1068.6,1019.3,1054.5,1042.8,1083.2,1240.2,1488.7,1719.0
GRE,01354,GR45381,GRE-4473,KRAKER,J-24,J-BOATS,JOHNSTONE,1977,NO KALAMAKIOU,,,,ORC,INTL,S,400,02 04 2026 07:57:23,7.318,6.529,1.225,2.69,1269.,93.1,0.00,731.2,0.7550,794.7,0.9201,652.1,1183.3,955.7,832.3,756.0,717.1,696.3,672.5,0.0,0.0,0.0,0.0,0.0,0.0,0.0,912.5,756.6,676.8,630.1,602.4,582.8,552.9,0.0,0.0,0.0,0.0,0.0,0.0,0.0,1182.0,900.8,756.1,670.3,625.1,589.1,522.3,43.5,41.6,40.1,38.8,38.0,38.0,39.3,148.0,152.3,157.7,164.6,174.9,177.2,176.3,1196.8,997.0,893.8,836.5,814.0,808.1,818.5,785.0,671.7,622.0,597.7,584.3,579.1,576.3,745.7,648.1,607.4,584.6,569.0,561.5,554.2,724.6,636.8,597.0,570.9,550.7,535.3,519.4,736.4,636.0,586.8,557.8,539.5,522.2,487.2,744.7,632.1,583.2,547.1,515.3,485.3,444.4,771.2,646.8,592.0,555.4,521.4,486.7,416.4,861.6,703.9,618.2,577.2,543.1,510.5,436.5,1013.1,793.7,673.4,608.3,572.2,540.5,477.3,1169.8,914.4,770.9,675.5,620.1,584.5,526.5,0.7190,0.9241,1.0407,0.5610,0.7611,0.8663,0.0,0.0000,2026,0.8479,707.6,03420004K47,6.451,1801,12.0,15.9,17.6,35.0,0.0,834.5,649.3,576.5,1069.5,788.3,692.6,704.7,662.9,0.8514,0.9051,661.1,531.9,496.3,42.4,161.1,858.1,582.9,555.6,511.4,467.6,415.0,364.7,343.1,404.9,464.1,1707.5,1281.4,1710.2,46.4,142.8,1681.0,1067.9,991.8,945.8,971.5,1028.9,1072.0,1228.8,1501.8,1734.1
GRE,02182,GR45,GRE-45,EX OFFICIO,SWAN 45 OD,NAUTOR,FRERS,2001,YCG,,,,ORC,INTL,C,980,29 04 2026 10:29:23,13.829,12.678,2.840,3.89,9983.,141.3,0.00,533.2,1.0263,584.6,1.2542,478.4,847.6,690.8,609.1,562.8,533.7,513.8,486.8,0.0,0.0,0.0,0.0,0.0,0.0,0.0,651.5,544.2,493.0,464.9,446.8,433.3,412.4,0.0,0.0,0.0,0.0,0.0,0.0,0.0,849.6,651.6,552.2,494.9,462.9,437.4,397.6,42.1,39.8,38.2,37.1,36.6,36.2,36.1,141.3,146.2,150.7,156.5,164.2,170.4,171.8,827.7,695.3,638.7,613.2,598.6,589.1,578.2,549.9,477.2,450.4,439.2,432.7,428.1,422.2,524.2,462.4,439.1,428.3,421.9,417.1,410.5,507.0,453.1,430.1,416.6,407.4,401.0,391.3,514.7,455.5,429.3,412.4,398.9,388.2,373.5,544.9,460.1,426.2,406.4,393.5,383.3,365.8,561.1,467.8,429.9,406.6,386.6,370.3,348.7,628.8,508.3,450.4,421.3,398.2,376.5,333.1,751.3,594.3,502.1,450.4,422.2,400.0,356.7,867.6,686.2,579.5,512.5,468.8,438.5,395.5,1.0036,1.2595,1.3991,0.7800,1.0316,1.1795,0.0,0.0000,2026,1.1546,519.7,03420004NLE,12.269,11384,38.9,79.0,55.2,153.3,0.0,597.8,476.4,428.8,769.2,581.6,508.7,512.6,488.3,1.1706,1.2288,468.5,396.0,382.4,37.1,162.2,582.7,420.6,407.6,386.0,363.3,343.8,332.7,292.7,309.9,354.2,1212.1,909.3,1217.7,45.3,138.5,1155.9,740.4,688.5,652.5,667.5,754.6,788.9,904.7,1098.4,1268.3
GRE,02345,GR461,GRE-461,ANDIAMO,OCEANIS 46.1 STD,SPBI,PASCAL CONQ,2018,NOEF,,,,ORC,CLUB,C,500,23 03 2026 13:37:23,13.685,13.168,2.348,4.51,10597.,0.0,0.35,619.4,0.8813,680.8,1.1087,541.2,1110.1,862.2,726.2,642.4,591.4,561.9,532.5,0.0,0.0,0.0,0.0,0.0,0.0,0.0,846.5,666.9,570.3,513.6,480.6,460.4,437.0,0.0,0.0,0.0,0.0,0.0,0.0,0.0,1103.1,806.9,648.3,551.6,499.8,464.1,413.0,45.6,43.9,42.6,41.3,40.7,40.5,40.7,145.6,148.3,150.7,153.4,157.6,163.3,169.1,1180.6,929.9,796.6,716.7,674.7,657.9,650.9,755.2,606.0,528.1,482.2,458.3,447.5,442.1,704.9,572.5,503.0,462.8,441.1,430.2,424.2,673.0,550.0,484.5,447.8,426.9,413.4,399.4,673.6,541.0,472.8,439.4,425.0,408.8,382.7,654.3,523.7,456.4,422.5,400.9,383.9,364.5,678.5,539.7,465.7,426.4,401.6,379.7,345.9,762.5,593.5,502.5,448.1,416.9,393.0,350.5,900.4,688.1,568.2,493.8,446.6,417.8,374.3,1039.7,794.6,655.8,568.0,508.1,466.0,414.0,0.7929,1.1173,1.3139,0.6084,0.8877,1.0748,0.0,0.0000,2026,1.0109,593.6,03420004IN9,10.925,11461,45.1,43.9,49.9,126.4,0.0,756.7,537.0,456.7,986.2,675.9,558.2,595.0,549.7,1.0083,1.0915,519.8,424.9,399.2,41.9,166.8,665.0,445.2,425.3,396.0,367.6,353.9,327.9,309.4,334.6,374.6,1669.9,1257.9,1659.8,47.4,143.4,1770.8,1115.3,1025.0,968.4,979.6,953.4,994.6,1138.2,1358.8,1569.0
GRE,02065,GR471,GRE-471,OPTIMUM S,CARKEEK 47,PREMIER CT,CARKEEK DES PARTNE,2013,NOK,,,,ORC,INTL,R,1105,14 05 2026 12:31:40,14.300,14.040,3.303,4.31,6554.,134.5,0.00,460.4,1.1650,515.0,1.4615,410.5,747.5,605.6,538.3,500.7,472.3,445.7,403.6,0.0,0.0,0.0,0.0,0.0,0.0,0.0,572.8,476.7,430.4,400.8,377.9,358.6,329.5,0.0,0.0,0.0,0.0,0.0,0.0,0.0,746.8,570.6,485.3,430.7,394.0,361.4,309.9,42.9,40.4,38.3,37.6,37.0,36.6,36.3,141.1,142.5,147.8,151.6,147.8,145.3,144.2,755.1,626.9,576.4,552.6,538.4,528.7,518.4,496.4,426.4,402.4,389.8,380.2,372.8,362.9,469.9,411.5,387.2,372.8,362.3,354.3,343.4,451.8,401.4,370.3,350.1,337.6,327.6,313.2,453.9,399.4,371.0,341.5,320.8,306.3,285.2,460.5,397.8,357.9,329.2,306.8,290.0,263.6,481.2,406.1,360.9,327.9,299.1,277.4,245.2,535.9,429.9,382.3,341.3,303.2,271.3,231.9,640.8,505.9,433.2,389.1,351.8,314.1,250.1,739.9,584.2,500.3,448.9,406.2,362.7,288.8,1.1434,1.4589,1.7022,0.8869,1.1653,1.3744,0.0,0.0000,2026,1.3382,448.4,03420004PUE,14.323,8167,40.7,81.7,59.8,0.0,235.3,524.8,411.3,352.5,676.5,514.9,436.6,449.1,413.0,1.3360,1.4528,374.8,309.3,290.1,37.1,147.6,522.8,361.2,339.6,305.7,271.2,237.5,225.3,195.7,196.3,226.7,1073.3,805.7,1073.8,45.5,139.6,1068.0,682.6,631.9,594.3,607.9,631.8,673.5,776.2,934.1,1078.6
GRE,02233,GR4711,GRE-4711,TRE IRENE,FIRST 45 SD,BENETEAU,BRIAND,2007,NAOB,,,,ORC,INTL,C,850,14 08 2026 10:26:42,13.795,12.347,2.400,4.20,11443.,0.0,0.21,571.7,0.9612,624.2,1.1857,506.0,964.3,766.5,656.9,593.1,556.9,533.6,506.1,0.0,0.0,0.0,0.0,0.0,0.0,0.0,737.8,598.6,525.4,485.5,462.7,447.2,425.8,0.0,0.0,0.0,0.0,0.0,0.0,0.0,962.3,720.4,592.0,518.1,480.3,452.1,408.1,44.3,42.3,40.5,39.2,38.4,38.5,38.2,140.6,148.0,150.9,155.4,161.9,167.8,176.3,984.3,797.6,698.1,647.2,624.7,612.4,600.7,637.7,531.1,478.0,452.7,440.7,434.9,428.5,601.3,508.2,463.5,441.5,429.7,423.2,415.9,578.1,493.5,453.9,433.0,419.0,408.9,397.3,589.8,499.3,451.9,430.5,416.8,403.9,383.7,595.0,488.7,441.6,417.8,400.2,387.1,370.3,611.9,500.6,447.9,421.0,400.9,383.1,353.8,684.8,547.7,475.3,437.6,414.1,393.9,355.3,817.8,636.8,533.4,471.4,437.2,415.1,376.8,944.3,735.4,615.6,539.0,489.0,454.7,411.5,0.8979,1.1939,1.3542,0.6933,0.9681,1.1340,0.0,0.0000,2026,1.0866,552.2,03420004WED,11.498,12681,43.5,61.4,53.8,153.2,0.0,668.2,502.6,443.1,865.4,619.8,529.1,546.9,517.8,1.0971,1.1587,488.8,410.6,393.0,38.8,170.4,600.9,426.5,412.9,391.0,370.9,359.4,335.7,314.2,339.2,376.7,1405.5,1055.1,1404.1,47.3,138.8,1419.0,895.3,824.3,777.0,801.2,841.6,870.4,997.5,1205.4,1391.9
GRE,00768,GR476,GRE-476,VOLTAIRE,SUN MAGIC 44,JEANNEAU,D. ANDRIEU,1987,NOTK,,,,ORC,CLUB,C,500,02 09 2026 10:29:33,13.090,11.133,2.115,4.26,10552.,0.0,0.49,629.5,0.8646,693.9,1.0769,557.1,1061.8,845.1,729.1,660.3,621.2,597.2,569.7,0.0,0.0,0.0,0.0,0.0,0.0,0.0,812.9,659.1,578.7,534.1,508.8,492.6,471.6,0.0,0.0,0.0,0.0,0.0,0.0,0.0,1057.6,793.3,654.5,571.6,528.3,497.7,451.5,45.2,42.9,41.3,40.4,39.7,39.3,39.0,143.3,147.1,148.5,150.1,153.7,158.8,175.7,1104.7,895.3,787.1,724.9,692.3,677.3,667.4,710.9,592.7,531.5,499.5,482.8,474.1,467.9,669.0,565.4,512.3,485.3,470.3,461.6,454.5,642.7,547.1,498.7,473.8,458.8,448.7,435.9,655.0,547.1,489.7,462.4,447.3,439.5,424.2,646.9,531.1,478.0,451.8,434.0,418.5,394.0,664.7,543.4,484.7,455.7,436.3,418.9,386.2,743.3,594.3,514.3,473.3,449.5,431.1,395.1,882.5,688.3,581.1,516.0,479.3,457.0,425.6,1019.0,794.8,671.0,595.7,550.2,517.1,471.9,0.8152,1.0848,1.2276,0.6293,0.8710,1.0120,0.0,0.0000,2026,0.9859,608.6,0342000500B,9.810,11361,37.9,39.7,50.9,0.0,110.6,736.0,553.1,488.8,953.4,688.9,592.9,604.3,568.0,0.9928,1.0564,556.3,459.1,436.6,39.5,176.6,672.4,467.0,452.1,429.7,410.3,380.3,363.2,363.4,394.6,440.3,1561.0,1172.5,1556.3,47.8,140.2,1607.2,1007.9,925.9,873.9,903.5,920.7,950.0,1087.6,1311.8,1514.7
GRE,01003,GR48,GRE-48,BANA BIOLETTA 4,ILC 40,COOKSON,B. FARR,1995,HORC,,,,ORC,INTL,R,780,16 07 2026 11:29:09,12.490,11.122,2.576,3.96,5846.,127.0,0.00,542.1,1.0069,595.9,1.2336,486.4,858.8,698.9,618.8,574.9,546.9,527.0,494.8,0.0,0.0,0.0,0.0,0.0,0.0,0.0,661.7,552.8,502.3,473.8,454.4,439.0,412.6,0.0,0.0,0.0,0.0,0.0,0.0,0.0,859.1,659.6,561.6,504.7,470.9,442.8,396.0,42.3,39.7,37.8,37.4,37.0,36.7,36.6,141.3,146.4,151.6,157.9,165.5,167.3,157.7,855.8,713.9,658.0,634.4,620.7,611.7,602.6,568.0,491.2,464.5,453.5,446.5,441.5,434.9,541.6,476.3,452.1,440.7,433.1,427.5,419.8,524.2,466.7,441.0,424.7,414.2,406.5,395.3,533.6,469.9,440.8,419.3,402.4,389.3,371.1,543.2,464.3,431.2,410.3,396.0,382.9,355.3,559.2,470.8,433.7,405.6,382.2,365.1,336.8,625.2,508.1,454.9,422.6,392.8,363.1,307.0,746.3,592.3,502.6,454.7,423.9,395.4,337.0,861.8,684.0,579.7,515.4,473.0,442.3,386.9,0.9881,1.2370,1.3859,0.7703,1.0120,1.1541,0.0,0.0000,2026,1.1364,528.0,03420004VAE,11.101,6936,31.2,66.2,38.2,138.1,0.0,607.2,485.0,432.9,778.9,592.9,519.9,525.0,492.1,1.1427,1.2192,464.9,391.8,374.8,38.0,146.8,612.7,434.7,417.3,389.3,358.6,326.9,313.2,270.0,274.6,317.0,1228.2,925.5,1230.6,44.9,138.8,1204.4,772.6,719.8,683.7,701.3,749.6,783.3,893.9,1084.3,1252.1
GRE,00267,GR486,GRE-486,ADRASTEIA,DEHLER 34,DEHLER,VAN DE STADT,1982,IO HALKIDAS,,,,ORC,CLUB,C,500,15 04 2026 13:32:20,10.112,8.459,1.763,3.41,4373.,108.9,0.27,679.4,0.8122,738.7,0.9917,605.0,1112.0,892.2,773.3,703.4,665.4,642.5,617.5,0.0,0.0,0.0,0.0,0.0,0.0,0.0,855.7,701.8,624.8,582.8,559.5,543.3,520.5,0.0,0.0,0.0,0.0,0.0,0.0,0.0,1109.1,839.3,700.1,620.6,580.3,549.4,498.2,43.9,41.7,40.1,38.9,38.3,38.1,38.8,146.2,150.9,154.3,161.4,168.7,177.2,178.1,1141.2,939.1,835.0,781.4,759.8,749.2,744.6,744.6,630.3,576.7,551.6,539.4,533.8,528.5,705.9,604.9,560.6,538.5,526.3,520.0,513.5,684.0,589.0,548.4,526.9,512.5,502.1,490.0,691.0,582.6,537.8,516.3,505.1,493.5,470.2,686.5,575.6,530.9,505.7,485.0,466.4,442.7,712.3,591.0,537.8,509.6,487.0,464.7,427.2,795.3,643.8,564.9,526.7,501.3,477.6,430.8,937.7,732.6,619.5,556.8,523.6,500.0,454.4,1082.7,845.3,711.5,625.3,571.1,535.8,490.4,0.7705,0.9985,1.1135,0.5987,0.8186,0.9392,0.0,0.0000,2026,0.9126,657.5,03420004LF3,7.881,5063,22.8,30.1,25.9,66.4,0.0,778.7,600.9,538.8,1002.2,733.0,638.8,654.8,612.7,0.9163,0.9793,602.4,506.6,482.9,40.1,176.3,756.5,528.6,512.2,483.9,455.2,428.7,408.2,393.5,413.3,448.3,1616.4,1216.1,1615.3,46.5,141.9,1627.1,1032.3,958.2,912.8,940.4,956.0,997.3,1148.0,1390.6,1605.7
GRE,00254,GR49004,GRE-49004,GULIO,CANADOS 37,CANADOS,VALLICELLI & CO.,1980,NOD,,,,ORC,CLUB,C,600,25 03 2026 14:14:42,11.280,9.222,2.075,3.67,6550.,0.0,0.43,672.3,0.8175,734.0,1.0067,596.0,1125.0,895.0,772.7,699.5,654.9,628.0,601.4,0.0,0.0,0.0,0.0,0.0,0.0,0.0,863.2,698.9,617.3,572.8,546.5,529.8,508.2,0.0,0.0,0.0,0.0,0.0,0.0,0.0,1119.5,839.9,695.7,611.4,567.1,535.5,487.2,44.5,42.3,40.7,39.5,38.7,38.2,38.0,144.0,147.1,148.5,156.4,168.2,177.2,179.0,1179.8,953.9,837.8,774.7,743.6,730.1,722.3,764.9,635.3,571.5,542.2,527.5,520.3,515.4,722.3,606.8,553.4,528.7,514.7,506.8,501.2,698.6,588.8,540.1,516.9,502.1,491.8,479.3,692.7,573.7,525.2,501.9,489.6,481.4,464.2,679.0,560.0,513.4,489.1,469.8,451.9,427.8,700.4,574.0,519.2,491.9,471.0,450.2,415.3,783.1,627.6,547.0,508.4,484.2,463.1,421.7,926.7,724.1,612.7,547.3,511.4,488.6,449.2,1070.1,836.1,707.5,624.3,566.3,525.9,480.5,0.7682,1.0143,1.1410,0.5941,0.8230,0.9604,0.0,0.0000,2026,0.9237,649.6,03420004IUS,8.327,7382,27.1,29.9,37.1,0.0,85.7,781.0,591.5,525.9,1009.9,729.0,624.7,647.7,602.8,0.9263,0.9953,587.6,495.7,472.9,38.9,178.6,731.7,515.7,500.3,475.0,448.8,414.8,397.0,391.1,413.2,443.5,1652.6,1247.5,1646.0,46.7,140.6,1718.7,1088.4,1008.9,961.3,981.8,961.1,994.8,1140.8,1373.9,1586.5
GRE,00288,GR49037,GRE-49037,SIM CAT,CARTER 37,DROMOR YACHTS,D.CARTER,1972,NOTK,,,,ORC,CLUB,C,480,14 04 2026 20:37:11,11.235,9.193,2.013,3.73,7771.,121.5,0.61,671.7,0.8243,727.9,1.0065,596.1,1104.8,889.0,769.8,694.2,648.6,621.4,592.6,0.0,0.0,0.0,0.0,0.0,0.0,0.0,855.3,702.4,620.2,573.2,545.7,527.9,504.4,0.0,0.0,0.0,0.0,0.0,0.0,0.0,1101.2,837.3,696.0,610.7,565.8,534.4,486.4,43.7,41.8,40.5,39.4,38.4,38.0,37.9,146.9,150.9,153.0,158.5,164.6,170.9,177.7,1140.0,940.7,833.3,768.4,731.7,713.5,699.7,745.3,631.1,570.8,539.7,522.4,511.9,503.7,707.9,605.6,553.8,527.3,511.7,501.2,492.2,686.9,590.0,542.0,517.1,501.5,489.7,472.6,701.6,597.2,537.1,509.2,495.1,486.0,463.3,697.4,579.3,524.9,497.9,478.8,462.1,439.4,718.7,592.5,530.8,500.5,479.4,460.4,428.0,790.8,640.5,556.4,515.0,490.6,470.3,431.6,926.2,725.6,613.4,547.2,512.2,490.0,451.8,1069.5,837.3,706.3,620.1,565.5,529.4,485.5,0.7704,1.0122,1.1461,0.6019,0.8284,0.9718,0.0,0.0000,2026,0.9256,648.3,03420004LAC,8.373,8491,29.8,27.5,46.5,103.2,0.0,778.8,592.8,523.5,996.8,724.3,617.4,645.5,606.1,0.9295,0.9900,577.8,491.3,471.8,38.5,176.8,704.6,503.1,490.0,465.1,445.3,427.3,411.2,404.4,418.6,450.9,1604.8,1213.8,1603.0,46.7,143.3,1623.2,1029.5,955.2,911.8,943.7,978.0,1011.6,1144.4,1373.9,1586.4
GRE,00695,GR49049,GRE-49049,IRIDINI,PUMA 34,INERGA SPAIN,HOLMAN & PYE,1975,IO PATRON,,,,ORC,CLUB,C,400,14 05 2026 09:45:55,10.345,8.013,1.829,3.32,5676.,125.6,0.61,709.1,0.7663,783.0,0.9505,631.2,1156.9,939.8,822.0,751.0,706.8,678.1,646.7,0.0,0.0,0.0,0.0,0.0,0.0,0.0,892.5,736.8,655.2,609.1,580.5,561.2,538.3,0.0,0.0,0.0,0.0,0.0,0.0,0.0,1149.5,882.0,739.0,651.4,602.8,567.2,516.1,43.9,41.6,40.7,40.0,39.5,39.3,39.3,145.3,148.0,148.6,150.9,156.4,161.0,179.8,1231.4,1017.2,904.4,836.1,796.7,775.0,761.1,805.0,681.8,615.0,577.6,557.2,545.9,537.4,763.7,652.9,593.2,561.0,543.2,532.4,522.0,740.8,633.2,577.2,547.8,530.4,517.7,500.0,715.4,601.3,548.3,524.2,510.5,501.4,487.3,699.9,588.1,538.6,512.5,491.1,472.7,451.5,721.4,602.1,545.8,517.0,493.7,472.6,442.8,799.2,653.5,574.2,534.6,509.5,486.8,449.6,937.5,746.8,640.5,577.1,541.5,519.1,481.2,1082.6,862.3,739.6,665.9,616.9,581.2,532.3,0.7365,0.9555,1.0763,0.5723,0.7699,0.8909,0.0,0.0000,2026,0.8721,688.0,03420004PSS,7.196,6251,23.4,23.9,28.8,0.0,77.6,814.7,627.9,557.5,1048.4,779.3,673.5,688.1,636.7,0.8720,0.9423,634.0,526.6,502.2,40.2,179.8,770.5,537.9,520.7,489.8,469.5,440.5,425.2,423.6,449.9,497.5,1667.0,1259.5,1658.2,46.7,140.2,1755.8,1115.6,1036.6,989.4,981.8,962.1,994.0,1135.3,1366.9,1578.3
GRE,02188,GR49062,GRE-49062,FAINOMENO,FORMULA 28 MODIF,HUNTER,JONES,1984,IOP,,,,ORC,CLUB,R,420,14 05 2026 10:36:14,8.290,6.765,1.642,2.80,1743.,99.5,0.00,694.8,0.7959,753.9,0.9586,625.9,1077.7,877.5,776.7,725.6,696.2,676.6,646.0,0.0,0.0,0.0,0.0,0.0,0.0,0.0,836.1,704.5,643.1,610.6,588.2,570.3,543.7,0.0,0.0,0.0,0.0,0.0,0.0,0.0,1078.4,830.8,711.8,648.1,609.6,575.8,519.8,42.0,39.2,36.8,36.3,36.1,36.1,36.7,146.2,151.6,158.0,167.1,177.2,178.6,176.3,1070.5,900.2,827.9,804.7,794.5,788.5,787.0,715.8,631.6,600.8,587.0,580.2,575.4,570.5,687.4,616.9,588.7,573.7,565.5,559.3,551.8,672.6,607.4,577.8,558.3,543.0,532.2,517.6,683.5,603.2,569.2,548.2,528.7,509.2,486.6,689.1,602.4,562.6,530.3,501.3,482.0,459.8,714.7,615.4,571.2,536.9,502.5,474.8,436.1,797.7,657.7,596.1,560.0,526.0,491.5,431.8,939.6,741.2,638.6,588.3,555.3,522.9,463.0,1084.9,854.8,725.6,646.6,597.8,564.7,505.0,0.7789,0.9621,1.0623,0.6137,0.8022,0.8955,0.0,0.0000,2026,0.8880,675.7,03420004PTL,6.826,2280,13.8,24.1,15.2,38.9,0.0,770.3,623.6,564.8,977.7,747.9,670.0,674.0,633.0,0.8902,0.9479,630.0,525.6,501.1,38.5,169.4,807.3,571.9,550.5,511.1,476.1,446.4,409.2,359.8,399.0,452.8,1531.8,1156.4,1536.9,45.0,139.5,1480.3,954.6,897.6,862.9,885.6,936.2,979.1,1132.7,1371.2,1583.3
GRE,01079,GR49063,GRE-49063,ANDROMEDA,MOODY 39,MARINE PROJECTS,A.PRIMROSE,1977,IOP,,,,ORC,INTL,C,500,09 03 2026 18:38:02,11.655,10.071,1.724,4.05,9488.,119.7,0.67,694.4,0.7863,763.1,0.9807,611.8,1195.6,948.0,812.1,726.8,671.5,635.5,604.2,0.0,0.0,0.0,0.0,0.0,0.0,0.0,912.1,736.5,641.4,585.9,551.7,529.1,504.5,0.0,0.0,0.0,0.0,0.0,0.0,0.0,1187.7,887.7,726.6,628.4,573.0,534.0,481.4,46.6,44.8,43.9,43.1,42.6,41.9,41.4,147.5,150.7,151.8,157.8,163.3,168.7,178.1,1273.9,1032.5,907.5,829.7,777.9,745.2,729.8,807.6,666.5,594.5,551.3,525.6,510.1,500.1,748.7,628.7,565.9,530.3,509.7,496.2,484.9,712.7,604.2,545.7,514.1,495.4,482.5,465.1,723.9,605.7,534.6,498.9,478.7,464.7,448.0,717.5,589.2,524.0,491.6,471.4,454.3,422.0,742.7,602.3,530.9,494.8,472.9,454.6,420.0,827.3,653.5,559.8,511.1,484.0,464.3,427.4,967.5,748.3,621.4,547.9,507.5,483.2,447.1,1117.2,863.6,716.6,623.9,565.1,525.8,478.6,0.7279,0.9862,1.1417,0.5598,0.7896,0.9482,0.0,0.0000,2026,0.8961,669.6,03420004H8R,8.275,10259,36.6,31.8,52.2,108.1,87.0,824.3,608.4,525.5,1071.8,759.9,632.8,671.4,615.8,0.8937,0.9744,596.0,493.4,467.7,42.6,177.2,745.9,501.7,483.6,458.5,437.7,399.7,395.2,396.1,413.0,446.1,1772.9,1327.4,1763.3,48.9,144.8,1869.8,1164.1,1050.7,979.9,1006.1,1031.1,1071.8,1211.0,1451.5,1676.0
GRE,00347,GR49064,GRE-49064,CALYPSO,GIN FIZZ mod.,JEANNEAU,M. JOUBERT,1980,IOP DEI,,,,ORC,CLUB,C,450,23 03 2026 16:33:53,11.914,9.558,1.902,3.76,7851.,117.4,0.59,678.1,0.7985,751.4,0.9980,601.2,1127.3,908.9,791.6,719.1,674.3,645.4,614.7,0.0,0.0,0.0,0.0,0.0,0.0,0.0,867.0,710.8,627.1,578.2,548.5,529.1,506.4,0.0,0.0,0.0,0.0,0.0,0.0,0.0,1121.3,853.0,709.7,619.8,569.8,534.2,483.6,44.6,42.4,41.2,40.7,40.3,40.2,40.2,144.6,147.7,148.3,149.8,153.0,158.1,177.1,1186.9,975.0,864.4,797.0,757.5,737.3,726.2,769.4,649.4,583.5,545.3,522.5,509.7,501.5,727.8,620.3,561.1,527.3,507.2,495.4,485.8,703.5,601.2,544.6,512.6,493.6,480.9,464.9,700.7,583.4,522.5,492.1,475.7,467.4,453.5,684.2,568.2,510.7,481.5,461.3,444.1,419.4,705.0,582.8,519.3,486.3,464.2,444.9,412.9,784.4,636.3,552.8,506.1,479.3,458.5,421.4,924.6,729.9,622.5,555.3,513.8,488.4,453.0,1067.7,842.9,718.8,641.2,591.1,553.5,503.3,0.7606,1.0032,1.1419,0.5893,0.8023,0.9359,0.0,0.0000,2026,0.9137,656.7,03420004INM,8.290,8534,30.1,29.1,38.9,0.0,91.1,788.9,598.1,525.4,1018.2,747.8,641.1,655.3,609.6,0.9156,0.9842,603.5,495.8,469.6,40.8,177.7,738.8,503.1,485.1,458.6,437.6,407.6,391.6,393.2,421.7,468.2,1638.1,1235.3,1631.5,47.6,140.3,1703.9,1072.8,992.4,944.6,975.3,953.7,985.8,1129.1,1361.7,1572.3
GRE,02274,GR49105,GRE-49105,PHILOTERA,FIRST 435 E,BENETEAU,GERMAN FRERS,1983,NO KALAMAKIOU,,,,ORC,CLUB,C,782,07 05 2026 10:33:55,13.238,11.253,2.316,4.04,10801.,0.0,0.41,613.4,0.9011,665.8,1.1026,544.1,1020.1,812.9,700.7,633.6,594.5,571.4,545.7,0.0,0.0,0.0,0.0,0.0,0.0,0.0,784.9,638.8,563.5,522.5,499.3,484.6,465.0,0.0,0.0,0.0,0.0,0.0,0.0,0.0,1017.2,764.9,633.0,556.7,517.8,490.0,447.3,44.1,41.7,40.1,39.1,38.2,37.6,37.3,145.1,149.2,152.3,156.7,164.2,170.5,178.1,1049.5,854.2,752.6,696.8,669.9,657.2,646.9,682.5,572.3,516.5,490.6,477.9,471.6,465.9,645.5,548.1,501.2,479.1,467.2,460.3,454.1,622.8,532.1,490.5,469.7,456.7,447.8,436.8,636.4,538.2,488.2,466.9,454.0,442.5,424.7,633.8,523.2,476.7,453.9,438.4,425.9,409.6,653.1,536.0,482.1,455.9,437.7,421.8,393.3,727.4,582.8,506.9,470.3,448.3,430.2,394.0,858.0,668.3,563.0,501.0,468.9,448.4,413.9,990.8,771.7,648.8,570.4,519.1,485.5,444.5,0.8429,1.1110,1.2477,0.6546,0.9075,1.0572,0.0,0.0000,2026,1.0134,592.1,03420004OVN,10.219,11923,38.8,43.8,49.1,128.8,0.0,711.8,540.1,480.9,916.6,661.2,567.5,588.3,554.0,1.0198,1.0829,530.3,451.7,433.8,37.6,176.5,647.7,464.4,451.7,431.4,411.8,399.6,378.4,363.6,378.5,412.9,1495.5,1126.8,1493.4,47.0,139.7,1516.5,958.7,886.9,841.4,869.4,897.4,927.9,1062.1,1277.0,1474.5
GRE,00359,GR49117,GRE-49117,LAST LOVE,FIRST 30E,BENETEAU,BERRET,1982,NOTK,,,,ORC,CLUB,C,400,19 08 2026 10:22:16,9.265,7.943,1.750,3.23,3985.,0.0,0.47,736.3,0.7522,797.6,0.9213,651.3,1235.8,978.3,840.7,756.8,708.4,682.4,657.9,0.0,0.0,0.0,0.0,0.0,0.0,0.0,955.1,768.8,675.1,623.9,594.9,577.3,554.6,0.0,0.0,0.0,0.0,0.0,0.0,0.0,1231.4,919.8,758.8,665.2,617.0,583.9,531.1,44.5,42.3,41.0,40.0,39.1,38.8,38.9,147.8,150.9,153.8,159.6,166.8,175.4,178.1,1279.4,1036.7,913.7,843.3,807.5,794.0,791.9,831.0,689.8,620.7,587.7,570.5,561.4,557.9,786.6,659.0,600.7,573.1,557.2,547.3,541.5,763.1,639.3,586.1,560.3,543.7,531.7,516.1,781.7,640.8,578.3,550.3,534.4,525.6,501.3,770.3,628.8,569.6,540.3,519.2,500.5,472.7,800.9,647.8,577.1,543.9,520.8,499.4,460.0,890.4,704.8,606.2,561.1,534.0,511.2,465.3,1032.5,797.1,667.7,593.9,556.6,532.2,488.9,1192.2,919.8,767.7,670.4,609.3,570.8,523.9,0.6961,0.9291,1.0468,0.5420,0.7584,0.8827,0.0,0.0000,2026,0.8468,708.5,03420004WJE,7.107,4552,20.3,19.7,26.1,55.1,0.0,861.9,645.8,573.2,1107.0,791.1,679.7,706.3,660.4,0.8495,0.9085,648.2,542.8,515.7,40.2,176.8,812.2,560.0,540.5,510.8,484.0,458.1,437.6,429.6,447.6,484.2,1828.3,1388.5,1824.3,46.5,145.1,1868.4,1185.7,1103.5,1058.2,1096.9,1100.7,1154.3,1311.7,1548.6,1788.2
GRE,00943,GR49128,GRE-49128,OUSYRA,X-102,X-YACHTS,N.JEPPESEN,1981,NO SYROU,,,,ORC,CLUB,C,280,16 07 2026 11:25:18,9.979,8.410,1.947,3.35,4741.,0.0,0.30,671.2,0.8200,731.7,0.9997,600.2,1078.3,872.7,762.3,699.6,664.6,643.0,618.8,0.0,0.0,0.0,0.0,0.0,0.0,0.0,831.8,689.6,617.7,579.7,558.4,543.3,522.4,0.0,0.0,0.0,0.0,0.0,0.0,0.0,1078.9,823.0,691.4,617.4,579.2,549.2,499.3,42.6,40.5,39.5,38.5,38.2,38.0,38.9,146.2,151.4,155.4,162.1,169.1,177.2,178.6,1072.1,897.1,810.2,772.2,758.3,752.0,750.1,710.8,610.6,565.2,546.3,538.5,534.3,530.3,678.1,589.4,551.1,533.0,524.3,519.9,514.9,656.9,575.2,539.9,520.6,508.7,500.7,491.6,667.8,578.7,536.4,515.4,501.7,489.0,469.7,683.7,575.8,530.5,505.6,485.9,467.9,446.5,711.3,592.1,537.6,509.2,487.6,466.4,429.9,796.8,647.1,567.0,526.2,500.5,477.8,433.9,939.2,735.5,623.0,558.6,523.0,498.7,454.0,1084.5,848.3,714.5,626.9,571.0,534.0,487.6,0.7887,1.0063,1.1127,0.6151,0.8262,0.9385,0.0,0.0000,2026,0.9206,651.7,03420004VAD,7.945,5183,22.4,33.8,28.9,59.5,0.0,760.7,596.2,539.2,975.5,726.2,639.3,646.6,610.3,0.9280,0.9831,605.3,510.5,486.1,40.3,177.7,764.2,531.1,514.0,486.2,457.4,434.4,413.8,399.4,416.2,446.4,1550.5,1164.1,1555.7,45.9,138.3,1498.4,956.4,892.2,851.6,875.7,942.2,987.1,1143.7,1387.9,1602.6
GRE,00008,GR49129,GRE-49129,BLUE DOG V,X-99,X-YACHTS,N.JEPPESEN,1986,NAOKTh,,,,ORC,CLUB,R,420,22 06 2026 21:09:22,9.960,8.719,1.810,2.99,3271.,111.5,0.00,630.6,0.8677,691.5,1.0581,567.1,996.5,808.2,717.0,665.5,635.1,614.7,586.7,0.0,0.0,0.0,0.0,0.0,0.0,0.0,764.9,639.0,582.5,551.8,532.5,517.5,492.8,0.0,0.0,0.0,0.0,0.0,0.0,0.0,998.8,762.8,651.0,587.4,551.9,521.8,472.4,42.3,39.9,38.4,37.7,37.4,37.3,38.0,139.2,149.2,152.5,160.3,168.7,175.9,170.9,973.3,818.8,763.2,741.1,730.1,722.6,719.0,645.9,564.4,538.0,528.0,522.4,518.2,513.9,617.0,548.1,524.2,514.4,508.6,504.1,498.8,598.7,537.4,512.1,497.8,489.6,483.2,474.0,607.9,538.5,508.5,489.3,475.2,464.4,449.1,630.7,538.1,502.2,479.6,463.3,450.8,427.7,652.8,549.2,506.4,478.3,454.6,432.0,399.5,735.0,595.0,529.1,494.3,465.2,436.7,373.5,883.1,690.7,582.4,524.8,492.8,464.7,406.2,1019.7,797.5,670.8,589.9,540.0,506.9,454.4,0.8548,1.0629,1.1718,0.6649,0.8734,0.9847,0.0,0.0000,2026,0.9759,614.8,03420004TR4,8.419,3876,20.5,35.4,28.6,67.5,0.0,701.9,564.5,512.0,902.4,687.0,609.3,610.8,572.6,0.9822,1.0479,566.5,475.1,452.9,39.9,149.4,739.8,516.2,498.6,470.4,438.5,406.5,372.9,320.5,340.6,393.3,1422.5,1067.6,1428.3,45.8,138.6,1364.4,871.2,811.8,773.9,796.1,875.4,913.6,1059.3,1282.2,1480.6
GRE,00280,GR49158,GRE-49158,FOIVI,FIRST 325,BENETEAU,J.BERRET,1987,IO PATRON,,,,ORC,CLUB,C,400,02 04 2026 07:40:20,9.870,8.167,1.821,3.38,4531.,109.8,0.37,690.9,0.7842,765.1,0.9697,618.7,1109.7,899.5,789.2,732.7,702.5,683.0,663.5,0.0,0.0,0.0,0.0,0.0,0.0,0.0,853.0,706.1,634.7,598.4,577.4,563.0,545.0,0.0,0.0,0.0,0.0,0.0,0.0,0.0,1102.9,844.7,712.7,638.9,599.4,568.0,519.0,43.7,41.3,40.2,39.9,39.7,39.7,40.3,144.2,147.8,149.2,153.2,158.8,162.6,164.2,1177.4,972.1,871.4,824.0,806.6,799.3,802.9,771.3,654.6,597.9,572.6,560.9,556.0,553.2,732.1,627.7,579.6,556.4,544.5,539.6,534.6,706.5,603.3,562.2,542.1,528.0,518.5,508.9,673.8,580.0,542.1,522.1,509.2,500.6,486.9,666.3,568.2,529.5,505.9,486.3,472.2,448.4,685.9,577.1,533.6,507.3,483.5,461.3,435.0,765.0,622.7,555.8,522.9,497.7,472.1,429.8,902.4,716.2,612.4,558.2,529.2,507.7,464.9,1042.0,827.0,707.1,641.3,598.4,566.8,524.1,0.7697,0.9769,1.0717,0.5972,0.7917,0.8816,0.0,0.0000,2026,0.8921,672.6,03420004K41,7.367,5104,21.5,25.2,25.2,0.0,80.6,779.5,614.2,559.9,1004.7,757.9,680.6,675.3,618.4,0.8885,0.9703,659.8,538.5,509.0,42.4,159.8,836.0,559.6,536.5,505.4,474.3,433.6,420.7,398.7,428.4,483.7,1601.6,1207.2,1593.3,46.1,140.0,1684.4,1072.2,997.6,953.2,912.5,925.5,954.8,1090.6,1315.4,1518.9
GRE,00521,GR49161,GRE-49161,KOURSAROS,X-372,X-YACHTS,N.JEPPESEN,1986,NCTh,,,,ORC,CLUB,R,580,29 07 2026 16:20:27,11.050,9.037,2.023,3.59,5138.,115.9,0.03,631.7,0.8722,687.9,1.0616,565.2,1013.2,820.0,715.6,658.0,625.7,605.2,581.8,0.0,0.0,0.0,0.0,0.0,0.0,0.0,781.1,647.6,581.9,547.0,526.3,511.1,490.2,0.0,0.0,0.0,0.0,0.0,0.0,0.0,1013.7,773.5,650.2,581.7,545.7,516.8,469.8,42.7,40.8,38.8,37.6,37.3,37.1,37.4,143.4,147.3,152.8,159.7,165.9,172.7,176.3,1008.7,837.4,754.6,719.5,705.0,697.7,696.0,664.9,571.8,533.8,516.5,508.7,504.7,502.1,634.0,554.6,522.3,506.0,497.1,492.7,488.6,616.3,544.3,513.7,496.2,484.1,475.4,466.8,630.7,548.6,512.5,491.7,478.5,465.3,444.4,645.9,542.0,501.1,476.9,455.9,437.2,414.9,664.5,552.5,506.3,479.8,456.3,433.2,398.6,743.2,600.6,531.0,496.8,472.1,447.8,403.8,881.4,695.0,587.7,528.6,496.8,473.5,427.6,1017.8,802.5,676.6,596.6,546.4,512.7,467.5,0.8399,1.0679,1.1833,0.6546,0.8790,0.9974,0.0,0.0000,2026,0.9781,613.4,03420004VRJ,8.826,5958,25.1,29.4,44.5,90.3,88.2,714.4,561.9,507.1,916.6,682.6,601.6,607.3,576.0,0.9880,1.0417,565.4,476.0,454.8,38.3,172.5,704.7,502.5,487.4,460.3,432.3,401.5,378.4,362.9,388.3,426.0,1450.8,1094.9,1454.2,46.1,139.5,1416.3,902.4,841.3,804.5,831.5,906.0,935.2,1069.3,1286.3,1485.2
GRE,00883,GR49167,GRE-49167,EQUINOX,X-372,X-YACHTS,N. JEPPESEN,1987,NAOKTh,,,,ORC,CLUB,R,480,25 03 2026 15:42:17,11.050,8.966,2.030,3.59,5209.,113.8,0.24,656.8,0.8415,713.0,1.0275,583.9,1078.5,864.1,747.6,679.1,640.4,617.4,592.0,0.0,0.0,0.0,0.0,0.0,0.0,0.0,832.9,680.8,604.1,562.2,537.8,521.5,499.8,0.0,0.0,0.0,0.0,0.0,0.0,0.0,1073.6,812.7,676.7,598.8,557.6,526.7,479.2,43.7,41.4,40.0,38.9,38.1,38.1,38.4,145.9,150.1,153.0,159.7,165.5,172.3,176.3,1128.2,923.1,816.6,759.4,732.9,721.4,716.8,737.7,620.2,562.3,534.4,520.3,513.6,509.0,699.0,594.3,545.4,520.8,507.4,499.9,494.5,676.4,577.4,532.7,509.1,494.3,483.8,471.0,680.9,571.0,525.1,505.8,490.6,476.7,453.8,663.7,554.9,510.3,486.3,468.1,454.7,434.7,684.6,566.4,514.3,486.4,464.0,443.1,414.8,759.0,611.4,537.5,499.8,474.3,449.9,406.7,891.0,697.3,589.6,530.2,497.3,473.4,426.9,1028.9,805.1,678.5,598.7,547.8,513.5,467.3,0.7927,1.0345,1.1595,0.6177,0.8479,0.9778,0.0,0.0000,2026,0.9460,634.3,03420004IWE,8.350,5894,24.8,29.1,29.1,89.9,0.0,756.9,580.0,517.5,971.3,707.6,613.6,635.1,588.2,0.9448,1.0201,575.5,487.0,464.7,39.4,175.4,725.3,510.4,493.7,466.4,438.3,431.4,399.0,369.6,388.1,425.6,1571.6,1190.6,1566.4,46.0,139.3,1623.0,1033.7,960.8,915.5,945.8,930.3,962.4,1096.8,1316.5,1520.1
GRE,00690,GR49176,GRE-49176,FILIRA,CONTEST 250C,CONYPLEX,DE RIDDER,1977,SEANATK,,,,ORC,CLUB,C,250,26 03 2026 18:36:10,7.946,6.915,1.527,2.73,2269.,106.8,0.39,795.0,0.6921,866.9,0.8523,704.0,1338.0,1057.8,909.2,819.4,773.9,750.5,733.6,0.0,0.0,0.0,0.0,0.0,0.0,0.0,1028.3,827.3,726.7,673.0,645.7,629.4,610.8,0.0,0.0,0.0,0.0,0.0,0.0,0.0,1332.2,992.6,818.6,718.8,670.3,635.2,578.2,44.4,42.3,41.2,40.7,40.4,40.4,41.6,148.8,152.3,155.0,162.1,169.6,177.7,178.3,1395.8,1132.1,1002.6,932.6,905.6,899.0,914.4,906.0,752.4,676.2,639.4,624.2,619.5,619.9,856.4,717.2,650.9,619.7,605.0,599.3,596.5,828.7,691.7,631.1,602.3,585.4,575.0,566.7,814.5,671.9,612.5,587.6,576.3,563.2,542.3,809.2,663.6,604.3,574.3,552.1,533.8,510.5,843.9,683.9,612.6,579.1,553.9,530.4,489.1,959.8,754.8,644.5,597.4,568.6,543.1,491.0,1108.7,853.6,710.5,630.2,591.6,565.4,516.1,1280.2,983.6,815.9,706.2,642.1,602.1,552.8,0.6467,0.8609,0.9577,0.5009,0.6994,0.8000,0.0,0.0000,2026,0.7829,766.4,03420004J44,6.021,2640,14.2,16.2,15.6,35.2,0.0,927.8,696.9,626.5,1197.8,857.9,750.0,769.3,706.7,0.7800,0.8490,734.9,605.8,567.8,43.9,176.8,962.8,632.8,601.5,565.1,531.7,496.6,469.3,449.4,467.7,507.0,1991.3,1505.4,1984.8,46.4,146.6,2056.3,1306.9,1214.6,1162.8,1164.7,1153.8,1216.0,1421.9,1668.2,1926.3
GRE,01338,GR49179,GRE-49179,HATTORI HANZO,X-99,X-YACHTS,N.JEPPESEN,1986,NOD,,,,ORC,CLUB,C,350,23 03 2026 21:07:44,9.960,8.672,1.807,2.99,3224.,0.0,0.06,641.8,0.8529,703.5,1.0447,574.3,1036.6,832.5,729.3,674.2,642.0,621.5,594.2,0.0,0.0,0.0,0.0,0.0,0.0,0.0,793.7,655.3,590.6,556.7,535.9,520.5,495.4,0.0,0.0,0.0,0.0,0.0,0.0,0.0,1038.2,784.9,661.3,593.3,556.1,525.1,471.9,43.0,40.7,39.0,38.3,38.2,38.5,39.0,144.3,149.4,153.0,160.6,168.2,176.3,175.8,1019.9,845.8,772.2,746.7,735.5,729.7,727.3,672.3,576.9,541.3,527.9,521.5,517.6,513.6,639.8,558.5,527.5,513.7,507.0,502.6,497.1,618.7,546.2,516.0,498.9,487.4,480.6,470.9,629.0,548.6,514.5,493.2,476.9,464.0,445.2,648.1,546.6,506.6,481.2,460.7,445.5,420.8,673.4,560.4,512.8,483.4,458.5,434.1,392.2,760.8,612.4,539.5,502.3,473.3,445.4,383.1,912.1,709.5,596.2,534.2,500.4,472.7,416.4,1053.2,819.3,686.4,601.7,548.4,513.4,461.2,0.8281,1.0508,1.1652,0.6420,0.8600,0.9734,0.0,0.0000,2026,0.9613,624.1,03420004IOV,8.336,3746,20.3,32.5,26.0,58.3,0.0,724.6,571.0,514.9,934.6,697.7,616.4,619.3,583.0,0.9689,1.0291,575.3,477.1,452.4,40.8,159.4,745.1,514.9,496.4,466.1,432.5,404.3,365.1,321.0,354.5,405.5,1496.4,1121.1,1501.6,46.1,138.1,1444.7,920.1,855.9,814.6,838.2,906.4,948.6,1104.1,1340.7,1548.1
GRE,01227,GR49184,GRE-49184,IXIS-AFIXIS,X-452,X-YACHTS,NIELS JEPPESEN,1987,NOPF,,,,ORC,CLUB,C,734,16 06 2026 13:09:41,13.094,10.870,2.482,4.20,8950.,0.0,0.14,594.4,0.9187,653.1,1.1316,530.2,968.3,780.9,679.6,623.9,594.0,573.4,546.7,0.0,0.0,0.0,0.0,0.0,0.0,0.0,743.5,613.0,546.9,511.7,491.6,477.0,456.7,0.0,0.0,0.0,0.0,0.0,0.0,0.0,968.7,735.6,614.6,545.2,510.2,482.6,438.5,43.0,40.9,39.3,37.8,37.1,36.9,36.9,142.6,147.1,149.2,151.2,155.4,160.1,176.2,964.2,795.7,709.1,667.0,649.9,640.9,634.7,633.2,538.6,495.8,477.3,468.4,463.9,459.9,601.5,519.2,483.9,467.0,457.8,452.9,447.9,581.0,507.3,475.2,457.9,446.6,438.4,429.1,591.3,511.6,474.7,453.6,441.4,429.8,411.3,613.9,510.3,466.3,442.9,424.5,407.8,385.0,632.0,522.6,473.1,446.9,426.5,407.0,373.8,707.2,572.2,501.1,464.6,441.4,421.0,381.4,842.0,663.5,563.1,503.5,470.3,449.0,414.1,972.3,766.1,650.2,580.7,538.1,506.0,458.8,0.8846,1.1388,1.2683,0.6860,0.9258,1.0553,0.0,0.0000,2026,1.0396,577.1,03420004T9V,10.447,10022,35.9,45.3,59.5,0.0,110.4,678.3,526.9,473.1,874.6,648.1,568.6,567.7,545.8,1.0568,1.0993,532.1,443.4,424.0,37.5,176.1,638.1,459.1,446.1,423.4,398.9,371.8,353.0,347.3,380.3,426.1,1394.3,1046.5,1397.6,46.4,138.8,1361.9,865.0,802.0,759.2,778.8,858.3,888.6,1018.7,1235.6,1426.7
GRE,00524,GR4920,GRE-4920,GALINI,AIKIDO 31,CNSO,BIGOIN,1973,NAOEFK,,,,ORC,CLUB,C,250,02 04 2026 07:32:46,9.200,7.353,1.688,2.65,4012.,0.0,0.67,781.4,0.6956,862.6,0.8669,692.1,1303.0,1043.2,907.0,824.1,773.7,742.9,708.3,0.0,0.0,0.0,0.0,0.0,0.0,0.0,1005.3,817.3,719.2,664.0,632.0,612.2,588.7,0.0,0.0,0.0,0.0,0.0,0.0,0.0,1296.9,979.7,813.7,711.6,656.5,618.5,562.2,44.1,41.9,40.8,40.4,40.1,39.7,39.8,145.3,146.9,147.5,149.7,154.6,159.4,175.3,1364.0,1114.0,987.8,912.9,871.4,853.3,844.6,889.7,745.9,668.9,626.2,603.6,593.9,587.5,843.8,713.6,643.5,606.2,586.2,576.6,569.3,817.7,691.7,623.9,588.9,569.5,557.6,545.4,816.5,672.2,600.9,568.3,552.7,544.2,528.4,797.2,656.4,588.6,556.3,535.1,517.2,489.9,826.0,674.8,598.1,560.8,537.2,516.7,480.4,918.4,735.8,634.6,581.2,551.9,529.9,488.6,1075.6,842.1,715.5,636.9,589.6,561.8,524.0,1242.0,972.4,826.2,735.4,676.0,632.5,572.0,0.6584,0.8731,0.9863,0.5115,0.6998,0.8134,0.0,0.0000,2026,0.7943,755.3,03420004K3U,6.353,4402,19.0,14.5,24.9,0.0,45.8,911.3,687.2,608.3,1173.0,857.4,737.6,753.7,701.5,0.7960,0.8553,696.6,577.2,547.6,40.8,175.7,857.0,588.2,567.6,539.4,514.6,477.0,458.5,457.8,488.5,536.1,1919.7,1455.8,1912.8,46.4,143.0,1988.5,1262.9,1175.9,1128.5,1160.2,1128.2,1176.4,1344.4,1602.9,1850.8
GRE,00664,GR49201,GRE-49201,ARGONAFTIS II,FIRST 32,BENETEAU,JEAN BERRET,1981,SEANATK,,,,ORC,CLUB,C,400,15 04 2026 10:47:18,9.767,8.281,1.827,3.32,4595.,118.8,0.47,703.2,0.7877,761.7,0.9599,625.0,1153.4,923.9,800.2,725.2,682.2,658.4,635.1,0.0,0.0,0.0,0.0,0.0,0.0,0.0,892.5,729.3,646.7,601.2,575.3,558.8,537.0,0.0,0.0,0.0,0.0,0.0,0.0,0.0,1149.6,869.7,724.5,640.1,596.5,565.2,514.9,43.9,41.6,40.3,39.2,38.5,38.1,38.3,147.1,150.9,154.1,160.6,167.5,175.8,178.1,1191.9,978.8,869.0,807.1,776.5,764.6,762.3,778.2,657.2,597.2,568.4,553.2,545.0,541.6,738.7,630.2,579.9,555.2,540.9,532.0,526.5,716.8,612.8,567.1,543.6,528.4,517.2,502.5,732.2,613.4,559.5,534.7,522.2,511.0,487.6,722.4,600.4,549.9,523.5,503.8,485.9,462.0,748.4,615.3,556.1,526.3,504.4,483.4,446.3,827.3,666.7,581.4,541.6,516.6,494.4,449.2,965.6,753.1,636.6,571.7,538.1,515.2,472.2,1115.0,868.9,731.4,643.2,587.9,552.3,507.9,0.7399,0.9669,1.0815,0.5777,0.7937,0.9152,0.0,0.0000,2026,0.8840,678.7,03420004LDK,7.564,5173,21.9,22.5,28.9,65.6,0.0,810.9,620.5,554.8,1038.6,756.0,655.6,676.9,632.8,0.8864,0.9482,624.3,525.3,500.7,39.5,176.3,780.3,543.5,525.9,497.7,470.5,448.0,428.3,416.2,432.3,468.3,1685.4,1276.3,1682.9,46.7,143.8,1711.2,1087.2,1011.1,966.4,999.4,1015.8,1058.7,1204.5,1437.4,1659.7
GRE,00671,GR49209,GRE-49209,STORM,DRACO 27,DRACO,PEARSON,1981,IOAThA,,,,ORC,CLUB,C,250,07 05 2026 10:44:44,8.145,6.945,1.305,2.65,2845.,0.0,0.41,786.4,0.6966,861.4,0.8602,697.5,1308.8,1045.4,901.2,816.7,773.9,750.9,725.3,0.0,0.0,0.0,0.0,0.0,0.0,0.0,1008.3,819.2,720.3,668.2,640.9,624.2,602.0,0.0,0.0,0.0,0.0,0.0,0.0,0.0,1302.0,981.3,811.4,714.5,665.5,629.4,569.4,45.3,43.7,42.7,42.4,42.1,41.9,42.3,148.5,151.8,153.0,160.6,166.9,175.4,177.2,1377.5,1129.0,1001.7,938.1,912.8,906.1,905.6,884.9,740.6,668.0,632.8,618.8,614.2,608.8,831.5,705.2,643.0,612.5,597.9,593.1,585.7,801.0,680.9,623.5,594.8,577.7,567.1,556.4,813.8,684.1,617.4,588.2,569.4,553.7,531.0,805.0,662.8,599.7,568.4,545.7,527.3,506.8,839.0,676.4,604.7,569.7,543.9,519.9,485.1,933.6,737.3,630.6,584.2,555.2,529.1,481.8,1074.0,834.2,695.2,617.6,579.5,552.9,504.3,1240.2,961.8,800.7,695.4,634.9,595.6,545.0,0.6567,0.8679,0.9676,0.5097,0.7032,0.8032,0.0,0.0000,2026,0.7895,759.9,03420004OW0,6.006,3232,16.1,15.3,27.8,53.4,0.0,913.7,691.3,620.1,1177.2,853.2,747.0,765.2,697.1,0.7841,0.8606,719.9,594.7,558.6,43.9,176.3,938.4,616.3,587.1,550.3,519.6,493.8,470.3,448.7,463.8,501.5,1924.6,1454.9,1917.5,47.8,145.9,1996.1,1252.3,1149.6,1091.0,1123.1,1153.0,1201.8,1369.4,1605.0,1853.2
GRE,00249,GR49226,GRE-49226,GIORGINO,MAXI 84,P.PETTERSSON,PELLE PETTERSSON,1979,ANOG,,,,ORC,CLUB,C,140,15 04 2026 11:05:36,8.205,7.214,1.576,2.94,3743.,0.0,0.68,812.1,0.6744,889.7,0.8349,718.7,1354.1,1078.2,933.0,846.7,796.8,768.1,748.5,0.0,0.0,0.0,0.0,0.0,0.0,0.0,1050.0,851.6,745.7,687.3,655.3,636.5,619.6,0.0,0.0,0.0,0.0,0.0,0.0,0.0,1347.4,1014.4,840.1,736.2,680.9,641.6,583.7,44.5,42.4,41.5,41.6,42.1,42.0,43.0,148.9,152.3,155.9,159.9,164.6,170.9,177.7,1421.1,1160.6,1033.3,967.1,937.5,926.2,942.4,922.5,772.3,693.2,650.3,630.3,624.1,625.9,872.3,737.6,664.1,625.9,606.9,599.9,596.9,841.4,711.9,640.9,604.7,584.9,573.5,565.1,857.6,719.2,637.1,598.5,577.4,561.8,541.6,853.4,699.8,619.0,579.4,556.0,538.3,519.6,882.1,715.9,626.4,581.4,555.1,533.2,498.8,973.0,772.1,660.5,600.2,566.4,541.4,497.9,1114.7,864.2,726.4,641.5,593.0,563.5,517.5,1287.1,995.8,832.6,726.3,656.0,609.9,554.5,0.6310,0.8422,0.9451,0.4934,0.6801,0.7814,0.0,0.0000,2026,0.7671,782.1,03420004LE5,5.991,4015,18.9,13.9,28.9,49.5,0.0,950.9,712.4,634.9,1216.1,882.2,767.9,788.4,720.5,0.7611,0.8327,748.9,616.0,575.2,44.8,177.2,984.2,638.8,600.7,560.7,532.2,511.0,483.6,464.7,478.7,513.6,2000.6,1520.3,1993.6,47.3,146.6,2070.5,1305.8,1206.8,1151.8,1190.1,1213.3,1268.8,1433.7,1671.9,1930.6
GRE,01303,GR49228,GRE-49228,EVRIALI,DEHLER 38 (SD),DEHLER YACHTBAU,VAN DE STADT,1986,NOTK,,,,ORC,CLUB,C,370,09 03 2026 19:23:26,11.414,9.593,1.956,3.78,6215.,0.0,0.21,641.7,0.8582,699.2,1.0482,572.4,1044.1,839.0,729.2,666.9,633.1,611.8,586.9,0.0,0.0,0.0,0.0,0.0,0.0,0.0,803.5,660.4,589.5,552.2,531.2,516.4,494.9,0.0,0.0,0.0,0.0,0.0,0.0,0.0,1040.6,789.4,660.4,588.3,550.8,521.2,473.4,44.0,41.6,40.2,39.3,38.8,38.5,38.6,145.3,149.7,152.9,159.7,166.8,174.1,177.2,1078.6,888.2,793.1,747.7,729.8,720.2,714.8,703.8,596.3,545.8,524.9,515.9,510.8,505.8,666.5,571.9,530.2,511.7,502.3,497.2,491.1,641.8,555.1,517.9,499.2,487.3,479.0,468.9,651.9,555.3,514.3,494.7,479.8,467.5,447.3,644.8,541.6,501.3,479.2,461.9,448.3,427.9,663.9,552.3,504.8,479.1,458.3,437.2,406.9,739.3,596.7,525.5,491.0,467.4,444.7,399.2,874.3,684.0,577.8,519.7,488.6,465.8,420.7,1009.6,789.8,665.3,586.1,536.3,503.4,458.9,0.8197,1.0555,1.1718,0.6372,0.8651,0.9872,0.0,0.0000,2026,0.9649,621.8,03420004H92,8.785,6795,28.0,40.8,31.9,94.1,0.0,732.0,568.5,512.0,941.6,693.6,607.8,621.6,576.0,0.9652,1.0417,571.7,481.3,459.1,39.7,171.8,725.8,506.4,490.3,463.6,432.8,413.9,390.6,362.2,379.9,417.5,1513.2,1139.2,1510.5,46.8,139.4,1540.3,973.6,900.1,853.0,878.4,899.8,932.4,1068.4,1287.0,1486.1
GRE,00510,GR49238,GRE-49238,IVANOIS,C&C 383,C & C,C & C,1988,SEANATK,,,,ORC,CLUB,C,611,12 03 2026 14:01:05,11.424,9.792,2.355,3.94,7448.,128.7,0.23,633.6,0.8768,684.3,1.0581,567.1,1009.7,815.6,713.3,655.1,621.9,600.6,572.6,0.0,0.0,0.0,0.0,0.0,0.0,0.0,780.8,650.3,586.3,550.2,527.3,510.1,484.4,0.0,0.0,0.0,0.0,0.0,0.0,0.0,1009.8,770.9,651.4,583.6,546.2,516.2,466.8,42.6,39.7,37.6,36.0,35.3,34.9,34.7,145.7,150.5,154.7,161.9,168.7,176.3,177.2,1009.1,838.5,753.8,711.6,692.3,681.7,672.6,668.3,578.8,541.7,523.1,511.1,502.1,494.2,637.4,562.3,530.4,512.4,498.9,489.3,480.0,617.7,551.1,521.2,501.6,486.2,473.5,454.9,626.6,553.7,517.5,493.8,475.3,462.2,438.6,649.4,552.9,513.0,485.8,462.7,440.7,409.3,670.1,564.6,520.1,491.7,467.3,443.3,404.8,746.6,607.1,541.7,507.7,481.2,456.8,411.2,874.9,686.7,587.1,535.1,504.7,480.0,433.6,1010.3,792.7,672.8,598.6,551.5,519.5,472.7,0.8385,1.0622,1.1887,0.6574,0.8829,1.0076,0.0,0.0000,2026,0.9779,613.5,03420004HIP,9.299,8312,30.1,38.1,47.0,104.9,90.3,715.6,564.9,504.8,912.7,679.6,595.5,607.7,579.3,0.9873,1.0357,551.9,467.9,448.5,35.0,173.6,673.1,492.4,476.4,447.5,420.8,394.5,381.0,380.2,395.7,430.7,1455.3,1095.1,1459.1,45.7,140.4,1417.5,905.8,841.4,799.6,818.6,897.6,936.4,1077.1,1293.1,1493.1
GRE,00479,GR49241,GRE-49241,ELENI IV,DROMOR 37,DROMOR YACHTS,R. CARTER,1972,NO RACHON,,,,ORC,CLUB,C,530,03 07 2026 17:35:27,11.235,9.173,2.000,3.73,7653.,0.0,0.54,683.2,0.8057,744.7,0.9900,606.1,1131.7,905.3,782.6,709.2,667.4,641.2,614.6,0.0,0.0,0.0,0.0,0.0,0.0,0.0,873.8,713.2,628.4,581.6,555.5,538.9,518.5,0.0,0.0,0.0,0.0,0.0,0.0,0.0,1128.9,852.1,706.5,620.8,576.5,544.6,495.8,44.1,42.1,40.8,40.2,39.7,39.3,39.1,147.1,150.5,152.4,157.5,163.5,169.6,177.2,1160.3,952.2,845.2,788.7,762.7,748.8,741.8,754.7,636.5,575.4,545.4,530.6,525.8,520.5,715.0,609.7,556.9,530.5,516.6,511.2,504.5,692.7,592.8,543.4,518.3,503.6,493.7,483.9,708.1,600.0,544.9,516.3,499.0,486.1,466.8,715.9,590.7,530.4,501.4,482.6,467.7,450.0,740.3,604.6,536.4,503.1,481.4,462.7,432.9,816.8,655.6,564.2,518.3,492.3,471.2,432.4,955.4,743.7,624.8,553.8,515.3,491.7,452.4,1103.2,858.4,720.0,629.8,572.1,533.5,487.3,0.7561,0.9973,1.1206,0.5891,0.8113,0.9408,0.0,0.0000,2026,0.9097,659.6,03420004UOF,8.172,8442,29.6,26.7,53.9,106.6,0.0,793.5,601.6,535.4,1018.5,739.6,637.8,657.3,614.9,0.9129,0.9757,599.4,506.4,483.3,39.5,176.3,747.0,519.2,502.6,477.1,454.7,440.3,419.9,405.8,418.9,451.9,1654.0,1250.0,1653.0,47.1,144.0,1663.8,1052.3,973.7,928.0,961.5,1015.3,1054.8,1192.6,1423.9,1644.2
GRE,00914,GR49244,GRE-49244,GREGOS,DROMOR 26,DROMOR YACHTS,R. CARTER,1980,NO LIMNIS,,,,ORC,CLUB,C,300,25 06 2026 15:48:11,7.890,6.859,1.622,2.98,3643.,112.3,0.72,818.6,0.6727,891.9,0.8286,724.1,1366.8,1088.9,941.8,849.2,792.8,761.9,735.7,0.0,0.0,0.0,0.0,0.0,0.0,0.0,1059.5,858.3,753.1,693.4,659.4,639.4,616.7,0.0,0.0,0.0,0.0,0.0,0.0,0.0,1357.4,1022.8,847.9,741.7,684.4,645.6,586.9,44.8,42.8,41.6,41.2,41.1,41.2,41.7,149.2,152.8,157.0,161.3,167.3,176.3,178.6,1460.3,1189.1,1053.5,972.0,926.6,908.3,905.9,945.7,788.5,706.6,659.3,634.7,622.6,617.6,894.5,752.9,677.4,637.1,615.5,603.9,596.6,866.8,727.7,654.6,617.8,597.4,584.3,568.9,860.1,708.1,633.4,601.0,586.0,576.0,551.9,846.2,695.8,622.0,587.9,565.7,547.3,522.4,875.7,714.6,630.4,590.9,566.3,544.5,508.1,962.9,770.2,663.4,608.5,578.6,554.7,511.4,1102.7,858.7,726.0,645.6,602.0,575.6,531.6,1273.3,988.6,830.2,726.4,659.1,615.4,565.6,0.6257,0.8351,0.9435,0.4887,0.6772,0.7897,0.0,0.0000,2026,0.7615,788.0,03420004U6B,5.790,4081,17.3,15.9,22.0,45.6,0.0,958.9,718.5,635.9,1227.7,886.0,759.8,794.0,724.5,0.7556,0.8282,733.3,610.4,575.4,43.5,178.1,940.7,625.0,598.7,565.4,535.7,509.3,489.8,480.8,494.8,526.0,2021.2,1539.3,2009.5,46.8,146.4,2137.6,1353.2,1254.4,1202.1,1224.9,1195.7,1250.8,1411.8,1649.6,1904.7
GRE,01084,GR49249,GRE-49249,OKYALOS V,X-3/4 TON,X-YACHTS,N.JEPPESEN,1986,NO ALEXANDROUPOLIS,,,,ORC,CLUB,R,492,16 04 2026 09:34:50,10.034,8.050,1.847,3.37,3281.,116.3,0.00,645.3,0.8490,706.7,1.0388,577.6,1030.5,837.3,734.1,677.9,645.5,624.4,594.7,0.0,0.0,0.0,0.0,0.0,0.0,0.0,794.8,663.3,596.8,560.4,537.0,519.9,493.8,0.0,0.0,0.0,0.0,0.0,0.0,0.0,1031.7,790.4,666.9,597.1,557.7,525.7,469.1,42.3,40.4,38.5,38.0,37.8,37.8,38.2,145.7,151.4,155.2,163.7,169.8,177.2,176.3,1018.0,852.8,774.3,744.9,732.8,726.8,724.2,676.5,585.8,547.5,530.6,523.1,518.5,513.2,646.1,568.7,534.4,517.1,508.0,502.4,494.9,628.2,557.6,523.9,502.9,487.5,476.7,463.0,640.3,556.6,516.2,490.8,472.4,460.4,437.9,653.8,557.4,513.1,480.8,452.3,430.0,397.8,679.0,573.3,523.5,489.5,458.2,433.0,384.2,762.3,624.6,553.7,513.8,480.9,450.7,401.3,903.1,712.5,605.6,546.3,510.6,479.7,428.4,1042.8,821.9,694.0,611.0,558.1,522.0,465.2,0.8230,1.0431,1.1664,0.6425,0.8549,0.9700,0.0,0.0000,2026,0.9560,627.6,03420004LKB,8.043,3950,20.2,37.6,26.6,60.5,53.2,729.0,575.2,514.4,933.9,701.8,618.6,622.7,589.5,0.9635,1.0179,579.1,473.7,444.9,39.8,175.3,737.6,512.9,491.9,455.1,426.3,373.8,333.0,332.7,376.1,420.6,1459.6,1096.6,1465.1,45.6,139.2,1404.4,900.1,842.0,805.3,826.3,887.1,929.2,1080.3,1311.8,1514.8
GRE,00106,GR49312,GRE-49312,DOCUMENTO,KARATE (SPORT),CNSO,BIGOIN,1968,NAOEFK,,,,ORC,CLUB,C,480,17 03 2026 20:41:24,9.807,8.109,1.797,2.93,4926.,125.8,0.56,706.1,0.7840,765.3,0.9531,629.5,1143.2,920.6,799.8,728.3,691.8,669.3,646.3,0.0,0.0,0.0,0.0,0.0,0.0,0.0,886.0,728.2,648.2,605.5,583.7,569.0,549.9,0.0,0.0,0.0,0.0,0.0,0.0,0.0,1140.2,867.3,725.3,644.3,604.9,575.0,527.8,43.6,41.5,40.2,39.1,38.5,38.2,38.4,147.3,151.2,153.2,160.3,167.1,175.4,178.1,1173.3,970.7,866.1,812.7,793.6,783.4,780.6,768.5,653.1,597.7,574.2,565.1,560.2,556.9,731.2,627.4,581.6,561.0,551.3,546.6,542.1,711.2,611.4,569.2,548.4,536.0,528.4,520.4,726.9,617.8,569.1,544.9,529.3,517.6,500.4,725.6,603.4,553.8,529.7,513.5,500.0,481.2,750.0,616.4,558.1,529.6,509.3,491.1,460.8,825.0,668.0,581.5,543.0,518.7,497.3,456.2,964.0,754.7,637.3,572.1,539.8,517.6,476.9,1113.1,870.6,733.6,643.8,590.0,555.3,512.0,0.7434,0.9608,1.0610,0.5814,0.7905,0.9005,0.0,0.0000,2026,0.8788,682.7,03420004I4E,7.430,5597,22.4,19.7,35.2,72.5,0.0,807.1,624.5,565.5,1032.0,759.0,666.3,681.5,635.6,0.8805,0.9440,631.3,538.0,514.9,39.1,176.8,787.7,556.7,540.4,515.2,488.5,473.2,447.1,427.6,440.6,475.0,1660.6,1257.7,1659.9,46.4,143.9,1668.0,1059.5,986.0,943.9,977.9,1019.7,1057.9,1195.5,1431.7,1653.2
GRE,00117,GR49320,GRE-49320,SAGITTARIUS,FIRST 30,BENETEAU,ANDRE MAURIC,1973,NOEF,,,,ORC,CLUB,C,250,25 03 2026 12:18:54,8.758,7.328,1.725,2.83,3858.,124.0,0.62,752.7,0.7274,824.8,0.8913,673.2,1200.7,973.6,855.4,788.7,753.3,732.3,716.8,0.0,0.0,0.0,0.0,0.0,0.0,0.0,934.4,772.5,690.8,648.6,626.4,612.5,598.5,0.0,0.0,0.0,0.0,0.0,0.0,0.0,1195.8,917.3,774.1,692.6,649.9,616.9,566.5,43.0,40.7,40.2,40.5,40.8,41.2,42.3,148.0,152.1,154.6,161.4,167.3,176.3,177.9,1249.3,1042.7,947.1,906.1,892.7,888.0,903.5,824.6,704.9,645.3,619.2,608.1,603.4,605.6,785.1,675.6,622.6,598.3,586.8,582.0,580.6,759.7,654.1,604.1,579.8,566.3,557.9,551.3,773.1,659.1,603.0,574.3,557.0,544.5,527.2,759.8,637.1,582.7,556.4,539.9,529.7,515.8,784.1,648.6,585.5,554.7,533.3,514.7,492.8,861.9,698.8,609.0,566.6,540.3,517.6,477.9,997.8,784.8,665.2,597.5,562.2,537.8,494.0,1152.1,904.5,763.8,671.3,613.9,576.7,530.1,0.7030,0.8990,0.9824,0.5519,0.7339,0.8200,0.0,0.0000,2026,0.8221,729.8,03420004ITP,6.380,4252,18.2,17.6,26.8,58.3,0.0,853.5,667.4,610.7,1087.2,817.6,731.7,735.9,670.1,0.8153,0.8954,715.8,595.4,559.1,44.1,177.2,940.8,617.7,584.3,548.8,518.4,508.1,481.3,451.2,458.4,490.7,1740.4,1320.8,1737.1,46.0,144.2,1774.2,1130.7,1052.8,1006.5,1039.7,1052.5,1096.4,1238.9,1478.0,1706.7
GRE,01057,GR49234,GRE-49324,EMEIS,SIGMA 33,MARINE PROJECTS,D.THOMAS,1978,NASPOR,,,,ORC,CLUB,C,420,25 05 2026 21:07:59,9.868,8.162,1.554,3.21,4544.,119.7,0.54,759.8,0.7206,832.6,0.8966,669.2,1307.2,1030.8,883.5,790.9,733.2,699.8,671.3,0.0,0.0,0.0,0.0,0.0,0.0,0.0,1001.8,802.8,698.8,639.6,604.6,583.5,559.6,0.0,0.0,0.0,0.0,0.0,0.0,0.0,1296.1,964.8,790.9,685.6,627.9,588.9,531.5,46.3,44.7,43.0,42.3,41.9,41.7,41.8,147.9,151.4,153.4,158.6,165.1,171.8,178.1,1418.0,1137.6,995.7,911.3,859.6,834.0,825.9,903.0,738.7,656.0,608.1,581.9,567.3,559.1,843.4,698.8,624.2,584.5,562.3,549.0,538.9,809.9,672.6,600.6,565.0,544.6,530.8,513.6,795.9,651.5,580.4,547.8,531.3,523.3,499.5,775.5,633.4,566.1,533.8,512.6,495.0,470.1,802.6,650.7,573.2,536.7,513.5,493.2,457.4,896.2,709.1,605.2,554.5,526.1,503.9,461.3,1036.0,801.1,670.3,591.2,549.7,524.4,483.1,1196.3,924.1,771.4,670.6,606.9,565.6,516.7,0.6650,0.9034,1.0349,0.5133,0.7252,0.8603,0.0,0.0000,2026,0.8205,731.2,03420004R5U,6.766,5139,21.0,21.5,22.9,59.5,0.0,902.3,664.2,579.8,1168.9,827.4,697.4,738.0,668.9,0.8130,0.8970,665.5,550.3,518.2,43.2,177.2,851.8,564.3,539.5,507.3,481.8,456.7,437.5,428.8,444.6,479.3,1945.8,1468.3,1930.6,48.0,145.6,2098.4,1315.7,1205.3,1140.6,1144.0,1105.8,1153.4,1317.0,1553.0,1793.2
GRE,00252,GR49335,GRE-49335,ERODIOS,DROMOR 26,DROMOR,R. CARTER,1980,NOTK,,,,ORC,CLUB,C,320,17 03 2026 20:48:24,8.580,7.067,1.617,2.98,3616.,114.9,0.68,774.6,0.7106,844.4,0.8729,687.4,1272.8,1024.8,891.1,805.7,754.2,724.9,699.3,0.0,0.0,0.0,0.0,0.0,0.0,0.0,988.0,808.8,714.5,660.4,628.9,609.3,587.3,0.0,0.0,0.0,0.0,0.0,0.0,0.0,1266.0,963.5,803.5,705.6,652.6,615.1,559.9,44.1,42.2,41.1,40.4,40.1,40.1,40.2,148.7,152.3,155.2,161.4,166.2,174.9,178.1,1340.4,1106.9,988.2,916.5,875.5,857.7,854.5,875.0,739.3,669.1,629.1,606.3,595.0,590.1,831.1,707.5,644.5,609.0,589.3,578.5,571.8,807.2,686.2,624.7,591.7,573.0,560.7,546.0,809.3,673.5,606.7,576.8,560.9,545.8,524.7,791.9,658.5,593.9,562.8,542.0,524.2,499.9,821.0,674.7,600.9,565.4,541.8,520.1,485.4,908.4,729.9,631.1,581.6,553.9,530.6,487.6,1043.6,818.3,691.9,616.9,576.8,552.0,507.9,1205.1,942.7,794.0,695.0,632.9,592.0,544.1,0.6678,0.8785,0.9902,0.5223,0.7146,0.8303,0.0,0.0000,2026,0.8027,747.4,03420004I4J,6.188,4073,17.1,15.3,21.7,49.7,0.0,898.5,683.0,605.9,1148.8,839.6,722.6,751.4,689.7,0.7986,0.8699,693.0,578.5,548.6,41.7,177.2,882.0,595.0,572.7,541.5,512.4,476.6,468.2,458.2,472.5,504.0,1858.4,1412.3,1851.7,46.7,145.1,1924.6,1222.0,1138.2,1090.8,1126.0,1107.6,1156.0,1307.9,1552.0,1792.0
GRE,00400,GR4934,GRE-4934,ORCA,GRAND SOLEIL 34,CANTIERE DEL PARDO,FINOT,1975,NAOAPF,,,,ORC,CLUB,C,280,14 04 2026 20:35:55,10.450,7.939,1.789,3.48,4497.,0.0,0.50,709.7,0.7722,777.0,0.9492,632.1,1154.1,931.6,811.8,741.3,701.6,679.7,661.4,0.0,0.0,0.0,0.0,0.0,0.0,0.0,893.6,735.5,653.0,608.2,583.1,567.0,549.6,0.0,0.0,0.0,0.0,0.0,0.0,0.0,1149.4,876.6,733.2,649.6,605.4,572.4,520.4,43.9,41.9,41.0,40.5,40.2,40.2,41.2,147.8,151.6,155.2,161.0,166.4,174.5,177.2,1201.2,995.9,891.4,838.1,816.2,810.4,822.8,784.7,665.8,605.4,575.7,561.3,556.4,556.0,743.7,636.8,584.4,558.0,544.5,538.3,535.3,717.4,616.7,567.9,542.9,527.6,516.8,506.2,729.0,617.9,561.0,535.5,521.1,506.2,483.2,724.1,604.5,549.2,520.8,499.2,480.9,461.9,749.1,619.2,555.4,523.0,498.8,477.1,445.2,826.9,669.4,583.6,539.1,511.2,486.5,445.8,958.6,752.2,638.6,572.0,534.8,509.1,463.7,1106.9,867.3,732.1,644.6,587.0,549.1,500.0,0.7366,0.9562,1.0629,0.5753,0.7785,0.8845,0.0,0.0000,2026,0.8733,687.0,03420004LAB,7.144,4940,22.3,24.1,31.7,68.5,0.0,814.6,627.5,564.5,1042.9,770.7,678.3,689.4,635.0,0.8704,0.9448,660.0,545.2,511.5,43.3,177.7,860.0,564.6,538.7,502.9,471.0,452.6,430.9,415.2,428.6,460.0,1671.2,1263.1,1667.8,46.7,143.8,1705.1,1079.6,1000.1,950.3,977.4,1005.3,1047.7,1189.8,1418.0,1637.3
GRE,00507,GR49356,GRE-49356,LYGEIA,FIRST 35,BENETEAU,JEAN BERRET,1979,NO RAHON,,,,ORC,CLUB,R,450,25 05 2026 12:43:18,10.832,9.375,2.022,3.70,6606.,108.6,0.49,679.9,0.8083,742.3,0.9949,603.1,1132.8,904.8,781.7,707.3,662.5,635.4,612.2,0.0,0.0,0.0,0.0,0.0,0.0,0.0,869.9,708.8,625.2,579.0,552.5,536.2,516.6,0.0,0.0,0.0,0.0,0.0,0.0,0.0,1131.8,851.3,704.5,617.9,573.3,542.2,494.9,44.1,41.6,40.3,39.3,38.6,38.3,38.5,144.7,147.8,152.0,157.0,168.2,177.2,179.0,1143.4,935.8,828.8,770.3,743.6,732.9,732.8,745.6,628.2,569.2,540.6,526.5,520.4,517.8,707.1,602.5,552.3,527.7,514.3,507.1,503.2,684.3,585.6,539.8,516.8,502.4,492.4,481.8,699.7,591.1,533.3,506.6,490.8,481.8,466.6,705.9,581.1,526.3,499.6,480.6,463.0,432.2,731.8,598.8,535.0,504.7,484.1,465.2,427.5,819.6,656.9,568.3,523.7,498.4,478.9,439.8,971.9,756.7,637.0,564.5,524.6,500.6,464.3,1122.2,873.8,734.6,644.3,581.3,538.0,491.5,0.7601,1.0024,1.1259,0.5889,0.8137,0.9472,0.0,0.0000,2026,0.9128,657.3,03420004R3Q,8.445,7278,28.0,27.7,38.6,0.0,67.4,789.4,598.6,532.9,1018.8,737.4,633.4,650.1,617.3,0.9230,0.9720,601.5,504.4,479.6,39.5,179.0,745.5,519.2,502.5,477.8,453.5,416.5,401.1,405.1,426.9,457.4,1661.1,1249.7,1662.4,46.8,141.3,1647.8,1043.8,968.9,924.5,957.5,1001.3,1043.8,1203.2,1450.1,1674.4
GRE,02124,GR49361,GRE-49361,LODONI,SYMPHONIE 32,JEANNEAU,PH. BRIAND,1978,IOMAG,,,,ORC,CLUB,C,490,02 04 2026 09:54:12,9.620,7.761,1.469,3.30,4100.,0.0,0.30,702.9,0.7796,769.6,0.9537,629.1,1126.6,914.5,799.2,734.6,700.8,681.5,665.9,0.0,0.0,0.0,0.0,0.0,0.0,0.0,869.0,720.9,646.5,607.4,585.8,571.6,555.0,0.0,0.0,0.0,0.0,0.0,0.0,0.0,1122.2,860.3,724.0,647.6,607.9,577.5,527.7,44.5,43.0,41.5,40.6,40.3,40.2,41.1,147.6,151.6,155.0,162.1,168.2,176.8,177.4,1170.3,976.6,875.6,828.6,812.9,808.0,821.6,758.7,646.8,597.2,575.1,565.3,561.8,564.8,715.5,619.8,580.3,560.8,550.4,546.0,545.9,691.9,603.9,567.4,547.8,534.5,525.0,516.7,703.6,607.1,559.7,536.7,522.6,513.9,493.5,706.5,594.4,550.0,524.2,502.3,483.2,458.6,727.6,607.8,556.6,528.2,504.1,482.3,448.2,801.7,653.5,580.0,544.5,519.5,495.5,453.1,937.8,739.4,630.7,572.7,541.4,517.7,473.2,1082.9,852.6,722.8,640.5,588.8,555.1,510.1,0.7548,0.9608,1.0546,0.5879,0.7867,0.8817,0.0,0.0000,2026,0.8782,683.2,03420004K4V,7.128,4780,20.8,20.8,35.7,68.4,64.6,794.9,624.5,568.9,1020.6,762.7,680.5,683.4,631.5,0.8780,0.9501,669.3,552.1,518.3,43.7,176.8,868.4,574.3,549.3,515.1,482.6,444.7,427.7,422.8,437.2,470.2,1613.7,1214.8,1610.8,47.4,139.6,1641.8,1034.3,951.9,901.2,924.5,976.9,1008.7,1146.5,1373.1,1585.5
GRE,00389,GR49362,GRE-49362,JOY OF FREEDOM,GIBSEA 31,GIBERT MARINE,Jacques Fauroux,1984,IO KERKYRAS,,,,ORC,CLUB,C,495,15 04 2026 09:52:15,9.540,8.108,1.746,3.30,3853.,102.9,0.33,699.6,0.7883,761.1,0.9651,621.7,1156.9,922.8,795.5,722.8,684.9,662.2,637.6,0.0,0.0,0.0,0.0,0.0,0.0,0.0,890.5,725.7,641.0,596.9,573.4,558.0,537.5,0.0,0.0,0.0,0.0,0.0,0.0,0.0,1155.6,868.7,719.5,636.1,595.0,563.8,513.7,44.1,42.1,40.5,39.3,38.8,38.6,38.9,147.5,151.2,153.7,160.1,166.6,175.4,177.7,1170.2,959.3,849.7,798.9,781.9,774.6,773.4,761.8,641.6,585.1,561.0,552.7,548.6,544.9,721.8,615.5,568.8,547.4,538.4,534.3,529.2,700.0,599.6,556.5,534.8,521.7,514.2,505.3,715.3,606.1,554.3,531.2,514.6,500.9,483.9,727.8,600.5,545.6,517.7,496.8,480.8,460.7,755.5,618.0,553.4,521.7,497.6,476.3,441.7,845.2,676.8,584.0,539.9,512.4,488.1,443.4,990.4,768.2,644.4,572.9,536.0,510.8,466.3,1143.6,886.3,741.2,646.7,587.8,549.8,501.9,0.7425,0.9733,1.0827,0.5770,0.7955,0.9110,0.0,0.0000,2026,0.8874,676.2,03420004LCT,7.548,4536,22.4,23.7,31.7,61.6,0.0,808.1,616.5,554.2,1039.9,754.2,658.6,672.0,632.4,0.8929,0.9488,626.2,526.1,500.8,40.1,176.8,790.7,546.8,529.7,501.1,473.6,448.2,423.4,404.5,425.6,461.8,1691.0,1273.4,1692.7,46.5,144.2,1673.2,1060.6,984.5,939.5,971.7,1027.8,1074.0,1231.2,1479.8,1708.7
GRE,00289,GR49365,GRE-49365,ΣΙΜΠΑ,MAXI 84,Maxi/Boerjesson,PELLE PETTERSON,1981,IO PATRON,,,,ORC,CLUB,C,300,23 03 2026 12:44:12,8.205,7.243,1.580,2.94,3799.,0.0,0.68,819.0,0.6700,895.5,0.8317,721.4,1399.9,1107.2,948.7,849.5,790.0,757.0,729.2,0.0,0.0,0.0,0.0,0.0,0.0,0.0,1079.2,866.6,753.4,688.3,651.4,629.5,607.5,0.0,0.0,0.0,0.0,0.0,0.0,0.0,1388.2,1037.6,850.9,737.6,676.6,634.7,575.6,45.2,43.4,42.0,41.6,41.5,41.8,41.9,148.8,152.1,154.1,159.5,164.8,170.9,177.4,1517.0,1221.4,1072.2,982.7,931.9,910.6,908.9,976.5,803.6,714.9,659.8,629.9,616.1,614.4,919.7,765.2,682.6,633.8,607.7,593.9,589.0,887.8,738.1,656.7,612.2,587.1,572.3,557.8,861.3,706.6,628.2,593.4,580.4,564.6,539.9,838.3,686.1,609.3,572.2,549.9,533.3,514.7,872.6,702.7,616.5,573.9,547.6,525.7,493.7,969.0,763.6,649.2,591.9,559.5,534.0,490.4,1111.0,861.6,717.3,632.4,586.1,557.6,511.2,1282.9,993.0,825.1,716.4,648.2,603.5,549.5,0.6167,0.8384,0.9574,0.4786,0.6748,0.7949,0.0,0.0000,2026,0.7625,786.9,03420004IML,5.930,4246,19.3,14.9,24.3,57.9,0.0,972.9,715.6,626.7,1253.7,889.2,754.8,797.2,718.5,0.7527,0.8350,727.2,601.9,565.5,43.7,177.2,946.1,623.1,590.7,554.8,525.9,501.4,479.2,459.3,473.4,508.4,2084.9,1582.8,2068.7,47.1,146.4,2247.0,1419.6,1311.5,1252.1,1239.8,1200.8,1254.6,1426.7,1665.1,1922.7
GRE,00081,GR49367,GRE-49367,SKORPIOS,DROMOR 26,DROMOR YACHTS,R. CARTER,1993,NAOAPF,,,,ORC,CLUB,C,300,02 04 2026 07:28:28,7.890,6.817,1.593,2.98,3342.,109.9,0.71,813.4,0.6760,887.6,0.8326,720.6,1353.4,1078.5,933.0,843.4,793.1,765.9,744.7,0.0,0.0,0.0,0.0,0.0,0.0,0.0,1047.8,849.2,746.3,689.8,659.5,641.1,621.5,0.0,0.0,0.0,0.0,0.0,0.0,0.0,1344.5,1012.9,840.2,737.7,684.6,646.8,589.0,44.9,42.8,41.5,41.2,41.4,41.4,42.3,148.9,152.8,156.1,161.4,167.8,176.8,178.3,1442.3,1175.2,1042.7,967.7,932.3,919.8,926.9,933.4,779.5,700.0,656.8,636.1,627.5,625.5,882.1,743.5,671.5,634.8,616.1,606.8,602.4,854.0,717.9,648.9,615.2,596.6,584.8,573.5,850.7,701.6,631.1,601.5,588.9,574.1,551.5,834.7,686.9,617.7,585.6,564.1,546.2,524.2,863.8,704.7,624.9,587.9,563.4,541.4,505.7,955.1,762.4,656.0,604.6,575.4,550.9,506.6,1095.0,852.6,718.5,639.8,598.7,572.6,527.2,1264.4,981.8,823.3,719.1,654.0,612.0,562.6,0.6326,0.8399,0.9399,0.4934,0.6816,0.7845,0.0,0.0000,2026,0.7655,783.8,03420004K3R,5.790,3780,16.8,16.2,22.0,46.9,0.0,948.5,714.4,638.4,1216.1,880.3,764.8,790.5,719.5,0.7590,0.8339,739.3,614.1,577.8,43.9,177.9,956.9,632.0,603.4,568.6,537.3,511.9,490.3,476.4,489.9,521.8,1999.2,1520.7,1988.4,47.0,146.2,2107.9,1332.9,1235.0,1181.2,1211.6,1179.2,1232.3,1399.7,1637.3,1890.6
GRE,00896,GR49380,GRE-49380,ADONIS,IDYLLE 1550,BENETEAU,G. FRERS,1986,IOVATh,,,,ORC,CLUB,C,700,22 04 2026 19:34:24,14.839,11.735,2.051,4.43,14383.,0.0,0.60,619.1,0.8777,683.6,1.0928,549.1,1036.1,828.6,716.5,652.5,614.4,589.4,562.2,0.0,0.0,0.0,0.0,0.0,0.0,0.0,792.2,646.6,569.3,527.1,503.2,487.4,468.3,0.0,0.0,0.0,0.0,0.0,0.0,0.0,1032.0,777.8,643.5,564.9,522.9,491.7,444.9,45.5,43.4,41.7,41.3,41.1,41.1,41.2,143.2,149.6,152.3,155.7,161.7,166.2,177.2,1077.7,879.5,779.6,731.6,709.6,696.9,688.2,690.7,579.5,523.7,495.7,480.7,473.4,469.9,647.7,552.2,503.1,478.4,464.2,457.3,453.4,621.4,533.7,488.0,463.6,449.6,440.7,433.6,632.7,538.5,485.5,457.3,444.0,432.6,416.9,635.4,523.6,469.3,442.0,425.1,411.5,392.7,651.7,535.0,475.6,445.0,425.8,409.4,380.9,726.1,583.8,505.8,462.9,438.2,420.0,386.5,861.3,673.4,567.1,501.4,462.6,439.1,404.9,994.5,777.6,653.4,573.4,519.2,481.9,436.1,0.8340,1.1006,1.2392,0.6435,0.8837,1.0249,0.0,0.0000,2026,1.0003,599.8,03420004MJV,10.034,15491,46.2,46.7,71.6,151.0,138.0,719.4,545.2,484.2,932.4,679.0,585.4,599.3,555.1,1.0012,1.0809,552.7,458.4,433.4,42.3,176.8,700.4,469.9,452.1,429.3,406.8,378.0,364.8,358.9,373.0,405.1,1512.6,1133.4,1508.7,48.2,139.9,1552.3,971.2,886.5,830.9,858.2,899.1,925.7,1057.2,1275.7,1473.0
GRE,00204,GR49393,GRE-49393,SEMPREVIVA,YCA 29,SIGMA YACHTS,J. Everitt,1977,NOTK,,,,ORC,CLUB,C,423,17 03 2026 19:29:59,8.850,7.015,1.626,2.97,3548.,0.0,0.68,782.4,0.6946,863.8,0.8649,693.7,1297.1,1046.5,911.2,827.2,773.2,739.7,705.2,0.0,0.0,0.0,0.0,0.0,0.0,0.0,1001.3,818.5,722.3,667.6,633.3,610.8,585.8,0.0,0.0,0.0,0.0,0.0,0.0,0.0,1290.1,981.9,817.2,715.0,657.9,617.1,560.4,44.3,42.6,41.9,40.8,39.7,39.6,39.7,145.6,147.3,147.9,150.8,155.9,160.6,176.2,1367.3,1124.4,995.0,914.5,865.5,840.6,831.5,889.4,744.9,668.2,627.4,604.1,590.7,583.1,843.0,711.3,643.5,608.6,588.7,576.2,566.0,817.1,691.3,625.5,593.2,574.1,560.0,540.8,811.1,667.2,600.0,569.1,549.9,535.7,520.7,794.8,658.1,593.7,562.2,538.5,516.6,485.4,822.0,677.1,604.2,568.8,543.5,519.9,482.4,910.2,735.8,639.2,589.0,560.6,537.3,494.7,1062.5,838.8,716.6,641.2,596.6,570.3,530.7,1226.9,968.6,827.5,739.9,681.0,638.7,578.8,0.6594,0.8697,0.9884,0.5120,0.6977,0.8162,0.0,0.0000,2026,0.7923,757.3,03420004I3I,6.173,4125,18.4,14.4,24.3,0.0,44.1,909.9,689.9,607.0,1171.9,860.0,735.1,754.2,703.8,0.7956,0.8525,699.1,576.9,547.2,41.4,176.2,855.8,586.7,566.4,534.3,508.2,470.2,458.5,464.1,495.0,542.4,1895.4,1435.1,1887.6,46.9,142.6,1973.1,1249.2,1160.3,1108.7,1139.1,1109.0,1154.9,1318.3,1574.1,1817.6
GRE,00414,GR49409,GRE-49409,MOUSMOULO,HALLBERG RASSY 26,HALLBERG RASSY,OLLE ENDERLEIN,1982,ASIATh RODOU,,,,ORC,CLUB,C,398,02 04 2026 07:24:33,7.890,6.757,1.347,2.73,3088.,0.0,0.67,805.1,0.6815,880.4,0.8412,713.3,1339.1,1075.5,931.7,838.5,781.9,752.9,727.7,0.0,0.0,0.0,0.0,0.0,0.0,0.0,1033.2,843.2,742.7,684.5,650.0,630.4,607.8,0.0,0.0,0.0,0.0,0.0,0.0,0.0,1328.9,1008.3,837.4,732.5,674.7,636.4,577.4,45.2,43.5,42.9,41.9,41.3,41.2,41.9,149.2,153.2,156.8,162.3,168.4,176.8,178.1,1441.0,1184.0,1049.4,964.5,914.5,898.1,899.0,926.0,773.7,695.7,651.5,626.6,615.8,611.9,871.4,736.0,666.6,629.8,608.1,597.0,591.0,841.3,711.9,644.3,610.7,590.5,576.5,561.9,830.2,687.3,620.7,590.5,576.6,567.7,541.4,814.5,676.3,610.9,578.1,553.9,534.6,510.3,841.9,693.7,619.4,582.6,555.7,531.8,495.3,934.7,752.0,650.6,600.6,570.5,544.3,499.4,1071.4,840.4,711.4,635.5,594.7,567.5,520.5,1237.2,967.0,814.0,712.5,649.3,607.6,556.4,0.6395,0.8468,0.9572,0.4970,0.6856,0.7993,0.0,0.0000,2026,0.7718,777.4,03420004K3P,5.776,3629,17.4,16.7,20.9,46.5,0.0,938.2,708.5,626.8,1207.2,875.1,750.7,783.8,712.0,0.7655,0.8427,721.2,599.4,565.0,43.5,178.1,927.7,616.5,591.3,556.9,526.7,496.7,477.2,466.9,483.1,514.7,1962.6,1483.3,1950.3,48.0,145.7,2084.8,1306.7,1203.2,1144.0,1163.6,1132.4,1182.3,1354.0,1593.7,1840.3
GRE,00312,GR49418,GRE-49418,SALTY,FIRST 35,BENETEAU,J.BERRET,1979,NOPF,,,,ORC,CLUB,C,560,17 03 2026 20:35:38,10.832,9.298,2.013,3.70,6464.,109.7,0.48,675.8,0.8183,733.2,1.0017,599.0,1124.2,896.3,772.8,697.1,653.1,628.5,604.8,0.0,0.0,0.0,0.0,0.0,0.0,0.0,867.2,705.5,621.4,574.5,548.3,531.9,511.6,0.0,0.0,0.0,0.0,0.0,0.0,0.0,1121.1,843.5,698.1,612.4,568.7,538.0,490.4,44.1,41.9,40.5,39.3,38.5,38.2,38.3,146.6,150.5,153.0,158.5,165.1,171.3,178.1,1155.4,943.7,833.2,769.9,738.8,726.7,724.3,751.8,631.2,570.5,540.1,524.6,517.0,513.5,712.3,604.8,552.9,527.2,512.7,504.3,499.4,690.5,588.0,540.2,516.2,501.2,490.5,477.9,706.0,593.6,535.7,509.6,497.4,485.2,463.8,702.5,579.6,525.3,498.6,480.0,464.0,442.5,727.9,595.7,532.1,501.3,480.5,461.5,426.3,807.6,647.1,559.8,516.8,491.8,471.4,430.2,946.6,735.4,618.8,550.3,514.0,491.1,452.2,1093.0,848.9,712.3,624.2,567.3,530.4,485.4,0.7630,1.0092,1.1355,0.5939,0.8243,0.9588,0.0,0.0000,2026,0.9209,651.6,03420004I48,8.411,7259,27.8,28.0,37.9,85.1,0.0,786.4,594.5,528.4,1010.3,727.9,625.8,648.2,609.2,0.9256,0.9849,592.3,499.1,476.3,39.1,176.8,734.9,514.1,498.0,473.3,449.2,428.1,408.4,397.3,414.3,449.8,1649.0,1246.1,1647.3,46.8,143.4,1667.0,1055.6,979.9,935.1,968.0,995.1,1036.3,1181.4,1412.6,1631.2
GRE,00467,GR4942,GRE-4942,SIBYLLA,EYGTHENE 24,MASTER MARINA,RON HOLLAND,1973,NAOEFK,,,,ORC,CLUB,C,280,18 03 2026 12:31:05,7.249,6.009,1.417,2.81,2109.,0.0,0.58,828.3,0.6667,900.0,0.8165,734.9,1366.4,1093.0,945.4,855.2,804.8,778.7,757.1,0.0,0.0,0.0,0.0,0.0,0.0,0.0,1060.2,861.4,760.6,705.5,674.1,655.0,632.9,0.0,0.0,0.0,0.0,0.0,0.0,0.0,1358.1,1027.0,853.8,752.8,699.4,661.6,602.5,44.6,43.0,41.8,40.8,40.1,39.8,40.4,148.8,152.5,155.9,162.8,169.1,177.2,177.7,1449.3,1186.8,1052.1,975.2,936.6,924.4,933.5,939.2,784.3,708.9,671.1,651.5,643.3,640.9,888.6,748.8,684.2,652.2,634.4,624.8,619.3,861.8,726.0,665.0,635.1,616.3,602.5,586.5,869.4,715.9,649.7,620.6,604.7,592.2,563.8,851.7,702.5,638.4,605.6,579.7,557.7,532.2,881.0,719.2,645.2,608.9,580.3,554.0,517.8,970.7,776.0,673.3,626.0,595.3,566.7,518.7,1111.5,867.6,732.2,658.1,619.9,592.0,540.1,1283.5,999.2,838.7,735.3,673.0,633.0,580.7,0.6245,0.8231,0.9210,0.4879,0.6723,0.7721,0.0,0.0000,2026,0.7514,798.5,03420004I6O,5.349,2510,12.9,12.1,20.9,41.0,0.0,960.8,729.0,651.5,1229.8,892.5,777.1,803.1,735.7,0.7471,0.8156,754.0,626.5,590.5,42.3,177.7,972.9,647.9,620.5,580.1,547.2,519.7,499.6,487.1,502.0,535.0,2005.3,1527.7,1995.9,47.1,146.2,2098.8,1327.9,1233.3,1181.2,1219.6,1200.2,1253.0,1416.2,1655.6,1911.8
GRE,00407,GR49433,GRE-49433,TWEETY,ALBIN BALLAD,ALBIN,R. MAGNUSON,1972,IO HALKIDAS,,,,ORC,CLUB,C,360,07 05 2026 10:07:24,9.079,7.109,1.565,2.94,3501.,123.7,0.51,738.6,0.7460,804.3,0.9121,657.8,1193.3,968.3,843.8,768.0,724.7,699.3,674.4,0.0,0.0,0.0,0.0,0.0,0.0,0.0,928.3,767.0,681.1,633.7,606.5,588.0,566.1,0.0,0.0,0.0,0.0,0.0,0.0,0.0,1188.5,911.9,763.5,675.7,629.4,594.2,540.5,43.6,42.0,41.0,40.1,40.2,39.9,40.4,148.3,152.3,155.0,161.4,166.8,175.4,177.2,1240.6,1034.3,924.3,863.9,835.9,822.8,822.3,812.7,692.0,631.2,599.5,583.3,576.0,572.4,772.2,663.8,611.0,584.0,569.0,560.2,554.7,750.8,646.3,596.0,570.3,553.6,541.1,524.9,765.4,650.2,588.9,561.7,547.9,531.8,505.5,760.3,634.8,576.6,547.0,523.9,504.0,482.6,785.7,649.0,582.5,549.4,523.4,500.2,467.8,859.9,699.0,609.2,565.1,536.6,510.7,469.3,992.4,783.1,665.5,597.0,560.7,534.7,488.6,1145.9,902.2,763.4,672.2,613.6,575.7,526.4,0.7079,0.9177,1.0267,0.5552,0.7508,0.8617,0.0,0.0000,2026,0.8399,714.4,03420004OUW,6.543,4017,18.2,18.4,29.3,60.6,0.0,847.6,653.8,584.4,1080.7,799.1,696.3,715.5,662.7,0.8386,0.9053,660.4,554.1,526.3,41.6,177.7,834.9,572.4,551.8,518.1,489.7,470.1,451.7,439.5,454.2,485.9,1717.9,1303.9,1715.1,46.4,144.1,1745.5,1108.4,1030.6,986.6,1017.3,1053.2,1094.5,1232.7,1463.8,1690.2
GRE,00462,GR49435,GRE-49435,MANIA,SUN FIZZ,JEANNEAU,PH. BRIAND,1981,NAOB,,,,ORC,CLUB,C,550,27 03 2026 14:41:39,12.130,10.320,1.958,3.77,8652.,125.9,0.51,659.2,0.8375,716.4,1.0289,583.2,1109.7,881.1,757.6,681.7,634.7,608.0,580.4,0.0,0.0,0.0,0.0,0.0,0.0,0.0,852.2,691.4,606.4,559.0,531.5,514.8,493.2,0.0,0.0,0.0,0.0,0.0,0.0,0.0,1107.8,828.9,683.0,596.4,551.4,521.0,474.5,44.8,42.4,40.8,40.0,39.2,38.6,38.2,146.2,150.1,152.9,156.8,163.7,170.0,178.1,1128.7,919.3,810.0,746.5,712.6,697.5,687.7,730.1,612.5,550.6,520.7,506.2,498.0,492.3,689.8,586.1,532.7,508.5,495.1,486.4,479.3,666.5,569.0,520.6,498.1,483.9,473.9,460.6,682.3,576.6,521.4,494.5,479.5,469.4,450.3,694.7,570.7,511.7,484.5,466.4,451.3,426.2,720.4,587.1,518.8,487.5,467.7,450.9,417.1,803.9,640.9,550.7,504.3,478.8,459.9,423.6,944.6,730.1,612.6,540.5,501.8,478.3,443.3,1090.8,842.9,705.3,616.9,556.8,518.6,473.1,0.7774,1.0364,1.1745,0.6028,0.8428,0.9928,0.0,0.0000,2026,0.9439,635.7,03420004J77,9.161,9477,32.3,28.7,46.0,91.7,0.0,771.8,578.9,510.9,995.4,711.9,604.4,629.6,596.7,0.9530,1.0056,567.0,479.3,458.4,38.8,177.2,692.7,491.3,476.7,454.2,435.1,411.9,392.2,389.5,407.5,441.4,1634.9,1230.2,1635.0,47.5,143.4,1634.4,1028.7,950.3,904.2,937.6,990.9,1033.5,1184.1,1416.3,1635.4
GRE,00236,GR49439,GRE-49439,PANEFI II,HOOD 38,WAUQUIEZ,TED HOOD,1981,IO CHANION,,,,ORC,CLUB,C,550,09 03 2026 19:06:31,11.583,9.498,3.377,3.60,11378.,0.0,0.52,666.8,0.8313,721.7,1.0094,594.4,1063.4,864.7,757.5,691.3,652.0,627.2,601.4,0.0,0.0,0.0,0.0,0.0,0.0,0.0,833.9,692.1,615.7,572.3,548.2,533.0,514.5,0.0,0.0,0.0,0.0,0.0,0.0,0.0,1062.5,817.8,688.1,609.3,568.4,538.9,494.7,41.0,38.8,38.1,37.5,37.1,36.9,37.2,147.5,151.8,154.7,159.4,164.6,170.9,178.6,1072.0,896.7,807.0,758.6,736.9,725.6,717.8,725.8,622.6,567.4,539.7,526.5,519.0,513.9,699.2,602.9,552.1,526.6,514.6,506.7,499.8,684.9,590.6,540.9,515.5,502.0,493.9,481.9,699.5,598.9,543.5,513.8,497.0,485.6,470.1,693.4,582.1,525.8,498.6,482.3,470.0,455.1,715.4,596.5,532.3,500.6,481.6,466.2,439.3,785.7,644.0,561.2,515.6,491.1,473.1,440.0,913.4,722.5,616.9,550.7,512.4,490.2,456.6,1054.7,832.8,708.0,624.1,567.2,528.7,485.0,0.7864,1.0157,1.1324,0.6224,0.8356,0.9620,0.0,0.0000,2026,0.9319,643.8,03420004H91,8.624,12191,30.9,34.8,53.6,104.7,0.0,763.0,590.7,529.8,964.0,718.0,623.7,640.9,605.5,0.9362,0.9910,587.4,503.2,483.0,37.7,178.1,720.2,511.9,497.5,476.7,456.9,447.2,428.2,416.4,427.1,454.6,1526.9,1166.0,1529.4,44.2,142.8,1502.2,976.9,923.8,896.2,930.4,952.4,987.5,1121.7,1343.8,1551.7
GRE,00503,GR49453,GRE-49453,AGIAZI,LANCER 29,,,1986,IO CHALKIDAS,,,,ORC,CLUB,C,400,15 04 2026 10:31:29,8.850,6.992,1.615,2.97,3512.,0.0,0.66,767.3,0.7210,832.2,0.8817,680.5,1265.6,1014.1,876.3,791.2,743.2,716.8,691.0,0.0,0.0,0.0,0.0,0.0,0.0,0.0,982.4,799.5,705.2,653.2,624.0,605.5,582.5,0.0,0.0,0.0,0.0,0.0,0.0,0.0,1259.4,953.5,791.5,696.5,647.2,612.1,557.6,44.1,42.5,41.4,40.2,39.5,39.5,39.9,148.3,151.8,154.3,161.2,167.3,176.3,177.7,1327.5,1090.1,964.7,892.6,855.9,841.3,837.3,864.4,724.2,654.3,619.4,600.7,590.9,587.3,820.1,692.5,632.8,603.3,586.3,575.9,570.2,796.5,673.7,616.9,589.1,571.8,558.9,542.1,812.1,668.7,605.2,577.2,563.0,552.1,525.9,791.0,653.2,593.3,563.6,541.1,521.4,498.1,817.9,669.0,599.6,566.2,541.9,518.6,484.0,906.7,724.6,627.1,582.3,554.8,530.1,485.9,1042.4,813.8,685.8,614.0,577.6,552.7,506.8,1203.6,938.0,787.9,689.9,630.6,592.3,544.7,0.6734,0.8883,0.9975,0.5264,0.7262,0.8406,0.0,0.0000,2026,0.8112,739.6,03420004LD7,6.295,4067,18.5,15.5,26.7,55.3,0.0,891.0,675.4,601.5,1139.8,826.2,713.8,741.1,685.2,0.8096,0.8756,681.9,572.8,544.6,40.9,177.2,860.4,589.8,570.5,537.1,508.4,486.0,467.3,456.1,471.0,503.4,1853.3,1409.1,1847.2,46.7,145.6,1914.2,1214.0,1129.5,1082.5,1119.8,1113.9,1160.2,1313.6,1552.4,1792.5
GRE,02348,GR49457,GRE-49457,CALDERA,DEHLER 36 CWS,DEHLER,VAN DE STADT,1989,NAOAPF,,,,ORC,CLUB,C,400,26 03 2026 21:22:09,10.869,9.296,1.816,3.51,5600.,0.0,0.29,656.1,0.8191,732.5,1.0215,587.3,1066.8,860.2,756.8,707.2,672.2,644.6,614.7,0.0,0.0,0.0,0.0,0.0,0.0,0.0,811.8,670.7,602.1,569.1,548.7,532.8,510.3,0.0,0.0,0.0,0.0,0.0,0.0,0.0,1069.2,809.0,680.6,610.1,570.3,537.7,484.7,44.5,42.2,41.0,40.1,39.8,39.8,40.1,144.3,146.7,147.2,147.7,180.0,180.0,180.0,1042.3,869.5,791.5,763.8,753.0,747.6,741.6,675.9,580.4,540.0,527.3,521.9,518.4,512.4,638.3,557.4,523.1,510.8,505.4,502.2,495.8,610.9,540.6,509.2,493.3,485.6,481.0,472.5,616.1,540.2,505.9,486.0,472.2,462.0,450.5,675.7,564.8,513.1,485.4,464.4,445.8,415.5,705.3,581.2,522.2,491.0,468.0,446.6,406.0,797.0,637.9,554.4,511.5,484.4,461.9,418.3,945.1,736.9,625.4,563.4,525.0,499.5,462.1,1091.3,850.9,722.2,650.6,591.5,541.6,487.9,0.8095,1.0283,1.1356,0.6227,0.8244,0.9370,0.0,0.0000,2026,0.9350,641.7,03420004J4T,8.470,6182,26.8,38.3,19.6,0.0,0.0,741.2,583.5,528.4,963.5,727.8,640.3,629.8,601.6,0.9526,0.9973,603.8,497.8,469.0,41.3,180.0,756.7,513.8,495.3,468.1,439.6,397.3,375.5,377.8,425.7,451.0,1543.9,1141.3,1552.0,47.6,140.2,1462.9,918.1,838.7,783.5,797.0,914.6,999.9,1165.6,1407.3,1625.0
GRE,00345,GR4947,GRE-4947,LIGO-LIGO,SHAMROCK,SOUTH COAST BOATY.,R. HOLLAND,1975,IO KERKYRAS,,,,ORC,CLUB,C,400,29 04 2026 10:35:43,9.046,7.331,1.685,3.10,3609.,120.7,0.43,723.4,0.7662,783.1,0.9294,645.6,1160.7,940.0,818.4,746.9,708.4,685.0,662.8,0.0,0.0,0.0,0.0,0.0,0.0,0.0,903.2,746.4,666.1,622.6,598.3,581.2,560.4,0.0,0.0,0.0,0.0,0.0,0.0,0.0,1157.9,886.5,743.6,662.0,620.4,587.8,537.3,43.1,41.5,40.1,38.7,38.4,38.3,38.9,147.9,151.8,154.7,161.9,168.0,176.3,177.7,1189.3,990.2,884.3,830.0,807.7,796.7,798.5,783.2,667.6,614.7,589.2,575.9,569.7,567.0,746.4,643.5,599.2,576.7,563.3,555.4,550.9,726.9,629.2,587.5,565.3,549.8,538.0,524.1,742.2,635.4,583.3,558.4,545.4,530.4,505.5,746.3,624.2,573.2,545.6,523.7,504.7,482.4,772.3,638.5,578.9,548.2,523.9,501.2,467.8,847.8,687.5,603.1,563.1,536.5,512.3,468.9,980.5,771.9,655.9,592.7,559.2,534.9,489.7,1132.2,889.8,752.6,663.9,609.1,573.4,527.2,0.7275,0.9356,1.0386,0.5712,0.7720,0.8791,0.0,0.0000,2026,0.8577,699.6,03420004NMN,6.903,4175,18.6,17.7,31.8,62.0,0.0,824.7,641.3,577.7,1050.4,777.2,682.5,697.4,653.2,0.8604,0.9185,650.2,549.1,523.8,40.1,176.8,813.9,568.2,549.3,518.4,490.6,470.1,451.7,439.0,453.8,486.5,1673.6,1270.1,1673.7,46.1,143.9,1672.9,1065.7,994.1,953.5,985.2,1037.2,1079.2,1220.4,1449.9,1674.2
GRE,00338,GR49470,GRE-49470,AEOLOS,JOUET 1080,YACHTING FRANCE,PH. BRIAND,1984,IO KAVALAS,,,,ORC,CLUB,C,600,27 03 2026 14:46:12,10.800,9.215,2.099,3.72,6176.,0.0,0.28,642.8,0.8578,699.4,1.0451,574.1,1037.9,839.8,730.6,667.7,632.9,611.6,587.8,0.0,0.0,0.0,0.0,0.0,0.0,0.0,800.1,661.6,591.7,554.1,533.0,518.6,498.3,0.0,0.0,0.0,0.0,0.0,0.0,0.0,1037.2,791.3,662.5,589.5,552.6,524.6,478.8,42.7,41.0,39.6,38.2,37.5,37.4,37.5,143.7,150.4,153.3,159.2,166.4,174.1,177.9,1045.1,866.7,775.3,730.8,713.2,704.6,699.4,686.9,586.8,542.1,522.4,513.0,508.6,504.5,653.7,566.1,529.6,511.7,501.9,496.9,491.5,633.8,553.6,520.3,502.0,489.8,481.2,471.3,647.0,557.4,515.2,493.8,481.8,472.3,454.0,656.6,548.6,506.6,483.0,464.0,447.4,424.5,676.0,561.0,513.1,487.3,466.3,446.6,413.1,754.0,611.7,538.7,504.3,481.5,460.7,420.7,892.6,704.2,596.3,535.5,503.8,482.1,442.7,1030.7,812.9,686.0,604.6,552.5,518.7,476.1,0.8210,1.0521,1.1660,0.6391,0.8642,0.9868,0.0,0.0000,2026,0.9620,623.7,03420004J7A,8.783,7026,27.5,31.0,45.2,89.3,86.8,730.8,570.3,514.6,938.8,694.3,608.0,617.7,585.2,0.9714,1.0253,573.6,485.4,464.5,38.4,176.8,706.9,504.5,489.8,465.3,442.0,411.4,393.2,388.7,406.4,440.3,1492.4,1124.1,1494.5,46.3,139.5,1471.9,935.6,870.1,829.2,855.2,915.3,945.7,1083.6,1310.2,1512.9
GRE,000349,GR49499,GRE-49499,TAK,DUFOUR 2800,DUFOUR,M.DUFOUR,1981,IO PATRON,,,,ORC,CLUB,C,390,29 04 2026 07:45:10,8.246,7.071,1.460,2.82,2751.,0.0,0.44,767.1,0.7198,833.5,0.8820,680.3,1269.5,1017.3,878.6,790.6,743.6,718.9,696.6,0.0,0.0,0.0,0.0,0.0,0.0,0.0,982.2,800.4,705.8,652.1,623.2,605.1,583.9,0.0,0.0,0.0,0.0,0.0,0.0,0.0,1263.2,956.1,792.9,695.6,646.6,611.3,556.6,44.5,42.8,41.8,40.5,39.8,39.7,40.2,148.5,152.3,154.7,161.4,167.8,175.8,177.2,1331.5,1094.3,968.3,891.8,857.4,846.6,852.5,861.8,723.1,653.3,617.7,600.8,594.6,592.6,814.4,689.8,631.0,601.5,585.7,578.2,574.0,787.7,669.1,614.5,586.7,569.3,557.4,545.9,802.6,668.4,604.1,576.5,563.4,547.1,523.1,790.3,653.8,593.1,561.5,538.1,519.0,494.3,818.7,669.7,600.0,564.5,537.6,513.6,476.0,909.5,725.8,627.1,581.6,552.1,525.5,477.5,1045.6,816.0,686.8,614.0,576.6,549.7,501.5,1207.4,940.3,788.9,689.3,629.9,591.3,540.7,0.6732,0.8887,0.9972,0.5248,0.7254,0.8371,0.0,0.0000,2026,0.8112,739.7,03420004NIW,6.339,3294,16.5,14.9,25.5,50.3,0.0,891.3,675.1,601.7,1143.3,827.1,716.8,741.5,684.8,0.8092,0.8762,689.5,574.6,544.0,41.9,176.3,881.4,597.6,574.9,540.5,509.8,480.3,458.0,440.5,459.6,497.6,1859.5,1407.8,1853.6,47.4,145.5,1918.2,1209.0,1118.8,1065.7,1098.4,1114.1,1161.2,1320.5,1559.6,1800.8
GRE,00044,GR4950,GRE-4950,OKYRROI,M & W 48,OLYMPIC MARINE,B.MILLER,1968,NO SAMOU,,,,ORC,CLUB,C,750,08 07 2026 12:11:32,14.675,12.110,2.226,3.90,14291.,0.0,0.51,618.8,0.8797,682.1,1.0935,548.7,1034.3,823.4,715.2,653.0,613.0,586.7,556.0,0.0,0.0,0.0,0.0,0.0,0.0,0.0,793.1,645.3,569.1,527.2,502.5,486.8,467.3,0.0,0.0,0.0,0.0,0.0,0.0,0.0,1034.4,774.7,642.8,564.7,521.9,491.1,445.7,44.7,41.9,41.0,40.9,40.6,40.4,40.4,145.7,149.4,152.4,155.0,160.3,165.7,177.2,1033.5,847.2,761.0,721.0,699.4,687.1,674.2,669.4,566.1,514.1,489.3,477.8,470.8,463.5,633.1,541.6,494.9,472.7,461.0,454.7,447.9,610.3,524.8,480.7,458.7,446.5,438.7,429.9,621.6,529.8,480.9,455.0,440.2,430.5,416.6,661.8,542.5,480.7,449.6,432.6,421.0,407.3,683.6,556.3,487.2,451.2,431.1,416.9,393.3,761.2,605.2,519.8,469.4,441.2,423.2,392.9,896.5,692.5,581.0,510.4,467.1,441.2,408.6,1035.1,799.6,669.4,585.1,526.7,486.2,437.7,0.8343,1.1013,1.2413,0.6460,0.8850,1.0314,0.0,0.0000,2026,1.0020,598.8,03420004UWJ,10.345,15501,43.0,43.6,79.7,130.4,0.0,719.2,544.8,483.4,928.8,678.0,581.7,593.0,559.7,1.0118,1.0720,540.8,455.1,433.2,40.8,177.7,673.2,460.8,444.3,423.8,406.4,399.2,379.4,365.1,378.5,408.4,1518.5,1139.0,1521.8,47.5,143.1,1485.7,934.8,858.8,810.5,839.4,947.0,983.6,1123.0,1343.5,1551.3
GRE,02027,GR4951,GRE-4951,ZANTIO,RUSH,JEANNEAU,RON HOLLAND,1982,NONKE,,,,ORC,CLUB,C,477,01 04 2026 20:16:53,9.161,7.671,1.695,3.13,3574.,0.0,0.38,714.6,0.7743,774.9,0.9421,636.9,1158.9,934.1,811.0,737.5,698.2,676.3,655.7,0.0,0.0,0.0,0.0,0.0,0.0,0.0,897.2,738.1,657.5,613.4,589.0,572.6,552.3,0.0,0.0,0.0,0.0,0.0,0.0,0.0,1154.5,879.4,735.4,652.7,610.7,578.9,528.5,43.9,42.3,40.7,39.1,38.4,38.1,38.7,147.5,151.4,154.3,161.7,168.0,176.3,177.2,1202.7,994.0,883.5,823.8,798.0,788.9,793.1,784.0,663.1,607.5,581.3,567.9,562.4,559.7,742.8,635.5,590.6,567.8,554.8,547.9,543.5,718.6,618.9,577.9,555.8,540.8,529.9,518.7,732.7,624.2,572.4,548.5,536.7,522.2,498.0,730.8,610.6,561.9,535.0,513.6,494.9,472.5,755.7,624.7,567.7,537.6,513.5,490.4,456.0,830.8,673.4,591.2,552.7,526.8,502.1,456.3,965.6,758.0,643.1,581.6,549.1,525.3,478.9,1115.0,874.2,738.6,651.3,598.4,563.7,518.2,0.7338,0.9488,1.0543,0.5733,0.7807,0.8902,0.0,0.0000,2026,0.8684,690.9,03420004K39,7.121,4229,18.9,17.4,30.4,63.8,0.0,817.7,632.4,569.1,1046.6,768.5,674.0,690.1,642.8,0.8694,0.9335,645.1,541.8,515.6,40.1,175.4,813.9,562.1,543.0,512.1,483.6,460.3,440.0,424.2,440.8,476.3,1680.7,1270.9,1677.8,46.7,143.8,1709.9,1082.8,1003.0,952.8,981.4,1020.9,1060.2,1199.2,1430.3,1651.6
GRE,00206,GR49518,GRE-49518,GALAZIOS ANEMOS,FEELING 920,KIRIE,PH. HARLE,1983,SEANATK,,,,ORC,CLUB,C,540,25 03 2026 14:06:20,9.250,7.818,1.694,3.22,3939.,110.6,0.33,697.5,0.7932,756.4,0.9645,622.1,1128.3,910.8,790.6,720.1,683.2,661.2,639.9,0.0,0.0,0.0,0.0,0.0,0.0,0.0,873.4,720.0,641.7,599.3,576.2,560.3,540.4,0.0,0.0,0.0,0.0,0.0,0.0,0.0,1125.6,858.0,717.5,637.6,597.4,566.5,517.4,43.7,42.0,40.5,39.0,38.5,38.4,39.0,147.3,151.4,154.3,161.4,167.8,176.3,177.7,1155.0,958.3,852.4,797.9,778.0,769.2,772.0,755.0,641.1,589.5,565.9,554.7,550.1,547.7,716.5,616.3,574.4,553.8,542.2,536.7,532.4,695.3,601.8,563.0,542.5,528.5,518.2,508.2,708.8,607.5,560.4,537.8,522.7,508.5,486.3,718.9,599.9,550.9,524.7,504.2,486.5,463.9,743.8,615.0,557.2,527.5,503.8,481.9,447.9,820.1,664.0,582.0,543.0,517.2,493.2,449.9,954.0,748.4,634.8,572.4,539.5,515.7,471.3,1101.5,863.3,728.9,642.4,588.3,553.2,507.8,0.7531,0.9713,1.0776,0.5885,0.7997,0.9109,0.0,0.0000,2026,0.8890,674.9,03420004IUQ,7.411,4668,20.9,22.5,32.8,66.7,0.0,796.7,617.7,556.8,1019.5,750.3,658.7,671.8,630.2,0.8931,0.9520,628.9,529.7,504.8,40.6,176.8,790.0,549.9,532.1,502.2,473.7,450.9,431.0,417.5,434.7,467.7,1629.4,1231.3,1629.4,46.6,143.4,1629.3,1032.9,958.8,914.4,942.5,1001.9,1041.5,1182.8,1411.1,1629.4
GRE,00431,GR49527,GRE-49527,ALDEBARAN,FEELING 1090,KIRIE,PHILIP HARLE,1988,NAO PERAMATOS,,,,ORC,CLUB,C,240,25 05 2026 13:24:49,10.785,9.186,1.812,3.60,5638.,116.8,0.32,664.4,0.8274,725.2,1.0162,590.4,1093.8,877.7,760.0,690.5,651.8,629.1,606.7,0.0,0.0,0.0,0.0,0.0,0.0,0.0,843.9,691.0,611.0,567.4,542.9,527.2,508.4,0.0,0.0,0.0,0.0,0.0,0.0,0.0,1089.9,825.8,686.4,605.5,563.5,532.4,484.4,44.2,42.0,40.9,40.0,39.5,39.3,39.7,146.4,150.5,153.4,158.8,165.1,170.7,177.2,1132.5,930.9,825.4,770.0,747.7,738.9,741.2,737.3,621.3,561.7,533.8,521.0,515.8,515.1,697.5,594.1,543.5,519.2,506.7,500.8,498.3,671.9,575.9,530.4,506.8,492.4,482.6,472.8,683.5,581.4,528.2,504.7,487.5,473.9,453.2,683.9,567.6,515.6,488.9,469.9,455.3,437.2,706.1,581.7,521.7,490.8,468.5,448.6,417.3,782.2,629.8,548.0,505.9,479.6,456.9,414.6,913.7,714.4,604.0,539.1,503.0,478.5,435.3,1055.0,824.5,694.6,610.9,555.9,519.4,472.2,0.7818,1.0237,1.1449,0.6087,0.8338,0.9579,0.0,0.0000,2026,0.9342,642.3,03420004R4F,8.354,6068,25.2,29.0,35.1,82.8,0.0,767.5,586.1,524.1,985.7,719.6,626.4,641.5,597.0,0.9352,1.0050,600.3,500.1,473.1,41.5,175.4,767.5,520.0,499.5,469.9,440.7,429.4,401.7,378.5,395.9,433.1,1589.8,1198.0,1587.1,46.9,142.8,1616.1,1020.8,942.6,891.8,917.9,956.1,992.2,1132.5,1354.0,1563.4
GRE,00390,GR4954,GRE-4954,AELLA,FIRST 41 S5,BENETEAU,BERRET,1988,IO KERKYRAS,,,,ORC,CLUB,C,400,15 04 2026 09:36:22,12.300,10.410,1.994,3.90,7890.,0.0,0.24,619.0,0.8826,679.8,1.0878,551.6,1015.9,816.8,709.1,648.2,615.6,594.7,569.8,0.0,0.0,0.0,0.0,0.0,0.0,0.0,777.6,639.1,568.8,531.5,510.7,496.5,476.2,0.0,0.0,0.0,0.0,0.0,0.0,0.0,1013.4,767.8,639.9,567.6,529.9,500.5,453.8,44.1,41.8,40.8,40.2,39.8,39.7,39.8,137.7,149.2,149.6,157.9,164.9,170.3,174.8,1041.0,859.4,772.3,732.8,715.8,707.2,701.8,678.1,575.0,526.0,504.3,495.1,489.9,484.7,641.6,550.6,508.3,488.8,479.0,474.1,468.2,616.9,533.5,495.1,475.0,462.8,454.7,445.1,626.4,536.6,494.3,471.2,455.7,443.6,425.3,621.4,520.3,477.7,455.2,439.6,429.0,411.0,636.4,529.1,481.1,454.7,434.2,415.5,391.5,709.6,572.0,501.8,466.8,443.0,420.6,379.1,858.1,670.5,559.3,496.9,465.3,442.4,398.4,990.8,774.2,645.8,563.6,515.4,482.3,437.7,0.8470,1.0955,1.2184,0.6548,0.8897,1.0159,0.0,0.0000,2026,0.9986,600.8,03420004LC7,9.358,8539,31.0,45.8,40.4,123.8,0.0,708.4,547.7,492.4,916.3,674.4,590.6,600.9,554.1,0.9984,1.0828,555.0,463.1,440.2,40.8,168.5,712.8,485.0,466.8,439.5,413.3,396.7,375.7,341.9,358.6,397.2,1457.3,1094.9,1454.6,47.1,137.7,1484.1,935.5,862.4,814.5,838.9,866.6,895.3,1023.8,1238.8,1430.5
GRE,00337,GR49542,GRE-49542,ANNA,GIBSEA 402,GIBERT MARINE SA,JOUBERT/NIVELT,1987,NOEF,,,,ORC,CLUB,C,400,15 04 2026 23:52:26,11.781,9.737,2.020,3.88,8643.,0.0,0.62,664.9,0.8150,736.2,1.0143,591.6,1094.1,879.9,767.4,703.6,668.0,644.2,618.0,0.0,0.0,0.0,0.0,0.0,0.0,0.0,841.6,689.4,610.6,568.8,546.0,530.1,511.7,0.0,0.0,0.0,0.0,0.0,0.0,0.0,1091.0,827.2,689.8,609.0,567.2,535.3,487.1,44.3,41.7,40.7,40.7,40.5,40.2,40.4,144.2,147.3,148.3,150.1,154.3,159.7,176.2,1124.9,925.2,826.8,777.3,754.4,742.7,740.6,732.9,620.2,560.9,532.7,519.3,513.3,510.0,694.8,593.9,541.5,516.7,503.9,497.5,493.2,671.2,575.4,527.3,503.1,489.4,480.4,471.5,683.4,576.3,519.9,494.3,483.5,471.7,454.9,675.5,559.2,506.3,480.5,463.0,448.6,431.3,696.1,572.9,512.9,483.6,463.7,446.4,416.4,778.4,627.0,543.4,500.8,476.3,456.9,421.1,920.9,722.8,613.2,545.7,507.4,484.3,450.8,1063.3,834.6,708.1,630.0,581.7,545.7,495.4,0.7838,1.0220,1.1382,0.6079,0.8211,0.9370,0.0,0.0000,2026,0.9301,645.1,03420004LJ8,8.560,9286,30.3,33.2,44.8,0.0,93.9,765.5,587.1,527.1,987.0,730.7,640.3,641.7,600.6,0.9350,0.9989,608.1,502.3,475.9,41.2,176.6,753.2,511.7,492.7,467.0,443.6,419.8,401.6,393.0,419.5,463.1,1592.2,1198.0,1590.4,47.3,140.1,1610.9,1017.3,940.5,894.3,924.9,949.2,982.6,1129.2,1362.7,1573.5
GRE,00574,GR49555,GRE-49555,THETIS I,OCEANIS 400,BENETEAU,FINOT,1993,ASIATh RODOU,,,,ORC,CLUB,C,769,16 04 2026 09:24:22,11.800,10.911,1.677,3.92,7501.,106.9,0.38,659.5,0.8268,725.7,1.0345,580.0,1151.4,904.0,769.5,686.9,637.7,609.9,585.0,0.0,0.0,0.0,0.0,0.0,0.0,0.0,874.9,699.4,606.5,553.1,522.4,504.1,483.6,0.0,0.0,0.0,0.0,0.0,0.0,0.0,1146.2,846.4,688.3,593.1,543.0,508.9,458.3,47.1,45.2,43.7,42.3,41.5,41.2,41.6,146.2,149.4,152.2,155.9,161.7,167.1,177.2,1203.7,964.3,837.9,763.5,727.1,713.5,714.2,759.1,620.0,550.5,513.0,494.0,486.4,483.3,701.9,583.3,524.8,494.7,478.0,469.7,465.2,669.2,560.5,507.4,480.2,463.6,451.9,440.5,683.4,567.4,508.0,477.2,460.0,445.6,422.9,697.1,563.9,498.5,466.4,445.2,427.5,403.2,724.5,582.4,507.8,470.8,447.3,427.4,392.9,810.3,637.9,543.7,491.1,462.0,440.2,400.7,951.9,730.7,608.3,533.1,488.4,461.8,422.2,1099.2,843.7,701.1,610.2,548.3,506.3,455.9,0.7623,1.0427,1.1976,0.5838,0.8331,0.9876,0.0,0.0000,2026,0.9443,635.4,03420004LK7,9.281,8585,33.8,36.3,43.7,89.1,0.0,787.1,575.4,501.0,1027.7,720.2,607.5,632.4,590.3,0.9487,1.0164,575.4,471.8,443.1,42.9,176.8,730.7,485.6,464.4,434.4,409.8,388.8,365.8,360.3,385.0,420.2,1714.7,1281.7,1708.8,49.1,143.8,1774.3,1102.3,995.2,930.5,959.2,1006.6,1053.4,1203.4,1433.4,1655.1
GRE,00377,GR4957,GRE-4957,ALITAKI,CATCH 22,ATLANTA MARINE,CARVILL & HAWKINS,1975,SEANATK,,,,ORC,CLUB,C,300,14 05 2026 10:03:12,6.710,5.752,1.191,2.40,1504.,0.0,0.46,819.9,0.6743,889.8,0.8200,731.7,1314.9,1069.2,933.4,849.3,801.1,776.1,756.7,0.0,0.0,0.0,0.0,0.0,0.0,0.0,1022.5,845.6,756.7,707.0,676.3,656.5,633.9,0.0,0.0,0.0,0.0,0.0,0.0,0.0,1306.2,1004.9,846.0,753.0,701.1,663.5,605.2,44.1,42.7,42.3,40.6,39.4,39.1,40.0,149.2,153.0,157.0,165.1,173.6,178.1,177.4,1402.6,1169.9,1045.5,971.3,928.7,913.4,925.3,914.1,774.0,706.3,675.0,656.6,645.8,643.3,867.4,741.8,685.9,658.8,641.4,629.4,622.5,841.1,722.5,671.1,644.3,625.6,610.0,588.6,838.9,702.3,649.6,623.1,606.3,596.6,570.7,818.9,693.1,642.6,611.5,584.0,559.8,531.7,844.9,705.9,648.9,616.4,586.9,558.0,518.4,930.3,756.2,671.3,632.5,603.1,573.5,521.6,1062.8,841.5,719.9,659.6,626.8,599.6,545.2,1227.3,968.4,821.3,727.2,673.5,638.8,588.0,0.6424,0.8248,0.9189,0.5033,0.6791,0.7741,0.0,0.0000,2026,0.7561,793.6,03420004PTH,5.240,1915,11.0,9.5,14.6,32.9,0.0,934.0,727.4,653.0,1192.1,883.5,775.1,797.9,730.1,0.7520,0.8218,755.0,627.0,591.6,42.3,177.2,970.1,650.8,624.5,582.7,549.6,518.5,496.4,485.1,504.2,539.9,1902.3,1444.7,1893.2,46.7,145.1,1992.8,1262.4,1172.0,1119.6,1150.9,1127.2,1171.9,1317.9,1569.0,1811.7
GRE,00810,GR49572,GRE-49572,KOURSAROS,SUNWIND 27,OY NYKRA  FINLAND,TORD SUNDEN,1982,IO PATRON,,,,ORC,CLUB,C,240,27 03 2026 14:54:50,8.201,6.879,1.552,2.65,2800.,0.0,0.52,811.5,0.6724,892.4,0.8342,719.3,1363.5,1076.5,927.9,846.3,804.4,781.2,762.2,0.0,0.0,0.0,0.0,0.0,0.0,0.0,1047.6,842.6,739.1,687.4,662.3,646.8,629.0,0.0,0.0,0.0,0.0,0.0,0.0,0.0,1357.0,1010.0,833.9,736.7,688.2,651.1,590.3,44.6,42.3,41.5,41.8,42.2,42.6,44.1,149.8,153.4,158.2,162.9,169.6,178.1,178.6,1428.3,1157.4,1030.6,977.5,963.2,960.5,974.3,925.4,769.3,690.4,655.6,645.0,640.9,640.4,872.6,732.4,660.6,629.5,618.8,614.1,610.4,839.6,703.8,636.5,605.4,590.8,584.0,576.7,824.6,680.4,615.6,590.1,578.3,565.0,549.8,825.6,676.3,608.2,575.4,553.4,536.5,514.9,863.7,698.7,618.2,580.7,555.0,532.4,494.5,977.4,769.4,656.3,600.8,569.4,543.7,496.1,1124.7,865.4,722.3,637.8,593.4,565.3,517.0,1298.7,995.5,825.1,715.0,645.6,601.8,550.0,0.6349,0.8436,0.9317,0.4918,0.6801,0.7694,0.0,0.0000,2026,0.7657,783.6,03420004J7D,5.773,3162,16.2,20.5,16.1,34.0,0.0,945.0,711.2,644.0,1220.0,882.2,779.8,791.0,717.0,0.7585,0.8368,763.5,625.5,581.2,46.3,178.1,1020.9,653.5,614.9,575.2,538.8,504.1,478.5,460.3,473.9,506.0,2029.2,1533.7,2021.8,46.6,147.5,2103.9,1333.9,1235.9,1180.6,1174.7,1178.4,1247.4,1448.8,1692.7,1954.6
GRE,00301,GR49576,GRE-49576,ONAR,FIRST 345,BENETEAU,J. BERRET,1984,IO PATRON,,,,ORC,CLUB,C,400,02 04 2026 09:40:21,10.503,8.701,1.939,3.49,5583.,117.8,0.51,685.8,0.8040,746.3,0.9849,609.2,1128.2,903.5,782.9,711.0,669.6,645.5,622.8,0.0,0.0,0.0,0.0,0.0,0.0,0.0,872.1,713.2,630.9,585.4,559.8,543.4,523.4,0.0,0.0,0.0,0.0,0.0,0.0,0.0,1125.4,850.9,708.0,624.3,580.9,549.2,499.8,43.8,41.4,40.2,39.3,38.9,38.6,39.0,147.1,150.9,154.1,159.7,165.9,171.8,178.1,1156.6,950.6,845.3,788.9,763.4,753.4,754.7,756.7,639.3,580.4,551.3,536.4,529.6,526.7,718.2,613.1,562.5,536.6,522.6,514.9,510.4,695.0,595.5,548.9,524.2,509.0,498.4,485.8,709.7,601.8,545.5,518.8,504.8,491.1,469.4,710.2,588.9,534.2,506.3,486.7,470.0,449.0,736.2,604.5,541.0,508.9,487.0,467.2,432.7,815.9,656.5,570.0,525.4,499.0,477.0,434.6,952.4,742.1,627.1,559.8,522.0,497.8,455.6,1099.8,856.4,720.5,633.2,575.9,537.7,490.8,0.7570,0.9920,1.1111,0.5906,0.8101,0.9331,0.0,0.0000,2026,0.9061,662.2,03420004K4Q,7.934,6176,24.6,25.6,33.3,71.9,0.0,792.6,604.8,540.0,1015.9,740.6,643.0,660.0,618.1,0.9090,0.9707,612.1,512.7,487.0,40.1,176.3,771.9,529.2,510.4,481.7,454.5,436.6,416.8,403.3,418.8,452.2,1647.4,1245.6,1646.4,46.4,143.3,1656.8,1052.8,978.3,933.5,964.3,999.6,1042.3,1188.4,1418.5,1637.9
GRE,00315,GR49589,GRE-49589,NATASSA,FEELING 920,KIRIE,PH. HARLE,1983,NOTK,,,,ORC,CLUB,C,300,18 03 2026 12:58:58,9.250,7.818,1.803,3.22,4219.,106.8,0.52,717.7,0.7567,792.9,0.9369,640.4,1167.3,943.1,822.4,756.9,722.8,701.4,679.9,0.0,0.0,0.0,0.0,0.0,0.0,0.0,899.2,738.8,658.0,616.7,594.5,579.5,562.0,0.0,0.0,0.0,0.0,0.0,0.0,0.0,1163.0,886.1,741.1,658.8,617.5,585.4,534.4,44.0,41.8,40.8,40.2,39.7,39.6,40.3,145.1,147.3,147.9,151.7,157.4,161.9,175.3,1209.4,999.3,892.5,839.0,819.9,812.8,820.3,789.2,668.7,608.3,581.9,571.2,567.1,565.6,747.8,640.0,589.3,566.3,555.3,550.9,547.3,721.3,620.2,574.8,552.1,538.8,530.4,522.3,733.6,613.9,562.6,540.2,529.9,518.3,500.2,715.8,598.0,550.2,524.6,504.6,487.8,468.2,741.7,611.0,556.1,527.5,504.6,483.4,450.6,828.4,667.2,583.1,544.3,518.7,495.5,453.6,974.4,768.0,651.5,585.4,550.9,528.2,488.8,1125.1,886.9,752.3,674.7,625.7,590.0,539.6,0.7326,0.9447,1.0405,0.5686,0.7637,0.8587,0.0,0.0000,2026,0.8605,697.3,03420004I6W,7.076,4681,21.1,21.3,31.5,0.0,65.2,819.0,635.1,576.6,1055.2,785.6,698.7,695.2,647.1,0.8630,0.9273,675.6,555.1,524.7,41.9,174.8,847.2,571.6,548.9,518.2,490.4,455.5,435.8,422.7,452.9,504.1,1693.4,1276.7,1690.1,46.7,140.8,1726.2,1093.1,1012.4,961.7,990.6,1006.9,1043.9,1195.0,1438.1,1660.5
GRE,00133,GR49606,GRE-49606,BLUE LINE,SUNSHINE 36 ST.EXT,JEANNEAU,T. CASTRO,1982,SEANATK,,,,ORC,CLUB,C,450,30 06 2026 13:31:38,11.090,9.211,1.984,3.81,5837.,114.3,0.32,653.6,0.8445,710.5,1.0315,581.7,1072.4,857.3,742.1,676.2,640.6,619.0,596.5,0.0,0.0,0.0,0.0,0.0,0.0,0.0,826.2,675.2,600.1,559.9,537.5,522.4,502.7,0.0,0.0,0.0,0.0,0.0,0.0,0.0,1070.0,807.1,672.3,596.2,557.4,527.9,481.0,44.0,41.8,40.2,39.1,38.5,38.2,39.0,146.0,150.1,153.0,159.0,166.2,172.3,177.4,1096.4,898.4,798.5,749.1,730.2,721.4,721.3,714.2,602.7,550.8,528.2,517.2,512.4,509.5,676.3,578.3,536.0,515.7,504.5,499.1,495.0,652.6,562.6,524.8,504.5,491.4,482.1,472.8,665.8,567.0,524.3,501.6,486.0,473.0,452.7,675.1,559.6,512.9,488.1,469.5,454.1,435.1,697.0,572.2,517.5,489.4,467.8,447.8,416.0,772.7,619.7,541.4,503.2,478.6,456.2,413.1,907.9,707.0,595.8,533.5,500.6,477.6,434.2,1048.4,816.2,685.8,603.2,550.9,516.5,471.6,0.7993,1.0393,1.1565,0.6219,0.8519,0.9741,0.0,0.0000,2026,0.9496,631.8,03420004UEW,8.579,6508,27.3,30.3,39.6,87.5,0.0,750.7,577.3,518.8,964.8,704.3,616.0,628.8,589.3,0.9542,1.0181,583.9,491.5,468.3,39.7,173.9,735.6,511.2,495.0,467.8,440.1,426.0,400.9,379.1,395.6,432.2,1564.3,1179.5,1563.7,46.5,142.8,1569.9,994.1,920.2,873.3,901.5,954.2,988.3,1124.9,1349.8,1558.6
GRE,00243,GR49607,GRE-49607,OKIROI,FIRST 305,BENETEAU,BERRET,1986,IO PATRON,,,,ORC,CLUB,C,450,26 03 2026 18:26:39,9.302,7.956,1.754,3.22,4011.,116.4,0.48,739.2,0.7371,814.0,0.9163,654.8,1240.8,989.1,856.8,777.4,727.2,696.9,667.3,0.0,0.0,0.0,0.0,0.0,0.0,0.0,951.6,770.3,679.9,629.9,598.6,578.3,554.6,0.0,0.0,0.0,0.0,0.0,0.0,0.0,1233.3,926.9,768.8,673.9,621.5,584.3,530.4,44.4,42.7,41.5,40.4,39.4,38.8,39.0,144.9,147.1,148.1,151.4,157.8,162.3,178.8,1316.0,1066.4,939.9,863.2,816.2,793.2,787.8,854.6,706.1,632.6,594.6,574.0,561.9,554.6,807.7,673.7,608.9,577.9,559.8,548.2,538.0,780.5,653.4,591.9,563.6,546.1,533.3,515.2,751.8,619.4,565.1,539.1,522.1,510.5,497.0,739.0,610.8,559.0,531.7,510.4,490.3,456.1,766.1,628.6,568.1,537.6,514.6,492.5,451.4,856.9,687.4,598.2,556.7,531.1,509.3,464.7,1009.4,789.7,670.1,599.7,562.8,539.4,502.2,1165.6,911.9,773.8,691.5,638.3,600.6,546.9,0.6969,0.9225,1.0444,0.5381,0.7417,0.8653,0.0,0.0000,2026,0.8395,714.7,03420004J41,6.970,4628,20.2,19.1,21.0,0.0,51.9,861.0,650.4,574.5,1115.0,809.0,693.4,712.6,662.7,0.8420,0.9054,660.2,543.6,515.5,40.4,178.8,807.3,555.9,536.5,507.1,483.6,441.0,424.7,428.9,464.1,513.0,1833.4,1381.4,1823.7,46.5,141.5,1931.0,1225.2,1136.8,1084.6,1063.7,1042.5,1086.6,1251.6,1503.3,1735.9
GRE,00579,GR49651,GRE-49651,CHIMERA,X-362,X-YACHTS,N. JEPPESEN,1993,NOTK,,,,ORC,CLUB,C,647,25 05 2026 13:08:11,10.718,9.778,1.931,3.45,5800.,118.5,0.27,635.5,0.8592,698.3,1.0619,565.0,1047.8,842.8,729.1,664.3,631.1,609.8,586.6,0.0,0.0,0.0,0.0,0.0,0.0,0.0,805.4,659.3,584.3,543.6,520.7,505.3,484.8,0.0,0.0,0.0,0.0,0.0,0.0,0.0,1045.1,792.2,657.7,579.6,540.6,511.0,463.8,43.9,41.9,40.3,38.7,38.0,37.6,38.4,143.4,147.3,148.1,151.2,155.9,160.8,163.9,1074.8,882.3,779.3,722.2,698.3,687.6,684.4,700.0,591.0,537.3,510.7,497.7,492.0,488.1,663.0,566.9,522.2,499.3,486.1,478.9,473.9,642.4,552.2,511.7,489.7,474.2,463.1,452.3,657.4,548.7,500.9,477.7,465.5,456.8,435.1,644.0,535.4,491.0,465.2,444.2,427.2,405.3,662.9,546.6,497.3,469.8,446.6,425.7,390.0,745.1,598.2,523.2,487.9,463.5,441.0,398.5,884.0,695.7,587.9,525.7,494.0,472.6,435.3,1020.7,803.3,678.8,606.3,563.9,531.9,488.8,0.8193,1.0694,1.1966,0.6347,0.8665,0.9894,0.0,0.0000,2026,0.9747,615.6,03420004R3W,9.164,6705,27.4,31.7,38.8,0.0,94.9,732.3,561.1,501.4,945.3,692.4,606.4,610.1,577.0,0.9835,1.0398,573.1,470.7,448.5,39.3,161.0,692.1,487.6,471.9,445.8,422.3,389.8,366.0,355.1,399.4,454.1,1517.8,1143.8,1516.3,46.5,139.4,1532.8,970.9,899.9,856.4,886.0,909.2,939.0,1075.8,1301.5,1502.8
GRE,00457,GR49675,GRE-49675,NEMESIS,FIRST 32 S5,BENETEAU,JEAN BERRET,1990,INO AIGIOU,,,,ORC,CLUB,C,300,07 05 2026 08:39:33,9.440,8.505,1.857,3.26,4795.,108.2,0.45,704.2,0.7804,768.8,0.9566,627.2,1152.0,925.1,803.7,732.7,693.6,670.5,648.0,0.0,0.0,0.0,0.0,0.0,0.0,0.0,887.2,727.6,646.4,603.3,580.0,565.1,546.4,0.0,0.0,0.0,0.0,0.0,0.0,0.0,1147.3,869.5,725.8,643.8,601.8,570.4,521.1,43.4,41.0,40.1,39.7,39.6,39.4,39.8,146.6,151.2,154.6,161.5,168.2,177.2,178.6,1198.1,987.8,881.8,828.9,807.1,797.4,796.4,786.6,665.6,602.9,573.6,560.7,555.2,551.8,746.3,636.8,582.4,556.5,544.0,538.3,533.7,720.3,615.7,566.1,541.4,527.4,518.6,510.1,710.8,599.8,552.3,533.4,520.9,508.3,490.8,702.7,589.2,541.7,517.5,500.5,488.2,472.1,729.5,604.2,547.5,519.6,499.7,481.6,452.5,814.9,659.1,575.2,534.8,510.2,489.4,448.0,957.7,747.6,632.0,566.2,531.5,508.7,467.5,1105.8,862.4,725.7,636.6,580.0,543.5,499.5,0.7431,0.9643,1.0680,0.5777,0.7868,0.8985,0.0,0.0000,2026,0.8799,681.9,03420004OTN,7.498,5257,22.0,28.7,19.7,60.4,0.0,807.4,622.2,561.8,1038.6,762.6,667.8,683.7,629.7,0.8775,0.9529,637.0,535.6,508.8,41.0,177.7,812.8,553.8,533.5,506.5,480.2,458.9,436.9,414.3,427.5,461.2,1684.6,1269.1,1680.6,46.3,142.4,1724.4,1097.3,1020.6,973.7,981.6,978.3,1023.7,1181.5,1424.4,1644.8
GRE,00801,GR4968,GRE-4968,NINIA,OLYMPIC 33,OLYMPIC MARINE,R.CARTER,1977,IO KERKYRAS,,,,ORC,CLUB,C,487,15 04 2026 23:05:35,9.961,7.952,1.799,3.33,4847.,0.0,0.64,754.4,0.7299,822.0,0.9006,666.2,1267.8,1009.4,871.1,783.8,728.2,694.5,664.8,0.0,0.0,0.0,0.0,0.0,0.0,0.0,981.9,795.0,696.0,638.2,603.8,582.4,558.5,0.0,0.0,0.0,0.0,0.0,0.0,0.0,1260.0,948.4,783.9,682.8,626.7,588.5,533.3,44.3,42.6,41.1,40.3,39.9,39.6,39.5,148.2,151.6,154.6,159.1,164.6,170.0,177.7,1346.4,1093.3,964.2,887.3,840.5,816.7,808.3,875.5,726.7,651.1,607.3,581.3,566.8,558.6,829.0,695.0,625.5,586.9,563.7,550.5,540.6,804.7,676.4,606.2,569.2,547.9,533.9,516.5,798.5,658.7,588.5,553.6,537.9,528.3,503.9,780.7,642.8,573.0,538.6,516.9,499.6,477.2,808.8,660.7,581.2,541.3,517.0,496.5,463.3,894.1,714.9,614.4,559.9,529.8,506.8,465.2,1029.9,802.7,677.3,599.8,554.9,528.3,486.4,1189.2,925.5,777.9,680.3,615.9,572.4,521.2,0.6753,0.9064,1.0366,0.5270,0.7337,0.8673,0.0,0.0000,2026,0.8269,725.6,03420004LIQ,6.808,5522,21.7,19.5,28.3,67.1,0.0,888.5,662.0,578.8,1138.5,817.8,691.8,729.3,670.5,0.8227,0.8948,657.9,549.8,521.2,40.8,177.2,832.1,564.2,542.3,511.3,487.0,464.5,446.3,436.0,450.4,483.7,1871.2,1422.6,1861.6,46.5,145.3,1967.1,1247.5,1157.9,1110.1,1135.4,1101.4,1150.1,1301.8,1537.5,1775.3
GRE,00103,GR49687,GRE-49687,ANNA KATERINA,SUN ODYSSEY 37.1,JEANNEAU,FAUROUX,1994,NOPF,,,,ORC,CLUB,C,682,22 04 2026 11:21:52,11.230,10.003,1.886,3.83,6830.,107.6,0.40,680.3,0.8080,742.6,1.0023,598.6,1173.8,925.7,790.5,705.3,650.6,619.8,590.8,0.0,0.0,0.0,0.0,0.0,0.0,0.0,899.6,722.5,627.1,571.8,538.6,519.1,496.3,0.0,0.0,0.0,0.0,0.0,0.0,0.0,1169.2,868.9,709.3,612.0,559.2,524.9,475.2,45.6,43.7,42.4,41.1,39.9,39.4,39.2,147.1,150.1,153.0,156.8,162.8,168.0,177.7,1219.8,982.8,857.2,779.8,733.7,714.3,706.4,780.6,642.7,571.4,532.0,510.9,500.0,494.3,731.7,609.8,547.9,515.6,497.5,486.9,479.5,704.0,589.9,532.1,502.7,485.2,473.0,457.9,720.0,599.2,528.9,495.4,478.3,468.4,445.7,722.3,587.3,519.3,486.4,465.6,448.4,422.3,750.2,606.1,529.3,491.1,467.8,448.6,414.8,835.1,661.4,564.8,511.3,481.9,460.5,422.2,976.7,752.3,628.7,552.4,507.7,481.2,442.7,1127.8,868.6,723.9,630.8,567.6,525.3,475.2,0.7398,1.0093,1.1641,0.5716,0.8126,0.9730,0.0,0.0000,2026,0.9168,654.4,03420004MD5,8.668,7786,30.9,29.3,38.9,81.0,0.0,811.0,594.5,515.4,1049.7,738.4,616.6,650.8,611.3,0.9220,0.9814,582.0,485.2,460.2,40.4,177.2,723.4,496.6,479.2,453.2,430.3,408.3,388.6,387.0,407.5,440.6,1743.0,1312.2,1738.2,48.0,144.3,1790.2,1122.5,1029.6,974.7,1007.7,1036.2,1084.8,1235.0,1468.5,1695.7
GRE,00355,GR49704,GRE-49704,CHAMOGELO,GRAND SOLEIL 34,Cantiere Del Pardo,FINOT,1974,NOPF,,,,ORC,CLUB,C,400,23 03 2026 19:08:37,10.039,8.159,1.855,3.48,5661.,0.0,0.62,705.4,0.7813,768.0,0.9557,627.8,1144.7,927.4,808.4,733.8,688.9,663.8,640.1,0.0,0.0,0.0,0.0,0.0,0.0,0.0,888.6,733.4,651.3,604.5,577.3,560.0,539.5,0.0,0.0,0.0,0.0,0.0,0.0,0.0,1139.1,872.7,730.6,644.8,598.9,566.0,515.9,43.8,41.8,40.6,40.0,39.5,39.2,39.8,147.5,151.6,154.8,160.8,166.4,174.1,177.7,1200.7,996.4,888.9,825.7,791.7,778.1,776.2,785.1,668.3,605.9,572.6,554.9,545.8,541.9,745.1,640.2,586.0,557.2,541.2,531.7,525.7,721.4,621.4,570.9,544.5,528.0,516.1,501.4,735.2,616.7,559.5,533.7,522.3,510.2,486.9,717.0,601.5,547.9,520.6,500.6,483.9,464.4,740.2,615.4,553.8,523.0,500.3,479.9,448.7,812.9,662.8,579.5,537.5,511.7,489.3,450.5,942.8,744.5,634.2,569.3,534.2,510.5,469.1,1088.7,858.3,727.9,641.8,586.1,549.5,503.9,0.7398,0.9615,1.0779,0.5791,0.7858,0.9075,0.0,0.0000,2026,0.8797,682.1,03420004IOE,7.350,6248,24.4,24.5,33.8,82.3,0.0,811.0,624.0,556.6,1036.1,763.6,661.2,683.4,632.0,0.8780,0.9494,632.6,531.3,504.8,40.8,177.2,798.5,545.6,526.4,497.5,471.4,452.3,435.0,423.3,436.6,466.8,1650.1,1249.9,1645.3,46.5,143.2,1697.3,1076.8,999.5,952.1,980.1,990.0,1026.6,1162.2,1388.0,1602.7
GRE,00480,GR49712,GRE-49712,PUGLIA,GIBSEA 352,GIBERT MARINE,Joubert/Nivelt,1989,NO RACHON,,,,ORC,CLUB,C,500,25 05 2026 13:23:28,9.979,8.857,1.735,3.48,5206.,0.0,0.43,706.7,0.7774,771.8,0.9604,624.8,1195.3,947.4,814.0,732.1,685.8,659.3,634.6,0.0,0.0,0.0,0.0,0.0,0.0,0.0,916.9,741.4,649.8,597.6,569.2,551.8,530.9,0.0,0.0,0.0,0.0,0.0,0.0,0.0,1192.6,890.1,732.7,638.6,591.1,557.8,506.0,45.3,43.2,41.8,40.7,40.1,39.7,40.1,147.6,150.9,154.3,158.8,164.6,171.3,178.1,1222.1,994.6,876.8,808.7,780.4,769.5,769.9,784.2,655.9,590.0,556.3,541.0,535.5,531.5,736.7,624.5,568.6,540.4,525.9,520.1,514.3,710.0,603.6,552.9,527.0,511.3,500.9,490.5,724.6,608.7,552.9,522.6,505.9,492.2,471.3,750.0,612.4,546.2,514.0,492.2,473.6,446.5,779.9,631.5,555.3,518.5,495.3,474.8,438.3,871.0,689.8,591.0,538.7,509.7,487.5,445.8,1012.0,780.1,653.9,577.1,534.0,508.0,467.1,1168.5,900.1,751.2,655.5,591.2,549.1,499.4,0.7237,0.9680,1.0943,0.5601,0.7835,0.9137,0.0,0.0000,2026,0.8807,681.3,03420004R4E,7.838,5919,25.0,26.5,36.3,62.8,0.0,829.1,619.8,548.3,1071.2,765.8,656.7,676.6,636.9,0.8867,0.9421,625.5,519.8,491.4,41.5,177.7,788.6,533.8,513.6,484.4,459.8,432.8,412.3,409.3,428.6,462.4,1763.9,1327.5,1763.0,47.8,145.1,1773.0,1111.9,1022.8,968.7,999.9,1072.8,1125.1,1286.2,1519.8,1754.9
GRE,00572,GR49736,GRE-49736,ANAMA,ONE OFF,CHANTIER BOMBAL,,1967,NOKI,,,,ORC,CLUB,C,350,16 06 2026 16:31:18,9.994,8.255,1.296,3.21,6617.,0.0,0.73,787.0,0.6909,868.4,0.8651,693.6,1344.0,1068.6,922.8,830.3,766.6,726.6,694.4,0.0,0.0,0.0,0.0,0.0,0.0,0.0,1031.8,834.4,728.7,664.3,623.8,599.6,576.0,0.0,0.0,0.0,0.0,0.0,0.0,0.0,1331.0,1000.0,825.4,714.4,648.4,604.2,544.5,46.7,45.0,44.1,43.7,43.4,43.5,44.1,148.6,152.1,156.5,160.2,163.9,168.2,178.1,1474.8,1195.2,1053.9,967.1,907.8,875.1,865.0,930.5,769.1,688.2,635.1,600.5,581.0,570.7,867.1,727.9,653.1,604.9,574.7,558.2,546.9,832.1,699.5,625.6,579.9,553.0,537.4,521.8,824.6,678.6,598.5,556.8,538.6,529.8,508.5,804.1,663.2,584.4,542.5,520.2,504.8,480.2,831.0,679.7,594.5,546.4,521.1,502.8,471.1,914.3,731.4,629.9,568.1,533.6,511.9,475.9,1050.7,817.4,691.8,612.0,561.1,531.5,493.8,1213.3,942.0,791.8,693.6,625.5,578.1,523.7,0.6430,0.8698,1.0054,0.4974,0.6936,0.8281,0.0,0.0000,2026,0.7913,758.2,03420004TAK,6.511,7138,26.8,19.4,27.5,61.7,0.0,933.1,689.8,596.8,1206.3,865.1,724.6,768.8,689.3,0.7805,0.8704,693.3,569.8,532.7,46.3,178.1,896.2,576.8,547.3,514.9,494.3,467.0,449.1,446.4,461.0,490.5,1992.0,1504.3,1974.6,48.7,145.7,2165.3,1350.8,1229.6,1159.0,1178.5,1137.9,1188.4,1343.2,1575.0,1818.6
GRE,00012,GR49748,GRE-49748,HIBISCUS,GIBSEA 96,GIBERT MARINE,JOUBERT/NIVELT,1983,"NO KALAMATAS ""POSEIDON""",,,,ORC,CLUB,C,600,25 05 2026 13:49:51,9.750,8.218,1.670,3.30,3900.,0.0,0.25,721.9,0.7619,787.5,0.9425,636.6,1235.0,973.4,831.7,745.8,696.1,669.6,643.4,0.0,0.0,0.0,0.0,0.0,0.0,0.0,948.1,759.5,662.1,608.4,577.9,559.3,536.6,0.0,0.0,0.0,0.0,0.0,0.0,0.0,1225.7,911.9,747.1,650.6,599.9,564.4,510.2,45.2,43.7,41.9,40.8,40.2,39.9,40.3,147.1,150.5,152.9,158.6,165.3,171.8,176.8,1328.6,1064.0,926.9,849.0,808.9,794.8,792.6,856.2,697.6,620.4,579.7,559.0,549.8,544.9,806.1,664.8,595.5,561.0,542.3,532.6,526.4,779.2,645.0,577.1,545.0,526.2,513.4,499.7,751.2,616.0,556.2,530.8,519.5,504.9,479.3,733.8,600.4,542.1,512.7,491.6,474.9,454.1,761.4,617.8,549.1,514.9,489.4,467.1,434.1,846.9,672.8,578.0,532.1,503.4,477.6,431.4,988.5,764.9,639.5,566.8,528.4,502.1,455.3,1141.5,882.9,736.5,642.5,583.3,544.4,494.2,0.7027,0.9505,1.0803,0.5434,0.7683,0.9004,0.0,0.0000,2026,0.8641,694.4,03420004R4R,7.203,4689,21.5,24.7,22.5,71.3,0.0,853.8,631.2,555.4,1104.2,780.9,666.4,699.4,637.7,0.8579,0.9409,632.4,525.1,496.7,41.6,174.9,812.5,549.6,527.0,494.6,464.1,439.6,417.3,393.8,413.3,452.3,1833.0,1385.7,1820.3,46.8,144.3,1960.1,1240.1,1147.6,1097.6,1076.3,1045.2,1091.3,1239.5,1477.5,1706.0
GRE,00683,GR49814,GRE-49814,HURRICANE,GIN FIZZ,JEANNEAU,JOUBERT/NIVELT,1980,NAOEFK,,,,ORC,CLUB,C,430,03 04 2026 15:32:45,11.298,9.350,1.882,3.76,7465.,0.0,0.53,691.8,0.7805,768.7,0.9775,613.8,1155.3,928.0,807.6,735.0,690.6,662.0,635.8,0.0,0.0,0.0,0.0,0.0,0.0,0.0,883.3,722.0,638.1,590.4,561.6,542.7,522.3,0.0,0.0,0.0,0.0,0.0,0.0,0.0,1143.2,867.7,722.6,633.4,583.5,547.3,495.5,45.7,43.4,42.1,41.6,41.5,41.6,41.9,144.8,148.5,149.4,151.6,156.3,161.4,177.2,1275.4,1036.9,915.7,843.2,801.5,779.6,772.7,816.7,681.3,609.9,566.9,543.0,529.2,522.0,765.1,646.3,581.8,545.1,523.7,511.6,503.1,732.5,620.9,559.8,526.6,507.0,494.5,479.9,689.7,578.3,524.4,499.4,488.1,480.4,465.1,671.9,561.0,510.6,485.1,466.4,450.7,431.9,689.1,572.5,516.5,488.0,466.8,447.8,417.9,762.3,620.9,543.9,504.0,479.7,458.7,421.5,896.5,709.4,605.8,543.7,508.4,486.5,450.5,1035.1,819.1,699.5,626.7,579.7,544.5,498.9,0.7475,0.9835,1.1115,0.5760,0.7852,0.9100,0.0,0.0000,2026,0.8949,670.5,03420004K8F,7.811,8100,29.5,26.5,25.9,0.0,90.5,802.7,610.1,539.8,1041.7,764.1,659.3,678.1,610.1,0.8848,0.9834,628.0,513.6,484.2,43.1,177.2,790.2,524.9,503.1,474.9,450.5,420.1,403.6,394.1,418.4,465.8,1688.9,1266.6,1671.6,48.1,140.2,1861.4,1166.1,1067.2,1004.0,957.1,931.5,959.4,1089.5,1313.1,1516.3
GRE,00049,GR49954,GRE-49954,ESCAPE,ALBIN BALLAD,ALBIN,R.MAGNUSON,1972,IOVATh,,,,ORC,CLUB,C,350,29 04 2026 10:31:17,9.079,7.163,1.581,2.94,3688.,0.0,0.58,744.0,0.7409,809.9,0.9077,661.0,1214.5,982.7,853.5,772.3,725.5,698.5,670.5,0.0,0.0,0.0,0.0,0.0,0.0,0.0,943.7,776.0,686.4,635.7,606.4,587.4,564.1,0.0,0.0,0.0,0.0,0.0,0.0,0.0,1208.6,924.3,770.6,678.2,629.1,593.7,540.7,43.6,41.9,40.8,40.0,39.6,39.6,39.8,148.3,152.1,153.8,161.0,166.4,174.5,177.2,1273.4,1056.3,939.9,872.1,836.9,820.6,812.9,833.5,706.9,640.6,604.8,586.0,576.2,570.3,792.4,677.7,619.4,588.6,571.7,561.3,553.1,770.9,659.2,603.4,574.8,557.2,544.3,527.2,778.3,647.3,584.7,555.9,538.2,527.3,511.5,760.6,634.8,575.8,546.0,522.5,501.7,473.4,787.5,648.6,582.2,549.3,524.2,501.8,468.3,866.4,701.3,608.0,564.2,536.4,511.4,470.6,1000.7,789.0,667.1,596.4,560.3,534.9,490.0,1155.5,909.2,767.1,672.5,614.2,576.5,528.1,0.6978,0.9133,1.0284,0.5461,0.7452,0.8636,0.0,0.0000,2026,0.8349,718.6,03420004NLR,6.514,4189,18.5,16.8,27.5,63.9,52.6,859.8,657.0,583.4,1098.7,805.2,694.8,720.7,664.8,0.8326,0.9025,659.8,553.5,526.0,41.1,177.2,831.3,573.0,553.2,521.2,493.9,461.0,445.2,441.8,456.1,488.4,1755.9,1333.2,1751.0,46.3,144.2,1804.9,1146.9,1067.5,1023.4,1057.1,1055.6,1095.7,1240.5,1478.2,1706.9
GRE,00904,GR4999,GRE-4999,GLAFKI III,ONE-OFF,MIKE PARRY,ROB HUMPHREYS,1981,IO CHANION,,,,ORC,CLUB,R,520,17 03 2026 21:24:40,9.201,7.188,1.784,3.16,2427.,0.0,0.00,662.9,0.8274,725.2,1.0079,595.3,1039.1,852.7,752.5,697.9,665.4,643.9,612.1,0.0,0.0,0.0,0.0,0.0,0.0,0.0,805.3,678.4,614.5,578.7,555.7,538.7,512.7,0.0,0.0,0.0,0.0,0.0,0.0,0.0,1040.0,805.9,685.3,616.2,577.0,544.5,488.5,41.2,39.7,37.4,36.7,36.7,36.7,37.1,144.7,148.5,156.7,164.2,171.3,177.7,178.1,1029.6,866.7,790.4,764.2,752.6,745.8,741.0,688.1,603.0,566.7,551.7,544.4,539.5,533.1,659.4,586.6,554.3,538.1,529.5,523.2,514.2,644.5,576.6,543.8,522.6,507.1,496.9,482.7,657.0,574.3,534.9,509.3,492.4,479.5,461.0,665.8,574.1,529.9,494.2,469.0,449.1,420.5,689.0,588.4,541.0,503.1,473.0,449.2,401.9,770.0,635.1,569.7,531.3,495.8,468.5,417.4,908.1,726.3,624.7,566.9,531.0,497.9,448.4,1048.6,838.6,714.7,631.6,578.1,542.0,483.2,0.8087,1.0115,1.1253,0.6343,0.8323,0.9414,0.0,0.0000,2026,0.9293,645.7,03420004I4O,7.412,3032,16.0,30.2,23.3,49.9,49.4,741.9,593.2,533.2,945.9,720.9,637.3,641.1,607.2,0.9360,0.9882,596.4,492.2,465.9,38.4,176.6,752.5,531.9,510.5,475.7,448.8,398.4,358.5,343.1,395.8,440.2,1451.8,1097.0,1457.0,44.5,139.0,1399.9,903.4,850.4,817.7,839.3,895.6,933.3,1074.7,1302.2,1503.7
GRE,00107,GR5IMX,GRE-5,AIX,IMX-38,X-YACHTS,NIELS JEPPESEN,1992,SEANATK,,,,ORC,INTL,R,600,16 06 2026 13:16:32,11.360,9.805,2.098,3.66,5391.,114.0,0.00,605.5,0.9076,661.1,1.1076,541.7,969.8,783.3,685.7,634.0,603.1,583.4,558.5,0.0,0.0,0.0,0.0,0.0,0.0,0.0,748.7,620.3,557.5,524.7,504.4,490.1,468.9,0.0,0.0,0.0,0.0,0.0,0.0,0.0,970.6,739.4,622.9,558.5,523.2,494.8,448.8,42.6,40.5,38.8,37.8,37.9,37.8,38.2,145.1,149.2,153.0,158.8,165.5,171.4,171.8,961.5,799.2,723.5,695.0,682.6,676.3,674.2,634.9,546.2,509.4,494.2,487.8,485.0,481.1,605.5,529.5,497.5,482.4,475.3,471.9,466.6,587.7,519.2,488.8,471.0,459.0,451.9,443.0,599.0,523.0,488.8,468.0,451.4,438.0,420.1,626.9,525.2,483.2,458.6,439.6,426.4,406.5,645.7,536.6,488.2,460.0,436.1,415.3,384.9,719.3,581.0,511.5,475.8,448.9,424.0,375.3,847.1,664.7,562.8,506.1,474.2,449.0,401.5,978.1,767.5,647.8,573.0,523.6,490.5,442.9,0.8765,1.1141,1.2352,0.6845,0.9147,1.0362,0.0,0.0000,2026,1.0207,587.8,03420004TA3,9.519,6252,27.5,39.5,45.0,100.2,0.0,684.5,538.6,485.8,876.6,656.0,579.0,582.3,551.5,1.0304,1.0879,542.4,453.2,433.1,39.6,163.3,686.3,483.2,466.2,437.8,409.6,392.6,364.0,321.1,351.2,398.5,1391.6,1048.9,1396.1,45.5,141.0,1346.7,859.5,800.0,762.3,785.0,875.2,905.5,1035.9,1244.1,1436.6
GRE,01351,GR50,GRE-50,MY WAY,SPRINT 50,ARCHAMBAULT,J & N DESIGN,1997,YCG,,,,ORC,INTL,R,1100,25 03 2026 14:01:50,15.290,14.250,3.135,4.08,8845.,116.8,0.00,499.9,1.0760,557.6,1.3427,446.9,812.2,655.7,581.2,538.0,509.7,488.8,459.5,0.0,0.0,0.0,0.0,0.0,0.0,0.0,619.6,510.4,462.2,434.5,415.5,400.7,377.6,0.0,0.0,0.0,0.0,0.0,0.0,0.0,814.3,616.8,522.7,464.8,431.3,404.1,360.7,42.9,40.4,38.9,38.2,37.7,37.4,37.7,139.6,142.4,146.4,151.4,158.3,167.8,152.1,791.4,657.8,611.3,588.3,574.0,564.3,557.6,520.1,445.9,424.0,413.4,406.6,401.8,396.7,492.7,428.6,410.0,400.6,394.0,389.1,382.8,474.3,416.7,395.3,384.3,376.0,369.3,360.5,483.5,419.6,391.9,373.4,361.0,352.1,338.7,509.1,422.8,387.4,365.8,350.9,338.0,316.1,529.3,431.2,390.4,361.7,339.0,322.9,296.2,597.1,475.3,415.5,383.1,354.4,327.2,274.5,721.4,566.0,477.3,422.9,391.5,364.8,313.2,833.0,653.6,551.1,487.6,445.5,413.3,361.3,1.0620,1.3473,1.5161,0.8175,1.0808,1.2422,0.0,0.0000,2026,1.2305,487.6,03420004IUP,13.567,10439,43.7,89.2,57.5,0.0,161.3,565.0,445.3,395.8,733.9,555.1,483.0,481.9,455.0,1.2450,1.3187,432.1,360.6,345.0,38.7,144.2,567.3,398.5,383.0,357.5,330.1,297.0,284.2,240.7,257.2,297.0,1175.4,880.3,1180.0,45.4,137.0,1128.5,722.0,669.7,632.9,648.7,719.6,756.1,868.1,1058.5,1222.2
GRE,00181,GR5001,GRE-5001,ANDROMEDA,OYSTER 37,OYSTER MARINE,HOLMAN & PYE,1978,HORC,,,,ORC,CLUB,C,700,15 04 2026 09:49:06,11.266,9.235,1.981,3.70,7554.,0.0,0.49,662.8,0.8337,719.7,1.0169,590.0,1079.5,870.3,755.8,686.7,647.0,622.6,597.7,0.0,0.0,0.0,0.0,0.0,0.0,0.0,834.8,687.1,610.8,568.1,544.1,528.0,507.4,0.0,0.0,0.0,0.0,0.0,0.0,0.0,1077.2,819.7,684.5,605.0,564.3,534.1,487.8,43.8,41.9,40.4,39.3,38.8,38.3,38.3,146.7,150.9,153.4,159.0,165.5,172.3,178.1,1102.3,912.9,812.2,757.3,731.8,718.5,711.2,719.5,611.6,558.7,533.0,519.5,512.4,507.7,682.6,586.9,543.1,520.9,508.3,500.5,494.6,662.5,572.1,532.0,510.8,497.2,487.1,474.0,676.0,578.0,532.8,507.6,493.8,481.3,461.0,689.3,572.7,521.7,496.1,478.0,462.5,441.6,711.2,586.9,527.7,498.8,478.4,460.2,428.7,783.9,634.4,553.3,513.6,490.1,470.3,431.4,915.1,717.2,608.2,544.6,510.9,489.4,452.0,1056.7,827.6,699.5,616.0,562.1,526.7,484.2,0.7885,1.0235,1.1444,0.6155,0.8390,0.9687,0.0,0.0000,2026,0.9361,641.0,03420004LCK,8.505,8528,28.4,28.8,49.1,97.5,0.0,760.9,586.2,524.3,974.8,715.1,619.4,636.5,599.9,0.9427,1.0001,582.8,494.6,473.8,39.0,176.8,715.4,506.6,491.8,467.9,446.6,429.0,412.8,404.4,418.2,450.2,1562.7,1179.5,1563.1,46.7,143.0,1558.7,987.0,914.4,870.5,898.6,964.7,999.0,1134.5,1356.7,1566.6
GRE,00702,GR517,GRE-517,ALLEGORIA,BAVARIA 35 MATCH,BAVARIA,J & J,2004,NOD,,,,ORC,INTL,C,630,24 03 2026 15:50:49,10.840,10.068,1.997,3.28,5687.,120.1,0.21,625.7,0.8777,683.6,1.0767,557.3,1025.2,822.4,713.4,652.7,617.7,595.8,569.3,0.0,0.0,0.0,0.0,0.0,0.0,0.0,788.6,646.4,574.9,537.3,515.2,500.2,479.2,0.0,0.0,0.0,0.0,0.0,0.0,0.0,1023.1,773.9,645.2,573.0,534.5,504.9,458.4,43.6,41.0,39.6,38.8,38.3,38.2,38.2,144.7,149.4,153.0,158.5,165.9,172.7,177.2,1045.7,859.1,765.8,723.5,706.0,696.8,689.8,684.9,579.9,529.1,506.9,497.6,492.5,487.5,649.4,556.6,513.5,493.3,483.4,478.3,472.7,626.6,540.7,502.0,481.1,467.8,458.8,449.5,640.0,540.2,497.7,479.0,462.1,448.2,429.5,634.2,529.9,486.8,462.5,444.3,432.7,415.4,656.2,542.8,492.5,464.8,442.7,423.6,396.9,734.7,592.9,518.9,481.8,456.3,433.4,390.0,870.0,680.4,574.3,513.4,480.2,456.3,413.0,1004.6,785.7,661.1,581.9,529.5,494.9,448.7,0.8362,1.0842,1.2095,0.6495,0.8845,1.0146,0.0,0.0000,2026,0.9898,606.2,03420004IR0,9.294,6563,26.3,40.8,27.6,83.9,0.0,717.5,553.4,496.1,923.8,678.3,591.4,603.8,565.1,0.9937,1.0617,555.6,465.8,444.9,39.4,172.7,701.8,488.0,472.9,445.5,419.6,404.2,379.2,344.6,368.4,409.5,1489.1,1120.4,1488.8,46.3,139.0,1492.4,948.0,880.2,836.7,862.6,885.9,921.5,1063.0,1286.8,1485.8
GRE,00146,GR524,GRE-524,AETHRA,COMFORTINA 32,COMFORT BATAR,ALBINSON,1986,NO CHANION,,,,ORC,CLUB,C,500,17 03 2026 20:24:22,9.312,7.745,1.750,3.30,4600.,0.0,0.42,703.4,0.7838,765.5,0.9539,629.0,1124.5,915.5,800.4,731.3,694.0,671.2,646.9,0.0,0.0,0.0,0.0,0.0,0.0,0.0,870.5,723.9,648.6,607.4,584.5,568.7,547.2,0.0,0.0,0.0,0.0,0.0,0.0,0.0,1121.9,862.3,725.7,646.7,606.1,575.0,524.2,43.1,41.4,40.1,39.0,38.8,38.8,39.2,147.5,152.5,156.3,163.5,170.4,178.1,178.6,1151.2,964.3,866.0,816.1,796.5,786.2,781.7,757.9,650.2,599.3,575.3,563.3,557.1,552.1,721.4,625.3,582.8,561.6,549.9,542.4,535.9,700.7,609.8,570.4,549.4,535.5,525.2,510.9,709.3,604.2,559.4,538.0,525.0,515.6,492.7,707.3,599.3,553.8,528.5,508.1,489.6,467.3,733.6,615.4,561.0,532.9,510.4,489.3,457.2,813.0,668.9,588.5,549.7,524.6,501.9,461.1,950.8,752.7,641.9,579.1,546.0,522.7,480.1,1097.9,866.8,734.8,646.5,591.5,556.2,512.0,0.7526,0.9598,1.0627,0.5882,0.7891,0.8985,0.0,0.0000,2026,0.8789,682.6,03420004I45,7.220,5276,20.5,29.1,26.4,60.4,0.0,797.2,625.1,564.6,1020.1,760.4,667.8,680.4,635.8,0.8819,0.9437,632.0,535.1,510.4,40.1,178.1,790.5,551.9,534.1,504.7,478.3,456.2,440.6,433.4,446.4,473.4,1606.5,1209.2,1607.0,46.2,141.9,1601.9,1019.3,948.9,905.2,927.8,960.5,1002.1,1151.2,1395.3,1611.2
GRE,00688,ESP7652,GRE-5252,VELOS,TP 52,,BOTIN & CARKEEK,2006,YCG,,,,ORC,INTL,R,1130,29 04 2026 12:36:23,15.820,15.124,3.186,4.35,6975.,144.4,0.00,437.1,1.2272,488.9,1.5387,390.0,710.5,574.6,513.4,476.3,446.6,420.1,380.7,0.0,0.0,0.0,0.0,0.0,0.0,0.0,543.2,451.5,409.0,381.6,359.1,339.5,311.8,0.0,0.0,0.0,0.0,0.0,0.0,0.0,710.4,541.0,461.6,409.7,374.6,343.7,295.0,43.8,40.7,39.2,38.1,37.4,36.9,36.7,140.8,141.7,146.7,147.6,145.6,143.8,145.9,711.2,595.7,553.5,530.3,515.9,506.0,496.9,462.6,403.4,384.0,371.5,362.1,354.5,344.8,435.6,387.5,368.2,354.6,344.6,336.5,325.8,417.6,373.0,347.3,331.9,319.9,310.1,295.7,422.7,375.4,341.3,317.7,301.7,288.4,268.4,453.1,383.1,351.5,328.6,302.5,275.7,242.6,463.6,385.2,342.7,315.9,294.1,275.2,243.4,513.4,406.7,358.5,317.9,282.1,256.2,223.8,614.7,479.3,409.9,365.8,326.7,289.5,229.2,709.8,553.5,473.3,422.4,377.3,334.2,264.6,1.2064,1.5348,1.7963,0.9338,1.2259,1.4564,0.0,0.0000,2026,1.4084,426.0,03420004NNO,15.492,8677,43.7,99.8,64.8,0.0,266.8,497.3,390.9,334.0,642.5,489.4,412.0,426.3,389.1,1.4075,1.5419,357.0,295.1,275.3,37.4,149.7,501.2,344.2,322.9,287.8,255.9,223.0,214.4,198.4,184.3,212.8,1033.6,776.4,1034.8,46.0,139.8,1021.9,649.3,597.7,556.6,565.2,648.9,669.6,753.4,905.3,1045.4
GRE,00326,GR5296,GRE-5296,GLAFKI II,MISTRAL 31,MISTRAL YACHTS,R.HUMPHREYS,1979,IO KERKYRAS,,,,ORC,CLUB,R,420,29 07 2026 13:49:09,9.399,7.442,1.785,3.13,2763.,108.3,0.01,691.4,0.7956,754.2,0.9702,618.4,1108.1,896.3,783.0,720.7,687.6,666.9,641.5,0.0,0.0,0.0,0.0,0.0,0.0,0.0,855.5,709.4,636.8,598.3,575.6,559.3,536.5,0.0,0.0,0.0,0.0,0.0,0.0,0.0,1108.2,845.4,711.3,637.0,597.3,565.2,511.3,42.7,40.6,38.9,38.0,38.0,38.2,38.8,147.1,151.8,155.4,163.8,170.5,177.7,177.2,1107.3,923.7,834.1,799.1,787.0,781.8,783.9,733.6,631.5,587.7,568.2,560.4,556.3,553.1,700.4,611.5,573.5,554.7,545.4,540.7,535.3,682.2,598.8,562.2,541.0,526.9,517.5,506.5,694.1,593.1,550.2,526.0,509.7,499.3,480.2,697.5,592.1,546.7,516.6,489.2,466.8,440.2,724.7,608.1,556.6,524.6,494.7,467.8,428.4,813.3,661.8,585.7,545.8,515.8,486.0,437.7,960.3,753.8,638.6,576.5,541.5,513.4,460.8,1108.9,869.0,731.9,642.4,588.3,552.0,499.2,0.7668,0.9761,1.0815,0.5987,0.8023,0.9055,0.0,0.0000,2026,0.8940,671.2,03420004VRC,7.213,3338,17.0,26.6,21.7,48.7,43.1,782.5,614.7,554.8,1002.2,747.8,662.6,667.6,627.4,0.8987,0.9563,630.0,523.7,494.8,40.7,177.7,806.4,556.0,535.5,501.2,469.0,424.8,397.9,392.2,416.0,453.5,1586.9,1195.3,1590.7,45.8,139.3,1548.5,991.5,928.6,890.7,916.7,957.1,1001.2,1160.8,1407.4,1625.2
GRE,02119,GR5322,GRE-5322,IZANAMI,First Yacht 53,Beneteau,Biscontini,2019,YCG,,,,ORC,INTL,C,600,11 06 2026 14:58:47,15.920,15.309,2.456,4.99,18536.,0.0,0.25,536.5,1.0005,599.7,1.2612,475.7,904.6,721.2,624.9,572.1,542.1,523.5,499.3,0.0,0.0,0.0,0.0,0.0,0.0,0.0,688.5,558.2,491.8,457.3,437.1,423.3,404.1,0.0,0.0,0.0,0.0,0.0,0.0,0.0,899.7,675.3,558.6,491.2,454.2,425.8,381.7,45.7,43.4,42.0,41.3,41.0,41.0,41.3,141.5,144.7,148.5,150.5,152.5,155.8,159.5,954.0,770.2,682.8,643.7,624.8,614.6,606.2,610.2,505.3,455.1,432.3,421.8,415.8,409.6,570.1,479.3,434.3,413.1,403.8,398.5,392.9,541.6,460.1,418.5,397.6,386.0,379.5,371.6,542.3,452.6,411.3,393.7,379.8,368.2,352.1,541.4,446.0,399.8,376.7,361.0,348.9,329.8,556.0,453.3,403.4,377.7,357.5,339.6,315.5,618.7,495.8,429.4,393.9,371.3,350.8,313.2,740.7,582.1,491.1,433.5,399.5,378.3,343.1,855.3,672.1,567.1,500.4,459.5,432.4,392.5,0.9625,1.2708,1.4301,0.7381,1.0090,1.1559,0.0,0.0000,2026,1.1519,520.9,03420004SVB,13.036,19665,59.2,88.3,71.0,0.0,201.8,623.4,472.1,419.6,812.9,594.6,519.1,521.7,479.2,1.1501,1.2522,487.5,393.3,369.1,42.5,148.7,617.4,410.8,392.4,368.3,343.8,319.2,295.0,276.5,309.8,357.7,1325.0,989.8,1318.5,48.4,138.3,1390.0,867.2,788.3,731.9,749.0,757.1,791.5,898.6,1091.1,1259.9
GRE,02368,GR5325,GRE-5325,TITANIUM STAR,First Yacht 53,Beneteau,Biscontini,2024,YCG,,,,ORC,INTL,C,600,25 05 2026 17:24:17,15.920,15.129,2.428,4.99,17476.,117.7,0.26,539.9,0.9951,602.9,1.2572,477.3,924.9,733.4,630.5,573.0,541.6,521.9,496.7,0.0,0.0,0.0,0.0,0.0,0.0,0.0,701.6,565.8,495.0,457.3,436.1,421.4,401.1,0.0,0.0,0.0,0.0,0.0,0.0,0.0,919.7,686.1,562.9,491.4,453.5,424.2,378.8,46.0,43.7,42.2,41.3,41.0,41.0,41.2,141.3,144.7,148.3,150.1,152.1,155.6,159.7,977.2,783.3,686.0,639.7,619.4,608.3,599.1,623.5,512.3,456.8,430.2,418.1,411.5,405.0,581.6,485.4,436.3,412.1,400.5,394.9,388.9,552.2,466.1,421.3,398.0,384.8,376.3,366.9,544.7,453.1,410.0,390.9,380.4,367.5,348.4,546.1,448.5,400.3,375.9,357.8,346.0,325.6,562.5,457.3,405.4,378.6,357.6,338.7,312.0,630.1,503.0,434.1,396.6,373.2,352.4,314.0,755.7,591.9,498.0,438.6,402.8,380.8,345.1,872.7,683.5,575.0,506.4,463.7,435.5,394.4,0.9468,1.2669,1.4372,0.7236,1.0039,1.1597,0.0,0.0000,2026,1.1467,523.2,03420004R56,13.014,18590,58.0,82.3,68.4,0.0,192.7,633.7,473.6,417.5,829.2,597.7,517.4,522.8,482.7,1.1476,1.2429,483.6,388.9,364.8,42.3,148.7,607.7,405.7,388.2,362.9,337.9,312.9,289.1,276.2,311.4,359.6,1360.8,1014.4,1353.7,48.4,138.1,1431.9,893.4,811.1,753.8,762.5,766.5,803.5,918.7,1116.9,1289.7
GRE,00743,GR540,GRE-540,MODUS VIVENDI,HANSE 540,HANSE YACHTS,JUDEL/VROELIJK,2003,NOK,,,,ORC,CLUB,C,900,01 04 2026 20:42:46,16.120,14.905,2.749,4.86,19757.,0.0,0.29,536.2,1.0124,592.7,1.2621,475.4,899.2,719.4,621.3,564.4,533.0,512.6,486.5,0.0,0.0,0.0,0.0,0.0,0.0,0.0,687.4,559.5,492.7,456.5,436.1,422.2,402.8,0.0,0.0,0.0,0.0,0.0,0.0,0.0,896.7,675.2,557.6,488.4,452.8,426.6,385.6,43.8,41.7,40.4,39.5,38.8,38.3,37.9,141.5,145.3,148.8,150.6,153.1,157.6,163.5,924.3,749.7,660.0,613.7,591.9,579.4,567.1,600.0,500.7,449.7,425.7,414.6,409.0,402.8,566.3,478.7,434.6,413.5,402.9,397.5,391.3,543.9,464.0,424.3,404.1,392.0,383.7,374.6,544.8,455.1,414.4,395.6,385.4,378.0,361.4,549.7,453.0,408.4,386.2,369.6,357.0,339.4,565.7,463.4,414.4,389.9,371.4,355.4,328.3,632.3,509.7,442.7,407.3,385.8,367.8,335.1,756.9,596.7,504.5,446.4,412.7,392.5,361.5,874.0,689.0,582.6,515.2,474.1,445.8,405.9,0.9624,1.2710,1.4341,0.7414,1.0197,1.1813,0.0,0.0000,2026,1.1546,519.7,03420004K3E,13.373,21201,61.2,91.1,71.2,0.0,190.1,623.4,472.1,418.4,809.3,588.4,507.9,513.9,486.7,1.1675,1.2329,470.9,389.5,372.3,38.2,162.6,564.9,400.4,388.5,369.0,351.6,325.9,309.5,302.7,333.0,376.9,1309.2,981.1,1306.7,47.2,138.1,1334.0,840.2,773.3,726.6,747.9,764.1,800.2,914.8,1112.4,1284.5
GRE,00611,GR5520,GRE-5520,YAKINTHI,FIRST CLASS 8,BENETEAU,FINOT,1982,IOAThA,,,,ORC,CLUB,S,255,22 04 2026 13:19:26,7.785,7.006,1.835,2.50,1495.,89.3,0.03,698.5,0.7821,767.2,0.9557,627.8,1099.3,890.9,791.0,738.2,708.1,688.1,661.5,0.0,0.0,0.0,0.0,0.0,0.0,0.0,849.3,708.9,644.4,610.4,589.1,572.7,546.7,0.0,0.0,0.0,0.0,0.0,0.0,0.0,1102.0,842.1,719.3,650.8,611.2,576.6,518.4,41.5,39.3,37.9,37.7,38.0,38.2,39.2,146.2,151.4,156.3,163.7,171.8,177.2,168.9,1071.8,902.7,841.8,826.2,821.5,819.1,828.0,719.6,627.3,595.5,586.4,581.8,578.2,576.2,690.8,610.6,580.1,569.7,564.1,559.6,555.5,673.1,599.8,566.2,547.3,538.2,530.6,521.8,684.4,602.0,564.2,537.2,517.6,505.3,489.0,702.7,599.2,554.2,521.4,497.9,482.6,458.9,731.2,614.4,562.3,525.4,493.2,463.1,421.9,821.1,669.1,591.3,549.5,513.4,477.9,399.3,975.8,762.0,646.1,583.1,545.1,511.5,439.6,1126.7,879.1,740.2,650.2,594.6,557.1,495.0,0.7701,0.9606,1.0581,0.6030,0.7885,0.8783,0.0,0.0000,2026,0.8822,680.1,03420004ME5,6.770,1873,13.6,21.1,17.8,36.9,0.0,779.1,624.6,567.1,995.0,760.9,683.1,678.9,633.9,0.8838,0.9465,635.8,525.9,497.8,41.9,143.0,854.9,580.3,556.3,518.9,479.8,437.5,398.2,327.7,360.8,416.7,1575.3,1186.4,1583.6,44.9,137.3,1492.4,963.5,906.4,872.4,898.7,970.9,1017.8,1180.4,1436.1,1658.3
GRE,02350,GR5522,GRE-5522,MARINA BLUE,BENETEAU 57,BENETEAU,FARR,2002,NAOKTh,,,,ORC,CLUB,C,500,22 04 2026 12:51:05,17.470,14.862,2.347,5.01,22056.,0.0,0.50,570.9,0.9482,632.8,1.1945,502.3,994.9,784.3,669.6,600.1,558.8,535.0,507.5,0.0,0.0,0.0,0.0,0.0,0.0,0.0,755.5,606.2,525.4,479.1,452.6,436.9,417.2,0.0,0.0,0.0,0.0,0.0,0.0,0.0,990.0,734.5,597.9,514.7,470.6,441.0,398.1,46.4,44.2,42.6,41.7,41.2,40.7,40.4,141.7,145.6,148.0,149.3,151.2,154.7,162.3,1043.9,833.9,723.7,659.3,623.7,607.1,594.9,662.8,542.9,479.7,444.0,425.4,416.1,409.6,616.8,513.8,458.3,428.2,412.2,403.3,396.5,586.1,493.7,443.6,416.8,401.5,391.7,380.2,597.6,498.6,438.7,409.2,394.6,387.5,371.6,594.7,482.5,425.5,398.1,381.5,368.5,350.0,609.3,493.1,432.4,402.2,383.9,369.2,342.6,684.9,542.5,465.2,421.4,397.1,380.2,350.8,819.2,636.2,533.0,468.4,428.2,404.5,375.4,946.0,734.7,615.5,540.8,493.9,463.0,420.2,0.8812,1.2036,1.3842,0.6744,0.9550,1.1307,0.0,0.0000,2026,1.0885,551.2,03420004MDS,12.561,23137,61.3,66.1,82.6,0.0,191.0,680.9,498.5,433.5,889.7,628.3,530.6,547.0,513.6,1.0969,1.1683,495.4,406.3,385.3,40.8,176.4,599.4,409.3,395.0,375.7,360.1,338.3,321.6,322.1,350.1,391.4,1475.8,1101.1,1469.4,48.6,139.3,1539.5,959.1,867.4,805.5,829.9,853.5,880.1,1010.2,1222.9,1412.0
GRE,00220,GR49562,GRE-562,ANGELINA,HUNTER LEGEND 40.5,HUNTER USA,HUNTER USA,1992,NOEF,,,,ORC,CLUB,C,450,03 06 2026 19:11:36,12.164,10.672,1.512,4.00,9101.,0.0,0.49,674.6,0.7980,751.8,1.0105,593.8,1183.4,927.2,791.8,712.2,666.5,639.6,613.3,0.0,0.0,0.0,0.0,0.0,0.0,0.0,894.4,712.2,617.9,566.2,537.2,519.5,499.7,0.0,0.0,0.0,0.0,0.0,0.0,0.0,1174.1,865.3,704.6,609.1,558.4,523.5,472.6,47.1,44.9,43.4,42.9,42.7,42.5,42.8,143.4,146.2,147.6,149.2,153.2,158.9,176.6,1276.4,1013.6,880.4,805.8,766.0,749.3,744.2,806.8,655.0,577.2,533.4,511.9,501.8,496.8,747.6,616.8,547.7,511.0,492.6,482.9,476.9,712.5,589.8,525.7,493.7,476.2,465.6,453.7,688.4,562.1,501.1,474.1,460.3,452.6,440.2,674.3,547.5,489.8,463.1,444.8,429.0,405.6,699.2,564.1,498.1,467.4,447.2,429.2,396.4,792.9,624.9,533.6,486.7,461.3,441.9,405.1,944.4,728.2,609.0,535.8,493.3,469.0,435.3,1090.5,840.8,703.2,618.7,567.0,530.0,482.3,0.7469,1.0198,1.1617,0.5685,0.8051,0.9427,0.0,0.0000,2026,0.9206,651.7,03420004S1A,8.771,9810,34.4,38.5,38.2,0.0,92.5,803.3,588.4,516.5,1055.4,745.2,636.5,653.7,597.2,0.9179,1.0048,605.9,490.3,459.2,44.1,177.5,762.5,500.0,476.7,449.7,427.6,391.7,372.1,371.3,403.2,449.2,1766.9,1317.6,1753.6,48.9,140.6,1899.5,1183.9,1076.1,1014.3,987.1,970.5,1011.7,1174.0,1415.2,1634.1
GRE,01078,GR565,GRE-565,CISSI,Maxi 84,Maxi/Boerjesson,Pelle Petterson,1979,NOEF,,,,ORC,CLUB,C,400,23 03 2026 12:41:13,8.205,7.249,1.567,2.94,3600.,0.0,0.62,776.8,0.7101,844.9,0.8726,687.6,1293.8,1037.6,894.6,803.0,749.9,720.5,693.1,0.0,0.0,0.0,0.0,0.0,0.0,0.0,1001.1,815.6,716.0,658.9,626.5,606.5,583.3,0.0,0.0,0.0,0.0,0.0,0.0,0.0,1286.9,974.6,805.8,703.7,650.0,612.9,557.2,44.3,42.4,41.3,40.4,39.9,39.7,39.7,148.8,152.8,153.7,160.8,166.4,173.6,177.7,1362.8,1119.3,990.5,911.6,866.8,848.2,843.9,886.1,743.6,668.8,627.1,604.5,592.8,587.9,839.9,710.8,644.0,608.8,588.4,576.8,569.7,814.9,690.6,625.6,592.5,572.8,559.2,543.5,815.7,674.9,607.5,577.0,563.5,552.2,526.9,794.2,658.5,594.1,561.9,539.5,521.1,498.8,822.7,674.7,601.3,564.4,538.9,516.3,481.1,924.6,735.1,629.7,581.2,551.9,526.7,482.7,1060.7,830.1,694.1,616.2,576.5,550.1,504.5,1224.8,955.9,798.7,694.4,633.1,592.7,542.4,0.6605,0.8786,0.9954,0.5147,0.7145,0.8361,0.0,0.0000,2026,0.8013,748.7,03420004IMK,6.308,4158,19.1,16.0,25.4,57.6,0.0,908.4,682.9,602.8,1165.7,839.7,717.6,751.9,691.5,0.7980,0.8677,682.7,572.6,543.8,40.8,177.2,863.7,590.5,568.8,537.5,511.2,484.8,464.4,450.9,467.0,501.7,1896.1,1436.9,1889.1,47.1,145.7,1966.0,1241.5,1153.7,1104.3,1139.5,1112.7,1158.6,1346.4,1581.5,1826.2
GRE,01986,GR57,GRE-57,MEGISTON,CONTEST 57 CS,CONTEST YACHTS,Georg Nissen,2010,YCG,,,,ORC,INTL,C,1150,07 05 2026 10:02:35,17.190,15.759,2.477,5.13,31296.,129.3,0.61,556.3,0.9678,620.0,1.2206,491.6,952.5,757.9,653.2,590.2,553.4,530.6,502.7,0.0,0.0,0.0,0.0,0.0,0.0,0.0,722.6,585.0,511.8,470.5,447.3,432.6,414.1,0.0,0.0,0.0,0.0,0.0,0.0,0.0,944.4,708.3,582.4,505.8,464.9,436.2,393.9,46.7,44.5,42.8,42.3,42.4,42.3,42.0,141.5,145.6,148.5,149.9,152.3,156.8,164.6,1034.0,829.2,724.3,665.9,634.1,616.7,600.0,653.7,538.3,478.2,443.2,424.5,414.9,406.7,605.6,508.3,454.8,424.8,409.1,400.2,392.6,573.9,486.7,437.5,411.3,396.6,387.4,376.9,569.3,471.3,422.0,399.4,389.8,382.9,368.1,553.3,456.1,408.4,386.4,373.0,362.9,350.7,565.9,464.6,413.2,388.8,373.7,361.4,340.2,630.2,508.7,440.8,404.4,384.5,370.1,344.6,754.4,594.7,504.1,445.6,410.8,390.8,365.7,871.1,686.7,582.1,514.5,472.7,444.6,405.4,0.9177,1.2295,1.3974,0.7016,0.9741,1.1410,0.0,0.0000,2026,1.1132,539.0,03420004OUV,12.909,33103,73.0,101.7,71.8,0.0,258.4,653.8,488.0,429.4,855.2,616.0,525.9,540.2,494.5,1.1106,1.2134,489.0,403.3,383.1,42.2,180.0,597.1,404.1,389.8,372.4,358.3,341.0,327.6,320.8,343.4,380.8,1403.7,1047.1,1391.8,49.2,138.3,1522.7,946.0,849.2,785.1,804.0,778.4,803.8,916.0,1112.6,1284.7
GRE,01011,GR583,GRE-583,JENY-MARI,ALBIN BALLAD,ALBIN MARINE,R.MAGNUSSON,1972,NAOL,,,,ORC,CLUB,C,400,02 04 2026 07:31:19,9.079,7.064,1.546,2.94,3283.,0.0,0.51,771.4,0.7128,841.7,0.8793,682.4,1291.8,1029.5,887.1,799.9,749.4,721.6,694.9,0.0,0.0,0.0,0.0,0.0,0.0,0.0,999.1,808.7,709.0,653.4,622.2,602.5,580.6,0.0,0.0,0.0,0.0,0.0,0.0,0.0,1282.5,966.3,798.4,698.6,645.9,608.1,552.0,45.0,43.3,42.0,41.2,40.8,40.8,41.1,148.3,151.6,154.3,160.3,165.3,172.7,176.8,1384.3,1124.8,989.8,913.0,874.9,860.1,858.6,892.3,740.0,662.3,620.9,599.7,590.6,588.7,840.7,704.6,636.3,600.2,581.6,572.1,568.2,813.4,681.8,616.2,583.2,564.2,551.4,537.4,814.4,670.3,602.0,573.0,559.0,542.4,516.7,792.8,651.8,585.5,553.6,531.1,512.7,492.7,820.4,668.1,591.8,555.1,528.5,505.3,474.0,903.0,721.5,622.1,571.8,541.5,514.7,471.7,1038.7,810.2,682.9,607.5,566.8,539.5,491.6,1199.3,934.2,784.4,686.8,623.9,583.1,531.2,0.6638,0.8862,1.0013,0.5170,0.7181,0.8350,0.0,0.0000,2026,0.8076,742.9,03420004K3T,6.207,3842,17.9,16.4,27.2,60.4,0.0,903.9,677.0,599.2,1160.5,835.5,718.6,748.9,682.7,0.8012,0.8788,689.9,573.7,540.9,42.8,177.2,890.6,592.9,568.6,533.9,500.9,482.4,459.9,441.3,455.7,489.2,1899.8,1444.0,1888.3,47.5,145.3,2014.6,1269.1,1173.6,1119.8,1157.1,1119.2,1166.8,1311.2,1545.8,1785.0
GRE,00461,GR6142,GRE-6142,BELL' ANGIOLINA,BRIGAND 9.5,CIMA,CAMPER & NICHOLSON,1974,SEANATK,,,,ORC,CLUB,C,479,25 03 2026 14:55:18,9.438,7.837,1.865,3.22,4771.,0.0,0.66,759.5,0.7245,828.2,0.8969,669.0,1301.3,1029.0,880.2,785.4,727.8,696.6,666.0,0.0,0.0,0.0,0.0,0.0,0.0,0.0,1000.1,803.4,699.0,638.8,603.9,584.1,560.7,0.0,0.0,0.0,0.0,0.0,0.0,0.0,1295.1,965.2,789.9,683.4,626.9,590.2,536.7,44.5,42.6,41.5,40.6,39.9,39.4,39.3,148.4,151.4,153.8,158.6,164.6,171.1,178.1,1363.1,1101.9,964.9,879.9,831.6,813.1,803.2,883.5,730.1,650.0,604.0,580.3,570.0,565.4,835.6,697.0,624.7,586.1,565.3,554.8,548.9,810.0,676.8,606.5,570.8,550.6,537.8,523.7,802.3,654.3,581.3,548.8,532.4,523.2,507.0,782.9,640.3,571.7,539.0,516.5,497.4,469.4,822.0,659.8,582.2,544.8,520.1,498.2,462.1,916.8,725.6,619.5,566.3,536.9,514.1,472.5,1073.3,829.1,691.5,608.4,563.2,536.2,493.9,1239.4,956.2,795.5,690.9,624.0,580.1,528.7,0.6654,0.9038,1.0340,0.5150,0.7291,0.8659,0.0,0.0000,2026,0.8213,730.5,03420004IW6,6.798,5434,23.0,20.6,31.3,63.7,62.5,901.7,663.9,580.3,1165.0,822.9,692.9,730.6,677.7,0.8213,0.8854,653.4,548.5,521.5,40.3,177.4,816.1,564.6,545.9,518.3,491.6,457.3,441.1,441.7,457.6,490.8,1929.7,1462.0,1922.4,46.7,142.4,2002.5,1268.9,1177.7,1129.5,1161.1,1132.0,1183.2,1350.2,1608.1,1856.9
GRE,00109,GR62,GRE-62,GORGO,NEK 26 - DOLPHIN,NEK DESIGN,VAN DE STADT,1986,NOTK,,,,ORC,INTL,C,400,05 04 2026 18:02:26,8.000,6.905,1.551,2.82,2519.,109.9,0.30,743.8,0.7454,804.9,0.9045,663.4,1204.2,972.5,845.0,766.1,723.5,700.9,676.1,0.0,0.0,0.0,0.0,0.0,0.0,0.0,930.0,767.8,686.5,640.4,613.1,595.2,569.8,0.0,0.0,0.0,0.0,0.0,0.0,0.0,1200.4,915.2,767.1,680.9,635.4,602.0,545.9,43.6,42.0,40.6,38.9,37.8,37.5,38.6,147.9,152.5,156.8,165.1,174.5,178.6,178.1,1242.2,1032.4,920.6,855.6,824.8,814.2,814.1,812.5,690.3,636.0,609.1,593.7,586.4,581.5,771.2,663.7,619.6,596.3,581.0,571.7,564.7,747.5,647.5,606.7,584.0,566.8,552.8,535.6,753.6,637.8,592.6,567.8,551.2,541.4,511.7,749.0,634.4,588.3,559.9,533.6,509.5,479.0,777.4,649.8,595.8,565.4,537.8,510.0,468.7,865.9,704.0,621.1,582.8,554.9,526.8,476.4,1010.0,792.2,673.0,611.1,578.1,552.0,499.6,1166.2,912.6,769.5,676.6,622.3,587.7,538.2,0.7068,0.9097,1.0166,0.5513,0.7510,0.8605,0.0,0.0000,2026,0.8337,719.7,03420004KCA,6.498,3058,15.5,21.4,18.2,43.1,0.0,848.9,659.6,590.2,1088.3,798.9,697.3,717.8,670.1,0.8359,0.8954,662.8,556.6,529.1,40.4,177.7,834.2,582.7,563.3,527.6,494.1,465.1,444.1,438.4,458.4,491.3,1745.1,1314.5,1743.6,46.4,143.3,1760.7,1117.2,1037.9,989.6,1016.0,1033.8,1081.9,1241.3,1497.8,1729.5
GRE,00394,GR6238,GRE-6238,ESTELLA,FIRST 42 S7,BENETEAU,BRUCE FARR,1993,ASIATh RODOU,,,,ORC,CLUB,C,765,05 04 2026 18:37:54,12.688,11.112,1.781,4.13,8500.,107.7,0.29,615.6,0.8874,676.1,1.0995,545.7,1038.5,825.3,708.8,642.0,605.6,583.0,558.3,0.0,0.0,0.0,0.0,0.0,0.0,0.0,791.0,641.7,564.6,523.3,500.7,485.9,466.5,0.0,0.0,0.0,0.0,0.0,0.0,0.0,1035.5,774.4,637.5,559.4,519.9,490.5,444.1,45.6,43.7,41.9,40.8,40.2,40.0,40.1,144.8,148.7,150.7,156.1,163.3,169.1,177.2,1068.1,868.2,764.5,713.8,693.9,684.2,678.9,683.1,569.4,514.8,489.6,478.8,473.7,468.8,638.3,541.6,496.5,475.1,464.3,459.4,453.9,610.8,523.2,483.2,462.7,450.3,441.9,432.8,623.1,527.0,482.5,459.6,444.6,432.6,414.9,636.3,522.4,472.6,448.1,431.0,417.2,399.3,656.4,535.6,478.6,450.3,430.2,412.2,382.4,733.6,585.0,505.5,465.6,441.7,421.4,382.9,873.8,677.7,565.9,499.6,464.4,442.1,403.9,1008.9,782.5,653.1,570.1,517.3,481.7,437.7,0.8376,1.1085,1.2440,0.6438,0.8949,1.0356,0.0,0.0000,2026,1.0069,595.9,03420004KCN,9.932,9594,34.7,45.2,46.8,113.2,0.0,716.3,541.3,482.3,932.0,670.5,579.4,592.5,553.4,1.0127,1.0842,546.0,454.2,431.1,41.1,175.4,689.2,469.2,452.7,427.5,404.3,385.6,364.7,346.7,366.5,402.9,1519.5,1135.8,1517.3,48.3,138.5,1541.6,964.5,879.6,823.9,848.8,904.7,936.6,1073.9,1296.8,1497.4
GRE,02183,GR6243,GRE-6243,IOANNIS,OHLSON 29,ARTEKNO,OHLSON,1979,IO HALKIDAS,,,,ORC,CLUB,C,350,29 04 2026 10:41:50,8.795,6.990,1.572,2.67,3152.,0.0,0.50,739.6,0.7418,808.9,0.9074,661.2,1185.2,962.6,841.2,772.1,736.5,714.9,693.5,0.0,0.0,0.0,0.0,0.0,0.0,0.0,918.3,760.5,680.0,637.6,614.9,599.4,580.3,0.0,0.0,0.0,0.0,0.0,0.0,0.0,1180.8,905.7,761.5,680.0,638.2,605.3,552.4,43.4,41.7,40.6,40.1,39.9,39.9,40.4,148.3,152.1,154.6,162.1,168.0,176.3,177.2,1229.5,1026.3,922.2,874.8,858.8,851.5,856.6,806.5,689.6,633.3,607.5,597.5,592.9,590.9,767.0,662.6,614.4,591.4,580.8,576.1,572.1,745.5,645.1,599.7,576.6,562.7,553.9,545.3,738.5,629.3,582.6,560.0,546.4,537.5,520.4,748.5,627.1,575.9,548.0,525.3,505.5,482.5,771.3,641.9,583.0,552.2,526.8,503.2,469.7,851.5,693.7,608.0,567.8,540.3,514.7,472.9,988.2,779.9,662.3,597.3,563.7,538.4,491.7,1141.0,898.8,760.2,669.5,614.1,578.3,530.4,0.7148,0.9142,1.0065,0.5587,0.7480,0.8424,0.0,0.0000,2026,0.8359,717.8,03420004NMP,6.409,3650,17.8,16.4,28.2,58.5,48.0,839.4,656.3,596.1,1073.9,802.1,712.3,719.7,662.5,0.8337,0.9056,685.3,571.9,540.8,41.9,177.2,881.5,596.0,573.1,541.1,509.5,467.1,451.8,443.7,456.4,489.1,1706.6,1290.7,1704.3,46.4,144.0,1729.6,1098.2,1021.8,977.8,1001.7,1029.5,1069.6,1217.3,1458.1,1683.7
GRE,00621,GR49631,GRE-631,LAVORO,MUMM 36,CARROLL,BRUCE FARR,1993,IOMAG,,,,ORC,INTL,R,650,15 04 2026 23:49:12,10.910,9.775,2.233,3.59,3558.,112.7,0.00,572.6,0.9529,629.6,1.1680,513.7,905.7,734.5,650.6,607.3,580.7,561.1,526.8,0.0,0.0,0.0,0.0,0.0,0.0,0.0,699.7,582.7,529.9,500.5,480.6,464.1,435.9,0.0,0.0,0.0,0.0,0.0,0.0,0.0,904.6,693.4,591.4,533.4,498.2,467.8,416.6,42.5,40.3,37.8,37.2,37.0,36.9,37.1,143.3,146.2,153.0,159.5,165.9,165.5,153.2,916.3,756.9,694.0,673.0,663.0,656.4,651.5,606.3,521.3,493.3,483.2,477.5,473.2,468.1,578.1,507.2,481.2,469.7,463.1,457.9,451.2,561.6,498.6,470.5,452.4,441.9,434.5,423.2,573.9,498.7,470.2,446.3,427.7,413.8,395.2,570.3,487.9,451.0,425.1,407.7,391.8,364.0,585.4,494.7,453.7,421.4,393.1,370.5,337.8,649.9,531.1,478.8,442.6,408.7,373.6,307.8,775.2,616.6,527.4,479.9,446.0,414.3,349.1,895.1,712.0,607.2,541.6,498.4,465.8,402.2,0.9358,1.1715,1.3110,0.7316,0.9590,1.0847,0.0,0.0000,2026,1.0772,557.0,03420004LJ7,9.810,4455,23.4,41.4,35.1,105.2,102.3,641.2,512.2,457.7,820.1,625.7,553.1,556.9,517.4,1.0774,1.1596,488.2,411.8,391.2,38.3,144.0,662.6,468.3,449.4,417.8,382.2,344.3,310.2,260.9,271.8,313.9,1292.7,978.2,1292.9,45.1,138.7,1290.9,827.7,772.0,735.5,756.5,789.5,819.0,925.1,1121.2,1294.6
GRE,00258,GR655,GRE-655,CHRISTINA II,DEHLER 38 (SD),DEHLER,VAN DE STADT,1986,NO KALAMAKIOU,,,,ORC,CLUB,C,650,15 04 2026 11:03:34,11.414,9.735,1.968,3.78,6458.,107.3,0.26,641.5,0.8617,696.3,1.0505,571.1,1051.1,842.6,729.5,663.2,626.5,604.1,578.8,0.0,0.0,0.0,0.0,0.0,0.0,0.0,809.3,662.8,589.6,550.2,527.9,512.6,490.8,0.0,0.0,0.0,0.0,0.0,0.0,0.0,1047.6,792.6,660.6,585.6,547.3,518.1,470.9,44.2,42.0,40.3,38.8,37.9,37.5,37.4,145.3,149.8,153.3,159.3,166.4,173.6,178.1,1085.9,890.4,788.8,734.8,712.7,701.5,694.0,705.1,595.4,543.7,521.0,510.5,505.4,500.0,666.8,570.8,528.6,509.2,498.7,492.9,486.5,644.7,555.2,517.1,497.8,485.6,476.5,465.5,658.0,554.9,512.8,494.5,479.5,467.3,446.3,650.5,543.6,501.7,479.5,462.3,446.4,425.7,672.6,556.7,506.6,480.3,460.0,439.7,406.0,749.3,604.1,530.2,494.2,470.7,449.1,405.2,880.0,688.3,582.7,523.7,492.2,470.2,427.6,1016.1,794.8,670.2,591.5,540.3,506.8,463.6,0.8151,1.0579,1.1805,0.6337,0.8682,0.9996,0.0,0.0000,2026,0.9670,620.5,03420004LE4,8.997,7356,29.0,38.9,36.6,92.8,0.0,736.1,567.2,508.3,946.8,691.1,600.2,618.3,578.1,0.9703,1.0379,561.3,476.1,456.0,38.0,174.5,698.3,498.7,484.0,458.8,431.6,413.6,390.0,370.2,388.7,424.4,1528.8,1151.3,1526.5,46.8,140.3,1552.1,981.1,907.3,860.9,888.4,910.5,945.3,1085.3,1303.8,1505.5
GRE,02166,GR692,GRE-692,ANEMOS,DUFOUR 31,DUFOUR,MICHEL DUFOUR,1973,NOPF,,,,ORC,CLUB,C,400,25 03 2026 15:44:38,9.353,7.521,1.788,3.17,4691.,0.0,0.71,743.5,0.7434,807.1,0.9074,661.2,1211.3,976.5,849.4,770.0,723.2,697.1,672.6,0.0,0.0,0.0,0.0,0.0,0.0,0.0,940.3,772.6,684.9,636.1,608.1,590.8,569.0,0.0,0.0,0.0,0.0,0.0,0.0,0.0,1206.4,919.3,768.2,678.1,630.7,597.4,545.5,44.1,41.9,40.8,40.0,39.3,39.1,39.2,148.3,152.1,155.6,161.2,167.1,176.3,178.1,1260.2,1042.9,929.9,863.6,829.0,814.9,811.3,822.2,697.6,633.3,601.2,584.4,575.9,572.0,780.2,667.8,613.0,585.8,570.6,561.7,556.0,756.5,648.3,597.6,572.3,556.6,545.5,531.3,771.5,651.7,590.1,562.9,548.7,538.3,515.7,767.7,638.4,580.0,551.5,531.1,512.9,487.3,793.7,654.5,586.5,554.0,531.8,510.9,475.6,872.6,705.8,614.5,569.6,543.3,521.1,479.1,1006.7,789.7,670.8,601.7,565.1,541.5,499.7,1162.4,910.0,768.8,676.4,617.5,579.4,533.8,0.7006,0.9136,1.0223,0.5485,0.7482,0.8640,0.0,0.0000,2026,0.8354,718.2,03420004IWF,6.750,5259,21.0,18.1,30.7,60.8,0.0,856.4,656.7,586.9,1093.9,801.9,694.4,718.1,667.5,0.8356,0.8988,663.9,559.2,532.2,40.6,177.7,832.0,574.1,555.2,525.9,499.5,475.2,457.2,450.2,464.5,495.9,1760.3,1334.6,1756.9,46.7,144.7,1794.3,1138.3,1056.8,1007.7,1039.7,1070.4,1116.1,1259.7,1495.1,1726.3
GRE,00378,GR6969,GRE-6969,SKY,ATLANTIC 44,OLYMPIC MARINE,ANDRIEU,1984,NOTK,,,,ORC,CLUB,C,700,07 05 2026 09:53:34,13.075,11.139,2.113,4.22,10000.,0.0,0.47,661.3,0.8269,725.6,1.0357,579.3,1171.0,915.4,775.6,688.1,631.0,596.0,563.0,0.0,0.0,0.0,0.0,0.0,0.0,0.0,892.7,707.8,609.2,551.9,516.9,495.3,471.5,0.0,0.0,0.0,0.0,0.0,0.0,0.0,1164.9,857.1,692.6,592.2,537.1,500.3,451.4,46.1,44.3,42.7,41.5,40.4,39.7,39.3,143.9,146.2,151.6,154.6,159.9,165.3,176.3,1231.9,976.9,843.0,761.6,710.9,684.2,669.4,784.6,635.4,558.8,514.5,490.5,477.2,467.6,732.2,601.3,533.5,496.8,476.7,464.6,454.0,702.5,580.2,516.5,483.6,464.8,452.4,436.6,717.4,576.7,504.0,468.9,450.0,437.8,425.1,697.0,560.0,491.9,459.4,439.5,423.0,393.9,720.6,577.4,502.1,465.1,443.1,425.3,391.4,811.0,636.4,541.4,487.9,458.6,438.8,403.5,961.4,739.5,614.0,535.7,488.2,460.5,424.7,1110.1,853.9,708.2,614.6,551.1,507.9,456.7,0.7497,1.0430,1.2201,0.5751,0.8311,1.0128,0.0,0.0000,2026,0.9442,635.4,03420004OUR,9.414,11043,37.3,30.2,52.4,106.2,96.4,800.3,575.3,491.8,1043.3,721.9,592.4,632.2,591.5,0.9491,1.0143,550.7,458.5,436.1,39.7,177.0,676.7,469.0,453.5,429.2,412.9,375.8,363.7,370.3,391.0,424.8,1751.0,1317.9,1742.8,47.9,141.5,1832.8,1150.3,1054.9,997.4,1035.8,1011.6,1050.6,1205.7,1445.5,1669.1
GRE,00269,GR700,GRE-700,CLEOPATRA,FIRST 40.7,BENETEAU,BRUCE FARR,1998,IO KERKYRAS,,,,ORC,CLUB,C,560,16 07 2026 12:08:13,11.924,10.582,2.414,3.77,7046.,121.2,0.13,594.6,0.9181,653.5,1.1295,531.2,961.1,777.5,680.1,627.5,594.9,572.2,545.5,0.0,0.0,0.0,0.0,0.0,0.0,0.0,739.7,610.5,547.0,514.0,493.9,479.2,457.6,0.0,0.0,0.0,0.0,0.0,0.0,0.0,959.4,731.6,614.4,548.5,512.7,483.6,438.0,42.4,40.5,39.1,38.2,37.8,37.7,38.2,142.4,146.7,149.3,156.1,165.9,176.3,178.1,977.9,807.6,725.9,692.0,676.2,667.1,659.3,646.5,548.6,504.9,486.8,479.1,474.1,468.8,615.6,529.0,490.9,473.9,466.1,461.0,455.1,595.5,516.2,480.9,462.1,450.3,443.0,433.7,590.2,505.1,470.0,452.6,442.6,430.6,413.8,598.0,501.4,461.8,438.4,420.4,409.0,386.5,614.1,510.8,466.9,440.9,418.7,399.0,371.2,686.5,556.1,491.2,458.4,433.9,410.9,365.9,817.7,647.2,549.2,493.3,462.0,438.9,395.9,944.2,747.3,634.2,563.1,513.6,477.3,431.6,0.8888,1.1363,1.2638,0.6902,0.9240,1.0566,0.0,0.0000,2026,1.0380,578.0,03420004VAM,9.948,7872,31.2,49.8,37.0,0.0,111.5,675.1,528.0,474.8,869.3,649.4,567.9,574.8,538.2,1.0439,1.1149,530.7,442.4,422.1,39.5,176.8,669.2,471.0,454.9,429.4,403.7,370.4,345.0,314.1,352.3,392.2,1381.8,1042.2,1381.3,45.7,138.5,1387.2,885.2,824.5,785.3,799.8,830.4,861.8,983.1,1192.0,1376.4
GRE,00121,GR74X,GRE-74,BAXIMUS-OMPRELA,X-35 OD,X YACHTS,JEPPESEN,2005,OFTh,,,,ORC,INTL,R,682,25 06 2026 15:10:48,10.600,9.516,2.166,3.25,4611.,118.8,0.00,604.9,0.9088,660.2,1.1068,542.1,964.3,779.9,683.8,634.0,603.8,584.1,557.5,0.0,0.0,0.0,0.0,0.0,0.0,0.0,743.7,617.9,557.4,525.9,506.1,491.6,469.5,0.0,0.0,0.0,0.0,0.0,0.0,0.0,964.4,736.2,622.0,559.7,524.7,495.9,450.2,42.3,40.3,38.4,37.4,37.4,37.4,37.6,144.2,148.9,153.0,160.1,167.8,174.5,175.4,963.0,799.4,724.9,698.8,686.3,678.9,674.0,637.8,548.5,512.4,499.5,493.2,489.0,484.5,608.4,532.3,500.6,486.9,480.3,475.5,469.8,590.0,522.2,492.1,473.7,462.1,455.4,446.2,601.1,525.5,492.2,470.9,453.5,440.3,423.9,610.5,518.1,480.7,456.1,439.2,427.6,408.4,629.7,529.0,486.5,458.2,434.0,413.1,385.9,704.2,572.3,509.5,476.3,449.0,422.9,370.7,836.3,658.5,558.6,505.5,475.0,449.4,399.9,965.6,760.4,642.7,569.2,521.2,489.2,441.1,0.8813,1.1129,1.2323,0.6880,0.9158,1.0362,0.0,0.0000,2026,1.0207,587.9,03420004U61,9.325,5532,24.7,42.4,32.9,92.2,0.0,680.8,539.1,486.9,872.1,655.2,579.0,584.2,550.3,1.0271,1.0904,542.1,453.2,434.1,39.2,163.1,689.5,485.9,469.2,442.1,414.6,391.6,364.2,311.9,344.4,394.7,1378.1,1038.7,1380.8,45.2,139.0,1350.5,863.8,806.0,768.6,789.8,844.4,877.2,1007.7,1217.4,1405.7
GRE,00199,GR741,GRE-741,ALMYRA,SUN ODYSSEY 36.2,JEANNEAU,JACQUES FAUROUX,1996,NOEF,,,,ORC,CLUB,C,400,17 03 2026 20:42:31,10.555,9.613,1.394,3.68,5930.,0.0,0.41,693.3,0.7857,763.7,0.9794,612.6,1180.2,936.6,805.3,724.2,678.1,653.4,634.1,0.0,0.0,0.0,0.0,0.0,0.0,0.0,901.2,729.3,637.8,585.5,556.7,539.8,522.2,0.0,0.0,0.0,0.0,0.0,0.0,0.0,1173.1,877.7,721.8,627.6,578.6,544.4,492.2,46.6,44.9,43.4,42.5,42.3,42.1,43.1,147.1,150.5,153.3,157.9,163.9,170.0,177.7,1250.6,1014.8,892.8,821.3,789.6,780.2,790.6,792.1,657.8,588.4,550.3,532.0,525.6,525.0,737.1,621.9,561.6,530.1,513.5,505.7,502.3,704.0,597.5,542.0,513.5,496.4,484.9,474.8,716.2,600.9,536.4,505.3,490.4,476.3,454.4,713.9,586.3,523.6,492.6,471.5,454.2,431.6,739.8,602.1,531.2,496.0,472.4,452.2,418.1,821.0,654.6,562.3,513.5,485.4,463.1,423.0,961.0,743.6,623.9,550.9,510.0,484.4,443.6,1109.7,858.4,717.9,627.1,566.6,526.5,477.6,0.7359,0.9873,1.1164,0.5669,0.7922,0.9198,0.0,0.0000,2026,0.8965,669.3,03420004I4F,8.112,6550,27.3,28.5,33.2,74.1,0.0,815.3,607.7,537.4,1058.4,757.4,652.3,671.8,616.1,0.8931,0.9739,633.8,516.4,481.3,45.2,177.2,826.8,535.1,505.0,470.7,443.1,418.1,396.2,386.1,406.2,440.9,1744.4,1306.9,1736.2,49.0,143.9,1826.0,1135.0,1028.9,965.6,992.9,1016.8,1060.1,1207.2,1439.9,1662.7
GRE,00731,GR746,GRE-746,HARA,DROMOR 26,DROMOR,R.CARTER,1993,NOPF,,,,ORC,CLUB,C,400,25 03 2026 18:37:41,7.890,6.854,1.611,2.98,3487.,114.1,0.68,789.6,0.6992,858.1,0.8563,700.7,1300.5,1048.2,907.7,816.8,763.9,734.8,708.2,0.0,0.0,0.0,0.0,0.0,0.0,0.0,1007.5,824.4,728.0,673.4,641.4,621.2,597.7,0.0,0.0,0.0,0.0,0.0,0.0,0.0,1291.6,983.9,818.2,718.6,665.0,627.2,571.5,44.3,42.5,41.6,40.8,39.8,39.6,39.8,149.2,153.2,154.1,162.3,168.7,177.2,178.1,1389.5,1145.9,1017.4,937.5,888.9,867.7,860.9,904.4,760.1,684.5,644.2,621.9,610.0,603.0,857.5,726.5,659.3,625.4,606.3,594.8,585.1,830.7,705.3,640.3,609.0,590.7,577.4,560.1,815.5,677.7,616.8,591.0,574.2,558.9,537.2,793.3,661.7,604.3,575.9,554.4,536.0,511.5,825.0,676.1,610.0,577.8,553.3,530.9,497.0,916.8,734.2,634.8,592.5,565.6,541.0,498.3,1049.2,826.2,694.1,622.3,587.9,563.5,518.7,1211.5,950.5,798.0,696.1,638.8,601.8,555.4,0.6551,0.8619,0.9718,0.5109,0.7033,0.8196,0.0,0.0000,2026,0.7873,762.1,03420004IWO,5.964,4033,17.2,16.6,21.2,55.2,0.0,915.9,696.1,617.4,1174.4,853.1,732.1,767.7,700.0,0.7816,0.8572,699.2,587.7,560.1,41.1,177.7,882.8,605.7,584.9,552.1,526.0,488.3,481.7,469.9,484.2,515.5,1900.2,1442.0,1890.1,46.9,145.3,2001.6,1265.5,1175.9,1123.0,1147.6,1110.3,1156.2,1317.7,1557.8,1798.8
GRE,00848,GR75X,GRE-75,EST EMAR,X-35 OD,X-YACHTS,JEPPESEN,2005,IOP,,,,ORC,INTL,R,450,23 03 2026 18:59:43,10.600,9.372,2.156,3.25,4434.,117.9,0.00,604.8,0.9005,666.3,1.1030,544.0,950.5,774.7,689.0,642.4,613.9,595.1,570.3,0.0,0.0,0.0,0.0,0.0,0.0,0.0,733.2,613.0,558.8,529.3,510.4,496.1,475.2,0.0,0.0,0.0,0.0,0.0,0.0,0.0,950.4,730.8,625.0,564.7,529.4,499.8,452.7,42.3,40.1,38.7,38.2,38.1,38.5,39.3,142.3,148.7,152.9,160.1,167.5,171.8,168.9,952.3,798.5,742.1,721.1,710.5,704.7,706.1,632.8,547.1,518.3,508.0,502.1,498.4,495.5,604.4,530.3,503.5,493.7,487.8,483.6,479.6,585.9,520.1,491.3,476.3,468.0,461.7,454.5,595.1,519.1,489.7,469.0,453.6,443.2,430.1,597.9,511.5,474.4,449.2,432.9,420.4,402.5,615.3,520.8,480.5,451.4,425.8,403.6,375.3,688.6,563.2,504.6,471.1,442.3,415.0,359.0,821.7,650.3,552.5,500.9,470.0,442.5,388.6,948.8,750.9,635.8,563.8,517.3,485.6,434.5,0.8914,1.1083,1.2199,0.6956,0.9066,1.0161,0.0,0.0000,2026,1.0170,590.0,03420004IOB,8.975,5094,24.0,42.6,32.9,96.1,86.1,673.1,541.4,491.8,862.6,661.8,590.5,589.5,547.2,1.0178,1.0966,556.8,462.0,438.2,40.8,148.0,736.9,501.6,482.5,451.9,422.3,392.7,356.6,299.2,326.3,376.8,1351.6,1018.6,1353.7,45.2,138.5,1330.7,851.9,794.9,757.2,777.4,820.4,854.2,978.7,1188.6,1372.5
GRE,01212,GR751,GRE-751,HELLENIC POLICE  EA5,J-24,J-BOATS,R. JOHNSTONE,1977,NCTh,,,,ORC,INTL,S,430,22 04 2026 13:32:56,7.318,6.576,1.224,2.69,1283.,86.6,0.01,734.4,0.7501,799.9,0.9164,654.8,1190.6,962.3,838.4,761.1,721.2,700.2,677.1,0.0,0.0,0.0,0.0,0.0,0.0,0.0,917.1,760.4,679.8,632.3,604.3,585.1,556.7,0.0,0.0,0.0,0.0,0.0,0.0,0.0,1189.2,906.6,760.5,673.3,627.3,591.3,525.5,43.7,41.9,40.4,39.0,38.5,38.5,39.9,147.9,152.3,155.7,163.9,174.1,177.2,176.8,1203.7,1004.6,901.3,843.7,820.3,814.8,826.5,787.3,673.2,623.1,598.9,585.2,580.2,577.3,747.5,649.1,607.9,585.0,569.0,561.9,554.6,725.9,637.4,597.5,570.5,549.9,534.8,519.8,737.5,637.6,587.1,557.1,538.9,521.4,488.9,748.5,633.9,584.3,547.7,516.0,487.5,449.1,775.6,649.0,593.2,556.4,523.2,489.9,422.3,867.9,707.8,620.2,578.5,544.5,512.8,441.8,1019.7,798.5,676.5,610.1,573.2,541.7,481.2,1177.4,920.0,775.4,678.5,622.1,585.6,527.8,0.7154,0.9205,1.0358,0.5574,0.7560,0.8611,0.0,0.0000,2026,0.8437,711.1,03420004ME8,6.421,1831,12.2,15.9,17.8,34.6,0.0,838.7,651.8,579.3,1076.4,793.7,696.8,708.0,665.5,0.8474,0.9016,668.6,537.8,501.2,43.1,162.7,868.5,584.5,556.2,512.3,471.0,421.7,372.7,352.7,410.9,468.7,1717.9,1288.3,1720.8,46.7,143.3,1689.2,1071.4,994.4,947.9,973.4,1035.2,1079.4,1238.4,1512.6,1746.6
GRE,00735,GR756,GRE-756,ORFEAS,SADLER 32,SADLER YACHTS,SADLER,1978,IOVATh,,,,ORC,CLUB,C,450,28 04 2026 18:06:05,9.360,7.735,1.448,3.16,5174.,121.7,0.71,768.0,0.7054,850.5,0.8817,680.5,1289.1,1039.3,902.6,813.7,755.2,719.2,691.6,0.0,0.0,0.0,0.0,0.0,0.0,0.0,984.6,804.5,710.0,654.5,619.9,597.6,574.8,0.0,0.0,0.0,0.0,0.0,0.0,0.0,1275.6,970.5,805.7,702.8,643.7,602.3,545.0,46.5,44.8,43.8,43.2,42.6,42.3,42.5,145.6,147.6,151.3,158.8,171.8,177.2,178.6,1424.5,1163.4,1029.5,946.5,892.6,863.0,854.5,905.3,752.5,673.7,627.2,599.8,583.5,574.2,846.4,713.0,641.8,602.4,579.0,564.9,553.4,813.2,686.6,617.8,582.1,561.5,547.4,528.8,768.8,639.5,579.1,551.1,535.2,526.5,513.1,744.2,620.4,565.9,538.3,517.0,498.0,473.0,770.9,634.6,572.8,542.2,519.2,497.5,464.4,854.7,691.7,602.3,559.7,534.1,511.9,471.2,999.2,792.7,672.2,599.7,561.6,537.7,496.8,1153.7,915.3,775.6,680.7,617.8,575.4,528.6,0.6707,0.8864,1.0091,0.5154,0.7080,0.8358,0.0,0.0000,2026,0.8058,744.6,03420004NEE,6.356,5797,21.9,19.6,25.8,54.7,71.0,894.6,676.9,594.6,1164.1,847.5,717.9,753.3,674.0,0.7965,0.8902,690.4,569.4,534.2,44.3,178.1,890.0,582.3,555.8,520.9,498.0,461.6,445.5,444.2,462.3,490.8,1888.3,1416.4,1869.5,48.7,141.7,2076.6,1295.3,1180.6,1115.9,1079.8,1042.4,1078.7,1226.8,1472.3,1700.0
GRE,01340,CRO7575,GRE-7575,GRACE,Grand Soleil 42R,Del Pardo,Botin/Carkeek,2005,YCG,,,,ORC,INTL,R,830,25 03 2026 14:00:28,12.690,11.061,2.547,3.70,6425.,123.4,0.00,562.9,0.9734,616.4,1.1971,501.2,923.3,738.9,642.1,590.5,558.5,537.0,507.9,0.0,0.0,0.0,0.0,0.0,0.0,0.0,709.3,580.8,517.6,484.6,463.5,448.2,424.6,0.0,0.0,0.0,0.0,0.0,0.0,0.0,925.1,696.9,581.2,516.8,480.9,451.9,406.3,42.6,40.4,38.4,37.7,37.3,37.1,37.0,141.2,147.3,151.4,156.5,163.9,169.1,168.2,905.0,740.2,666.1,639.4,625.1,616.3,607.8,598.9,505.4,468.0,455.4,448.6,443.9,438.3,571.0,489.7,456.2,443.0,436.2,431.2,424.8,554.0,481.0,448.4,430.1,419.5,412.7,402.9,566.0,487.1,450.5,427.9,410.3,397.5,380.8,586.1,486.1,442.8,417.3,399.2,387.1,367.0,606.1,499.6,450.7,421.0,395.7,373.6,343.7,682.7,547.9,478.5,441.9,413.2,386.6,333.3,815.5,638.8,535.8,475.4,441.8,415.2,364.7,941.7,737.6,618.1,541.6,491.8,457.6,408.0,0.9301,1.2039,1.3539,0.7219,0.9803,1.1290,0.0,0.0000,2026,1.0998,545.6,03420004IUO,10.985,7563,32.1,60.0,41.2,112.0,0.0,645.1,498.4,443.2,831.1,612.1,531.4,538.2,514.9,1.1148,1.1652,488.0,406.5,389.3,38.2,161.4,616.6,438.0,422.8,398.5,370.1,342.0,322.1,280.9,314.1,359.3,1328.8,999.7,1333.6,45.1,139.0,1280.2,821.6,766.8,730.1,750.8,818.8,854.2,985.4,1192.8,1377.3
GRE,02236,POL20180,GRE-7738,AIOLOS,VOLVO OPEN 70,,JUAN YACHT DESIGN,2011,YCG,,,,ORC,INTL,R,1300,25 05 2026 13:22:10,21.500,21.269,4.503,5.77,14840.,105.5,0.00,358.2,1.4538,412.7,1.9268,311.4,681.1,523.9,439.0,394.5,361.8,332.9,288.8,0.0,0.0,0.0,0.0,0.0,0.0,0.0,500.5,393.3,333.2,297.7,272.9,253.2,224.0,0.0,0.0,0.0,0.0,0.0,0.0,0.0,683.9,489.1,386.9,325.4,286.2,254.2,208.6,45.6,43.9,40.5,39.9,40.0,40.4,41.0,140.1,140.3,143.0,144.7,140.4,138.6,140.4,652.7,508.3,435.0,402.1,384.0,370.7,347.5,415.8,332.4,287.9,267.2,254.7,244.6,227.5,380.2,310.2,268.6,249.0,236.6,226.7,213.2,351.9,290.5,255.3,231.8,219.2,209.7,193.7,345.4,285.8,245.9,220.7,204.8,195.2,179.7,376.9,313.3,263.7,221.4,201.8,189.8,168.3,418.7,336.8,291.4,247.2,209.3,187.7,166.6,510.9,390.0,326.1,282.5,243.4,210.6,171.5,614.4,467.2,383.6,335.1,294.1,255.6,199.3,709.5,539.5,443.0,387.0,339.6,295.2,230.1,1.3426,1.9274,2.4276,0.9959,1.4565,1.8541,0.0,0.0000,2026,1.7215,348.5,03420004R4D,24.427,17425,88.4,171.1,130.2,0.0,451.9,446.9,311.3,247.2,602.5,411.9,323.6,336.6,335.2,1.7826,1.7901,259.4,204.6,190.4,41.7,143.9,330.4,215.5,202.6,185.4,168.7,154.7,151.3,148.4,163.1,188.4,1013.5,734.1,1018.6,47.1,138.9,961.5,605.9,550.3,498.3,482.9,535.5,605.1,763.8,922.6,1065.4
GRE,00672,GR774,GRE-774,CARPE DIEM,CARIBBEAN 40,,VAN DE STADT,1988,NAOEFK,,,,ORC,INTL,C,643,02 09 2026 10:00:51,12.000,9.907,1.991,3.89,8505.,110.7,0.22,625.5,0.8771,684.1,1.0727,559.3,1007.3,815.2,712.6,655.5,621.3,599.7,575.2,0.0,0.0,0.0,0.0,0.0,0.0,0.0,774.8,642.4,575.9,540.8,520.2,506.0,486.1,0.0,0.0,0.0,0.0,0.0,0.0,0.0,1006.8,767.9,645.4,576.4,539.6,511.2,465.1,43.9,41.8,40.3,39.6,38.9,38.6,39.0,145.3,150.3,153.9,159.7,166.8,174.9,178.3,1012.9,843.7,760.4,724.6,708.2,699.9,693.5,661.9,567.6,525.4,507.4,499.8,495.5,491.0,628.3,546.7,511.7,495.0,487.0,482.7,477.5,607.2,533.6,501.4,484.1,473.2,465.8,457.0,616.2,536.1,499.7,480.0,466.0,454.5,436.3,639.4,536.9,493.7,471.0,453.8,438.8,420.3,660.6,550.2,499.3,473.2,453.7,434.7,404.1,735.7,598.2,525.4,487.8,464.9,444.5,405.3,867.5,681.5,578.5,519.0,485.9,464.2,424.3,1001.7,786.8,664.9,586.4,534.4,499.6,456.9,0.8468,1.0795,1.1951,0.6584,0.8833,1.0068,0.0,0.0000,2026,0.9868,608.0,03420005003,9.200,9421,32.5,51.4,49.4,105.5,0.0,708.5,555.8,502.1,911.3,679.3,595.9,602.8,567.9,0.9953,1.0565,560.4,474.3,452.7,40.0,177.4,700.7,490.4,475.8,451.2,424.6,410.2,390.8,377.2,391.0,420.1,1445.8,1083.7,1448.7,46.8,139.6,1417.2,896.8,828.5,783.5,803.2,885.0,919.4,1056.8,1276.9,1474.4
GRE,00970,GR7856,GRE-7856,SUENO,GRAND SOLEIL 39,DEL PARDO,JEZEQUEL,1983,NO KALAMAKIOU,,,,ORC,CLUB,C,600,07 05 2026 09:38:21,11.920,10.124,2.012,3.76,8400.,0.0,0.31,631.4,0.8712,688.7,1.0653,563.2,1026.3,826.8,719.4,658.1,622.6,600.4,577.0,0.0,0.0,0.0,0.0,0.0,0.0,0.0,790.5,651.1,580.7,543.0,521.8,507.5,488.4,0.0,0.0,0.0,0.0,0.0,0.0,0.0,1025.0,778.6,651.2,578.7,541.4,513.5,468.9,44.0,41.7,40.2,39.4,38.9,38.5,38.3,145.7,150.1,152.8,158.1,165.1,171.8,178.1,1039.0,859.9,768.9,725.9,707.0,696.7,691.3,677.6,576.9,530.2,509.7,500.3,495.6,492.2,642.3,554.2,515.7,497.8,488.4,483.7,479.2,619.9,540.0,505.3,487.5,476.3,468.6,460.1,630.9,543.9,504.9,482.3,469.7,460.1,443.5,654.1,542.8,495.9,472.5,455.1,439.7,416.3,674.1,556.5,502.7,476.4,457.3,439.7,407.5,747.6,603.7,527.3,489.8,467.5,448.5,412.0,877.8,687.5,581.9,520.2,487.9,467.1,430.8,1013.6,793.7,670.0,590.2,538.1,504.1,462.6,0.8324,1.0728,1.1906,0.6476,0.8776,1.0048,0.0,0.0000,2026,0.9798,612.4,03420004OUN,9.293,9296,31.3,35.8,53.7,108.6,90.5,720.8,559.3,503.9,926.5,683.7,597.1,607.2,572.4,0.9881,1.0482,563.6,476.1,454.8,38.9,177.2,697.8,492.1,477.7,454.9,432.2,403.0,386.2,382.5,396.1,429.5,1484.4,1115.0,1486.1,46.8,139.7,1467.3,927.2,855.3,808.4,831.9,915.3,947.8,1082.5,1300.3,1501.4
GRE,00388,GR791,GRE-791,AGIOS RAFAIL,DEHLER 34,DEHLER,VAN DE STADT,1982,IO PATRON,,,,ORC,CLUB,C,400,15 04 2026 23:32:40,10.112,8.375,1.758,3.41,4269.,111.6,0.31,692.8,0.7952,754.5,0.9751,615.3,1146.9,917.4,793.4,717.8,675.0,651.0,625.9,0.0,0.0,0.0,0.0,0.0,0.0,0.0,881.8,719.9,637.7,591.6,565.4,548.4,525.4,0.0,0.0,0.0,0.0,0.0,0.0,0.0,1141.5,861.7,716.2,630.9,586.6,554.2,501.6,44.3,42.1,40.8,39.7,38.9,38.7,39.0,146.4,150.7,153.9,161.0,167.8,176.3,177.7,1200.9,982.5,870.1,806.2,775.7,763.9,760.4,780.8,656.0,593.5,561.9,546.0,538.3,533.0,738.7,627.3,574.1,547.2,532.1,523.5,516.8,714.5,608.2,559.4,534.2,518.0,506.3,491.9,706.2,592.3,543.3,520.4,509.1,498.4,473.4,696.7,582.2,534.4,508.1,487.2,468.9,445.9,722.4,596.9,540.9,511.3,488.0,465.5,428.6,804.8,649.3,567.6,527.8,501.6,477.4,430.9,946.5,738.5,623.6,559.1,524.7,500.4,453.9,1093.0,852.3,716.7,629.4,574.3,538.1,491.3,0.7492,0.9818,1.1029,0.5813,0.8012,0.9265,0.0,0.0000,2026,0.8963,669.4,03420004LJ2,7.618,4842,22.3,28.2,22.3,66.0,0.0,800.9,611.1,544.0,1032.2,748.9,647.6,670.0,619.8,0.8955,0.9680,612.4,512.1,486.5,40.2,175.8,775.9,534.1,515.8,485.6,456.4,431.5,410.2,393.2,412.5,448.8,1677.8,1265.1,1672.3,46.8,142.4,1732.8,1098.6,1019.2,971.0,987.6,975.1,1016.4,1165.7,1405.5,1622.9
GRE,00515,GR800,GRE-800,BEAT,FIRST 35 S5,BENETEAU,JEAN BERRET,1987,IO PATRON,,,,ORC,CLUB,C,425,02 04 2026 07:51:07,10.446,9.070,1.905,3.57,5864.,104.0,0.37,665.1,0.8162,735.1,1.0086,594.9,1075.8,869.6,761.0,703.5,672.2,651.7,629.4,0.0,0.0,0.0,0.0,0.0,0.0,0.0,824.9,680.7,611.1,575.1,554.3,539.8,520.7,0.0,0.0,0.0,0.0,0.0,0.0,0.0,1070.6,816.4,686.8,613.9,575.4,544.8,496.3,44.1,41.8,40.4,39.9,39.5,39.3,39.7,143.4,147.8,149.4,152.9,159.1,163.3,168.7,1128.2,930.2,832.2,785.6,767.3,758.8,756.8,734.8,622.4,569.5,546.7,536.7,532.0,527.9,694.9,595.4,552.3,532.3,521.6,516.4,511.1,669.6,576.5,538.5,519.1,506.0,497.4,488.1,653.6,558.9,523.6,503.2,489.4,479.6,466.5,649.7,549.0,512.5,490.2,471.2,454.6,432.3,669.2,559.3,515.7,491.9,471.1,449.5,416.6,747.3,608.0,539.0,505.3,482.7,461.5,418.1,886.3,700.7,597.4,540.6,510.3,489.6,452.1,1023.4,809.0,689.8,621.4,577.1,544.6,502.1,0.7970,1.0158,1.1189,0.6168,0.8234,0.9252,0.0,0.0000,2026,0.9270,647.3,03420004K44,8.148,6482,25.1,35.7,27.8,0.0,82.2,752.8,590.7,536.2,972.8,728.7,648.5,647.0,597.7,0.9273,1.0038,618.4,509.0,484.2,40.8,162.0,769.0,528.5,510.0,482.9,455.0,413.5,401.7,385.5,415.7,467.8,1554.3,1167.9,1548.4,46.7,138.9,1612.6,1020.4,943.7,894.8,888.2,900.5,932.5,1069.9,1295.5,1495.9
GRE,00310,GR800X,GRE-800X,ALBIREO,X-35 OD (MOD),X YACHTS,JEPPESEN,2005,HORC,,,,ORC,CLUB,C,650,07 05 2026 08:50:13,10.600,9.519,2.169,3.25,4674.,0.0,0.02,603.0,0.9051,662.9,1.1110,540.0,963.1,780.3,683.3,636.4,609.3,590.4,564.0,0.0,0.0,0.0,0.0,0.0,0.0,0.0,743.2,616.2,554.9,524.0,504.2,489.2,466.1,0.0,0.0,0.0,0.0,0.0,0.0,0.0,960.9,735.3,620.1,558.0,523.4,493.8,446.1,42.4,40.4,38.6,37.4,37.1,36.9,37.0,142.6,147.1,150.3,153.3,159.2,163.0,161.4,985.0,811.7,727.0,693.8,679.1,671.2,664.3,651.6,554.6,513.8,497.4,490.3,485.9,480.8,621.1,537.4,502.5,485.8,477.5,472.4,466.2,602.7,527.0,494.5,474.4,460.7,452.6,443.2,603.4,516.4,483.8,468.4,455.0,440.1,421.0,598.0,509.5,472.7,446.7,426.6,413.4,391.1,614.9,519.2,478.9,450.5,425.0,401.4,367.4,684.9,560.5,502.8,470.8,443.1,416.9,361.3,815.1,648.6,553.9,504.6,476.0,452.3,407.1,941.2,748.9,639.5,579.1,539.5,509.5,463.7,0.8827,1.1173,1.2389,0.6883,0.9129,1.0252,0.0,0.0000,2026,1.0234,586.3,03420004OTS,9.392,5557,25.3,42.8,30.2,0.0,95.9,679.7,537.0,484.3,871.7,657.2,585.3,582.9,549.0,1.0294,1.0929,534.7,444.2,424.4,38.2,141.1,674.4,480.8,464.6,438.5,411.1,377.1,339.6,293.2,342.1,395.0,1374.8,1039.7,1373.3,45.6,138.8,1389.7,888.9,829.4,791.1,813.2,821.8,852.9,971.2,1177.7,1359.9
GRE,00177,GR803,GRE-803,FAETHON,MOODY 30,MARINE PROJECTS,A. PRIMROSE,1978,NOTK,,,,ORC,CLUB,C,400,10 03 2026 16:44:38,9.163,7.879,1.531,3.09,4794.,0.0,0.68,790.8,0.6897,869.9,0.8615,696.4,1356.3,1080.5,930.1,831.8,763.9,717.7,679.0,0.0,0.0,0.0,0.0,0.0,0.0,0.0,1039.4,840.8,733.3,668.1,625.8,597.1,568.2,0.0,0.0,0.0,0.0,0.0,0.0,0.0,1343.8,1010.2,831.1,717.7,650.1,602.3,542.2,46.4,45.0,43.9,43.2,42.5,41.6,41.2,148.9,152.5,154.1,160.1,164.8,170.0,178.1,1481.2,1204.6,1063.5,972.2,901.4,852.4,826.8,943.3,779.4,696.6,642.5,605.2,582.9,568.7,882.3,737.2,662.0,614.3,584.2,565.4,551.0,847.0,710.8,635.3,591.4,564.8,548.0,528.4,820.9,674.2,596.5,556.8,536.1,522.6,507.8,800.6,660.5,587.2,549.1,526.1,506.3,472.5,829.2,675.9,595.3,552.7,527.5,506.4,469.8,921.5,735.2,626.9,571.7,540.3,517.2,475.2,1066.4,830.2,692.7,610.9,565.8,538.4,496.5,1231.4,956.3,796.8,691.3,626.4,583.0,531.2,0.6382,0.8650,1.0110,0.4925,0.6910,0.8395,0.0,0.0000,2026,0.7874,762.0,03420004HB1,6.299,5361,23.5,19.2,23.6,60.3,48.9,940.1,693.6,593.5,1218.3,868.3,714.7,771.6,692.8,0.7776,0.8660,667.3,555.7,526.9,42.2,177.7,841.0,569.3,548.5,520.2,497.5,452.9,443.2,443.2,459.8,493.7,2014.8,1515.6,1997.9,48.4,146.2,2184.4,1366.0,1249.0,1178.3,1165.4,1132.4,1180.0,1347.4,1598.0,1845.2
GRE,00274,GR8041,GRE-8041,CYCLADES FORCE,FIRST EVOLUTION ST,BENETEAU,JEAN BERRET,1980,NO KALAMAKIOU,,,,ORC,INTL,R,380,23 03 2026 18:56:20,9.190,7.351,1.657,3.23,2622.,110.2,0.01,695.6,0.7862,763.2,0.9624,623.4,1108.8,897.6,789.0,731.6,699.8,679.8,655.9,0.0,0.0,0.0,0.0,0.0,0.0,0.0,855.1,710.4,640.3,604.1,582.2,566.3,545.2,0.0,0.0,0.0,0.0,0.0,0.0,0.0,1109.4,846.7,716.0,644.3,604.5,571.4,516.7,43.0,40.8,39.3,38.9,39.4,39.7,40.7,147.1,151.8,154.8,163.1,170.0,177.7,177.2,1102.9,922.6,844.5,820.3,812.0,809.2,816.2,728.0,629.1,589.8,573.9,567.5,564.1,562.0,693.4,608.7,573.9,557.7,550.6,546.1,541.3,673.8,595.1,560.5,541.1,528.1,520.1,509.3,686.8,597.1,557.2,533.2,514.2,499.2,479.7,704.7,595.0,548.3,518.7,494.3,475.1,455.1,733.2,610.8,556.4,523.0,493.9,469.5,434.3,819.0,665.9,584.9,543.9,512.5,482.0,432.8,965.4,756.8,639.4,575.5,539.5,510.1,456.7,1114.8,872.5,733.5,642.8,587.7,550.5,495.6,0.7666,0.9684,1.0669,0.5981,0.7930,0.8877,0.0,0.0000,2026,0.8867,676.7,03420004IO9,6.989,3152,16.9,26.8,23.1,47.6,0.0,782.7,619.6,562.4,1003.2,756.6,675.9,674.7,629.6,0.8893,0.9529,650.9,535.9,503.9,43.4,177.2,852.7,568.3,543.5,505.0,469.0,444.1,413.7,381.3,406.6,449.2,1592.4,1196.3,1598.0,46.0,141.9,1536.8,981.0,916.6,877.8,902.2,971.9,1017.2,1173.4,1427.3,1648.1
GRE,00160,GR834,GRE-834,KORMORANOS II,COMFORT 34,SWEDEN YACHTS,K.ALBINSSON,1975,NO  CHANION,,,,ORC,CLUB,C,500,17 03 2026 21:34:59,10.146,8.383,1.796,3.48,5921.,122.4,0.57,698.0,0.7886,760.9,0.9631,623.0,1122.1,910.0,795.0,727.5,689.4,665.6,642.0,0.0,0.0,0.0,0.0,0.0,0.0,0.0,871.0,720.8,642.9,600.7,577.1,561.1,541.0,0.0,0.0,0.0,0.0,0.0,0.0,0.0,1119.4,857.6,720.2,640.3,598.8,567.1,517.4,43.4,41.5,40.3,39.7,39.6,39.6,40.1,147.6,151.8,155.2,160.6,166.4,174.9,178.1,1148.7,958.3,859.5,810.9,791.2,780.6,777.9,754.0,644.6,591.0,565.7,552.6,545.8,541.7,716.8,618.9,573.5,551.2,538.8,531.2,525.8,696.3,602.7,560.2,538.4,524.8,514.7,501.8,709.3,608.1,560.0,534.1,519.3,506.4,485.6,721.4,602.0,548.3,521.6,502.4,485.6,463.9,744.8,617.0,554.4,523.9,502.9,483.9,452.2,817.9,667.2,582.3,539.6,514.5,493.4,454.4,948.7,747.5,637.0,571.5,535.9,513.1,473.8,1095.5,861.7,730.5,644.0,587.5,550.5,506.2,0.7539,0.9695,1.0761,0.5905,0.7940,0.9054,0.0,0.0000,2026,0.8872,676.3,03420004I4Q,7.582,6629,23.3,24.6,38.9,72.5,0.0,795.9,618.9,557.6,1016.1,755.7,662.7,674.2,630.3,0.8900,0.9519,630.3,530.1,504.4,40.8,177.7,789.9,542.6,524.2,496.0,471.2,452.6,436.1,427.2,440.1,470.6,1615.1,1220.9,1615.5,46.4,143.5,1610.9,1022.9,949.8,905.7,932.7,998.7,1036.5,1174.3,1402.2,1619.2
GRE,00424,GR84,GRE-84,APOLLON,SUNSHINE 36 stern extension,JEANNEAU,TONY CASTRO,1982,ASIATh RODOU,,,,ORC,CLUB,C,582,14 04 2026 20:49:17,11.090,9.336,1.918,3.81,6045.,108.4,0.32,655.9,0.8422,712.4,1.0288,583.2,1081.2,863.6,745.4,676.7,640.8,619.0,596.7,0.0,0.0,0.0,0.0,0.0,0.0,0.0,832.5,678.8,601.8,560.5,538.2,523.2,504.0,0.0,0.0,0.0,0.0,0.0,0.0,0.0,1078.3,812.5,674.8,596.8,558.0,528.8,482.7,44.1,42.2,40.5,39.3,38.5,38.2,38.5,146.0,150.1,152.1,158.8,165.9,172.3,177.4,1109.7,907.8,803.7,751.0,730.8,721.2,720.3,721.1,606.3,552.7,529.2,517.9,513.0,510.0,681.9,581.0,537.6,516.9,505.4,499.8,495.8,660.0,565.3,526.2,505.9,492.7,483.4,474.5,674.9,571.2,526.1,503.3,487.9,475.3,455.6,675.6,558.6,512.5,488.4,470.8,456.6,438.4,697.6,571.5,516.9,489.3,468.5,449.2,418.7,773.6,619.8,540.1,502.8,478.7,457.0,414.6,911.6,709.7,596.1,532.7,500.5,478.2,436.5,1052.6,819.4,687.2,602.4,550.7,516.9,473.2,0.7940,1.0370,1.1544,0.6170,0.8496,0.9739,0.0,0.0000,2026,0.9468,633.7,03420004LAK,8.621,6867,27.7,29.3,39.6,93.2,0.0,755.7,578.6,519.8,972.4,706.2,616.1,631.1,590.5,0.9508,1.0160,584.0,492.9,470.2,39.5,174.5,732.9,511.4,495.6,469.7,443.4,430.1,404.0,382.4,398.4,435.2,1578.5,1190.4,1577.2,46.6,142.8,1591.3,1007.0,932.1,886.5,917.3,956.6,990.3,1126.6,1355.9,1565.7
GRE,00439,GR847,GRE-847,YPERION,CORINTHIAN 28,DROMOR,,1972,NAOEFK,,,,ORC,CLUB,C,400,05 04 2026 18:36:10,8.622,7.053,1.120,2.73,3913.,0.0,0.74,835.7,0.6358,943.7,0.8110,739.8,1413.8,1140.3,994.5,906.2,845.8,804.5,771.4,0.0,0.0,0.0,0.0,0.0,0.0,0.0,1076.3,878.3,772.5,711.7,672.6,645.7,621.5,0.0,0.0,0.0,0.0,0.0,0.0,0.0,1396.6,1062.4,882.3,768.8,699.4,648.8,581.9,48.1,47.0,46.0,45.6,45.5,45.6,46.4,145.6,147.0,147.3,149.9,153.8,159.0,177.3,1585.3,1295.7,1149.2,1062.6,1003.6,966.3,958.7,994.7,822.6,736.5,684.9,649.5,625.6,615.2,923.7,776.4,697.1,648.8,616.3,596.5,584.4,884.3,744.7,664.5,617.3,589.7,572.9,553.7,831.7,687.9,612.1,576.1,558.8,549.6,537.0,806.8,669.6,597.5,563.2,540.0,520.3,493.0,836.7,687.2,607.8,568.3,542.8,520.1,484.7,924.0,747.4,646.2,589.5,559.2,535.4,494.0,1075.9,852.9,727.4,649.4,599.0,570.1,529.8,1242.3,984.9,839.9,749.8,687.9,642.8,584.1,0.6139,0.8151,0.9326,0.4698,0.6383,0.7477,0.0,0.0000,2026,0.7387,812.2,03420004KCM,5.501,4464,17.6,14.9,22.3,0.0,53.1,977.4,736.1,643.4,1277.1,940.0,802.5,825.1,729.2,0.7271,0.8228,774.0,618.3,571.2,48.3,178.0,1001.8,629.2,586.9,549.0,521.5,480.7,463.3,465.1,495.1,546.3,2074.5,1551.9,2050.3,50.2,143.0,2316.3,1434.0,1292.7,1220.5,1170.6,1127.1,1171.1,1331.8,1587.2,1832.7
GRE,02305,GR8480,GRE-8480,ARMAGEDDON,FARR 40 ONE DESIGN,CARROLL,FARR,1997,NO KALAMAKIOU,,,,ORC,INTL,R,758,25 06 2026 15:07:02,12.415,11.220,2.594,3.96,4967.,124.5,0.00,525.2,1.0315,581.7,1.2691,472.8,817.3,669.9,602.0,565.3,541.3,518.3,474.4,0.0,0.0,0.0,0.0,0.0,0.0,0.0,632.0,533.0,489.2,462.7,443.7,426.2,397.2,0.0,0.0,0.0,0.0,0.0,0.0,0.0,815.5,632.5,546.3,493.9,461.2,430.2,378.0,42.4,39.7,37.8,37.4,37.1,36.7,36.9,141.7,145.1,150.3,153.5,151.2,147.3,145.4,834.9,700.8,652.9,631.4,618.9,610.3,604.9,553.1,482.8,461.2,451.1,444.5,439.6,433.6,526.8,468.1,447.8,437.5,430.1,424.4,417.2,509.4,458.2,433.8,418.6,408.9,401.0,390.4,517.1,460.0,431.4,408.8,392.3,380.4,362.5,515.9,449.4,419.0,394.8,376.5,360.8,337.4,526.6,450.8,413.4,385.4,365.2,341.2,306.3,580.4,474.9,431.1,395.2,360.5,326.9,279.9,692.6,553.4,477.4,434.9,402.0,369.1,297.8,799.7,639.0,551.2,499.2,463.8,426.2,343.9,1.0301,1.2694,1.4295,0.8069,1.0340,1.1821,0.0,0.0000,2026,1.1705,512.6,03420004U60,11.203,6042,29.8,62.6,41.0,0.0,169.2,582.5,472.7,419.7,743.6,580.3,507.6,514.7,470.9,1.1656,1.2742,443.2,376.9,357.7,38.4,147.9,618.4,435.9,416.9,386.0,350.9,310.0,285.7,239.3,232.1,268.0,1163.3,881.2,1162.2,45.1,139.3,1174.4,752.8,699.9,663.4,679.3,712.4,739.1,826.7,997.8,1152.1
GRE,01347,GR85,GRE-85,COCOBILL II,FIGARO II,BENETEAU,LOMBARD,2003,NIO PREVEZAS,,,,ORC,INTL,R,435,25 05 2026 13:48:10,10.057,9.836,2.072,3.45,3031.,110.2,0.00,582.5,0.9271,647.2,1.1546,519.6,947.3,765.1,669.6,624.3,595.0,568.4,524.3,0.0,0.0,0.0,0.0,0.0,0.0,0.0,727.4,600.4,538.2,505.5,481.5,461.2,430.4,0.0,0.0,0.0,0.0,0.0,0.0,0.0,943.4,719.2,604.4,541.0,501.5,465.5,406.9,42.7,41.0,39.3,38.4,38.1,38.0,38.5,142.2,145.3,148.9,151.8,149.3,146.4,144.9,986.4,810.5,728.8,701.3,687.6,680.0,675.3,649.3,547.7,506.2,492.7,485.0,480.1,475.0,616.6,527.7,491.2,476.2,467.5,461.2,454.0,594.5,514.5,478.2,454.6,440.4,430.8,418.1,573.3,496.5,464.0,445.6,422.8,405.4,383.8,579.2,491.3,448.5,418.5,392.0,373.1,345.5,590.1,494.8,446.6,408.7,381.8,357.2,317.9,659.6,530.1,471.7,426.7,384.8,347.0,292.7,786.5,623.3,528.7,475.0,435.1,395.7,323.2,908.2,719.8,610.4,547.3,502.4,456.9,373.3,0.9037,1.1576,1.3194,0.7008,0.9319,1.0743,0.0,0.0000,2026,1.0588,566.7,03420004R4Q,9.452,3686,22.6,37.2,26.5,0.0,105.5,663.9,518.3,454.8,856.2,643.8,558.5,571.4,517.8,1.0500,1.1588,491.8,411.4,384.6,39.7,146.3,696.0,479.2,455.4,413.5,371.5,330.5,292.7,258.4,249.1,287.6,1356.7,1024.3,1352.6,45.9,139.2,1398.6,892.9,832.2,793.5,773.8,803.6,835.2,941.3,1138.8,1314.9
GRE,00203,GR872,GRE-872,NAFSITHOI,DISCOVERY 3000EXT,DROMOR YACHTS,ED DUBOIS,1989,NAOEFK,,,,ORC,CLUB,C,500,22 04 2026 11:24:23,10.150,8.433,1.733,3.24,5516.,0.0,0.62,734.4,0.7487,801.4,0.9252,648.5,1240.2,987.7,851.6,764.1,707.2,673.9,644.6,0.0,0.0,0.0,0.0,0.0,0.0,0.0,955.4,774.1,678.1,621.6,587.3,566.7,543.0,0.0,0.0,0.0,0.0,0.0,0.0,0.0,1232.7,926.9,765.1,665.1,609.6,572.8,519.5,45.4,43.5,42.1,41.2,40.3,39.8,39.6,147.7,151.4,154.7,159.7,165.1,170.9,178.1,1315.1,1070.3,943.1,863.3,812.3,787.3,777.8,845.5,703.5,629.7,586.7,562.6,549.5,542.5,795.3,669.0,603.3,567.7,546.8,534.8,526.3,766.6,646.8,584.2,551.5,532.2,519.4,503.9,775.0,638.2,569.6,537.1,521.1,513.2,490.6,758.5,625.2,559.2,526.4,505.8,488.8,462.3,785.4,642.8,568.0,530.3,507.3,487.7,451.8,870.0,696.8,600.2,549.0,520.2,498.8,457.7,1009.2,784.7,661.8,586.8,544.3,518.7,479.2,1165.4,905.0,760.0,664.9,602.1,560.5,511.4,0.6939,0.9309,1.0658,0.5386,0.7522,0.8939,0.0,0.0000,2026,0.8481,707.5,03420004MD7,7.209,6211,23.6,22.6,28.1,64.3,0.0,864.7,644.5,563.0,1114.0,797.7,671.2,709.0,654.3,0.8463,0.9171,634.5,531.5,504.9,40.7,177.4,793.4,544.0,525.2,498.0,473.8,448.6,430.8,426.2,442.4,475.5,1830.3,1382.4,1821.5,47.6,144.7,1918.1,1205.7,1109.7,1052.4,1083.4,1071.4,1118.5,1269.9,1509.0,1742.5
GRE,00509,GR875,GRE-875,NALU,MOODY 34,MARINE PROJECTS,B.DIXON/A.PRIMROSE,1983,HORC,,,,ORC,CLUB,C,480,22 06 2026 21:04:55,10.840,9.127,1.610,3.50,6515.,120.8,0.58,724.2,0.7549,794.8,0.9402,638.1,1240.6,985.4,847.3,758.1,698.9,661.2,628.3,0.0,0.0,0.0,0.0,0.0,0.0,0.0,950.8,767.6,669.7,611.4,575.0,551.9,526.2,0.0,0.0,0.0,0.0,0.0,0.0,0.0,1230.8,922.5,758.2,655.7,597.3,557.2,502.3,46.3,44.5,43.7,42.9,42.0,41.4,41.1,147.6,150.9,153.1,158.2,163.7,168.9,177.9,1339.1,1085.1,953.9,870.5,813.0,778.4,761.5,850.5,702.8,626.2,579.3,551.0,534.2,522.5,793.5,664.6,596.5,557.0,533.7,519.0,506.0,762.5,641.1,575.3,539.4,518.2,504.2,485.9,765.8,627.8,556.0,521.1,503.5,494.6,476.2,740.2,608.9,542.4,509.2,488.5,471.5,443.7,766.6,624.1,550.0,512.5,489.6,470.3,434.7,849.2,677.2,580.6,530.1,501.6,480.6,441.2,989.1,767.7,643.3,567.9,526.0,500.6,462.0,1142.2,885.7,740.7,645.8,584.7,544.1,495.1,0.6983,0.9453,1.0948,0.5391,0.7576,0.9115,0.0,0.0000,2026,0.8598,697.8,03420004TR1,7.507,7210,27.2,23.9,32.0,79.6,0.0,859.2,634.7,548.0,1113.0,792.0,658.3,702.6,639.6,0.8540,0.9380,620.2,515.1,487.3,42.4,177.2,780.1,525.0,505.6,477.2,457.6,429.4,411.0,408.6,425.9,460.3,1838.3,1384.5,1825.4,48.6,144.8,1967.5,1227.0,1118.0,1056.7,1087.9,1054.3,1097.0,1239.3,1480.1,1709.1
GRE,00026,GR8793,GRE-8793,MARIA-ELECTRA,X-362,X-YACHTS,N. JEPPESEN,1993,ASIATh RODOU,,,,ORC,CLUB,C,659,05 04 2026 18:40:21,10.718,9.781,1.927,3.45,5711.,0.0,0.29,640.7,0.8612,696.7,1.0551,568.7,1062.1,849.5,732.5,662.1,623.2,600.2,576.3,0.0,0.0,0.0,0.0,0.0,0.0,0.0,817.4,667.4,589.8,546.3,521.9,505.5,485.0,0.0,0.0,0.0,0.0,0.0,0.0,0.0,1060.5,799.5,662.3,582.0,541.5,511.3,464.1,44.0,41.9,40.4,38.8,38.2,37.8,38.0,145.7,149.6,152.2,157.6,164.6,170.9,177.0,1078.2,884.4,781.2,724.4,700.8,690.3,688.4,701.5,591.8,538.2,511.7,498.5,492.8,489.2,664.2,567.5,522.9,500.1,486.8,479.5,474.6,643.2,552.6,512.2,490.4,474.8,463.5,452.6,658.1,558.7,511.8,486.9,472.8,458.4,435.6,668.8,552.1,501.9,475.3,454.8,438.2,417.8,691.4,566.7,508.6,478.8,456.0,435.5,401.1,769.9,616.4,535.1,495.1,469.7,447.3,405.3,905.9,705.5,593.4,527.7,493.1,469.6,428.4,1046.1,814.6,683.8,599.8,545.7,510.0,464.2,0.8082,1.0623,1.1954,0.6277,0.8677,1.0051,0.0,0.0000,2026,0.9698,618.7,03420004KCO,9.139,6630,27.3,30.4,39.1,89.2,0.0,742.4,564.8,501.9,955.9,691.5,597.0,613.4,580.6,0.9782,1.0334,562.5,471.0,449.3,38.9,175.4,697.9,489.2,472.7,446.1,422.6,403.3,380.9,364.2,388.7,427.1,1548.4,1166.2,1549.2,46.6,142.4,1539.9,974.9,903.3,859.1,888.9,945.7,980.9,1122.6,1348.3,1556.8
GRE,00231,GR88IMX,GRE-88,GRANMA X,IMX-38,X-YACHTS,N.JEPPESEN,1992,NCTh,,,,ORC,INTL,R,640,22 04 2026 11:23:03,11.360,9.839,2.098,3.66,5462.,111.9,0.13,613.3,0.8980,668.1,1.0964,547.2,991.5,799.1,695.4,638.7,606.7,586.6,559.1,0.0,0.0,0.0,0.0,0.0,0.0,0.0,766.1,631.8,564.3,528.7,507.5,492.7,470.0,0.0,0.0,0.0,0.0,0.0,0.0,0.0,989.6,753.3,631.1,562.9,526.3,497.3,450.4,43.2,40.8,39.1,38.1,37.6,38.0,38.2,145.1,149.2,152.8,158.8,165.5,171.1,171.8,1010.4,833.5,744.7,706.0,690.6,683.2,675.9,664.8,565.8,520.2,500.4,492.0,487.6,482.2,632.3,545.8,506.8,488.2,478.9,474.3,467.9,612.1,532.8,497.1,476.9,463.6,454.7,444.6,625.2,537.0,495.9,475.0,457.7,443.3,423.3,624.7,524.2,482.8,458.7,440.6,428.6,409.0,642.6,535.1,487.6,459.4,435.8,415.7,387.6,714.6,578.4,510.2,474.9,447.9,422.9,374.4,842.4,662.3,561.2,505.0,473.4,448.1,400.5,972.7,764.8,646.1,571.5,522.8,490.0,442.3,0.8584,1.1032,1.2298,0.6701,0.9050,1.0322,0.0,0.0000,2026,1.0099,594.1,03420004MD6,9.394,6356,27.6,40.2,35.0,105.0,0.0,699.0,543.9,487.9,895.4,663.0,581.3,592.0,554.5,1.0135,1.0820,541.9,453.9,434.3,39.5,163.2,686.3,483.8,467.3,439.6,411.7,396.6,367.1,321.0,349.6,397.5,1425.9,1077.8,1425.6,45.9,141.1,1429.0,910.4,847.3,807.4,832.4,870.3,899.1,1026.3,1232.2,1422.8
GRE,00264,GR883,GRE-883,POSEIDON,FIRST 38 S5,BENETEAU,JEAN BERRET,1989,SEANATK,,,,ORC,INTL,C,500,21 05 2026 17:59:52,11.375,9.593,1.877,3.72,6360.,119.2,0.29,641.2,0.8454,709.8,1.0484,572.3,1045.6,841.5,734.4,678.4,648.7,628.7,606.6,0.0,0.0,0.0,0.0,0.0,0.0,0.0,802.6,658.5,587.8,552.1,532.1,517.6,498.5,0.0,0.0,0.0,0.0,0.0,0.0,0.0,1041.5,790.5,661.9,590.0,552.7,522.6,474.0,44.4,42.0,40.8,40.1,39.8,39.7,40.0,143.3,147.3,149.3,151.8,156.7,161.7,177.1,1087.2,892.5,797.6,754.2,737.8,730.1,728.6,705.3,595.7,543.9,521.5,511.8,507.1,503.5,666.3,570.1,526.6,506.6,496.5,491.8,487.1,641.4,552.7,513.5,493.3,481.1,472.7,463.8,649.6,546.1,503.2,483.6,473.6,462.0,443.3,637.7,533.1,490.9,467.8,449.1,432.9,413.6,656.0,543.9,496.2,470.3,448.7,428.3,396.2,732.6,592.3,521.6,486.6,462.8,440.2,398.5,869.5,684.7,581.2,523.1,491.6,470.6,432.0,1004.0,790.6,671.1,602.6,559.6,527.2,484.6,0.8213,1.0565,1.1672,0.6359,0.8532,0.9594,0.0,0.0000,2026,0.9626,623.3,03420004QQ6,8.716,7089,27.4,36.4,35.6,0.0,88.8,730.5,567.9,514.1,943.5,703.2,625.4,621.9,577.5,0.9648,1.0390,596.6,487.8,462.0,41.2,161.0,744.5,505.2,487.2,459.0,431.6,400.5,379.6,361.6,396.3,448.6,1514.3,1139.6,1510.3,47.0,139.4,1555.0,981.1,905.0,857.3,883.7,891.7,921.9,1055.2,1276.2,1473.7
GRE,02187,GR888,GRE-888,RAFFICA DI VENTO,IMX-40,X-YACHTS,NIELS JEPPESEN,2000,NO PATRON,,,,ORC,CLUB,C,525,18 03 2026 15:43:43,12.100,10.545,2.390,3.78,6137.,119.6,0.02,587.8,0.9311,644.4,1.1416,525.6,945.5,762.7,669.1,618.9,588.0,567.5,540.4,0.0,0.0,0.0,0.0,0.0,0.0,0.0,729.4,601.9,540.8,509.1,489.3,474.8,453.5,0.0,0.0,0.0,0.0,0.0,0.0,0.0,945.9,719.3,606.1,542.8,507.3,478.7,434.2,42.3,40.4,38.9,38.2,37.9,37.7,38.2,144.2,148.6,152.3,158.1,165.1,170.0,169.6,941.5,780.2,710.5,684.6,671.5,663.6,658.5,624.5,532.2,495.8,482.7,475.9,471.5,467.4,595.8,514.7,482.1,469.0,462.5,457.9,453.0,577.7,503.9,471.9,454.9,444.9,438.4,429.9,588.8,508.4,472.0,450.6,434.5,422.6,407.2,600.9,502.8,462.3,439.2,424.8,413.5,396.9,619.1,513.7,467.2,439.2,416.2,397.6,373.8,692.4,559.4,491.7,456.0,428.6,403.4,353.6,822.4,645.4,544.7,487.7,455.2,429.0,379.7,949.6,745.3,627.7,553.3,504.4,471.3,422.4,0.9014,1.1484,1.2754,0.7025,0.9377,1.0668,0.0,0.0000,2026,1.0510,570.9,03420004I7V,10.031,6924,29.9,50.9,38.3,108.6,0.0,665.6,522.5,470.4,854.1,639.9,562.4,567.3,533.1,1.0576,1.1255,525.5,439.2,420.8,40.0,161.3,676.0,469.9,454.8,426.4,398.6,373.7,358.4,309.8,327.5,375.0,1357.6,1023.7,1360.7,45.1,138.8,1327.0,850.0,793.0,755.9,778.1,835.4,867.4,995.1,1202.3,1388.3
GRE,00339,GR895,GRE-895,ERINNI,X-562,X-YACHTS,N.JEPPESEN,1999,NOPF,,,,ORC,CLUB,C,600,07 05 2026 09:58:08,16.970,15.092,2.800,4.82,19319.,120.4,0.13,522.3,1.0362,579.0,1.2894,465.3,859.8,691.7,602.0,553.3,526.3,509.0,486.2,0.0,0.0,0.0,0.0,0.0,0.0,0.0,657.7,538.7,479.0,448.4,431.0,419.1,402.3,0.0,0.0,0.0,0.0,0.0,0.0,0.0,858.8,649.9,541.4,479.6,447.2,422.7,385.5,44.0,41.9,40.5,39.7,39.2,38.9,38.7,141.3,144.7,146.4,150.9,153.0,156.7,161.4,870.6,714.9,642.5,610.3,593.5,583.9,575.1,565.6,476.7,436.8,420.5,412.7,408.7,403.9,533.5,455.7,421.5,406.8,400.1,396.5,391.9,511.2,441.9,410.6,395.4,386.7,381.7,375.2,519.8,446.2,411.0,392.6,380.6,371.6,360.1,539.0,444.6,402.6,382.4,371.0,361.2,344.3,549.8,449.9,404.5,381.7,364.8,351.4,333.0,614.3,488.1,426.1,394.7,374.5,356.9,323.8,735.4,579.0,486.3,430.1,399.8,380.8,349.8,849.1,668.6,561.6,496.2,459.1,434.2,397.3,1.0031,1.2993,1.4431,0.7734,1.0447,1.1887,0.0,0.0000,2026,1.1813,507.9,03420004OUS,13.533,20543,58.3,83.2,96.8,0.0,246.0,598.1,461.8,415.8,775.8,574.3,504.8,503.0,472.7,1.1928,1.2692,472.6,390.6,373.0,39.3,157.2,577.8,404.5,391.0,371.2,352.8,333.3,312.8,290.8,319.4,367.4,1247.6,934.7,1247.8,46.8,138.3,1245.7,785.7,721.7,675.8,690.2,762.2,787.5,891.5,1082.2,1249.6
GRE,00308,GR899,GRE-899,HARA,ROBERTS 310,OWNER,BRUCE ROBERTS,1991,IO PATRON,,,,ORC,CLUB,C,300,18 03 2026 15:40:55,9.455,8.123,1.389,3.23,5121.,117.4,0.67,801.2,0.6778,885.3,0.8517,704.5,1393.4,1096.8,940.8,843.2,777.3,737.5,711.7,0.0,0.0,0.0,0.0,0.0,0.0,0.0,1064.1,850.4,738.4,673.2,632.6,608.0,586.3,0.0,0.0,0.0,0.0,0.0,0.0,0.0,1377.4,1023.8,838.7,724.2,657.3,612.4,552.4,48.3,46.7,45.5,44.9,44.5,44.4,44.9,148.5,151.4,155.2,159.3,164.6,170.9,178.1,1553.7,1243.9,1088.6,994.2,930.3,894.6,893.8,972.5,791.1,700.5,644.0,608.2,589.3,583.9,895.7,741.2,660.0,610.6,581.8,565.7,558.2,853.3,707.1,628.3,584.9,560.6,545.1,528.1,840.6,682.7,600.9,562.0,542.8,534.4,515.6,814.6,663.5,585.8,548.8,526.4,508.4,481.5,842.6,680.1,593.9,552.0,527.7,507.8,470.9,928.3,733.9,628.2,570.7,539.6,517.5,476.2,1067.9,823.4,691.3,610.2,564.4,537.2,496.8,1233.2,949.7,793.0,692.2,624.4,580.5,529.5,0.6268,0.8577,0.9901,0.4819,0.6815,0.8132,0.0,0.0000,2026,0.7780,771.2,03420004I7T,6.318,5585,23.1,17.9,27.1,57.3,0.0,957.2,699.5,606.0,1245.1,880.4,737.8,784.6,696.2,0.7647,0.8619,720.3,584.6,541.7,47.4,177.4,947.6,601.5,561.6,525.0,499.7,468.0,445.8,441.1,458.2,493.0,2085.3,1571.9,2062.0,49.9,146.2,2317.7,1437.1,1298.0,1219.7,1218.1,1171.3,1222.9,1374.4,1604.5,1852.7
GRE,00831,GR908,GRE-908,ALMA LIBRE,DUFOUR 38 classic,DUFOUR SA,Chabaud/Poncin,1997,IO CHALKIDAS,,,,ORC,CLUB,C,820,29 04 2026 09:47:46,11.650,10.071,1.878,3.85,6515.,0.0,0.30,638.4,0.8605,697.3,1.0600,566.1,1064.2,852.9,736.2,663.9,620.7,596.5,571.5,0.0,0.0,0.0,0.0,0.0,0.0,0.0,816.6,666.6,588.8,544.2,517.5,500.9,479.3,0.0,0.0,0.0,0.0,0.0,0.0,0.0,1060.1,800.7,663.1,580.8,537.0,506.4,459.2,44.7,42.8,41.5,39.8,38.7,38.3,39.0,146.0,150.1,153.0,157.8,164.6,170.4,177.4,1104.6,905.8,798.1,734.2,701.2,688.4,682.8,713.1,598.0,540.9,511.9,496.3,488.0,483.0,672.1,570.3,523.0,499.0,484.6,475.7,469.1,647.6,553.7,510.7,488.0,473.2,461.9,447.2,659.9,550.2,499.6,474.5,458.8,448.6,433.7,652.8,540.8,492.1,466.3,446.2,427.9,398.4,672.2,555.2,500.3,471.9,450.3,430.1,393.0,750.1,605.1,529.6,490.2,465.6,444.6,403.7,886.6,692.9,585.9,522.7,488.0,465.3,426.2,1023.7,800.0,674.3,593.7,540.2,504.7,460.2,0.8091,1.0665,1.2074,0.6260,0.8659,1.0115,0.0,0.0000,2026,0.9722,617.2,03420004NJQ,9.172,7611,28.6,32.4,39.4,92.5,84.6,741.6,562.6,496.9,958.5,692.9,593.2,614.0,575.3,0.9772,1.0429,559.3,465.5,442.1,40.2,175.8,693.8,483.4,467.5,441.3,418.1,382.4,364.1,366.5,387.7,424.7,1546.2,1161.4,1542.6,47.7,139.1,1582.0,995.0,915.9,864.5,890.1,914.8,945.8,1086.4,1308.1,1510.4
GRE,00401,GR909,GRE-909,ALMYRA,WARRIOR 35,TRIDENT MARINE,PRIMROSE/ILLINGWOR,1978,IO HALKIDAS,,,,ORC,CLUB,C,547,16 04 2026 13:36:36,10.605,8.614,1.592,3.15,6066.,124.9,0.63,733.1,0.7499,800.1,0.9271,647.2,1244.5,986.0,842.5,757.3,712.2,684.0,654.5,0.0,0.0,0.0,0.0,0.0,0.0,0.0,957.8,772.0,672.1,617.5,588.9,571.3,550.1,0.0,0.0,0.0,0.0,0.0,0.0,0.0,1238.8,926.0,758.0,660.4,611.4,576.3,524.2,44.8,42.9,41.5,40.8,40.6,40.4,40.5,147.9,151.2,151.6,157.9,163.7,169.1,178.1,1301.2,1053.7,924.5,855.8,827.6,812.3,802.8,836.7,695.7,622.8,584.2,567.1,559.2,552.3,788.3,663.4,598.8,565.3,548.3,541.2,533.8,762.3,642.0,580.4,548.5,530.4,520.4,511.1,778.3,646.7,577.2,544.8,523.7,509.8,492.4,760.9,623.8,556.3,523.6,505.2,492.7,476.2,788.9,638.2,562.1,524.4,502.1,484.1,456.8,890.4,697.1,592.3,541.3,512.7,491.2,451.2,1028.7,796.0,659.3,579.3,537.1,511.6,472.0,1187.8,918.2,760.5,658.8,596.9,555.6,506.1,0.6937,0.9354,1.0568,0.5380,0.7561,0.8824,0.0,0.0000,2026,0.8501,705.8,03420004LM7,7.352,6835,28.1,24.2,39.3,82.2,0.0,864.9,641.4,567.8,1115.2,793.5,680.0,708.1,652.6,0.8473,0.9194,639.2,537.8,511.2,41.3,177.2,808.0,551.3,531.6,505.8,483.2,469.0,441.7,420.4,434.3,470.3,1838.7,1389.7,1832.7,47.1,145.3,1898.9,1192.2,1100.6,1049.3,1084.9,1090.2,1133.8,1311.1,1540.2,1778.5
GRE,00612,GR911,GRE-911,CHIMERA,ATLANTIC 31 mod.,"AKROPRORO, CHALKIS",JACOPIN & JACOPIN,1990,IOAThA,,,,ORC,CLUB,C,524,07 05 2026 08:52:07,9.191,8.360,1.632,3.41,4944.,103.8,0.55,760.8,0.7091,846.2,0.8948,670.6,1322.5,1050.1,900.7,804.8,746.3,714.1,655.9,0.0,0.0,0.0,0.0,0.0,0.0,0.0,996.6,804.0,702.0,642.4,606.6,585.3,547.1,0.0,0.0,0.0,0.0,0.0,0.0,0.0,1308.2,977.6,800.4,691.4,630.6,589.0,521.5,48.5,46.7,46.1,45.3,44.5,44.1,40.4,147.9,151.4,151.8,158.6,164.6,170.9,177.2,1466.3,1184.6,1040.4,948.3,890.5,865.1,796.5,914.4,749.0,662.9,611.5,582.9,569.4,552.8,831.5,691.2,617.6,577.9,556.2,544.4,537.0,760.9,639.7,579.3,549.2,531.1,518.4,504.7,746.3,626.7,566.7,536.9,517.8,502.5,477.9,755.0,623.4,560.1,529.0,507.7,489.6,461.3,785.6,638.5,567.2,532.0,508.4,487.2,450.5,884.5,696.0,595.1,548.3,520.9,498.4,455.7,1020.9,793.7,659.9,583.3,544.6,520.1,478.8,1178.8,915.6,761.0,661.4,602.0,563.1,515.3,0.6665,0.8998,1.0411,0.5058,0.7121,0.8567,0.0,0.0000,2026,0.8137,737.3,03420004OTU,6.659,5649,22.7,17.2,15.2,75.7,0.0,900.2,666.8,576.3,1186.2,842.6,700.4,747.9,664.9,0.8022,0.9024,632.6,527.3,501.3,40.7,176.3,787.0,542.2,524.8,499.6,462.7,435.4,427.9,422.1,440.9,478.2,1965.0,1452.2,1945.0,50.8,144.9,2164.9,1334.3,1179.8,1052.1,1027.0,1079.3,1123.7,1291.2,1528.6,1765.1
GRE,02250,GR9122,GRE-9122,FIZZY,FIRST 36,BENETEAU,MANUARD,2022,NOPF,,,,ORC,CLUB,C,712,15 04 2026 09:40:57,10.966,10.545,2.240,3.79,4800.,0.0,0.18,579.3,0.9397,638.5,1.1650,515.0,956.7,767.4,663.2,608.0,582.2,562.5,523.5,0.0,0.0,0.0,0.0,0.0,0.0,0.0,733.6,600.1,533.3,497.0,476.0,459.2,429.4,0.0,0.0,0.0,0.0,0.0,0.0,0.0,951.1,720.4,599.1,530.4,493.9,463.1,409.7,44.1,41.7,39.8,38.5,37.9,38.2,38.4,142.4,146.2,148.0,152.4,153.2,151.4,143.8,1012.9,822.0,723.9,677.6,659.8,650.0,642.9,658.6,551.3,499.7,475.9,466.0,460.4,454.8,622.3,528.7,485.4,463.0,451.4,445.1,437.6,600.0,514.0,475.2,451.9,433.8,422.0,409.8,591.3,498.0,465.3,449.1,430.8,411.9,386.7,570.6,481.3,441.7,414.3,397.8,383.7,359.4,580.9,485.7,444.0,411.4,384.3,364.9,333.1,654.8,522.6,465.7,431.2,400.4,369.0,301.1,779.9,617.3,521.8,468.3,438.4,411.8,350.0,900.5,712.9,602.5,538.5,504.5,475.1,404.2,0.8998,1.1709,1.3268,0.6960,0.9475,1.0854,0.0,0.0000,2026,1.0694,561.0,03420004LC9,10.129,5794,29.4,39.6,36.0,0.0,141.6,666.8,512.4,452.2,862.1,633.2,552.8,563.5,517.5,1.0648,1.1595,481.5,404.1,383.4,39.5,143.4,651.3,455.3,436.7,404.6,374.3,337.9,304.4,257.9,270.0,311.8,1384.4,1048.4,1377.1,46.3,139.4,1458.3,925.6,858.0,813.4,834.1,807.9,832.3,938.5,1135.1,1310.6
GRE,00440,GR914,GRE-914,ARMENISTIS,OCEANIS 320,BENETEAU,PH.BRIAND,1988,IO HALKIDAS,,,,ORC,CLUB,C,600,15 04 2026 23:53:42,9.187,8.196,1.423,3.26,4407.,0.0,0.49,721.7,0.7610,788.4,0.9374,640.1,1201.0,964.0,834.4,750.7,700.6,673.2,649.3,0.0,0.0,0.0,0.0,0.0,0.0,0.0,922.3,754.3,665.6,614.7,585.1,567.3,545.3,0.0,0.0,0.0,0.0,0.0,0.0,0.0,1194.7,904.5,750.4,656.8,607.2,573.5,521.4,45.6,43.8,43.3,41.9,40.8,40.3,40.4,147.6,151.4,153.6,160.1,166.4,174.5,178.1,1264.1,1041.3,923.1,848.8,805.9,788.5,784.8,808.2,677.5,610.8,577.6,559.3,549.4,546.0,757.5,641.7,587.4,561.0,545.4,535.6,530.1,729.4,623.1,571.8,547.1,531.8,520.4,505.0,741.7,627.3,566.0,538.1,523.2,514.0,491.0,740.1,613.1,555.3,527.5,507.7,489.8,460.9,764.3,628.0,562.6,530.7,509.1,488.6,451.0,843.7,680.7,589.4,546.3,521.5,500.5,457.5,985.4,768.9,648.2,578.3,542.6,520.1,480.3,1137.9,886.8,745.7,652.6,595.3,557.9,513.7,0.7157,0.9435,1.0648,0.5543,0.7655,0.8941,0.0,0.0000,2026,0.8597,697.9,03420004LJ9,7.193,5190,21.8,20.4,29.5,62.8,0.0,838.3,635.9,563.5,1082.4,783.8,671.1,697.8,645.2,0.8599,0.9300,643.2,535.1,506.6,41.9,177.2,809.1,547.9,528.8,500.1,473.8,446.5,427.2,423.4,441.8,477.2,1756.7,1319.2,1750.7,48.6,144.2,1816.8,1134.4,1037.0,978.0,1006.6,1042.2,1082.2,1222.3,1469.3,1696.7
GRE,00260,GR915,GRE-915,O PANORMITIS,SEA MINI,KATSOULIS,VAN DE STADT,1985,ASIATh RODOU,,,,ORC,CLUB,C,301,11 06 2026 13:11:31,7.262,6.085,1.353,2.52,1576.,98.3,0.39,800.1,0.6918,867.2,0.8428,711.9,1298.4,1049.9,913.1,825.2,776.6,752.9,730.6,0.0,0.0,0.0,0.0,0.0,0.0,0.0,1008.5,832.1,739.4,685.5,654.0,634.5,609.8,0.0,0.0,0.0,0.0,0.0,0.0,0.0,1295.5,989.3,827.7,730.0,678.3,641.2,581.3,43.4,41.7,40.9,39.4,38.9,38.9,40.1,149.8,154.1,159.7,165.1,174.9,178.1,178.6,1327.9,1109.6,993.0,918.3,885.5,878.3,887.8,872.5,743.8,679.9,647.8,629.8,623.3,619.7,830.5,713.3,659.6,631.9,614.6,605.5,599.1,805.4,695.0,643.5,616.0,597.2,582.1,566.1,816.4,695.5,632.9,602.1,579.0,559.1,536.5,832.0,695.9,632.4,597.3,568.7,541.5,501.4,864.3,715.5,642.9,605.2,576.1,546.8,498.3,959.0,774.8,676.4,625.9,593.9,565.0,510.6,1098.9,861.8,733.4,659.7,618.5,589.5,535.2,1268.9,990.3,833.2,732.2,667.8,627.5,573.4,0.6520,0.8477,0.9522,0.5110,0.6968,0.7995,0.0,0.0000,2026,0.7766,772.6,03420004STW,5.687,1984,11.8,13.6,10.5,23.4,0.0,920.2,707.8,630.1,1174.2,861.1,750.5,770.4,722.1,0.7788,0.8309,726.6,599.2,564.8,43.0,178.1,929.0,625.3,599.9,558.0,522.5,474.1,464.2,466.6,489.6,524.3,1881.9,1424.2,1882.9,46.3,145.7,1872.2,1190.5,1109.9,1061.8,1089.4,1151.4,1211.3,1388.3,1638.2,1891.6
GRE,00253,GR920,GRE-920,ANNA MARIA II,ATLANTIC 31,ATLANTIC,JACOPIN & JACOPIN,1990,NAOEFK,,,,ORC,CLUB,C,465,10 03 2026 17:54:40,9.191,8.017,1.594,3.41,4074.,0.0,0.43,713.4,0.7730,776.2,0.9485,632.6,1181.9,948.6,820.4,739.1,690.7,664.1,638.5,0.0,0.0,0.0,0.0,0.0,0.0,0.0,912.4,746.3,658.3,607.7,578.0,559.6,536.1,0.0,0.0,0.0,0.0,0.0,0.0,0.0,1176.9,891.8,740.2,648.4,599.7,565.8,512.8,44.5,42.7,41.8,40.4,39.3,39.2,39.6,147.5,151.4,154.1,160.1,166.4,172.7,177.7,1231.3,1013.5,896.9,825.6,787.0,772.3,769.6,797.1,670.5,605.9,572.6,554.3,545.1,540.8,752.9,640.2,585.7,557.7,541.2,531.3,525.1,728.9,622.7,571.4,544.6,528.0,515.5,499.4,743.1,624.5,563.5,535.1,520.0,508.8,483.1,737.6,611.9,553.1,523.5,501.9,482.4,454.2,763.0,628.0,561.1,526.6,502.5,479.8,440.9,841.9,679.1,589.4,543.7,515.8,491.6,446.3,980.8,766.1,647.4,578.1,539.9,514.6,469.7,1132.5,883.6,743.9,652.5,594.4,556.0,507.3,0.7234,0.9544,1.0804,0.5633,0.7777,0.9075,0.0,0.0000,2026,0.8713,688.6,03420004HBK,7.280,4720,20.8,20.4,30.0,64.9,0.0,829.4,628.7,555.3,1065.2,771.5,661.2,687.5,640.3,0.8727,0.9370,626.1,523.0,496.6,41.1,176.3,785.5,541.7,523.1,492.9,465.0,439.4,418.0,410.3,430.7,466.7,1723.1,1300.8,1719.2,47.5,143.9,1762.1,1110.6,1026.2,976.6,1007.4,1034.7,1076.6,1219.6,1458.5,1684.1
GRE,00135,GR922,GRE-922,PELISSIMA,FIRST 38,BENETEAU,JEAN BERRET,1984,IOP,,,,ORC,CLUB,C,480,18 03 2026 11:53:25,11.698,9.972,2.211,3.89,8860.,115.2,0.61,681.5,0.8092,741.4,0.9985,600.9,1161.8,917.1,785.8,704.6,654.0,624.9,596.1,0.0,0.0,0.0,0.0,0.0,0.0,0.0,894.3,719.5,626.7,574.2,544.1,525.8,504.5,0.0,0.0,0.0,0.0,0.0,0.0,0.0,1157.2,862.0,706.9,613.8,564.8,531.6,483.4,44.6,42.3,40.8,40.1,39.7,39.2,38.9,146.9,150.1,152.9,156.8,163.3,169.3,178.1,1206.9,973.1,853.2,782.7,743.0,725.0,714.8,781.4,647.8,577.2,538.2,518.8,508.6,502.2,737.2,618.4,555.0,522.5,505.2,495.3,487.7,711.2,598.8,539.3,509.9,492.8,481.8,468.4,728.6,600.5,533.2,502.8,489.5,476.8,457.1,714.8,584.9,520.9,490.6,472.1,457.6,438.9,742.0,601.5,528.4,493.5,472.5,455.5,424.4,825.7,655.4,560.5,510.7,483.6,464.2,427.8,967.0,745.8,623.8,548.9,507.4,482.9,446.9,1116.6,861.0,718.4,626.5,565.0,524.8,477.4,0.7436,1.0062,1.1486,0.5773,0.8144,0.9656,0.0,0.0000,2026,0.9156,655.3,03420004I6H,8.626,9592,31.8,32.8,41.3,95.7,0.0,806.9,596.3,522.4,1039.3,736.7,621.4,653.5,611.0,0.9182,0.9820,585.7,493.4,470.5,39.8,177.4,726.5,503.9,487.4,463.9,443.2,426.1,407.0,396.9,411.8,444.9,1724.0,1303.9,1719.1,46.8,144.3,1772.6,1121.2,1036.8,988.3,1024.4,1023.5,1070.4,1218.2,1450.9,1675.4
GRE,00187,GR923,GRE-923,FATA MORGANA,SUNRISE,JEANNEAU,JACQUES FAUROUX,1986,PEKEV,,,,ORC,CLUB,C,400,12 08 2026 11:21:16,10.045,8.753,1.824,3.50,4977.,103.5,0.33,679.5,0.8008,749.2,0.9911,605.4,1114.0,895.2,778.1,714.1,681.1,660.1,638.7,0.0,0.0,0.0,0.0,0.0,0.0,0.0,856.0,700.9,623.2,582.7,560.5,545.9,527.6,0.0,0.0,0.0,0.0,0.0,0.0,0.0,1108.6,840.5,701.4,622.1,581.9,551.5,503.5,44.4,42.1,40.8,39.7,39.2,39.0,39.3,144.3,147.6,148.7,151.4,156.7,161.2,177.1,1168.0,956.0,847.2,791.1,769.7,760.8,762.6,758.1,638.0,578.3,550.9,539.1,534.4,533.7,716.6,610.4,560.1,536.4,524.8,519.9,517.6,691.4,592.1,546.7,523.9,510.2,501.2,494.3,686.4,577.6,531.9,510.2,497.6,489.8,472.8,678.7,565.9,520.5,495.9,476.9,461.4,438.2,698.7,577.3,525.8,498.4,476.0,455.6,423.1,778.1,627.8,551.1,514.7,489.8,466.9,424.1,918.1,722.5,614.0,552.7,520.6,498.9,460.5,1060.1,834.3,709.0,637.1,592.5,559.4,514.7,0.7708,0.9992,1.1057,0.5973,0.8083,0.9128,0.0,0.0000,2026,0.9104,659.0,03420004WBE,7.939,5575,24.3,25.4,33.5,0.0,79.1,778.4,600.5,542.6,1004.5,742.3,657.3,657.6,611.2,0.9123,0.9818,634.4,519.7,493.1,41.1,177.1,788.7,539.2,519.1,491.2,463.8,421.9,405.4,388.4,423.5,480.0,1621.1,1222.4,1615.2,47.2,140.3,1679.8,1061.3,981.3,931.8,951.4,954.0,984.3,1122.8,1353.0,1562.4
GRE,00076,GR924,GRE-924,SOFAKI,DUFOUR 34,DUFOUR SA,M.DUFOUR,1974,NAOEFK,,,,ORC,CLUB,C,497,09 03 2026 17:17:24,10.284,8.096,1.882,3.27,5832.,0.0,0.67,720.8,0.7536,796.2,0.9362,640.9,1183.4,955.4,833.6,761.4,719.5,693.2,662.7,0.0,0.0,0.0,0.0,0.0,0.0,0.0,912.6,749.0,663.6,616.7,589.5,572.2,550.8,0.0,0.0,0.0,0.0,0.0,0.0,0.0,1179.0,897.9,749.4,659.7,612.4,578.3,526.0,44.2,42.2,41.0,40.2,39.9,39.6,39.7,145.5,147.6,148.3,150.8,155.8,160.8,175.3,1227.6,1011.8,899.0,835.7,806.1,793.2,788.6,798.3,675.1,610.4,577.1,560.9,554.1,549.6,755.5,645.6,589.6,560.9,546.2,538.9,533.4,730.8,625.9,573.7,547.3,531.9,521.3,510.3,744.7,620.6,559.9,532.7,517.5,509.3,491.8,732.8,608.8,551.2,523.1,501.9,483.1,458.0,757.4,626.0,560.1,528.1,505.1,483.7,450.2,841.4,681.7,593.7,547.2,520.8,498.6,458.7,986.6,778.7,665.3,595.5,554.1,529.7,492.1,1139.2,899.1,768.3,687.2,632.9,593.2,536.8,0.7222,0.9426,1.0554,0.5610,0.7584,0.8717,0.0,0.0000,2026,0.8585,698.9,03420004H8I,7.241,6530,25.0,24.9,38.9,0.0,71.6,830.8,636.5,568.5,1069.5,791.1,688.3,694.6,651.9,0.8638,0.9204,651.7,540.2,512.7,40.6,174.9,801.2,550.4,532.0,504.6,479.2,446.6,430.6,431.0,458.4,502.1,1717.7,1294.8,1714.3,47.3,141.5,1752.0,1107.6,1025.1,974.2,1003.4,1020.6,1060.1,1214.2,1458.0,1683.5
GRE,02224,GR9277,GRE-9277,SE GLA UT,NEW GAMBLER 35,,Rolf Magnusson,1979,NAOAPF,,,,ORC,CLUB,C,350,16 06 2026 16:47:05,10.580,8.617,1.937,3.48,6500.,0.0,0.55,678.4,0.8115,739.3,0.9886,606.9,1084.6,879.3,771.1,708.1,671.8,649.0,625.4,0.0,0.0,0.0,0.0,0.0,0.0,0.0,838.9,696.2,624.9,586.6,564.8,549.5,529.5,0.0,0.0,0.0,0.0,0.0,0.0,0.0,1084.4,829.2,699.3,624.7,586.0,555.7,507.2,42.9,40.6,39.7,39.4,39.1,38.9,38.9,146.9,151.6,155.2,161.4,168.7,177.2,178.6,1086.3,910.3,825.4,785.6,768.3,758.6,754.4,719.4,618.7,572.6,551.9,541.3,535.9,531.9,686.6,596.6,557.8,538.8,528.1,521.7,516.7,666.2,582.3,546.7,527.2,514.5,505.3,494.2,677.2,586.0,544.1,521.4,509.4,496.8,477.2,692.6,582.1,536.6,511.9,492.9,476.0,456.8,717.4,596.6,542.5,515.5,495.7,476.8,443.8,799.3,651.8,570.4,531.1,507.2,486.7,446.8,937.7,735.7,625.1,561.3,527.6,505.2,465.6,1082.8,848.4,716.7,630.6,575.3,539.5,496.4,0.7817,0.9949,1.0992,0.6110,0.8171,0.9290,0.0,0.0000,2026,0.9110,658.6,03420004TAT,7.922,7042,25.7,32.1,38.6,70.0,0.0,767.6,603.1,545.9,982.0,734.3,645.9,654.0,615.9,0.9174,0.9741,612.2,518.2,494.4,39.7,178.1,764.5,532.7,515.7,489.2,463.8,445.4,428.7,418.8,430.8,459.9,1562.5,1174.5,1566.7,46.0,142.1,1520.9,967.8,900.8,860.7,886.6,956.7,997.4,1147.2,1389.2,1604.1
GRE,00305,GR931,GRE-931,ROSA F,CARTER 33,OLYMPIC MARINE,R.CARTER,1971,IO PATRON,,,,ORC,CLUB,C,400,25 03 2026 15:31:09,9.961,7.985,1.812,3.33,4992.,111.7,0.65,752.3,0.7317,820.0,0.9019,665.3,1260.5,1002.1,864.9,780.7,730.1,700.1,671.6,0.0,0.0,0.0,0.0,0.0,0.0,0.0,975.1,789.1,691.7,637.2,606.3,586.5,563.8,0.0,0.0,0.0,0.0,0.0,0.0,0.0,1252.7,941.5,778.7,681.4,629.4,592.2,537.2,44.5,42.3,40.9,40.3,40.4,40.4,40.3,148.0,151.4,154.3,159.1,165.3,171.8,178.1,1338.5,1085.3,958.7,887.9,849.4,830.6,823.1,869.2,723.5,648.4,606.6,584.6,572.5,565.8,822.4,691.7,622.5,586.6,566.7,555.1,546.6,797.7,670.4,603.0,569.3,549.8,537.0,521.5,792.1,655.0,587.8,556.7,543.4,529.8,506.6,773.0,637.0,571.1,539.6,519.0,502.4,482.8,800.9,653.4,577.5,541.1,517.9,497.9,465.6,887.9,708.0,608.1,557.6,528.9,506.3,465.3,1024.1,796.8,670.9,594.4,553.0,527.3,485.3,1182.5,918.9,771.0,673.5,610.7,569.6,520.2,0.6802,0.9087,1.0293,0.5304,0.7366,0.8609,0.0,0.0000,2026,0.8286,724.1,03420004IWB,6.821,5570,21.9,20.6,27.9,68.1,0.0,882.1,660.3,582.9,1131.2,814.6,696.9,728.9,667.5,0.8232,0.8989,664.5,555.4,525.9,41.6,177.2,846.5,571.4,548.2,517.0,490.9,471.7,451.4,436.9,449.2,482.4,1862.3,1414.8,1852.7,46.6,145.1,1958.4,1241.7,1152.1,1104.0,1127.3,1093.3,1141.3,1293.2,1529.7,1766.3
GRE,00654,GR933,GRE-933,VENTUS,SUN FAST 37,JEANNEAU,J. FAUROUX,2000,NAS,,,,ORC,INTL,C,630,13 03 2026 11:52:21,10.944,9.834,2.099,3.71,6620.,106.6,0.33,655.7,0.8412,713.3,1.0337,580.5,1096.5,875.5,754.6,678.7,632.9,607.4,580.4,0.0,0.0,0.0,0.0,0.0,0.0,0.0,844.4,687.1,604.4,556.8,529.2,512.4,490.7,0.0,0.0,0.0,0.0,0.0,0.0,0.0,1092.5,822.8,680.2,594.1,549.1,518.2,470.2,44.0,41.8,40.4,39.5,38.5,38.2,38.1,146.2,150.5,153.7,158.8,165.3,172.3,178.1,1137.0,928.2,817.5,750.5,715.9,702.5,694.3,741.1,621.2,558.0,524.0,506.9,498.9,493.1,702.0,594.3,539.3,510.6,494.7,486.0,479.3,679.1,576.7,525.7,499.6,483.2,471.7,458.6,681.1,566.3,512.2,487.5,475.9,466.0,443.5,674.1,558.0,505.0,478.3,459.0,443.0,423.2,698.9,575.0,513.2,482.2,460.8,441.8,409.0,778.9,627.0,543.7,500.2,474.2,452.9,413.7,914.6,712.8,601.7,534.8,497.5,473.7,434.0,1056.1,822.7,691.8,606.9,549.9,512.3,466.4,0.7835,1.0406,1.1801,0.6085,0.8463,0.9940,0.0,0.0000,2026,0.9489,632.3,03420004HM4,8.876,7492,29.5,37.8,28.5,83.8,0.0,765.8,576.6,508.4,986.0,709.0,603.6,629.8,590.0,0.9526,1.0170,565.3,476.9,455.6,38.8,177.4,700.2,492.3,477.4,452.7,429.7,409.9,390.1,378.7,397.3,430.4,1606.2,1211.9,1602.7,46.7,142.2,1641.1,1040.1,965.9,919.6,947.8,946.1,986.0,1132.8,1360.7,1571.2
GRE,00910,GR95,GRE-95,MARPISSA,LC-26 IMS RACER,DROMOR YACHTS,TRIANTAFILLOPOULOS,1994,IO CHALKIDAS,,,,ORC,CLUB,S,298,29 04 2026 07:11:42,7.960,7.393,1.793,2.80,1772.,0.0,0.18,686.4,0.8037,746.5,0.9805,611.9,1114.7,892.9,773.3,711.4,679.7,659.4,631.3,0.0,0.0,0.0,0.0,0.0,0.0,0.0,861.5,706.9,631.0,591.2,567.2,549.7,524.0,0.0,0.0,0.0,0.0,0.0,0.0,0.0,1111.5,841.4,703.4,629.2,588.3,554.0,498.7,43.0,40.7,38.8,37.4,37.5,37.7,38.6,146.4,150.5,154.8,162.6,169.6,171.1,166.4,1146.5,940.3,834.3,792.6,780.8,776.3,781.7,755.8,639.1,587.6,566.5,558.7,554.9,552.9,719.1,617.0,573.6,551.9,541.7,536.8,533.4,697.6,602.6,562.2,536.3,518.2,508.0,498.8,701.3,594.1,553.7,533.8,509.5,489.9,466.9,692.7,584.4,539.2,506.5,483.4,468.3,445.2,717.0,597.8,545.7,507.9,476.4,448.4,412.0,797.5,644.6,572.0,530.4,494.0,459.9,389.7,937.8,732.4,621.2,563.8,526.3,492.9,427.2,1082.8,845.4,712.2,630.2,578.6,542.5,481.0,0.7651,0.9867,1.1021,0.5977,0.8117,0.9175,0.0,0.0000,2026,0.9044,663.4,03420004NIO,7.246,2203,14.7,19.6,16.1,46.5,0.0,784.2,608.1,544.4,1003.8,739.2,654.0,665.3,616.9,0.9018,0.9726,610.9,505.5,480.2,40.4,143.0,816.5,559.7,537.8,496.1,456.6,422.1,388.5,317.7,350.9,405.2,1620.9,1227.5,1619.0,45.5,141.9,1639.3,1050.1,981.0,938.2,968.2,968.3,1006.3,1152.4,1387.7,1602.4
GRE,00975,GR9536,GRE-9536,STAR POINT,BH 36,BASHFORD HOWISON,IAN MURRAY,1996,NOTK,,,,ORC,INTL,R,675,12 08 2026 11:19:43,10.970,10.196,2.263,3.41,4921.,114.7,0.00,604.8,0.9091,660.0,1.1153,538.0,998.7,797.6,688.6,628.3,595.6,575.1,548.8,0.0,0.0,0.0,0.0,0.0,0.0,0.0,765.3,625.5,556.0,518.5,496.8,481.6,457.6,0.0,0.0,0.0,0.0,0.0,0.0,0.0,997.2,750.2,623.3,552.2,515.4,486.6,436.7,43.6,41.0,39.3,37.8,37.2,37.1,37.5,142.3,148.3,152.0,158.0,165.3,170.9,172.7,1013.7,828.1,732.7,688.2,672.0,663.9,659.0,665.7,561.1,512.9,491.7,482.8,478.8,473.9,632.8,540.8,500.7,480.7,470.2,465.8,459.9,614.5,528.4,491.0,471.0,456.0,445.8,436.0,597.8,511.6,476.4,455.7,442.3,433.7,414.8,617.1,514.1,472.6,445.6,423.4,405.5,379.1,636.5,525.2,479.2,450.7,425.4,401.6,357.7,714.0,573.9,505.0,470.7,443.8,418.6,364.9,852.0,664.3,559.1,501.2,469.6,444.5,396.2,983.8,767.1,644.5,568.4,519.2,486.3,438.6,0.8628,1.1225,1.2594,0.6680,0.9170,1.0520,0.0,0.0000,2026,1.0252,585.3,03420004WBD,9.806,5848,27.0,36.3,29.9,93.9,79.1,695.4,534.5,476.4,898.2,654.3,570.3,581.4,547.8,1.0320,1.0953,530.1,438.7,417.1,38.7,158.8,668.7,475.6,459.3,431.1,403.8,357.1,325.6,304.9,341.3,391.5,1454.1,1093.8,1453.8,45.9,138.9,1457.1,931.0,868.9,830.9,822.3,858.8,903.2,1036.3,1256.7,1451.1
GRE,00385,GR957,GRE-957,EL PRINE,CARIBBEAN 40 ST.XT,CUSTOM MADE,VAN DE STADT,1988,NAOEFK,,,,ORC,CLUB,C,500,02 09 2026 11:49:36,12.520,10.083,1.996,3.89,8606.,108.1,0.28,628.1,0.8723,687.9,1.0706,560.4,1021.0,823.7,717.7,657.7,623.0,601.1,577.8,0.0,0.0,0.0,0.0,0.0,0.0,0.0,784.6,647.7,578.1,540.7,519.3,504.8,485.8,0.0,0.0,0.0,0.0,0.0,0.0,0.0,1019.2,775.1,648.9,576.8,538.8,509.7,463.5,44.3,42.1,40.7,39.9,39.3,39.1,39.2,145.3,150.3,153.7,159.2,165.9,171.8,178.1,1039.5,861.3,771.6,730.0,712.9,704.7,702.4,675.7,576.0,528.6,507.9,498.9,494.2,490.5,639.5,552.6,513.2,494.2,484.8,480.3,475.6,615.8,537.2,501.5,482.4,470.7,462.9,454.4,624.5,540.1,500.2,478.4,463.9,452.2,433.8,641.6,537.4,491.8,468.0,450.9,436.5,418.2,662.3,550.6,497.5,469.9,449.9,430.9,401.2,737.8,597.3,523.9,484.5,460.8,440.2,400.8,868.3,680.9,577.4,517.1,482.3,459.9,419.4,1002.6,786.1,663.7,585.4,533.1,497.5,453.2,0.8378,1.0777,1.1969,0.6505,0.8787,1.0036,0.0,0.0000,2026,0.9842,609.6,0342000500Q,9.226,9367,32.5,47.5,48.1,97.6,0.0,716.2,556.7,501.3,922.4,682.8,597.8,606.2,567.7,0.9898,1.0569,564.6,475.1,451.6,40.2,176.8,713.2,490.9,474.5,449.0,422.3,409.8,388.0,372.0,386.0,416.0,1472.1,1103.2,1472.6,47.2,140.0,1467.3,925.2,851.4,801.5,821.2,890.8,925.4,1063.3,1279.0,1476.9
GRE,00360,GR960,GRE-960,NEMESIS,FIRST 42 S7 (WK),BENETEAU,B. FARR,1993,SEANATK,,,,ORC,CLUB,C,620,17 04 2026 10:12:00,12.688,11.157,1.798,4.13,8964.,109.7,0.34,620.6,0.8814,680.8,1.0916,549.6,1048.1,832.4,715.4,646.5,608.2,584.6,559.8,0.0,0.0,0.0,0.0,0.0,0.0,0.0,799.6,648.3,569.7,526.7,503.2,488.0,468.7,0.0,0.0,0.0,0.0,0.0,0.0,0.0,1044.9,781.3,643.3,563.2,522.5,492.8,446.6,45.4,43.4,41.8,40.7,40.2,39.9,40.0,144.9,148.9,151.4,156.3,163.3,169.1,177.7,1080.0,877.0,772.4,717.6,695.3,684.4,679.1,691.6,577.0,519.8,492.4,479.9,474.4,469.6,648.1,549.1,501.1,477.8,465.9,460.3,454.8,620.6,530.2,487.4,465.6,452.6,443.8,434.2,632.2,534.1,487.0,462.9,447.6,435.6,417.6,641.4,527.2,475.7,450.7,433.6,419.8,401.6,663.0,541.2,482.3,453.4,433.6,416.1,386.3,742.3,591.3,510.2,468.9,445.0,425.5,388.5,880.1,682.2,570.7,503.9,467.7,445.3,408.4,1016.2,787.8,658.4,575.3,521.2,484.8,440.6,0.8288,1.1003,1.2383,0.6381,0.8884,1.0323,0.0,0.0000,2026,0.9999,600.1,03420004LRI,9.908,9890,35.3,45.1,43.3,107.7,0.0,723.9,545.3,484.5,940.3,675.4,581.2,596.8,558.0,1.0054,1.0752,547.9,456.7,433.6,41.0,176.3,688.9,469.9,453.6,428.9,406.5,388.3,368.3,353.9,372.4,406.8,1539.5,1151.4,1537.1,48.2,138.9,1563.5,978.2,894.0,839.5,865.2,912.5,946.9,1088.7,1312.4,1515.4
GRE,00555,GR970,GRE-970,PEGA,X-362 Sport,X-YACHTS,N.JEPPESEN,1993,HORC,,,,ORC,INTL,C,710,02 09 2026 11:42:55,10.718,9.712,2.230,3.45,5198.,115.5,0.04,618.9,0.8911,673.3,1.0865,552.2,1004.1,807.4,701.6,643.6,609.9,588.8,562.3,0.0,0.0,0.0,0.0,0.0,0.0,0.0,773.1,637.4,569.7,533.6,511.9,496.8,475.0,0.0,0.0,0.0,0.0,0.0,0.0,0.0,1006.2,761.9,637.2,567.6,531.0,502.3,455.2,42.3,40.3,38.5,37.3,36.8,36.7,37.1,144.8,149.4,153.2,159.2,166.4,174.1,177.2,982.9,815.0,731.3,696.3,682.4,675.3,669.5,650.9,557.8,517.3,500.1,493.0,488.8,483.9,621.1,540.5,506.1,489.1,480.6,475.9,469.6,603.2,529.8,498.0,478.6,465.4,457.3,447.3,616.8,533.9,498.5,477.0,459.9,445.9,427.6,643.4,536.4,492.8,466.7,445.9,429.4,409.6,667.4,551.5,500.2,471.2,447.8,426.7,391.3,749.5,603.8,528.0,490.3,464.2,440.4,395.2,887.9,692.7,584.0,522.0,488.4,463.8,419.8,1025.2,799.8,672.0,590.9,537.4,502.3,455.2,0.8508,1.0932,1.2184,0.6624,0.8980,1.0271,0.0,0.0000,2026,1.0003,599.8,0342000500O,9.455,6164,26.8,39.5,38.0,80.9,0.0,705.2,548.8,492.4,905.8,668.2,584.2,591.6,566.9,1.0142,1.0583,545.8,459.2,439.5,38.1,175.0,676.2,483.2,467.5,441.5,416.3,395.0,370.4,347.0,375.8,415.4,1452.4,1091.5,1459.2,45.7,139.4,1384.5,885.4,827.1,791.2,816.4,900.5,939.2,1086.9,1316.6,1520.3
GRE,00856,GR973,GRE-973,CHIMERA,RIMAR 36 Modified,RIMAR,FINOT,2000,IO HALKIDAS,,,,ORC,INTL,C,450,14 05 2026 09:48:47,10.815,10.036,2.218,3.50,4970.,112.2,0.18,627.5,0.8702,689.5,1.0714,560.0,1020.4,818.9,714.6,659.9,628.2,608.3,584.2,0.0,0.0,0.0,0.0,0.0,0.0,0.0,785.7,644.7,575.5,540.6,520.2,506.0,486.9,0.0,0.0,0.0,0.0,0.0,0.0,0.0,1018.9,771.1,646.0,577.2,539.6,509.8,463.3,43.0,40.8,39.6,39.2,39.2,39.3,39.9,144.8,148.9,152.3,158.0,165.1,170.0,170.9,1035.2,854.1,771.3,741.6,729.8,724.5,726.7,681.6,578.2,531.5,514.5,507.7,503.9,501.7,647.8,555.8,514.5,497.9,491.4,487.4,484.2,625.5,540.4,501.8,482.3,471.0,465.0,457.5,637.1,544.2,501.1,477.6,460.3,447.4,432.4,635.9,530.3,486.3,462.4,447.0,435.4,422.8,654.9,541.3,490.3,460.9,437.3,419.1,396.1,732.6,588.9,514.8,477.0,448.6,423.0,373.5,870.8,678.6,570.8,509.2,475.2,448.4,398.8,1005.5,783.6,657.8,578.2,526.6,492.0,441.6,0.8390,1.0795,1.1943,0.6525,0.8779,0.9930,0.0,0.0000,2026,0.9855,608.8,03420004PST,9.072,5652,26.9,35.5,33.9,91.9,0.0,715.1,555.8,502.4,919.5,683.4,604.2,609.2,563.6,0.9849,1.0646,574.5,476.1,452.4,41.8,158.4,755.6,508.5,488.5,455.8,425.3,403.7,384.2,327.9,342.9,393.5,1481.6,1117.5,1482.1,46.0,139.5,1477.2,941.4,876.4,835.8,864.4,893.4,926.2,1064.4,1287.0,1486.1
GRE,00123,GR976,GRE-976,ELLINAS,RODOS 39,SUNBIRD,R.HOLLAND,1990,"NASK ""AEOLOS""",,,,ORC,INTL,C,664,25 05 2026 17:53:11,11.645,9.989,1.884,3.71,7341.,113.9,0.42,660.8,0.8266,725.9,1.0239,586.0,1108.7,883.7,761.9,690.9,650.5,625.5,595.0,0.0,0.0,0.0,0.0,0.0,0.0,0.0,846.9,687.8,607.4,563.4,537.5,520.3,496.7,0.0,0.0,0.0,0.0,0.0,0.0,0.0,1105.6,829.1,685.6,601.4,557.9,526.2,477.1,44.8,42.8,41.2,39.5,38.4,37.8,37.4,143.9,147.1,148.5,150.7,155.8,160.9,176.4,1139.5,927.2,813.8,748.2,714.7,699.5,688.7,735.1,613.3,554.3,526.2,511.2,502.3,495.3,692.5,585.8,537.6,514.2,500.4,491.0,483.4,668.7,569.2,525.9,503.9,489.4,478.7,463.5,661.5,555.4,512.0,489.5,474.1,461.9,444.3,680.2,559.7,510.1,484.5,465.2,446.9,413.5,702.6,575.1,517.9,489.6,469.0,449.4,410.1,787.4,629.8,547.4,507.8,483.8,464.4,423.6,933.5,727.5,615.0,549.1,513.6,491.7,458.6,1077.9,840.1,710.1,633.6,586.4,551.5,501.2,0.7819,1.0310,1.1634,0.6023,0.8327,0.9673,0.0,0.0000,2026,0.9382,639.5,03420004R5A,8.978,8274,29.6,29.9,41.6,0.0,78.2,767.4,582.0,515.7,996.2,720.5,620.3,631.2,600.1,0.9505,0.9998,581.6,483.1,461.5,37.9,176.6,693.6,494.7,480.1,456.7,434.4,396.4,383.4,388.6,423.7,469.6,1627.5,1219.6,1625.2,47.5,140.3,1650.0,1037.9,957.0,907.5,919.9,954.7,1001.8,1153.0,1389.9,1605.0
GRE,00585,GR981,GRE-981,SUPER DOOPER,SUNWIND 33,OY NYKRA AB,TORD SUNDEN,1984,NOKI,,,,ORC,CLUB,C,480,03 06 2026 18:53:58,10.100,8.796,1.910,3.25,4350.,0.0,0.16,670.4,0.8255,726.9,1.0032,598.1,1095.8,873.6,757.7,692.9,657.0,635.0,607.9,0.0,0.0,0.0,0.0,0.0,0.0,0.0,840.0,687.3,615.3,577.6,555.9,540.5,515.7,0.0,0.0,0.0,0.0,0.0,0.0,0.0,1096.8,823.2,687.8,614.0,576.1,546.7,496.4,43.4,40.8,38.9,37.9,37.2,36.8,36.6,145.6,150.1,153.0,161.9,170.4,178.1,178.6,1085.6,892.3,803.2,763.7,745.9,735.8,725.7,714.0,606.7,565.2,547.5,539.6,534.8,528.8,678.6,586.5,552.0,535.6,527.2,522.2,515.2,657.1,573.6,541.6,524.0,512.2,504.0,493.3,671.6,572.9,533.8,512.7,497.8,488.2,471.1,680.1,570.6,530.8,507.2,486.1,465.2,430.2,710.8,585.7,537.2,511.0,488.9,466.6,425.2,804.3,642.0,562.2,526.7,502.4,479.2,430.6,957.8,740.6,618.7,555.4,524.1,501.1,454.8,1106.0,854.9,712.3,622.1,568.2,534.1,490.0,0.7857,1.0103,1.1214,0.6093,0.8326,0.9519,0.0,0.0000,2026,0.9238,649.5,03420004S16,8.221,5017,22.8,36.4,26.3,62.6,47.9,763.7,593.9,535.0,984.7,720.6,630.3,642.9,608.7,0.9333,0.9857,587.2,497.9,476.4,37.1,176.8,728.1,526.6,512.1,485.9,456.2,414.3,395.1,391.8,409.3,446.4,1603.4,1203.0,1608.2,45.8,141.5,1554.8,992.1,924.7,885.1,915.5,959.5,1010.0,1176.6,1430.6,1651.9
GRE,02165,GR9980,GRE-9980,ALISACHNI,ITALIA 9.98 Bellissima,ITALIA YACHTS,POLLI,2014,NO KALAMAKIOU,,,,ORC,INTL,C,620,02 09 2026 11:38:39,10.300,9.595,1.938,3.54,5274.,0.0,0.21,622.8,0.8722,687.9,1.0797,555.7,1017.4,821.6,713.1,655.3,627.5,608.9,585.5,0.0,0.0,0.0,0.0,0.0,0.0,0.0,778.5,641.8,572.6,535.9,515.6,501.5,480.7,0.0,0.0,0.0,0.0,0.0,0.0,0.0,1011.0,770.8,643.6,571.7,534.9,505.8,460.0,44.1,41.8,40.2,39.2,38.7,38.5,39.7,143.4,147.5,148.7,152.8,157.3,161.0,159.5,1081.2,885.9,784.8,734.2,714.3,704.9,701.6,703.2,593.6,539.6,513.2,501.2,495.9,491.1,665.1,568.8,523.4,499.8,487.4,481.5,475.4,639.7,545.5,506.1,488.7,473.4,462.9,452.0,609.8,525.2,489.1,468.9,456.6,448.4,432.9,605.2,514.3,476.8,453.0,436.7,424.9,397.9,618.0,519.8,479.9,452.7,429.5,410.3,385.6,697.1,560.1,499.8,469.1,442.6,417.9,370.3,825.8,655.8,555.4,501.6,474.9,452.7,410.7,953.5,757.3,641.4,576.4,540.6,512.8,469.3,0.8449,1.0871,1.2066,0.6525,0.8805,0.9921,0.0,0.0000,2026,0.9917,605.0,0342000500N,8.934,6134,26.2,36.1,31.0,0.0,118.1,710.1,551.9,497.3,919.5,681.4,604.8,606.7,556.9,0.9890,1.0774,565.1,463.0,441.3,41.2,142.2,716.3,492.6,476.0,447.1,420.7,380.1,357.2,313.1,358.4,413.9,1465.3,1102.6,1457.2,46.5,139.7,1546.5,979.7,907.6,861.5,826.0,849.6,875.1,992.3,1198.6,1384.1
GRE,02384,GR640,GRΕ-640,FEEL FREE ΙΙ,MELGES 24 OD,ROWEN,REICHEL/PUGH,1992,NAO KERKYRAS,,,,ORC,INTL,S,410,30 07 2026 09:04:31,7.509,7.268,1.525,2.49,823.,89.4,0.00,627.4,0.8552,701.6,1.0759,557.7,1028.3,830.9,730.3,679.8,644.0,611.1,543.9,0.0,0.0,0.0,0.0,0.0,0.0,0.0,790.2,655.7,585.6,542.7,510.8,484.9,440.5,0.0,0.0,0.0,0.0,0.0,0.0,0.0,1022.2,781.4,658.7,582.1,531.6,487.3,410.9,44.3,42.3,39.8,38.3,38.2,38.3,38.9,143.1,147.6,152.0,150.3,146.7,145.2,141.3,1089.9,895.7,799.2,764.1,752.9,748.1,744.6,708.0,600.5,557.2,534.0,523.1,515.9,507.7,669.2,579.1,538.6,508.7,496.0,486.8,476.2,645.2,567.4,520.9,479.9,456.5,442.2,423.8,635.5,548.9,510.0,475.5,431.3,403.7,375.0,622.0,532.6,469.1,430.2,402.7,380.0,341.7,636.2,542.1,475.5,415.6,378.6,353.8,313.3,705.3,580.3,514.8,455.3,397.2,345.8,269.8,837.2,663.5,574.3,515.9,463.4,410.6,297.3,966.8,766.1,661.4,595.5,535.0,474.2,343.3,0.8299,1.0744,1.2638,0.6454,0.8568,1.0098,0.0,0.0000,2026,0.9865,608.2,03420004VS6,7.453,1328,12.1,22.1,11.9,0.0,52.2,723.0,558.5,474.8,929.7,700.3,594.2,620.4,555.4,0.9671,1.0804,511.8,416.8,384.2,40.3,146.5,758.9,509.3,473.6,413.9,358.0,298.1,275.5,235.7,229.2,264.7,1479.7,1121.2,1472.1,46.3,139.9,1556.1,988.5,916.6,867.8,890.4,867.6,895.7,1007.6,1215.3,1403.3
GRE,02311,I10196,ITA-10196,MWENZI,BALTIC 38 DP,Baltic Yachts,Douglas Peterson,1982,NOEF,,,,ORC,CLUB,C,604,26 03 2026 10:39:43,11.448,9.523,2.157,3.61,6500.,0.0,0.09,619.7,0.8944,670.8,1.0798,555.7,981.2,795.8,696.5,642.1,612.1,593.2,570.9,0.0,0.0,0.0,0.0,0.0,0.0,0.0,759.8,632.5,570.9,538.3,519.3,505.7,486.6,0.0,0.0,0.0,0.0,0.0,0.0,0.0,980.2,751.3,635.1,571.3,537.8,511.1,468.8,42.6,40.8,38.9,37.4,36.7,36.7,37.0,145.7,149.8,153.3,160.6,167.3,174.5,176.8,990.6,824.9,742.9,705.8,691.2,683.8,680.7,653.9,562.7,526.3,509.8,501.8,497.7,495.5,622.9,545.8,515.4,499.9,491.1,486.5,482.9,603.7,535.6,507.5,491.0,479.6,471.2,462.5,614.9,538.8,507.4,488.8,474.8,462.6,443.1,632.0,535.0,498.3,476.9,460.2,447.9,429.6,648.9,544.0,501.8,477.4,456.9,437.7,411.6,718.3,583.7,520.7,489.5,466.6,444.5,404.2,841.5,664.0,565.4,515.3,487.6,466.0,423.4,971.7,766.8,650.0,578.4,533.0,502.7,461.0,0.8619,1.0864,1.1953,0.6753,0.9016,1.0177,0.0,0.0000,2026,0.9979,601.2,03420004J20,9.238,7364,27.7,32.9,48.5,110.3,0.0,696.1,552.3,502.0,888.5,665.5,589.6,596.7,563.2,1.0056,1.0653,557.3,475.9,456.2,38.1,172.7,692.3,497.0,482.4,457.7,430.0,426.1,397.5,374.2,387.2,422.3,1402.8,1059.8,1404.6,46.0,141.7,1385.0,882.3,821.0,781.2,802.2,876.7,903.1,1027.6,1230.3,1420.6
GRE,01193,I16633,ITA-16633,IDHRA,BONIN 33,SERENO BONIN & C.,COSSUTTI-BONIN,1982,IOVATh,,,,ORC,CLUB,C,380,29 04 2026 09:22:28,9.855,8.122,1.983,3.39,4115.,0.0,0.09,665.8,0.8288,723.9,1.0067,596.0,1059.8,859.8,752.6,692.3,659.8,639.7,615.9,0.0,0.0,0.0,0.0,0.0,0.0,0.0,822.0,682.4,613.2,576.4,555.3,540.2,519.3,0.0,0.0,0.0,0.0,0.0,0.0,0.0,1057.8,811.1,684.2,613.2,576.0,546.4,497.3,43.0,40.9,39.3,38.3,38.0,37.9,38.3,146.6,150.9,153.7,161.4,167.8,175.8,176.3,1079.3,899.6,810.7,770.6,755.2,747.7,746.9,713.3,611.7,568.0,548.7,540.0,535.8,532.5,680.3,591.6,554.6,536.9,527.3,522.6,517.5,660.1,578.9,544.5,525.7,512.9,503.7,493.3,672.1,580.4,536.6,514.4,501.3,491.6,470.7,676.8,570.2,527.3,501.6,479.3,459.9,437.4,697.1,582.5,533.4,505.5,481.0,458.2,423.9,769.2,626.1,554.6,519.5,493.3,468.5,426.7,900.9,710.7,604.2,547.4,516.7,492.1,446.1,1040.3,820.1,694.4,614.0,564.5,531.6,485.0,0.7976,1.0131,1.1190,0.6251,0.8354,0.9437,0.0,0.0000,2026,0.9288,646.0,03420004NJB,7.816,4673,20.6,26.6,33.0,78.3,61.3,752.3,592.2,536.2,959.8,718.2,635.8,644.2,601.7,0.9313,0.9972,602.3,507.0,482.9,39.6,176.3,760.5,533.9,516.9,487.1,458.4,424.1,403.2,393.0,407.3,444.1,1516.4,1147.3,1517.0,46.1,139.3,1510.2,963.3,898.8,858.5,882.9,936.2,966.6,1098.4,1318.6,1522.6
GRE,01365,I25305,ITA-25305,GOLD DIGGER,PLATU 25 MOD,BENETEAU,FARR,1997,NCTh,,,,ORC,INTL,S,309,29 07 2026 16:26:23,7.530,7.005,1.904,2.58,1331.,118.0,0.00,679.1,0.8062,744.3,0.9806,611.9,1054.3,859.3,765.2,718.2,691.1,671.1,636.0,0.0,0.0,0.0,0.0,0.0,0.0,0.0,816.4,686.9,628.7,597.2,575.9,558.6,528.8,0.0,0.0,0.0,0.0,0.0,0.0,0.0,1052.9,812.1,698.4,635.6,596.8,563.2,504.6,41.7,39.5,37.9,37.6,37.7,38.1,38.9,145.1,150.1,156.1,164.6,170.4,169.6,154.6,1068.4,898.6,833.5,814.7,807.3,803.8,807.6,715.4,624.0,592.3,581.2,575.2,571.6,568.8,685.0,607.4,577.8,564.6,557.5,552.7,547.7,667.5,595.7,564.1,543.6,530.7,522.6,512.0,666.8,590.5,561.6,534.5,512.9,496.9,476.6,659.3,577.2,539.5,513.7,496.2,480.7,451.5,679.6,585.5,541.3,505.5,476.1,454.7,419.7,756.6,623.1,565.8,524.1,484.4,444.1,370.0,900.9,710.3,610.3,559.6,521.1,483.7,402.9,1040.2,820.0,696.9,621.8,574.8,538.3,464.3,0.7983,0.9838,1.0874,0.6271,0.8121,0.9051,0.0,0.0000,2026,0.9069,661.6,03420004VRN,6.862,1767,12.0,21.0,12.1,44.4,0.0,751.6,609.9,551.8,956.8,738.8,662.9,666.1,608.7,0.9008,0.9856,600.5,506.5,478.9,41.9,147.9,846.5,575.1,549.9,509.1,464.2,418.4,391.2,323.9,306.9,354.4,1500.5,1139.9,1500.5,44.5,139.4,1500.5,970.8,913.4,878.4,904.9,904.9,939.7,1076.9,1299.4,1500.4
GRE,00677,NED4961,NED-4961,FARSIDE XL,X-412 MK II,X-YACHTS,N. JEPPESEN,1994,NOTK,,,,ORC,INTL,C,536,05 04 2026 18:47:58,12.476,10.291,2.221,3.90,7783.,122.8,0.20,611.1,0.8989,667.5,1.1033,543.8,1002.1,806.4,698.9,636.7,601.6,579.3,554.4,0.0,0.0,0.0,0.0,0.0,0.0,0.0,771.5,634.0,562.5,523.6,501.7,486.4,465.9,0.0,0.0,0.0,0.0,0.0,0.0,0.0,1000.0,758.9,631.6,558.3,520.7,491.7,445.7,43.7,41.4,40.1,38.9,38.6,38.5,38.7,145.3,149.6,152.6,157.6,164.4,169.6,176.3,1023.2,843.7,749.3,701.5,682.1,672.0,666.5,669.6,566.8,516.0,492.6,481.5,476.3,472.8,634.8,543.8,501.0,480.2,469.3,463.6,459.2,611.7,528.7,490.4,469.9,457.2,448.2,438.8,622.7,532.4,485.5,463.4,452.7,440.6,421.3,626.5,521.1,475.5,451.3,432.5,416.1,395.8,644.5,532.9,481.9,455.0,434.0,414.3,381.1,720.4,581.6,509.1,471.1,447.0,425.5,386.0,849.6,666.1,563.0,503.1,469.4,446.8,405.4,981.0,769.2,648.5,571.8,521.0,486.6,442.2,0.8537,1.1105,1.2434,0.6635,0.9053,1.0425,0.0,0.0000,2026,1.0138,591.8,03420004KCR,9.676,8594,31.7,40.0,47.6,115.4,102.8,702.8,540.3,482.5,904.3,662.8,575.5,588.5,553.1,1.0195,1.0849,540.5,453.4,431.8,39.7,171.8,676.3,474.0,458.2,433.6,408.6,382.6,362.2,351.1,368.9,404.7,1447.2,1088.7,1446.7,46.7,140.6,1452.1,919.9,851.4,805.8,828.9,874.0,904.0,1036.2,1249.1,1442.3
GRE,02205,POL20250,POL-20250,WOJOWNIK 8,Caravela 950 Race,Caravela Boatbuilders,Edward Banaszak,2026,NIO PREVEZAS,,,,ORC,CLUB,R,380,29 07 2026 13:29:54,9.700,9.219,2.465,3.30,2988.,0.0,0.00,575.5,0.9313,644.3,1.1537,520.1,887.1,738.7,665.7,625.9,601.8,580.5,534.9,0.0,0.0,0.0,0.0,0.0,0.0,0.0,680.8,583.9,537.3,509.6,490.2,472.6,440.1,0.0,0.0,0.0,0.0,0.0,0.0,0.0,887.2,696.2,602.2,544.3,508.7,476.9,418.3,43.0,40.1,38.2,37.4,37.8,37.7,38.2,143.0,146.9,150.9,153.4,152.1,147.9,144.3,886.3,769.5,723.1,699.6,688.4,681.8,680.6,582.1,525.1,507.3,495.8,489.2,485.0,481.2,551.6,505.6,490.2,480.6,473.0,467.8,462.7,530.0,487.8,468.5,457.1,449.3,441.5,431.7,531.0,485.3,456.3,438.0,426.1,416.9,401.3,563.3,497.1,457.4,431.5,409.2,387.5,352.2,587.4,500.9,458.2,423.7,395.1,371.2,326.6,648.2,531.3,479.9,441.6,405.6,366.4,297.6,769.0,613.1,527.2,480.9,446.9,415.1,337.0,888.0,708.0,608.3,552.2,515.1,479.3,389.1,0.9488,1.1535,1.2909,0.7381,0.9338,1.0550,0.0,0.0000,2026,1.0612,565.4,03420004VRA,9.166,3561,21.1,37.1,25.0,0.0,97.8,632.4,520.2,464.8,812.9,642.5,568.7,566.3,520.3,1.0594,1.1531,496.0,416.2,392.0,40.2,146.1,699.4,483.6,464.7,427.7,389.3,330.4,293.7,251.5,253.4,292.6,1247.3,929.6,1250.7,46.3,139.8,1213.0,769.7,709.7,660.0,661.2,733.6,813.3,920.1,1109.9,1281.6
GRE,01111,RSA123,RSA-123,CLYMENE,ONE OFF,HALSTEAD LTD,SPARKMAN/STEPHENS,1979,SEANATK,,,,ORC,CLUB,C,450,02 04 2026 07:26:55,12.352,10.705,1.738,3.60,11000.,0.0,0.65,744.4,0.7277,824.5,0.9213,651.2,1329.8,1035.4,877.6,781.5,719.9,682.3,646.2,0.0,0.0,0.0,0.0,0.0,0.0,0.0,1010.8,799.4,686.8,619.0,578.1,554.8,532.0,0.0,0.0,0.0,0.0,0.0,0.0,0.0,1319.4,967.6,781.8,666.7,601.6,558.5,501.0,47.0,45.0,43.3,42.4,42.3,42.5,43.0,144.8,147.8,152.1,155.9,161.8,170.0,178.6,1433.6,1130.8,975.1,884.4,833.5,812.8,805.9,907.5,731.0,642.3,587.8,555.1,539.8,532.9,842.8,689.8,610.6,560.6,530.3,514.4,503.9,806.4,662.7,585.7,537.3,508.5,492.3,476.0,791.3,638.2,556.1,510.2,487.6,475.8,462.8,772.1,623.6,542.8,498.3,473.6,457.3,433.8,803.8,643.7,555.8,504.8,477.2,458.8,429.7,902.4,706.0,600.5,534.6,495.5,471.7,438.6,1061.7,814.1,676.6,592.0,534.6,498.2,457.8,1226.0,940.0,780.1,678.5,606.3,551.9,486.5,0.6629,0.9282,1.0868,0.5074,0.7324,0.8847,0.0,0.0000,2026,0.8393,714.9,03420004K3Q,8.204,11718,41.2,30.7,35.8,0.0,78.0,905.1,646.4,552.1,1182.5,819.2,678.2,719.7,656.4,0.8337,0.9140,638.7,523.2,488.2,44.5,179.0,824.7,536.6,503.7,472.0,451.4,419.0,405.6,409.6,428.1,452.7,2007.0,1507.9,1991.6,48.7,142.6,2161.2,1351.0,1234.8,1170.1,1156.8,1124.5,1179.4,1349.3,1604.6,1852.9
GRE,02312,SMR0449,SMR-0449,PEGASUS,BENETEAU 57,BENETEAU,FARR,2002,IO KERKYRAS,,,,ORC,CLUB,C,525,20 05 2026 09:44:37,17.200,15.677,2.628,4.98,22055.,0.0,0.38,547.7,0.9923,604.6,1.2439,482.3,946.7,749.4,641.9,574.9,533.3,508.4,479.9,0.0,0.0,0.0,0.0,0.0,0.0,0.0,720.6,580.8,505.6,461.6,435.0,418.0,396.9,0.0,0.0,0.0,0.0,0.0,0.0,0.0,942.8,702.4,574.2,494.9,451.8,422.4,381.3,45.6,43.5,41.7,40.7,39.5,38.9,38.2,141.7,145.3,148.8,149.8,151.6,155.2,162.6,985.0,790.3,687.3,623.8,585.6,565.9,550.3,629.4,519.0,460.7,427.1,409.1,399.0,390.8,587.8,493.4,442.2,414.4,398.8,389.3,380.0,560.0,475.9,430.0,405.3,390.4,379.8,365.3,570.7,472.0,420.3,394.7,379.9,369.7,357.5,573.4,468.4,414.3,387.9,370.7,356.2,332.2,588.4,478.6,421.3,392.3,373.9,358.1,329.3,657.8,524.6,452.6,411.1,387.6,370.4,339.8,786.6,613.6,516.6,455.6,417.3,394.4,364.7,908.3,708.5,596.6,526.0,480.9,451.0,409.4,0.9221,1.2512,1.4481,0.7075,0.9977,1.1907,0.0,0.0000,2026,1.1350,528.6,03420004QHN,13.569,23159,62.8,77.3,81.6,0.0,185.8,650.7,479.5,414.3,848.1,601.4,503.9,522.2,495.5,1.1491,1.2108,465.2,382.8,365.2,38.3,163.3,548.7,388.6,376.8,358.2,344.6,315.0,300.8,308.1,338.7,381.7,1398.1,1044.0,1393.5,48.2,139.0,1444.0,902.2,819.7,763.1,784.3,812.3,845.7,966.6,1171.0,1352.2
GRE,01312,SUI43951,SUI-43951,AIOLIA,J 11S,J COMPOSITES,Johnstone,2014,NOTK,,,,ORC,INTL,C,680,01 07 2026 10:59:18,10.880,10.438,2.186,3.31,4569.,120.1,0.21,593.1,0.9227,650.3,1.1381,527.2,978.9,783.2,675.4,618.1,591.8,572.8,537.8,0.0,0.0,0.0,0.0,0.0,0.0,0.0,752.5,613.5,544.6,508.1,487.6,471.4,444.0,0.0,0.0,0.0,0.0,0.0,0.0,0.0,973.5,735.6,610.9,541.3,505.7,475.6,425.5,43.7,41.5,39.7,38.2,37.4,37.2,37.5,142.7,146.4,148.5,152.5,154.6,152.3,144.7,1032.8,836.8,734.3,685.3,666.8,656.9,648.7,674.4,562.8,509.7,486.6,476.6,471.5,465.6,639.2,540.4,496.2,475.0,463.6,457.9,450.6,618.9,526.6,486.6,464.5,448.8,437.6,425.6,608.2,509.4,475.4,460.3,444.3,427.6,404.1,588.4,493.3,455.1,429.5,412.8,399.0,375.0,600.4,498.4,456.8,426.4,401.1,380.1,349.9,674.1,538.0,477.8,443.8,413.2,383.8,323.7,801.1,631.9,533.9,479.2,450.1,424.0,369.6,925.0,729.6,616.4,550.9,516.8,488.7,426.8,0.8785,1.1452,1.2897,0.6810,0.9311,1.0631,0.0,0.0000,2026,1.0463,573.5,03420004UI7,9.967,5515,25.9,33.0,30.8,0.0,118.6,683.0,523.9,465.2,881.1,644.4,564.4,574.9,530.6,1.0437,1.1308,498.3,419.1,400.7,38.2,142.8,653.0,464.9,448.7,419.5,390.3,354.5,324.4,275.6,297.6,343.7,1424.0,1080.1,1417.1,46.4,139.3,1493.8,951.0,884.7,843.5,861.6,836.0,860.4,970.6,1172.9,1354.3
GRE,00753,SWE11,SWE-11,ABSOLUT MELISSA,BAVARIA 40 CRUISER,BAVARIA,FARR Bruce,2010,HORC,,,,ORC,CLUB,C,480,16 03 2026 17:38:11,12.000,10.832,2.006,3.98,8578.,111.0,0.35,639.1,0.8450,710.0,1.0615,565.2,1088.0,864.8,744.1,674.0,636.5,613.7,589.4,0.0,0.0,0.0,0.0,0.0,0.0,0.0,828.0,670.0,586.8,540.8,515.8,500.1,481.1,0.0,0.0,0.0,0.0,0.0,0.0,0.0,1081.7,809.6,665.6,580.0,536.1,504.5,454.9,45.6,43.3,41.9,41.0,40.8,40.7,41.2,143.0,147.1,148.9,150.5,154.5,160.1,179.3,1150.3,929.5,813.4,749.8,723.4,713.7,713.8,738.0,611.5,544.6,508.6,492.4,486.3,482.3,691.4,580.6,522.1,490.5,475.3,468.9,463.8,660.9,558.6,505.4,476.8,460.1,450.0,440.6,648.7,537.7,483.9,458.4,446.1,438.4,422.8,641.3,528.5,476.0,448.9,429.0,412.3,391.0,662.6,543.1,484.5,454.2,432.4,412.8,378.4,746.1,597.3,517.2,474.3,448.5,427.4,388.3,888.3,693.0,584.4,518.2,479.4,455.4,419.0,1025.7,800.2,674.8,598.2,549.6,513.7,465.0,0.8010,1.0702,1.2075,0.6145,0.8524,0.9832,0.0,0.0000,2026,0.9701,618.5,03420004HSU,9.382,9311,35.3,45.5,33.4,0.0,83.8,749.1,560.6,496.9,976.4,703.9,610.3,617.9,571.8,0.9710,1.0493,582.7,472.0,442.7,42.6,179.3,734.7,486.8,465.5,437.3,412.4,376.7,355.2,350.6,385.1,430.8,1601.8,1198.1,1593.8,48.0,139.4,1681.9,1053.4,964.7,907.9,912.4,905.8,941.3,1088.8,1317.9,1521.8
