NAT,CERTN.,FILE_ID,SAILNUMB,NAME,TYPE,BUILDER,DESIGNER,YEAR,CLUB,OWNER,ADRS1,ADRS2,C_Type,Family,D,CREW,DD_MM_yyYY HH:MM:SS,LOA,IMSL,DRAFT,BMAX,DSPL,INDEX,DA,GPH,TMF,ILCGA,APHTOT,APHTOD,WL6,WL8,WL10,WL12,WL14,WL16,WL20,OL6,OL8,OL10,OL12,OL14,OL16,OL20,CR6,CR8,CR10,CR12,CR14,CR16,CR20,NSP6,NSP8,NSP10,NSP12,NSP14,NSP16,NSP20,OC6,OC8,OC10,OC12,OC14,OC16,OC20,UA6,UA8,UA10,UA12,UA14,UA16,UA20,DA6,DA8,DA10,DA12,DA14,DA16,DA20,UP6,UP8,UP10,UP12,UP14,UP16,UP20,R526,R528,R5210,R5212,R5214,R5216,R5220,R606,R608,R6010,R6012,R6014,R6016,R6020,R756,R758,R7510,R7512,R7514,R7516,R7520,R906,R908,R9010,R9012,R9014,R9016,R9020,R1106,R1108,R11010,R11012,R11014,R11016,R11020,R1206,R1208,R12010,R12012,R12014,R12016,R12020,R1356,R1358,R13510,R13512,R13514,R13516,R13520,R1506,R1508,R15010,R15012,R15014,R15016,R15020,D6,D8,D10,D12,D14,D16,D20,OTNLOW,OTNMED,OTNHIG,ITNLOW,ITNMED,ITNHIG,DH_TOD,DH_TOT,VPPYEAR,TMF-OF,OSN,ReferenceNo,CDL,DSPS,WSS,MAIN,GENOA,SYM,ASYM,OTDLOW,OTDMED,OTDHIG,ITDLOW,ITDMED,ITDHIG,PREUPD,PREDND,PREUPT,PREDNT,WL24,CR24,OC24,UA24,DA24,UP24,R5224,R6024,R7524,R9024,R11024,R12024,R13524,R15024,D24,WL4,CR4,OC4,UA4,DA4,UP4,R524,R604,R754,R904,R1104,R1204,R1354,R1504,D4
IRL,26011,3335C,3335C,BITE THE BULLET,Elan 333,Elan Marine,Humphreys,1998,Howth Yacht Club,,,,ORC,CLUB,C,595,20 03 2026 10:56:01,10.025,9.238,1.908,3.43,4920.,0.0,0.19,646.9,0.8538,702.8,1.0409,576.4,1057.1,848.5,735.0,669.4,633.7,611.7,586.5,0.0,0.0,0.0,0.0,0.0,0.0,0.0,813.0,668.1,595.1,555.6,533.4,518.0,496.6,0.0,0.0,0.0,0.0,0.0,0.0,0.0,1056.7,799.4,666.4,591.1,553.0,523.8,476.1,43.5,41.2,39.6,38.2,37.5,37.3,37.3,145.6,150.1,152.8,159.7,166.8,175.4,177.9,1060.7,875.0,779.4,733.2,715.1,706.0,700.3,694.6,591.1,544.1,522.9,513.1,508.3,503.5,659.5,569.6,530.9,511.6,500.8,495.5,489.6,639.7,556.1,521.0,501.2,487.8,478.3,467.8,653.3,559.9,518.4,497.0,482.8,469.1,449.0,665.6,555.0,510.6,485.8,466.2,449.9,429.4,689.6,569.8,517.1,489.3,467.0,446.6,411.4,770.2,620.8,542.8,505.6,480.8,458.2,414.6,912.3,711.9,599.7,536.1,503.4,480.3,438.0,1053.4,822.0,690.7,605.7,552.2,517.4,472.7,0.8102,1.0479,1.1678,0.6297,0.8605,0.9872,0.0,0.0000,2026,0.9580,626.3,05180004IDM,8.767,5741,24.2,33.6,32.4,74.5,0.0,740.6,572.6,513.8,952.8,697.3,607.8,620.4,587.9,0.9671,1.0206,570.9,481.6,460.8,38.0,176.3,707.7,503.0,487.7,461.6,436.8,414.2,391.2,372.6,395.6,434.0,1531.7,1151.1,1534.5,46.4,138.3,1503.0,954.4,886.8,844.9,871.8,931.3,969.6,1116.7,1351.3,1560.3
IRL,26092,48-258,48-258,FIADH,Swan 48,OY Nautor AB,Frers,2019,,,,,ORC,CLUB,C,1142,06 03 2026 15:56:21,14.767,14.267,2.431,4.56,15433.,0.0,0.30,552.5,0.9816,611.2,1.2294,488.1,944.3,750.2,643.6,579.8,544.7,524.3,499.3,0.0,0.0,0.0,0.0,0.0,0.0,0.0,718.9,580.7,508.0,467.3,444.2,429.3,409.1,0.0,0.0,0.0,0.0,0.0,0.0,0.0,938.7,702.5,576.2,500.6,461.5,433.6,389.8,45.7,43.5,41.8,40.6,39.8,39.4,39.3,141.7,145.1,148.6,150.5,152.9,157.2,162.1,999.9,802.7,698.3,638.8,609.3,596.1,585.9,638.3,526.4,468.1,437.4,422.4,415.3,409.5,595.8,499.5,449.7,424.0,410.4,402.8,396.4,567.6,481.1,437.0,414.1,399.7,389.4,376.9,573.5,472.0,424.8,403.0,392.1,384.2,364.6,560.8,460.5,414.6,391.0,372.6,357.9,339.6,575.4,469.7,420.1,394.9,374.8,356.9,325.7,642.9,515.7,447.3,412.0,390.0,370.5,334.7,769.5,604.2,510.0,451.3,417.8,397.4,364.5,888.6,697.7,588.9,520.9,480.2,452.4,412.7,0.9233,1.2382,1.4102,0.7082,0.9893,1.1538,0.0,0.0000,2026,1.1229,534.3,05180004H1H,12.598,17098,52.3,68.2,60.3,0.0,172.7,649.8,484.6,425.5,847.2,606.5,520.0,531.7,496.5,1.1284,1.2086,484.7,395.4,375.5,39.7,160.3,587.9,408.1,394.2,371.2,351.8,325.9,304.9,296.3,334.0,381.6,1388.3,1039.3,1380.8,48.2,138.5,1463.9,914.4,832.4,776.8,799.3,794.0,821.0,936.4,1136.9,1312.8
IRL,26085,X4-3 - DEN 22,DEN 22,VIXEN,X4.3,X-Yachts,Niels Jeppesen,2016,Howth Yacht Club,,,,ORC,CLUB,C,850,04 02 2026 23:39:09,12.450,11.705,2.228,3.95,9300.,0.0,0.23,589.5,0.9231,650.0,1.1472,523.0,984.4,789.7,681.9,618.6,583.7,562.5,537.4,0.0,0.0,0.0,0.0,0.0,0.0,0.0,753.0,614.8,542.8,502.7,479.4,464.3,443.3,0.0,0.0,0.0,0.0,0.0,0.0,0.0,977.9,740.0,612.8,537.3,497.8,469.0,423.5,44.5,42.3,40.7,39.7,38.9,38.5,38.4,142.3,146.4,149.2,151.3,155.2,160.3,163.7,1050.1,851.2,745.3,684.5,654.4,641.9,633.0,679.2,566.2,506.8,475.5,460.0,452.4,446.7,639.8,540.2,489.1,462.7,448.1,439.6,432.8,615.9,522.8,476.5,452.6,437.0,425.3,410.8,595.2,498.0,456.7,438.4,428.4,420.2,398.4,583.8,486.7,445.7,422.3,404.0,390.6,373.1,599.1,496.2,451.0,425.7,404.9,386.1,355.5,667.5,541.9,476.3,443.1,420.0,399.0,359.5,795.6,630.6,535.7,479.4,448.6,427.9,392.2,918.7,728.2,618.5,552.7,512.9,483.1,441.8,0.8773,1.1547,1.3038,0.6764,0.9299,1.0745,0.0,0.0000,2026,1.0510,570.9,051800048H7,10.611,10480,36.0,52.9,31.8,0.0,130.2,683.9,519.6,460.2,887.0,645.2,558.4,570.2,529.1,1.0523,1.1340,522.9,428.9,408.2,39.7,160.6,637.7,445.8,430.9,405.7,383.6,359.3,333.6,315.8,357.7,408.2,1429.5,1075.5,1420.5,47.4,138.3,1519.6,957.5,884.0,835.6,833.2,812.3,840.1,955.3,1159.9,1339.4
IRL,26004_B,FRA111,FRA 111,ALLIG8R,FIRST CLASS 8 MOD,BENETEAU SA,FINOT Jean-Marie,1982,Royal St George Yacht Club,,,,ORC,CLUB,S,510,02 05 2026 10:26:29,7.785,7.122,1.704,2.50,1440.,0.0,0.00,685.2,0.8069,743.6,0.9806,611.9,1101.7,889.9,775.0,708.6,676.0,655.2,624.6,0.0,0.0,0.0,0.0,0.0,0.0,0.0,850.4,706.4,633.9,592.3,567.8,548.5,516.5,0.0,0.0,0.0,0.0,0.0,0.0,0.0,1102.2,840.2,706.1,629.2,588.7,553.0,490.8,42.3,40.2,37.8,36.3,36.0,35.9,36.4,146.2,151.4,153.9,162.8,171.8,176.3,166.9,1096.0,912.1,817.3,775.4,762.6,756.6,756.1,730.6,628.6,587.3,566.3,557.2,552.2,546.6,700.1,611.5,575.5,553.3,541.0,534.8,526.6,683.9,603.1,566.1,540.0,520.1,508.4,494.9,693.1,594.8,554.3,531.7,513.9,492.4,464.1,691.3,592.1,547.0,511.9,483.0,461.3,428.7,716.3,605.9,556.8,518.8,483.4,447.5,391.6,801.2,658.4,582.5,542.7,507.5,471.5,387.3,958.9,752.3,637.4,575.3,539.1,506.5,435.4,1107.3,867.7,732.6,641.9,589.4,553.7,493.1,0.7708,0.9843,1.1084,0.6025,0.8133,0.9246,0.0,0.0000,2026,0.9051,662.9,05180004O31,7.270,2046,14.0,20.9,17.7,46.1,0.0,778.4,609.6,541.3,995.9,737.7,648.9,659.9,623.7,0.9093,0.9620,580.9,483.7,459.2,38.2,141.3,771.6,546.6,524.5,487.6,447.3,400.0,354.7,295.0,337.9,390.2,1568.7,1184.7,1572.3,45.2,136.0,1533.2,987.3,927.6,892.1,918.8,951.5,990.5,1140.1,1389.3,1604.2
IRL,26110,FRA7797,FRA 7797,SYMMETRY,BULLIT - Corby Mod,CAPARROS,FAUROUX Jacques,1978,Howth Yacht Club,,,,ORC,CLUB,S,510,04 06 2026 09:16:13,8.410,6.724,1.514,2.95,1440.,0.0,0.00,676.4,0.8137,737.3,0.9932,604.1,1078.1,878.8,769.6,706.5,671.5,648.0,611.7,0.0,0.0,0.0,0.0,0.0,0.0,0.0,836.9,700.5,629.6,586.6,558.5,536.2,500.3,0.0,0.0,0.0,0.0,0.0,0.0,0.0,1076.2,829.8,701.2,624.1,579.7,540.5,472.1,42.3,40.4,38.4,36.4,35.8,35.6,36.4,146.4,151.2,156.3,164.2,169.1,169.1,168.7,1096.4,916.8,823.1,775.6,756.7,747.7,743.0,730.5,630.5,585.4,562.4,548.2,539.8,529.8,699.7,613.7,572.3,548.3,530.7,518.8,505.7,683.4,604.5,563.2,533.0,508.2,489.4,469.6,686.4,591.8,549.1,521.2,503.1,476.7,441.9,682.3,588.4,539.5,498.5,467.0,444.9,407.9,703.5,601.8,550.2,505.7,467.8,434.5,368.8,778.4,644.1,577.9,534.8,493.7,458.5,372.9,917.8,728.7,626.9,570.7,531.0,493.3,427.5,1059.7,840.7,716.2,637.3,586.3,548.4,480.4,0.7805,0.9944,1.1357,0.6132,0.8184,0.9371,0.0,0.0000,2026,0.9165,654.6,05180004S38,7.069,1979,12.6,20.8,14.8,47.0,0.0,768.7,603.4,528.3,978.5,733.1,640.3,654.6,614.5,0.9166,0.9765,559.2,460.5,433.1,37.7,140.5,752.8,527.2,500.4,459.5,418.1,371.7,323.5,272.7,316.5,365.5,1520.0,1154.0,1520.3,45.3,139.3,1516.7,976.6,917.8,882.9,908.6,926.2,959.3,1094.6,1319.2,1523.2
IRL,26125,FRA78,FRA 78,JOYRIDE,J-111 OD,J-COMPOSITE,JOHNSTONE Rodney,2011,RCYC,,,,ORC,CLUB,C,570,28 05 2026 09:26:45,11.121,10.386,2.192,3.30,4353.,0.0,0.16,573.6,0.9517,630.5,1.1697,513.0,924.9,742.0,649.4,605.0,581.7,562.2,521.9,0.0,0.0,0.0,0.0,0.0,0.0,0.0,712.0,584.7,527.2,497.9,479.4,463.9,435.6,0.0,0.0,0.0,0.0,0.0,0.0,0.0,921.5,698.8,589.4,530.2,497.2,468.5,418.6,42.9,40.8,38.7,37.5,37.1,37.1,37.2,142.1,145.6,148.9,153.1,153.2,150.3,144.3,958.7,779.8,701.4,673.2,659.5,650.8,644.0,629.5,529.0,492.6,479.6,473.0,468.6,464.2,597.5,511.4,480.1,466.5,459.8,455.0,450.5,577.9,500.6,470.1,452.7,441.1,434.4,425.3,584.1,498.6,470.5,448.7,431.4,418.0,400.7,564.1,480.5,447.6,427.5,412.0,398.1,373.7,575.8,483.3,446.0,418.2,395.8,378.7,347.3,646.6,517.4,465.1,430.9,399.8,368.3,308.2,771.7,609.9,517.3,467.6,437.8,410.3,346.2,891.1,704.3,597.3,536.8,503.9,473.6,399.8,0.9254,1.1758,1.3124,0.7199,0.9594,1.0870,0.0,0.0000,2026,1.0773,556.9,05180004RFV,10.113,5178,25.6,35.5,30.8,0.0,126.8,648.4,510.3,457.2,833.4,625.4,552.0,557.3,513.9,1.0765,1.1677,489.4,415.7,396.2,38.9,145.3,661.8,467.3,450.7,421.2,390.8,352.7,320.3,273.4,274.5,316.9,1337.4,1013.5,1333.4,45.8,139.0,1376.5,877.2,815.8,776.4,803.7,797.7,823.6,928.3,1124.3,1298.2
IRL,26078,GBR1244T,GBR 1244T,Summer Light,LASER 28,Perf. Sail Craft,FARR Bruce,1983,Royal Cork Yacht Club,,,,ORC,CLUB,R,510,04 02 2026 23:12:30,8.640,7.800,1.643,2.84,2336.,0.0,0.25,694.0,0.7974,752.4,0.9721,617.2,1142.0,913.0,787.1,714.4,676.9,654.5,628.4,0.0,0.0,0.0,0.0,0.0,0.0,0.0,878.3,718.5,638.4,594.2,569.6,552.3,526.6,0.0,0.0,0.0,0.0,0.0,0.0,0.0,1141.1,859.6,714.1,632.0,590.8,558.7,502.7,43.7,41.9,39.7,37.7,37.1,37.0,37.9,146.7,151.2,154.6,161.9,169.6,177.7,178.1,1151.2,945.8,836.0,781.9,763.6,755.5,754.6,752.8,634.4,584.8,561.3,550.3,545.3,540.6,714.5,610.9,570.6,549.2,536.3,530.2,523.2,692.7,598.1,559.8,537.4,520.0,507.8,495.7,707.4,598.5,552.4,527.1,511.6,497.7,472.6,713.7,595.8,548.1,517.7,492.1,470.0,440.0,741.6,612.3,556.8,524.8,497.4,471.8,421.3,831.1,670.7,586.5,546.2,516.7,489.7,432.6,981.2,762.9,642.9,577.1,542.0,514.5,463.5,1132.9,880.2,738.2,647.0,590.2,553.6,502.2,0.7515,0.9785,1.0969,0.5839,0.8045,0.9226,0.0,0.0000,2026,0.8948,670.6,051800048H0,7.547,3013,16.6,23.3,20.3,42.4,0.0,798.4,613.2,547.0,1027.6,745.8,650.3,665.0,630.2,0.9023,0.9521,613.3,507.4,480.9,39.6,169.8,771.6,541.9,522.2,489.3,458.2,419.5,381.9,362.4,405.9,455.1,1664.7,1250.7,1667.2,46.3,142.6,1640.3,1042.2,969.0,924.0,953.8,1000.0,1045.6,1206.1,1462.8,1689.1
IRL,26107,applicationForm-Lazy Bones-2026-4-25T22-9-19,GBR 158,Lazy Bones,First Class 8,Beneteau,Jean-Marie Finot and Jacques Fauroux,1982,Malahide Yacht Club,,,,ORC,CLUB,S,400,10 06 2026 09:23:01,7.785,7.128,1.831,2.50,1441.,0.0,0.22,699.1,0.7908,758.8,0.9638,622.5,1138.6,914.2,793.3,722.8,685.7,662.3,630.4,0.0,0.0,0.0,0.0,0.0,0.0,0.0,878.4,723.6,646.4,601.6,574.8,554.4,521.3,0.0,0.0,0.0,0.0,0.0,0.0,0.0,1137.7,861.9,721.3,639.6,596.4,560.0,494.3,42.2,40.0,38.2,36.5,36.3,36.1,36.7,146.4,151.4,155.9,164.2,172.3,177.2,175.4,1147.5,946.8,844.5,792.0,773.6,764.4,761.6,763.2,649.0,599.3,573.9,561.7,555.2,549.1,729.1,627.9,585.3,560.4,545.1,537.1,528.4,709.2,614.8,574.0,546.9,524.9,510.4,496.1,704.2,601.3,557.6,530.1,515.2,498.5,466.0,708.4,601.2,553.9,517.5,486.5,459.8,424.2,737.0,617.6,564.4,526.2,492.6,458.3,392.5,827.9,672.9,595.5,553.3,517.6,483.6,404.1,978.3,764.2,648.5,586.5,548.5,515.3,448.3,1129.6,881.6,742.2,653.7,597.9,560.2,499.1,0.7490,0.9677,1.0968,0.5846,0.7968,0.9144,0.0,0.0000,2026,0.8885,675.3,05180004SN6,7.119,1976,14.0,20.9,13.4,35.5,0.0,801.1,620.0,547.0,1026.3,753.0,656.2,672.5,634.9,0.8922,0.9451,598.1,492.9,466.2,38.0,138.9,769.8,547.0,525.3,489.2,449.5,401.7,353.9,309.9,369.2,426.4,1651.9,1246.1,1654.0,44.9,141.5,1630.9,1051.1,985.6,945.0,971.1,980.3,1027.1,1189.9,1448.8,1672.9
IRL,26119,GBR251,GBR 251,RESOLUTE,Fareast 28R,Shanghai Far East,Simonis & Voogd,2015,RCYC,,,,ORC,CLUB,S,510,19 05 2026 14:57:06,8.520,8.433,1.718,2.79,1330.,0.0,0.00,587.5,0.9161,654.9,1.1474,522.9,956.6,770.0,680.1,635.9,602.8,572.5,510.6,0.0,0.0,0.0,0.0,0.0,0.0,0.0,737.2,609.5,546.9,509.4,481.3,457.8,417.0,0.0,0.0,0.0,0.0,0.0,0.0,0.0,952.0,725.3,614.3,546.2,500.8,460.7,389.9,43.8,41.0,38.8,38.5,38.2,38.2,39.0,142.6,146.3,151.4,150.5,147.6,146.0,142.9,1002.0,818.5,740.5,715.7,703.9,697.1,695.8,653.9,556.2,517.3,500.9,490.7,483.7,476.1,619.6,538.4,499.8,477.9,466.2,457.8,448.1,599.8,526.7,484.4,450.3,432.1,419.8,403.4,603.8,518.8,485.5,445.6,410.4,388.4,361.9,586.3,500.2,445.0,412.8,388.1,367.1,332.3,599.1,505.8,445.8,397.4,366.0,342.4,300.7,663.4,541.2,479.3,425.2,374.7,327.7,261.2,789.1,624.7,537.4,481.7,434.5,387.9,281.9,911.2,721.4,619.6,556.0,501.8,447.9,325.5,0.8911,1.1468,1.3382,0.6950,0.9181,1.0774,0.0,0.0000,2026,1.0533,569.6,05180004QDA,8.570,1990,16.3,27.3,19.2,0.0,77.1,673.3,523.2,448.4,863.3,653.5,556.9,578.9,520.2,1.0365,1.1534,480.0,394.4,364.9,40.3,147.7,706.6,476.5,445.7,395.2,344.9,290.9,266.1,228.2,219.5,253.5,1378.4,1046.6,1373.0,45.9,139.8,1432.3,912.7,848.6,807.1,832.7,823.2,849.5,951.0,1147.0,1324.5
IRL,26012,GBR4947R,GBR 4947R,BLACK MAGIC,First 44.7,Beneteau,Farr,2003,Howth Yacht Club,,,,ORC,CLUB,C,1020,04 02 2026 19:51:57,13.352,12.046,2.647,3.97,10010.,0.0,0.13,560.6,0.9734,616.4,1.1978,500.9,905.7,732.9,638.6,589.3,563.6,545.4,520.6,0.0,0.0,0.0,0.0,0.0,0.0,0.0,698.0,575.4,514.9,484.2,466.3,453.2,433.6,0.0,0.0,0.0,0.0,0.0,0.0,0.0,902.5,689.4,577.7,515.9,483.5,457.4,417.1,42.6,40.5,39.0,38.0,37.4,37.1,36.9,142.2,145.8,148.5,152.3,155.7,160.5,161.8,937.2,769.9,687.0,650.8,633.7,623.5,612.7,617.2,522.4,478.1,459.9,452.0,447.0,441.1,586.5,503.0,465.0,448.1,440.2,435.4,429.2,566.4,490.3,455.9,437.8,426.6,419.5,410.9,570.9,481.9,449.9,435.7,420.9,409.4,394.2,555.8,468.8,433.5,413.5,400.8,390.8,374.1,568.3,474.3,436.0,412.7,393.6,377.8,356.9,635.1,511.9,455.9,427.4,405.0,383.8,342.6,757.1,602.6,511.2,458.9,432.6,413.0,376.2,874.2,695.9,590.2,527.7,493.5,467.4,428.4,0.9424,1.2060,1.3360,0.7323,0.9816,1.1098,0.0,0.0000,2026,1.1016,544.7,051800048DN,11.288,11417,38.9,64.5,44.8,0.0,177.0,636.7,497.5,449.1,819.3,611.2,540.6,542.8,506.4,1.1055,1.1849,501.9,418.3,402.5,38.2,143.8,615.9,439.6,427.0,406.5,385.1,360.3,339.2,298.4,335.9,387.9,1301.0,984.4,1297.6,45.5,138.7,1334.6,850.5,790.6,751.0,773.6,774.6,802.5,905.8,1097.5,1267.3
IRL,26102_a,GBR4999,GBR 4999,MOONSHINE,Sigma 33 OD,Marine Projects (Plymouth) Ltd,David Thomas,1978,,,,,ORC,CLUB,C,498,18 05 2026 12:35:53,9.868,8.142,1.781,3.21,4200.,0.0,0.22,679.9,0.8131,737.9,0.9859,608.6,1088.0,880.5,768.7,704.6,670.3,649.5,626.9,0.0,0.0,0.0,0.0,0.0,0.0,0.0,839.4,696.7,626.1,588.4,567.2,552.2,531.3,0.0,0.0,0.0,0.0,0.0,0.0,0.0,1088.2,830.5,698.8,625.3,588.0,558.5,509.9,42.9,41.0,39.3,38.3,37.8,37.6,38.2,146.6,151.6,154.3,162.6,170.0,178.1,178.3,1085.3,906.1,816.7,777.2,761.3,753.5,751.8,716.0,615.8,574.3,555.6,546.6,542.2,538.4,682.0,595.9,561.5,544.2,534.3,529.0,523.6,663.0,583.6,551.6,533.3,520.5,511.0,499.9,675.8,586.7,547.7,526.6,514.0,500.8,479.7,692.7,584.0,541.8,517.4,497.0,478.9,455.1,718.4,598.9,548.6,521.5,499.3,477.9,443.2,799.4,651.9,573.5,537.7,513.4,490.7,446.9,944.5,741.4,627.2,565.7,534.5,511.9,468.6,1090.6,854.9,720.7,632.1,579.3,545.5,502.1,0.7812,0.9923,1.0946,0.6096,0.8196,0.9284,0.0,0.0000,2026,0.9092,659.9,05180004Q7C,7.763,4887,20.8,28.2,29.7,59.9,0.0,768.0,604.7,548.1,984.3,732.1,646.3,654.0,618.8,0.9174,0.9697,613.2,518.9,495.6,39.3,177.7,764.2,539.2,522.3,493.6,466.7,442.5,424.1,414.5,430.2,462.3,1561.5,1173.3,1566.2,46.1,137.2,1514.2,964.6,899.3,859.3,883.9,955.5,996.3,1145.8,1393.2,1608.7
IRL,26099,GBR5507T,GBR 5507T,PERIDOT,MUSTANG 30,HARLEY RACEBOATS,PAUL HARLEY,1988,Royal Irish Yacht Club,,,,ORC,CLUB,C,595,03 06 2026 07:43:52,9.018,7.612,1.718,2.46,2005.,0.0,0.22,694.2,0.7978,752.1,0.9747,615.6,1157.9,920.5,789.6,712.5,673.2,649.2,618.5,0.0,0.0,0.0,0.0,0.0,0.0,0.0,888.9,723.3,638.4,591.7,565.9,546.5,515.5,0.0,0.0,0.0,0.0,0.0,0.0,0.0,1158.7,866.9,715.5,629.5,586.8,552.2,490.7,43.0,41.1,39.1,37.2,36.7,36.5,36.7,147.1,151.2,153.9,161.0,169.6,177.2,176.8,1150.1,940.2,828.4,773.5,754.7,745.2,739.6,756.4,635.5,582.4,558.2,547.6,542.3,536.2,719.5,613.3,568.4,546.1,533.8,527.7,519.7,699.1,601.4,557.9,533.9,517.2,505.7,492.9,714.4,597.4,548.4,523.9,509.8,492.0,464.7,718.4,599.2,547.4,514.3,486.5,461.4,423.1,750.6,618.4,558.1,523.0,490.2,458.7,396.1,850.8,682.6,589.2,545.3,513.4,481.7,413.4,1009.5,780.7,652.8,579.6,541.5,511.7,451.6,1165.7,900.7,750.9,651.6,591.7,553.2,497.3,0.7443,0.9808,1.1117,0.5774,0.8046,0.9322,0.0,0.0000,2026,0.8962,669.5,05180004RV3,7.533,2666,15.8,22.7,17.9,40.6,0.0,806.1,611.7,539.7,1039.1,745.7,643.6,662.4,632.0,0.9058,0.9493,593.8,490.3,464.9,37.9,162.2,748.2,535.2,516.8,484.8,445.7,396.0,356.4,335.9,386.9,439.3,1695.0,1271.6,1700.0,45.7,142.4,1644.8,1051.5,981.6,939.8,971.1,1009.3,1062.5,1238.0,1511.3,1745.1
IRL,26040,GBR605,GBR 605,JAMBIYA,J-80 OD,J-COMPOSITE,JOHNSTONE,1995,,,,,ORC,INTL,S,350,04 02 2026 21:27:01,8.032,7.196,1.497,2.49,1437.,105.5,0.13,662.5,0.8225,729.4,1.0089,594.7,1044.6,848.1,750.1,705.1,678.9,653.7,594.2,0.0,0.0,0.0,0.0,0.0,0.0,0.0,807.5,674.6,612.7,580.3,557.9,537.5,498.3,0.0,0.0,0.0,0.0,0.0,0.0,0.0,1037.5,799.0,682.3,618.2,578.8,542.7,475.8,43.2,40.8,38.6,37.8,37.7,37.8,38.3,144.1,148.6,151.7,153.4,152.3,145.7,143.0,1114.9,917.4,824.2,795.1,783.0,776.7,775.9,732.3,624.5,581.7,567.1,560.1,555.5,551.3,695.6,604.2,567.2,551.3,543.4,537.8,531.7,674.1,590.8,554.8,532.4,518.8,510.3,499.0,654.5,575.1,550.9,525.3,503.2,486.5,462.9,635.0,554.6,517.2,493.6,473.1,453.8,419.2,648.1,558.1,513.1,478.8,448.3,424.0,382.9,716.3,592.7,534.9,491.2,447.6,401.6,327.9,843.7,674.4,586.3,535.5,498.5,459.6,357.2,974.2,778.7,676.0,615.1,574.9,530.7,412.4,0.8096,1.0112,1.1366,0.6340,0.8271,0.9409,0.0,0.0000,2026,0.9309,644.5,051800048EI,7.125,1924,13.4,21.5,14.0,0.0,65.0,741.1,593.4,527.9,946.4,725.4,637.7,652.6,588.0,0.9194,1.0203,555.6,474.5,447.8,40.8,147.5,807.0,556.6,533.6,494.8,448.8,391.5,348.8,281.9,263.5,304.3,1490.6,1132.5,1481.6,45.9,140.4,1579.9,1008.1,938.6,893.8,901.7,875.6,900.5,1008.5,1213.5,1401.3
IRL,26014,GBR8933R,GBR 8933R,BON EXEMPLE,XP-33,X-Yachts,Jeppesen,2012,Royal Irish Yacht Club,,,,ORC,CLUB,C,595,04 02 2026 19:55:44,9.991,9.256,1.917,3.22,4256.,0.0,0.18,615.5,0.8847,678.2,1.0903,550.3,990.7,802.3,700.0,648.8,622.7,604.1,576.5,0.0,0.0,0.0,0.0,0.0,0.0,0.0,763.1,631.6,566.5,532.7,512.7,497.1,472.6,0.0,0.0,0.0,0.0,0.0,0.0,0.0,983.9,753.9,634.0,567.9,532.0,501.5,452.0,43.6,41.5,39.8,38.5,38.5,38.5,38.8,143.4,147.6,150.3,153.4,157.9,160.1,146.0,1059.3,868.1,768.6,724.4,707.4,698.4,693.0,692.3,584.0,532.7,509.8,500.3,495.1,490.2,655.9,561.3,518.5,496.9,485.8,480.1,473.8,634.1,546.9,508.3,485.8,469.4,458.4,447.3,613.5,525.0,494.5,479.5,466.0,449.2,425.7,596.2,510.3,473.6,448.3,433.2,420.4,398.0,608.7,516.2,476.9,447.4,421.8,401.9,373.0,675.0,552.5,498.2,465.7,436.3,408.0,345.1,798.6,637.8,546.9,499.7,471.8,447.1,398.3,922.1,736.5,631.4,573.3,537.9,509.8,460.0,0.8604,1.0965,1.2200,0.6693,0.8927,1.0027,0.0,0.0000,2026,1.0037,597.8,051800048DP,8.877,5071,23.5,35.0,27.0,0.0,111.1,697.4,547.2,491.8,896.5,672.1,598.4,600.7,551.2,0.9988,1.0886,536.5,447.7,426.8,40.5,142.6,707.6,491.5,474.3,442.7,413.8,378.8,346.2,291.0,316.4,365.3,1415.9,1073.1,1406.9,46.4,139.7,1505.7,956.1,887.6,843.7,849.9,822.9,847.1,951.2,1148.3,1326.0
IRL,26018,GBR1030X,GBR1030X,COQUINE,JPK 10.30,JPK Composites,Valer Jacques,2019,Royal St George Yacht Club,,,,ORC,CLUB,R,680,04 02 2026 20:09:10,10.313,9.652,2.002,3.23,4000.,0.0,0.00,611.8,0.8943,670.9,1.1054,542.8,1014.5,811.5,700.6,637.8,606.7,586.4,552.0,0.0,0.0,0.0,0.0,0.0,0.0,0.0,780.6,636.3,563.7,522.9,498.9,481.7,452.1,0.0,0.0,0.0,0.0,0.0,0.0,0.0,1008.0,761.9,632.8,557.4,517.9,485.9,431.6,43.7,41.7,39.7,38.2,37.8,37.5,37.7,143.2,147.1,148.9,152.2,155.4,157.3,144.1,1079.1,873.2,764.9,704.9,679.5,667.8,660.8,706.5,587.7,530.0,500.2,485.1,478.5,472.2,671.0,564.8,515.3,489.2,473.2,464.0,455.5,651.7,551.7,505.5,480.3,461.2,445.8,429.2,624.0,523.6,483.5,465.6,452.7,441.6,410.9,606.6,508.8,467.2,437.8,415.9,401.5,375.4,620.3,516.1,471.5,439.7,411.3,384.2,346.9,693.6,558.1,494.6,459.6,428.5,398.2,330.3,822.6,649.4,551.1,495.9,465.9,439.8,383.8,949.9,749.9,636.3,570.7,534.0,505.0,443.2,0.8469,1.1113,1.2634,0.6572,0.9016,1.0370,0.0,0.0000,2026,1.0158,590.6,051800048DT,9.313,4916,25.1,32.7,26.4,0.0,107.8,708.5,539.9,474.9,913.0,665.5,578.6,592.3,547.7,1.0130,1.0955,507.8,423.0,403.0,38.6,141.0,668.3,472.1,453.7,421.8,392.8,351.7,317.5,266.1,300.8,347.4,1473.0,1117.7,1464.3,46.4,139.9,1560.1,996.0,930.0,891.3,880.2,855.9,880.6,994.9,1200.3,1386.0
IRL,26088,GBR1242R,GBR1242R,WHITE MISCHIEF,J 109,J BOATS,JOHNSTONE,2001,,,,,ORC,CLUB,C,680,24 04 2026 07:29:30,10.757,9.696,2.150,3.52,5160.,0.0,0.19,612.3,0.8947,670.6,1.0973,546.8,991.3,799.6,694.4,640.1,612.5,593.1,566.9,0.0,0.0,0.0,0.0,0.0,0.0,0.0,763.7,629.0,562.4,528.4,508.7,493.9,471.4,0.0,0.0,0.0,0.0,0.0,0.0,0.0,986.9,752.0,629.3,562.1,527.7,498.8,452.9,43.1,41.1,39.2,37.5,36.8,36.8,36.8,143.1,147.3,149.6,152.9,157.7,161.7,160.6,1035.5,847.5,748.5,702.2,684.3,674.0,665.0,680.0,573.5,524.7,503.6,494.5,489.3,483.4,645.9,552.7,512.1,492.7,482.5,477.1,470.3,626.0,539.8,502.8,482.5,469.0,459.9,449.4,617.3,523.3,489.1,474.4,464.0,450.0,430.0,604.6,511.9,475.4,452.4,434.5,422.0,401.2,619.6,519.9,479.6,453.1,429.9,409.4,379.3,691.3,561.2,501.4,470.2,444.0,419.1,369.0,820.2,650.9,554.5,503.1,475.7,453.5,411.2,947.1,751.6,640.3,578.0,540.8,512.2,468.9,0.8616,1.1046,1.2267,0.6701,0.9028,1.0201,0.0,0.0000,2026,1.0105,593.8,05180004MWH,9.370,6086,26.6,38.0,30.9,0.0,107.5,696.4,543.2,489.1,895.4,664.6,588.2,592.2,553.1,1.0132,1.0847,539.5,450.0,433.0,37.6,141.3,668.8,482.2,468.9,443.9,417.4,384.0,355.7,307.2,355.1,410.1,1425.8,1080.6,1420.8,46.0,139.4,1476.2,940.9,875.7,834.6,861.3,841.9,868.9,985.0,1191.1,1375.4
IRL,26083,GBR1411T,GBR1411T,TOUGHNUT,MG 335,Northshore Yts,T.Castro,1987,Howth Yacht Club,,,,ORC,CLUB,C,680,04 02 2026 23:32:23,10.210,8.592,1.924,3.44,4932.,0.0,0.29,664.0,0.8339,719.5,1.0135,592.0,1080.2,870.2,754.1,685.3,647.9,625.0,600.3,0.0,0.0,0.0,0.0,0.0,0.0,0.0,832.1,686.1,611.3,570.6,547.9,532.4,510.5,0.0,0.0,0.0,0.0,0.0,0.0,0.0,1080.6,820.2,684.1,606.6,567.9,538.8,491.2,43.0,41.2,39.5,37.8,37.4,37.1,37.2,146.2,151.4,154.6,161.4,168.7,177.7,178.6,1076.1,893.0,795.2,746.4,727.3,717.3,711.4,708.9,603.6,557.2,536.2,525.7,520.7,515.8,674.7,582.3,544.1,525.3,514.5,508.4,502.2,655.3,569.9,534.4,515.3,502.0,492.0,480.3,668.3,574.1,529.7,508.3,494.7,484.0,462.6,683.5,572.7,526.8,501.9,481.7,463.8,437.1,710.6,590.1,535.4,507.3,485.2,464.5,429.0,794.8,644.8,563.4,524.7,500.3,478.5,436.8,939.1,734.5,620.6,555.3,521.8,499.1,458.1,1084.4,847.3,712.9,624.2,568.5,532.7,489.2,0.7904,1.0202,1.1362,0.6153,0.8400,0.9655,0.0,0.0000,2026,0.9331,643.0,051800048H5,8.299,5779,23.7,33.9,30.0,64.5,0.0,759.1,588.1,528.1,975.1,714.3,621.4,635.2,605.9,0.9445,0.9903,584.4,496.3,475.2,38.1,178.1,717.2,514.7,499.4,473.5,449.2,423.9,406.1,403.1,421.3,451.6,1559.1,1170.2,1563.8,46.0,137.6,1511.9,963.1,897.1,856.1,881.3,946.0,990.1,1145.1,1391.0,1606.2
IRL,26108,GBR5499Y,GBR5499Y,OBSESSION,ALBIN EXPRESS,Albin Marin,PETER NORLIN,1978,Royal Cork Yacht Club,,,,ORC,CLUB,S,510,16 06 2026 13:12:57,7.785,6.961,1.442,2.52,1793.,0.0,0.18,721.7,0.7686,780.7,0.9340,642.4,1183.4,950.1,819.9,740.6,700.3,677.9,650.0,0.0,0.0,0.0,0.0,0.0,0.0,0.0,909.1,747.3,665.5,619.2,592.7,574.6,546.8,0.0,0.0,0.0,0.0,0.0,0.0,0.0,1179.9,893.4,743.9,658.1,614.1,580.9,522.9,43.4,41.9,40.1,37.8,36.7,36.7,37.1,147.3,151.8,153.9,163.3,172.3,177.7,177.7,1218.3,1003.4,886.9,823.4,795.4,784.9,782.0,798.9,671.9,617.5,593.1,578.6,571.5,565.7,758.9,647.6,602.7,580.6,565.4,556.3,548.2,735.7,634.2,592.0,567.6,549.9,535.8,519.3,724.6,614.5,573.7,550.1,536.0,526.1,496.2,719.8,612.0,568.0,537.5,511.7,488.8,459.4,747.8,626.2,576.5,543.3,513.5,485.6,436.1,840.6,683.6,600.3,562.8,532.4,503.5,442.6,994.6,777.9,655.2,592.1,558.6,530.3,475.8,1148.4,896.7,753.0,657.7,605.2,570.8,518.0,0.7245,0.9394,1.0551,0.5625,0.7748,0.8915,0.0,0.0000,2026,0.8601,697.6,05180004TA1,6.769,2403,14.1,19.2,14.8,42.3,0.0,828.2,638.7,568.7,1066.7,774.4,673.0,695.9,650.2,0.8622,0.9227,633.2,526.3,500.9,38.9,167.6,798.7,566.5,546.8,512.2,478.6,439.2,401.4,369.8,415.0,467.7,1717.3,1291.2,1715.3,46.1,135.1,1737.5,1106.5,1030.0,983.2,1003.5,997.2,1040.7,1200.2,1469.7,1697.1
IRL,26068,GBR7451R,GBR7451R,PROMISE 3,FIRST 47.7,BENETEAU,B.FARR,1999,,,,,ORC,CLUB,C,1105,04 02 2026 22:34:48,14.506,12.746,2.272,4.51,11500.,0.0,0.22,572.4,0.9528,629.7,1.1857,506.0,975.7,775.2,664.4,599.0,560.1,535.2,506.5,0.0,0.0,0.0,0.0,0.0,0.0,0.0,742.9,600.2,526.3,485.4,461.3,445.4,423.5,0.0,0.0,0.0,0.0,0.0,0.0,0.0,970.2,725.8,595.8,519.1,479.0,450.0,404.5,45.0,43.0,41.2,39.7,38.9,38.4,38.7,141.5,145.3,148.4,153.3,160.1,171.8,178.1,1030.3,827.5,720.0,659.8,630.7,617.4,605.3,662.2,546.0,487.3,457.5,442.8,435.4,428.3,621.0,519.7,469.7,444.6,431.2,423.2,415.6,595.6,502.2,457.3,434.2,419.8,409.7,397.0,585.5,483.8,440.3,420.1,409.1,401.2,383.5,575.6,474.4,430.7,407.6,389.9,375.1,354.5,592.1,484.6,436.6,411.3,391.1,372.9,340.2,666.2,532.7,463.8,429.1,406.8,386.8,348.0,797.7,626.0,527.2,467.2,434.0,412.2,375.5,921.1,722.9,608.7,538.1,489.5,453.0,407.6,0.8934,1.1939,1.3601,0.6854,0.9589,1.1307,0.0,0.0000,2026,1.0840,553.5,051800048FH,11.495,13024,43.7,66.6,40.1,0.0,150.1,671.6,502.6,441.1,875.4,625.7,530.6,551.2,513.6,1.0885,1.1682,489.9,407.9,388.3,39.4,177.4,606.2,426.3,412.7,390.7,369.8,339.1,317.0,307.1,339.3,373.6,1431.9,1074.6,1424.5,47.5,138.3,1505.7,946.0,869.9,819.0,831.8,815.3,845.4,968.1,1176.1,1358.1
IRL,26043,GBR8543R,GBR8543R,JINGS,J 109,J BOATS,JOHNSTONE,2001,,,,,ORC,CLUB,C,680,24 04 2026 07:42:45,10.757,9.680,2.145,3.52,5128.,0.0,0.18,610.6,0.8974,668.6,1.1002,545.4,987.1,796.5,691.9,638.2,611.3,592.2,565.6,0.0,0.0,0.0,0.0,0.0,0.0,0.0,760.8,626.8,560.8,527.2,507.8,492.9,470.2,0.0,0.0,0.0,0.0,0.0,0.0,0.0,982.2,749.1,627.3,560.8,526.5,497.8,452.2,43.1,41.0,39.2,37.5,36.9,36.9,36.9,143.2,147.3,149.6,153.0,157.7,161.2,159.3,1035.8,847.5,748.4,702.8,685.1,674.7,665.4,680.3,573.5,524.5,503.5,494.6,489.3,483.4,646.2,552.6,511.8,492.5,482.5,477.1,470.3,626.4,539.8,502.5,482.2,468.8,459.9,449.3,614.9,522.0,489.4,475.4,463.5,449.5,429.7,600.4,509.3,473.7,451.3,434.6,422.5,401.6,614.3,516.4,477.0,450.5,427.6,407.7,379.6,685.6,556.1,497.9,467.0,440.3,414.9,363.4,812.7,645.7,550.3,499.5,472.6,450.0,406.8,938.4,745.6,635.4,573.5,537.5,509.6,465.7,0.8648,1.1074,1.2292,0.6728,0.9056,1.0222,0.0,0.0000,2026,1.0133,592.1,05180004MWL,9.354,6054,26.5,38.1,30.8,0.0,113.8,693.8,541.8,488.1,891.8,662.5,587.0,591.5,550.3,1.0144,1.0903,533.3,447.2,430.8,37.7,141.8,669.4,482.3,469.0,443.9,417.2,384.4,356.0,302.5,344.0,397.3,1418.4,1075.8,1412.6,46.0,139.5,1476.4,941.1,876.0,834.9,858.2,836.5,862.5,974.9,1178.2,1360.5
IRL,26075,GBR8571,GBR8571,SPELLBOUND,SIGMA 38OOD,MARINE PROJECTS,THOMAS,1987,Howth Yacht Club,,,,ORC,CLUB,C,765,04 02 2026 23:02:26,11.552,10.035,2.050,3.69,7000.,0.0,0.26,631.8,0.8742,686.3,1.0667,562.5,1040.6,832.8,719.8,654.0,616.3,592.7,566.9,0.0,0.0,0.0,0.0,0.0,0.0,0.0,796.8,653.0,580.8,541.9,519.8,504.7,483.1,0.0,0.0,0.0,0.0,0.0,0.0,0.0,1041.3,784.1,651.6,576.6,538.9,510.8,465.2,43.6,41.5,39.7,38.2,37.5,37.1,36.8,144.8,149.8,153.2,159.2,166.8,176.8,179.0,1033.7,850.9,756.6,710.5,690.4,678.8,669.0,675.6,573.0,527.7,507.6,497.5,492.3,486.6,640.3,551.4,514.7,496.9,486.8,480.9,474.5,619.7,537.9,505.0,487.3,475.4,466.5,455.4,632.0,541.7,502.0,481.7,469.2,458.8,439.1,650.4,540.9,497.7,475.1,457.5,441.3,415.7,676.4,558.0,505.2,479.4,460.3,442.1,407.0,761.8,613.4,534.1,496.3,473.6,454.3,414.8,907.1,705.6,593.4,527.9,494.4,473.1,436.0,1047.4,814.7,683.1,597.4,542.2,506.6,464.9,0.8277,1.0741,1.1991,0.6405,0.8805,1.0188,0.0,0.0000,2026,0.9804,612.0,051800048FT,9.434,8037,29.5,44.6,35.4,78.4,0.0,724.9,558.6,500.4,936.8,681.4,588.9,603.3,576.7,0.9945,1.0405,549.8,467.6,448.4,37.1,178.1,669.5,484.4,471.2,448.5,424.9,401.5,383.5,379.8,397.9,430.1,1511.8,1130.8,1516.1,46.5,138.2,1468.6,930.8,862.3,818.4,843.0,909.9,953.1,1108.7,1346.6,1554.9
IRL,26060,GER6577,GER 6577,OPAL,ELLIOTT 57,KNIERIM,GREG ELLIOTT,2011,,,,,ORC,CLUB,R,950,04 02 2026 22:06:19,17.409,16.722,3.503,4.49,11830.,0.0,0.00,440.1,1.2195,492.0,1.5353,390.8,744.5,588.1,513.9,474.3,447.6,423.6,380.5,0.0,0.0,0.0,0.0,0.0,0.0,0.0,559.8,455.6,407.8,379.9,359.4,341.8,313.3,0.0,0.0,0.0,0.0,0.0,0.0,0.0,744.6,552.3,461.5,408.2,375.7,345.9,297.5,44.1,41.7,39.2,38.2,37.4,36.9,36.1,140.5,140.6,144.8,151.2,149.8,145.3,144.7,744.0,597.2,542.6,517.3,501.5,490.2,476.4,480.4,399.8,375.3,363.4,354.9,348.0,337.9,441.7,383.7,361.7,349.7,340.4,332.8,322.3,412.2,371.2,350.2,335.5,324.4,315.5,304.1,410.1,362.8,340.2,324.4,308.8,297.1,279.5,445.4,377.8,342.4,313.4,292.1,277.7,254.8,484.1,388.5,345.0,315.9,296.0,273.2,241.2,537.9,420.2,366.3,329.1,294.4,265.1,227.5,645.3,501.5,420.1,373.8,341.0,309.2,246.5,745.1,579.0,485.1,431.2,393.7,357.0,284.7,1.1818,1.5370,1.7884,0.9005,1.2238,1.4512,0.0,0.0000,2026,1.3997,428.7,051800048F4,16.693,13495,55.6,107.7,87.7,0.0,317.3,507.7,390.4,335.5,666.3,490.3,413.5,423.9,397.2,1.4153,1.5106,353.3,295.5,279.0,36.4,147.2,475.4,335.0,318.0,297.0,267.4,236.2,221.5,203.3,200.3,231.2,1083.8,800.0,1085.3,45.9,138.8,1068.9,680.7,617.3,557.1,549.3,611.4,684.2,787.4,951.5,1098.7
IRL,26061,IRL2070,IR 2070,OUT & ABOUT,FIRST 38,BENETEAU,J.BERRET,1980,,,,,ORC,CLUB,C,765,04 02 2026 22:11:06,11.698,9.961,2.163,3.89,7830.,0.0,0.49,663.3,0.8349,718.6,1.0246,585.6,1123.7,890.4,763.2,683.2,633.2,603.9,576.0,0.0,0.0,0.0,0.0,0.0,0.0,0.0,864.9,697.6,610.3,561.0,531.7,513.6,490.9,0.0,0.0,0.0,0.0,0.0,0.0,0.0,1119.2,836.5,687.4,598.4,551.3,519.9,473.3,44.5,42.6,41.0,39.7,38.2,37.4,37.1,146.4,150.1,152.4,157.2,164.4,170.7,178.1,1169.1,945.4,827.2,755.0,711.8,689.9,678.0,757.4,627.5,560.8,527.0,508.6,498.2,490.4,715.3,598.8,541.7,514.0,497.9,487.7,478.2,691.3,581.7,529.0,503.6,488.1,476.6,460.7,706.3,579.4,520.2,493.7,479.7,472.6,451.8,690.0,565.7,510.7,484.3,466.0,450.3,426.6,714.4,582.3,517.8,487.6,467.3,449.3,415.7,793.0,634.0,546.2,503.6,479.3,459.9,421.4,933.9,723.5,606.7,537.2,501.1,478.9,442.6,1078.3,835.3,699.2,611.3,554.6,518.0,474.1,0.7680,1.0318,1.1774,0.5958,0.8396,0.9987,0.0,0.0000,2026,0.9400,638.3,051800048F5,8.892,8878,31.3,31.2,39.2,96.9,0.0,781.3,581.5,509.6,1007.0,714.6,600.8,634.9,596.4,0.9451,1.0061,562.3,477.2,457.9,37.6,177.2,683.7,490.3,476.6,453.2,434.7,412.9,394.7,388.9,406.5,441.0,1660.6,1254.2,1655.9,46.8,143.4,1708.0,1080.1,999.8,951.1,985.1,982.1,1021.7,1164.6,1397.1,1613.3
IRL,26008,IRL2848,IR2848,BANDERSNATCH OF HOWTH,SWAN 37,NAUTOS KY,SPARKMAN & STEPHEN,1970,Howth Yacht Club,,,,ORC,CLUB,C,561,04 02 2026 19:44:56,11.079,8.875,1.871,3.27,6924.,0.0,0.43,671.4,0.8235,728.6,1.0048,597.1,1093.7,886.0,768.4,694.9,652.8,627.1,598.6,0.0,0.0,0.0,0.0,0.0,0.0,0.0,847.7,700.0,620.1,574.6,548.7,531.5,509.1,0.0,0.0,0.0,0.0,0.0,0.0,0.0,1091.6,834.7,695.4,611.9,569.1,537.7,490.2,43.5,41.8,40.8,39.3,38.6,38.4,38.0,147.3,151.4,152.8,158.8,164.4,170.8,177.2,1114.3,928.5,824.4,764.6,735.7,720.7,708.5,731.0,621.9,566.1,538.0,523.3,515.8,510.8,694.7,597.4,550.1,526.4,512.8,504.3,498.1,674.0,583.2,539.5,516.9,502.4,491.4,477.2,687.4,589.7,540.8,514.4,499.1,485.8,464.1,704.1,585.4,529.4,501.9,482.4,465.7,444.4,726.5,598.6,535.3,504.2,482.3,462.8,431.1,798.4,646.9,561.5,518.7,493.6,472.2,434.2,929.3,731.4,618.6,551.5,515.8,492.9,453.7,1073.1,843.6,712.4,625.2,570.0,533.5,488.7,0.7754,1.0106,1.1377,0.6061,0.8278,0.9633,0.0,0.0000,2026,0.9244,649.1,051800048DK,8.252,7736,27.2,24.4,52.9,100.8,0.0,773.8,593.7,527.4,989.9,724.8,622.9,644.3,608.3,0.9313,0.9864,583.6,496.2,475.9,38.7,176.8,713.7,509.0,494.2,470.4,448.5,432.0,415.3,406.8,421.5,453.4,1574.4,1189.6,1575.6,46.4,143.3,1562.4,991.7,919.3,874.7,902.0,984.2,1017.6,1148.8,1373.9,1586.5
IRL,26072,IRL10800,IRL 10800,ROCKABILL VI,JPK 10.80,JPK Composites,JPK Design,2014,Royal Irish Yacht Club,,,,ORC,CLUB,R,680,04 02 2026 22:49:12,10.877,9.860,2.166,3.66,4803.,0.0,0.00,598.1,0.9257,648.2,1.1287,531.6,979.3,786.2,678.6,617.7,583.7,562.0,531.9,0.0,0.0,0.0,0.0,0.0,0.0,0.0,758.3,621.3,551.2,513.0,489.6,472.4,445.0,0.0,0.0,0.0,0.0,0.0,0.0,0.0,976.1,740.6,616.0,545.5,507.5,476.7,426.9,43.0,40.9,39.0,37.7,37.1,36.7,36.6,145.1,149.2,152.5,158.3,165.3,169.6,165.1,1011.3,826.6,726.8,677.3,656.6,645.5,636.6,667.1,561.5,510.1,485.2,473.3,467.4,460.7,635.6,541.9,498.1,475.1,461.8,454.3,446.1,618.2,531.0,490.4,467.3,450.2,437.7,423.2,623.1,522.8,482.3,466.0,449.5,432.3,405.3,610.6,511.0,469.4,443.7,424.8,411.9,388.3,626.9,521.9,474.9,445.2,419.3,395.4,360.6,696.8,564.2,497.8,462.5,432.5,404.1,341.9,820.3,645.9,547.5,493.0,461.2,433.3,377.9,947.2,745.8,630.4,558.1,510.8,478.6,427.3,0.8698,1.1345,1.2864,0.6797,0.9323,1.0788,0.0,0.0000,2026,1.0397,577.1,051800048FQ,9.791,5734,26.0,38.2,32.6,112.3,0.0,689.8,528.9,466.4,882.7,643.6,556.2,575.4,540.1,1.0427,1.1109,502.5,421.8,403.5,37.3,145.2,640.2,459.5,443.5,415.5,386.9,370.7,332.4,282.5,316.0,364.9,1408.0,1069.4,1405.3,45.6,140.8,1435.2,918.7,859.1,822.7,850.4,849.2,875.8,995.9,1195.9,1380.9
IRL,26157,IRL1193,IRL 1193,COVE PIRATE,FIRST 31.7,BENETEAU,FINOT,1998,Cove Sailing Club Club,,,,ORC,CLUB,C,578,28 07 2026 14:24:31,9.610,8.998,1.917,3.21,3595.,0.0,0.29,664.9,0.8298,723.0,1.0181,589.3,1110.2,883.8,760.4,685.9,646.0,622.6,596.5,0.0,0.0,0.0,0.0,0.0,0.0,0.0,852.9,693.6,611.7,565.9,540.0,522.4,498.7,0.0,0.0,0.0,0.0,0.0,0.0,0.0,1109.0,831.8,687.2,602.9,560.4,528.1,475.7,43.9,41.7,40.0,38.3,37.7,37.4,37.8,146.2,150.1,152.3,158.8,165.3,171.8,175.4,1122.2,916.2,809.5,751.6,728.4,718.9,717.6,732.3,614.5,559.3,532.4,519.5,514.2,510.2,693.9,589.4,543.2,519.8,506.3,499.6,493.7,671.7,573.8,531.5,508.4,491.6,479.2,467.1,687.1,580.9,527.9,502.8,487.3,470.4,446.2,692.0,570.7,519.0,489.8,466.0,447.3,423.3,717.8,587.7,526.7,494.1,467.3,443.5,401.0,801.9,642.3,555.3,512.9,484.0,457.7,405.5,951.1,737.4,617.1,546.9,510.2,483.4,435.2,1098.2,851.4,711.2,620.2,563.6,526.3,475.5,0.7759,1.0250,1.1584,0.6018,0.8365,0.9698,0.0,0.0000,2026,0.9354,641.4,05180004VPH,8.446,4386,21.9,25.5,29.1,65.9,0.0,773.3,585.4,518.0,997.0,717.3,618.7,636.7,602.0,0.9423,0.9967,581.4,481.3,457.3,38.9,166.7,731.3,511.6,493.0,461.1,432.9,404.8,372.1,345.4,381.8,431.5,1626.5,1223.2,1628.0,46.5,142.8,1612.0,1024.6,951.7,906.2,937.0,979.0,1020.2,1170.8,1421.2,1641.1
IRL,26052,IRL13200,IRL 13200,MACH 2,SUN FAST 3200,JEANNEAU,ANDRIEU Daniel,2007,,,,,ORC,CLUB,C,595,04 02 2026 21:46:35,9.790,9.149,1.909,3.44,3565.,0.0,0.19,622.6,0.8759,685.0,1.0864,552.3,1038.4,831.5,716.4,650.6,618.0,597.5,562.0,0.0,0.0,0.0,0.0,0.0,0.0,0.0,794.4,648.3,574.4,532.2,506.9,489.0,458.1,0.0,0.0,0.0,0.0,0.0,0.0,0.0,1031.2,779.4,645.9,567.7,526.2,492.9,435.8,44.2,42.3,40.4,38.5,38.0,37.8,38.1,143.1,147.1,148.3,152.6,155.5,155.9,144.2,1110.7,900.0,788.5,724.2,694.9,683.5,678.3,722.1,600.6,542.0,512.0,496.1,488.2,481.6,682.7,575.2,526.0,500.0,483.1,472.1,463.1,659.7,560.0,514.8,489.3,469.3,453.3,434.4,625.6,527.7,490.1,471.6,458.0,446.8,415.5,606.7,513.2,472.0,442.2,418.9,403.1,374.0,620.5,520.0,476.5,443.0,413.0,384.3,343.9,704.5,562.2,500.0,464.5,432.3,399.6,329.4,836.7,660.8,557.9,501.9,471.7,444.9,385.9,966.2,763.0,644.2,577.0,541.2,511.5,445.6,0.8318,1.0916,1.2451,0.6417,0.8830,1.0182,0.0,0.0000,2026,0.9968,601.9,051800048ET,8.826,4374,23.2,30.4,24.7,0.0,106.9,721.3,549.7,481.9,935.0,679.5,589.3,604.9,555.5,0.9920,1.0801,511.5,425.3,403.7,39.5,141.6,689.4,482.3,461.6,426.4,393.8,348.6,313.5,257.3,288.9,333.6,1507.0,1137.9,1497.2,46.5,139.7,1605.1,1019.7,946.7,901.2,880.4,861.6,888.0,1009.7,1220.2,1409.0
IRL,26163,IRL13611,IRL 13611,ANTEEX,X-99,X-Yachts,Niels Jeppesen,1985,Royal Cork Yacht Club,,,,ORC,CLUB,C,595,05 08 2026 07:42:25,9.960,8.850,1.805,2.99,3222.,0.0,0.18,632.3,0.8625,695.7,1.0619,565.0,1026.9,826.6,719.6,665.3,636.3,615.8,586.5,0.0,0.0,0.0,0.0,0.0,0.0,0.0,785.8,648.3,581.9,547.4,526.3,509.7,482.1,0.0,0.0,0.0,0.0,0.0,0.0,0.0,1023.6,777.2,651.8,582.9,546.2,514.5,460.7,43.4,40.8,38.8,37.4,36.7,36.8,36.8,142.1,146.9,149.3,153.8,159.9,163.5,160.4,1060.0,867.4,771.8,731.1,713.8,703.5,693.4,695.1,588.3,543.3,524.2,515.4,509.7,502.7,659.7,567.3,530.0,511.6,501.8,495.7,487.5,639.5,554.0,519.4,498.8,484.3,474.6,463.0,619.4,534.5,502.6,486.3,474.4,461.9,440.1,614.6,526.7,489.9,463.1,441.7,424.8,396.6,634.6,536.1,496.0,465.8,438.4,411.2,367.1,720.3,582.0,520.5,487.8,458.6,428.7,360.3,860.6,680.6,578.0,522.8,493.8,468.7,417.4,993.8,785.9,667.5,599.4,558.8,528.1,479.6,0.8368,1.0676,1.1916,0.6474,0.8701,0.9837,0.0,0.0000,2026,0.9766,614.4,05180004W3B,8.597,4013,21.0,33.7,19.3,0.0,76.4,717.0,562.0,503.5,926.8,689.6,609.9,612.7,572.3,0.9793,1.0485,543.4,452.8,432.5,37.9,140.9,699.0,500.8,484.4,457.0,426.7,371.6,335.3,289.5,335.8,387.8,1483.1,1116.7,1479.8,45.8,138.3,1516.9,967.4,900.3,858.1,863.1,859.5,895.2,1033.0,1255.2,1449.4
IRL,26106,IRL1367,IRL 1367,BOOMERANG,First 36.7,Beneateau,Farr,2001,Royal St George Yacht Club,,,,ORC,CLUB,C,619,05 06 2026 16:15:17,10.640,9.584,2.224,3.46,5567.,0.0,0.19,621.4,0.8896,674.4,1.0823,554.4,1006.1,811.4,703.8,643.2,610.3,589.7,564.1,0.0,0.0,0.0,0.0,0.0,0.0,0.0,777.2,640.6,571.7,535.1,513.9,499.0,477.9,0.0,0.0,0.0,0.0,0.0,0.0,0.0,1002.1,763.8,638.8,569.1,532.6,503.9,459.2,43.1,40.8,39.3,37.9,37.3,37.5,37.8,145.1,149.6,153.0,159.9,167.1,174.5,175.8,1045.7,860.7,762.4,714.4,695.9,686.2,679.7,688.5,583.1,532.3,508.7,498.3,493.2,487.9,654.5,561.3,518.6,497.1,486.0,480.6,474.4,632.7,547.0,508.6,487.5,473.1,463.4,453.1,632.5,536.4,498.6,484.2,469.4,454.9,434.3,621.1,525.0,486.7,464.0,447.4,436.8,419.0,638.7,535.5,491.6,465.3,443.0,423.8,399.6,710.3,577.5,512.6,480.0,454.8,431.2,387.2,837.0,660.0,560.9,507.8,478.5,454.9,410.3,966.5,762.2,645.3,572.1,524.8,493.3,448.5,0.8464,1.0893,1.2126,0.6603,0.8966,1.0252,0.0,0.0000,2026,0.9976,601.5,05180004SBP,9.161,6418,26.6,40.1,29.4,103.9,0.0,708.9,550.8,494.8,908.7,669.2,585.3,601.0,559.4,0.9983,1.0727,547.7,462.8,444.6,38.9,169.6,687.2,487.5,473.5,448.2,422.8,404.9,382.1,341.1,366.1,408.2,1447.9,1096.3,1444.1,45.9,140.7,1486.4,948.2,883.2,841.2,866.0,859.4,888.6,1015.4,1220.6,1409.4
IRL,26070,IRL1408,IRL 1408,RED CLOUD,J-80 OD,J-COMPOSITE,JOHNSTONE,1995,Mayo Sailing Club,,,,ORC,INTL,S,350,04 02 2026 22:42:48,8.032,7.196,1.497,2.49,1437.,105.5,0.13,662.5,0.8225,729.4,1.0089,594.7,1044.6,848.1,750.1,705.1,678.9,653.7,594.2,0.0,0.0,0.0,0.0,0.0,0.0,0.0,807.5,674.6,612.7,580.3,557.9,537.5,498.3,0.0,0.0,0.0,0.0,0.0,0.0,0.0,1037.5,799.0,682.3,618.2,578.8,542.7,475.8,43.2,40.8,38.6,37.8,37.7,37.8,38.3,144.1,148.6,151.7,153.4,152.3,145.7,143.0,1114.9,917.4,824.2,795.1,783.0,776.7,775.9,732.3,624.5,581.7,567.1,560.1,555.5,551.3,695.6,604.2,567.2,551.3,543.4,537.8,531.7,674.1,590.8,554.8,532.4,518.8,510.3,499.0,654.5,575.1,550.9,525.3,503.2,486.5,462.9,635.0,554.6,517.2,493.6,473.1,453.8,419.2,648.1,558.1,513.1,478.8,448.3,424.0,382.9,716.3,592.7,534.9,491.2,447.6,401.6,327.9,843.7,674.4,586.3,535.5,498.5,459.6,357.2,974.2,778.7,676.0,615.1,574.9,530.7,412.4,0.8096,1.0112,1.1366,0.6340,0.8271,0.9409,0.0,0.0000,2026,0.9309,644.5,051800048FM,7.125,1924,13.4,21.5,14.0,0.0,65.0,741.1,593.4,527.9,946.4,725.4,637.7,652.6,588.0,0.9194,1.0203,555.6,474.5,447.8,40.8,147.5,807.0,556.6,533.6,494.8,448.8,391.5,348.8,281.9,263.5,304.3,1490.6,1132.5,1481.6,45.9,140.4,1579.9,1008.1,938.6,893.8,901.7,875.6,900.5,1008.5,1213.5,1401.3
IRL,26155,IRL15455,IRL 15455,PRINCE OF TIDES,Grand Soleil 37 BC,Del Pardo,Botin & Carkeek,2005,Royal Cork Yacht CLub,,,,ORC,CLUB,C,765,27 07 2026 13:41:18,11.317,10.352,2.142,3.67,6786.,0.0,0.22,607.8,0.8997,666.9,1.1094,540.8,999.7,805.8,696.6,634.2,602.8,582.8,558.1,0.0,0.0,0.0,0.0,0.0,0.0,0.0,767.8,629.8,559.1,520.6,499.1,484.6,463.6,0.0,0.0,0.0,0.0,0.0,0.0,0.0,993.8,756.2,628.5,554.7,517.8,489.8,444.5,43.8,41.9,40.2,38.5,37.6,37.6,37.6,143.1,147.3,148.9,152.3,156.9,161.5,162.8,1057.9,864.0,758.3,699.3,673.9,662.4,653.3,689.9,578.0,522.1,494.8,482.1,476.4,470.3,652.6,553.6,506.8,483.5,470.8,464.0,457.2,629.6,538.2,496.1,474.2,459.3,448.9,437.4,614.7,515.9,477.2,460.1,450.3,442.1,421.4,600.5,504.2,465.8,442.6,424.5,411.2,392.6,614.5,512.8,470.6,445.3,423.4,403.9,373.6,687.2,555.7,492.9,462.3,438.4,416.0,373.5,815.3,647.5,549.8,494.8,467.4,447.2,409.6,941.4,747.7,634.9,569.2,531.8,503.2,463.0,0.8586,1.1170,1.2491,0.6646,0.9071,1.0371,0.0,0.0000,2026,1.0189,588.9,05180004VO9,9.736,7827,29.7,43.1,32.9,0.0,123.3,698.8,537.2,480.3,902.8,661.4,578.5,587.7,546.9,1.0209,1.0971,542.0,447.9,429.6,38.4,159.3,656.8,468.9,454.8,431.4,408.8,377.4,353.6,323.8,373.4,427.3,1439.6,1088.3,1432.3,46.5,139.2,1513.2,959.3,888.6,841.9,859.4,837.8,863.9,978.2,1183.1,1366.1
IRL,26160,IRL1619,IRL 1619,Lara,Dehler 34 JV,Dehler,Judel & Vrolijk,2017,Schull Harbour Sailing Club,,,,ORC,CLUB,C,560,31 07 2026 10:56:49,10.254,9.725,1.953,3.61,5990.,0.0,0.24,636.4,0.8547,702.0,1.0596,566.2,1049.7,844.5,732.5,669.2,635.0,613.3,589.6,0.0,0.0,0.0,0.0,0.0,0.0,0.0,804.2,659.4,585.4,545.2,522.2,506.9,486.3,0.0,0.0,0.0,0.0,0.0,0.0,0.0,1043.7,792.2,659.5,582.2,542.4,512.3,463.5,44.5,42.0,40.6,39.5,38.9,38.7,39.0,143.1,147.6,149.3,152.0,157.6,162.5,165.5,1109.9,906.5,799.1,740.5,715.5,704.6,700.2,719.9,604.6,545.1,515.4,501.5,495.5,490.5,679.4,577.5,527.2,501.7,488.2,481.0,474.9,653.6,558.8,514.2,490.6,475.0,464.1,452.1,638.5,537.8,495.1,474.7,464.8,456.7,435.0,628.4,527.2,485.6,461.0,441.0,425.0,406.5,646.7,538.3,491.7,465.1,442.6,422.1,388.0,721.8,586.3,517.2,483.0,458.7,436.1,394.0,857.0,677.6,576.6,519.1,488.1,466.6,428.3,989.6,782.5,665.8,597.9,554.5,522.1,479.0,0.8199,1.0669,1.1928,0.6335,0.8616,0.9839,0.0,0.0000,2026,0.9721,617.2,05180004VU4,8.929,6778,27.2,39.6,27.4,0.0,88.9,731.8,562.4,503.0,947.1,696.4,609.8,616.2,572.3,0.9738,1.0483,577.7,473.4,449.8,40.0,162.3,711.8,491.2,474.1,446.8,421.8,392.0,368.8,350.1,391.6,443.5,1521.5,1144.7,1514.0,47.2,138.8,1596.6,1008.5,931.5,880.5,887.5,873.0,903.3,1033.9,1252.6,1446.4
IRL,26115,IRL16859,IRL 16859,TUCO,Sun Fast 32,Jeanneau,Philippe Briand,1994,Cove Sailing Club,,,,ORC,CLUB,C,595,04 06 2026 10:56:52,9.330,8.249,1.962,3.28,3690.,0.0,0.26,674.9,0.8225,729.5,1.0009,599.4,1115.2,891.9,767.9,691.6,651.5,629.2,604.9,0.0,0.0,0.0,0.0,0.0,0.0,0.0,858.4,700.6,621.0,576.3,551.3,535.0,511.9,0.0,0.0,0.0,0.0,0.0,0.0,0.0,1113.5,839.2,695.6,612.5,571.3,541.2,491.5,43.4,41.5,39.8,37.8,37.1,36.8,37.2,146.4,150.7,152.1,160.8,167.8,176.3,177.2,1132.9,929.6,821.8,760.6,733.1,722.8,719.6,744.0,625.4,572.1,545.8,532.0,525.3,521.1,707.4,601.3,557.6,535.1,521.1,512.6,506.5,686.4,587.7,547.1,525.5,509.7,497.4,482.8,698.4,582.6,536.5,513.9,501.1,491.9,466.3,689.1,574.7,529.9,503.9,481.9,462.9,438.3,714.2,590.0,537.1,508.2,483.6,460.5,421.6,799.4,644.3,561.5,524.7,499.0,474.4,428.0,950.6,740.1,619.5,553.9,521.9,498.1,452.5,1097.6,854.2,714.0,622.7,569.9,535.6,490.1,0.7697,1.0079,1.1312,0.5979,0.8291,0.9590,0.0,0.0000,2026,0.9211,651.4,05180004S48,7.979,4462,21.0,24.6,26.8,68.1,0.0,779.5,595.3,530.4,1003.5,723.7,625.7,646.6,610.4,0.9280,0.9830,589.6,496.8,474.8,38.4,175.3,730.4,521.2,504.7,476.6,450.7,422.7,398.0,384.2,410.8,448.9,1623.4,1223.1,1623.9,45.9,135.9,1618.6,1033.3,963.6,921.4,952.0,966.1,1005.1,1153.8,1410.1,1628.2
IRL,26005,IRL1766,IRL 1766,AMUSE II,ARCONA 380/385,ARCONA YATCHS,QUIBERG,2021,Howth Yacht Club,,,,ORC,CLUB,C,765,18 02 2026 13:36:22,11.295,10.514,2.060,3.79,6950.,0.0,0.17,597.6,0.9091,660.0,1.1272,532.3,984.6,792.3,686.3,629.4,599.4,578.9,553.9,0.0,0.0,0.0,0.0,0.0,0.0,0.0,751.9,618.0,549.5,513.2,492.4,477.5,455.9,0.0,0.0,0.0,0.0,0.0,0.0,0.0,981.7,743.8,618.7,547.8,511.6,482.8,434.2,44.1,42.0,40.2,38.8,38.2,38.5,38.8,142.4,147.1,149.6,152.1,157.4,162.7,178.4,1013.9,830.1,732.4,685.9,668.4,659.4,652.9,659.1,554.7,504.6,482.1,472.7,467.7,462.2,622.2,531.6,490.2,469.9,459.5,454.2,447.3,598.3,516.9,480.1,459.5,444.7,434.8,424.6,586.4,500.8,465.5,446.3,435.3,426.5,405.7,597.4,502.8,462.0,436.5,415.2,397.8,376.3,619.1,515.1,469.5,442.5,419.2,397.9,359.4,693.9,562.9,495.9,462.1,437.7,415.0,371.7,827.3,653.4,554.5,497.5,466.6,444.8,406.3,955.3,754.4,640.2,572.9,530.4,498.5,454.9,0.8760,1.1346,1.2681,0.6753,0.9168,1.0441,0.0,0.0000,2026,1.0334,580.6,05180004BRC,9.997,7994,32.2,51.3,36.1,0.0,95.3,684.9,528.8,473.1,888.5,654.5,574.7,575.4,542.9,1.0427,1.1052,539.8,440.9,418.2,40.0,161.9,660.0,461.7,445.4,419.4,394.4,360.7,332.4,320.5,369.1,419.6,1419.9,1062.9,1417.4,46.7,138.3,1445.2,913.6,842.9,794.5,800.3,818.6,865.7,994.6,1207.8,1394.7
IRL,26017 A,IRL17793,IRL 17793,CHINOOK,FIRST 300 SPIRIT,BENETEAU,FINOT,1994,Howth Yacht Club,,,,ORC,CLUB,C,595,02 05 2026 10:35:36,8.959,8.782,1.821,2.96,3590.,0.0,0.23,678.2,0.8011,748.9,0.9953,602.8,1120.1,899.6,780.7,713.2,678.9,656.6,628.4,0.0,0.0,0.0,0.0,0.0,0.0,0.0,860.4,702.9,623.9,580.2,555.4,538.6,514.8,0.0,0.0,0.0,0.0,0.0,0.0,0.0,1113.0,843.7,703.0,619.8,576.6,543.3,491.1,43.7,41.7,40.1,39.1,38.6,38.4,38.5,144.4,147.8,148.5,151.4,156.3,160.3,159.7,1190.9,970.9,858.2,795.4,770.4,758.7,752.7,779.1,650.6,587.9,555.8,541.0,534.9,529.1,739.8,623.0,568.4,540.5,525.9,518.8,511.6,708.6,596.1,547.6,527.1,509.5,497.0,483.3,674.9,570.1,526.7,503.0,487.8,478.2,461.4,672.6,560.0,514.6,485.2,463.1,447.8,421.6,692.1,571.3,519.8,487.2,459.5,436.8,404.2,770.8,622.2,545.6,507.8,476.7,449.1,397.7,908.8,717.3,609.0,547.3,514.6,488.6,442.2,1049.4,828.3,703.3,631.0,587.4,554.6,504.0,0.7676,1.0021,1.1238,0.5942,0.8079,0.9208,0.0,0.0000,2026,0.9137,656.7,05180004O32,7.915,4396,21.5,24.7,24.2,0.0,79.0,781.7,598.7,533.9,1009.8,742.7,651.6,659.0,606.2,0.9104,0.9898,609.9,497.7,473.7,39.7,141.5,766.8,532.7,512.3,478.4,447.9,403.8,379.3,337.5,392.3,453.0,1629.4,1228.6,1620.3,46.3,140.3,1720.0,1093.6,1020.3,978.5,926.3,942.9,971.5,1104.9,1332.6,1538.8
IRL,26080,IRL1840,IRL 1840,THE BIG PICTURE - SEC,J112 E,J BOATS,JOHNSTONE,2006,Howth Yacht Club,,,,ORC,CLUB,C,680,04 02 2026 23:18:18,11.000,10.090,2.248,3.60,5203.,0.0,0.18,589.9,0.9276,646.8,1.1381,527.2,951.8,768.3,668.8,617.7,592.4,574.5,548.4,0.0,0.0,0.0,0.0,0.0,0.0,0.0,732.9,605.0,542.6,510.1,491.0,476.3,453.4,0.0,0.0,0.0,0.0,0.0,0.0,0.0,947.2,722.8,606.7,542.8,509.1,480.7,435.3,42.7,40.7,38.9,37.3,37.0,36.8,36.9,142.6,146.7,149.6,153.2,157.3,160.1,148.7,997.9,816.0,722.9,680.3,663.6,654.6,648.2,655.2,553.4,507.9,488.0,478.9,474.1,469.2,622.1,533.7,495.8,477.0,466.6,461.1,455.0,601.8,521.3,486.8,466.9,452.5,442.6,432.8,593.3,505.9,475.7,461.7,448.3,433.6,412.4,577.6,493.0,458.4,435.1,419.2,406.8,385.3,590.0,498.6,461.1,434.0,410.6,390.1,362.1,659.3,535.0,481.6,451.0,423.7,397.4,341.5,784.3,624.1,532.4,483.8,456.9,433.9,388.5,905.7,720.7,614.7,555.1,521.3,494.4,448.6,0.8970,1.1449,1.2729,0.6976,0.9361,1.0541,0.0,0.0000,2026,1.0485,572.3,051800048H2,9.863,6141,27.3,39.2,32.6,0.0,123.4,668.9,524.1,471.4,860.1,641.0,569.2,572.0,531.7,1.0490,1.1284,511.0,429.1,412.1,38.0,142.2,654.7,469.0,454.6,428.0,400.9,367.3,336.9,284.0,318.1,367.3,1368.0,1037.5,1362.3,45.9,139.2,1425.1,908.2,845.0,803.7,829.3,805.7,831.8,937.9,1135.3,1310.9
IRL,26098,IRL1842,IRL 1842,EJINE,J 92 S,J.BOATS INTERNATIO,JOHNSTONE,1992,Royal Cork Yacht Club,,,,ORC,CLUB,R,492,19 04 2026 09:42:02,9.120,8.263,1.904,3.05,2570.,0.0,0.00,630.1,0.8673,691.8,1.0607,565.7,993.7,807.0,711.5,666.3,641.0,620.9,578.2,0.0,0.0,0.0,0.0,0.0,0.0,0.0,768.8,641.2,581.5,551.0,530.5,513.5,481.0,0.0,0.0,0.0,0.0,0.0,0.0,0.0,990.4,761.3,647.6,586.0,550.0,517.9,461.8,42.6,40.1,37.8,36.7,36.4,36.2,36.3,143.3,147.9,150.3,154.2,157.7,157.0,142.7,1027.5,848.1,764.2,735.2,721.7,713.0,706.9,681.2,584.3,546.5,532.6,525.7,520.6,515.0,650.8,567.9,534.8,519.7,512.2,506.2,499.0,633.9,557.9,525.2,505.3,492.5,484.2,472.5,627.3,544.5,517.7,500.6,481.5,467.1,446.0,614.1,531.5,494.5,469.2,450.9,434.6,404.9,629.1,537.8,496.2,464.3,435.9,410.3,373.0,701.8,575.6,519.8,482.2,448.3,412.5,335.4,831.3,663.4,570.7,521.3,489.5,460.3,389.3,959.9,766.0,658.8,597.5,560.4,528.8,449.5,0.8511,1.0647,1.1868,0.6664,0.8736,0.9837,0.0,0.0000,2026,0.9791,612.8,05180004LVO,8.257,3243,18.9,30.3,23.9,0.0,87.4,705.0,563.5,505.6,900.4,686.8,609.9,614.0,568.9,0.9772,1.0546,526.0,449.9,430.0,37.5,144.1,718.0,514.9,497.3,467.3,432.8,379.7,340.0,280.1,289.2,334.0,1415.1,1075.2,1411.9,45.4,139.5,1446.8,927.5,868.1,831.7,857.6,848.7,876.5,991.0,1198.1,1383.4
IRL,26158,IRL2076,IRL 2076,MANZANITA,MANZANITA (1/4T),OCEAN YACHTS,HOLAND Ron,1977,Schull Harbour Sailing Club,,,,ORC,CLUB,R,326,30 07 2026 12:11:19,7.584,6.270,1.503,2.96,1448.,0.0,0.07,717.5,0.7694,779.9,0.9288,646.0,1114.5,910.0,803.9,748.4,719.8,701.1,675.3,0.0,0.0,0.0,0.0,0.0,0.0,0.0,865.4,728.7,663.5,628.6,606.8,589.8,565.1,0.0,0.0,0.0,0.0,0.0,0.0,0.0,1111.6,859.8,735.4,667.7,628.9,595.3,538.9,42.5,40.3,38.1,37.3,37.3,37.6,38.6,146.9,152.1,158.3,166.8,176.3,177.7,175.8,1144.3,960.7,874.7,841.0,831.5,827.9,834.3,760.2,662.4,624.5,607.0,599.3,594.8,591.5,727.1,643.9,610.7,592.7,582.6,576.8,570.6,708.6,631.7,598.4,576.4,560.5,549.2,535.8,704.4,620.1,585.2,566.3,548.4,529.5,504.6,702.6,614.3,574.2,543.5,518.0,500.2,478.2,726.4,626.3,581.1,546.7,515.0,488.8,453.0,803.8,665.8,604.6,567.6,534.0,500.6,438.9,939.4,745.6,645.9,596.7,562.8,531.3,470.6,1084.7,859.4,733.1,655.8,608.0,574.4,516.2,0.7528,0.9330,1.0260,0.5927,0.7760,0.8619,0.0,0.0000,2026,0.8601,697.6,05180004VSL,6.288,1894,12.8,20.4,13.8,41.8,0.0,797.0,643.1,584.8,1012.3,773.2,696.1,700.3,647.3,0.8568,0.9269,666.1,552.4,523.3,41.5,164.0,871.8,597.4,573.8,531.0,493.4,466.5,430.2,380.7,404.2,460.5,1583.2,1199.5,1582.5,45.4,139.9,1589.8,1020.8,956.9,917.5,940.4,951.8,989.4,1133.7,1365.3,1576.6
IRL,26058,IRL2129,IRL 2129,NIEULARGO,Grand Soleil 40,Cantiere del Pardo,Botin/Carkeek,2006,,,,,ORC,CLUB,C,850,04 02 2026 22:00:35,12.153,11.222,2.223,3.84,9106.,0.0,0.28,600.6,0.9105,659.0,1.1256,533.0,1006.5,807.3,696.8,627.2,586.7,562.8,535.6,0.0,0.0,0.0,0.0,0.0,0.0,0.0,765.7,626.2,554.0,512.7,488.3,472.8,452.1,0.0,0.0,0.0,0.0,0.0,0.0,0.0,1000.9,756.3,626.1,547.7,507.1,477.8,433.2,44.2,42.0,40.4,39.2,38.2,37.7,37.7,142.8,147.1,148.8,156.5,163.7,169.6,177.2,1062.0,863.3,756.8,694.7,663.4,649.1,636.6,681.9,567.3,510.4,485.3,471.4,463.8,457.0,633.1,536.3,490.7,469.8,460.2,452.3,445.0,595.8,512.2,474.8,455.4,443.3,435.8,427.4,597.1,510.1,470.8,449.9,435.0,423.1,406.5,605.5,502.8,460.1,437.7,420.5,406.5,389.5,620.8,512.8,465.4,440.8,421.3,403.5,373.9,693.1,559.9,490.7,457.0,435.0,415.3,378.3,823.5,650.7,551.5,491.3,459.0,437.9,401.0,950.9,751.3,636.8,559.8,509.9,476.4,434.5,0.8621,1.1325,1.2796,0.6616,0.9156,1.0742,0.0,0.0000,2026,1.0303,582.4,051800048F2,10.232,10276,34.1,45.6,38.2,127.3,125.0,696.0,529.8,468.9,906.9,655.3,558.6,580.2,540.5,1.0342,1.1102,518.8,437.9,419.5,38.2,175.4,636.4,454.7,441.8,420.9,397.8,376.1,356.8,342.8,365.9,401.1,1464.1,1090.6,1457.1,47.1,138.9,1534.4,961.8,868.0,796.0,798.6,848.3,875.2,996.2,1207.1,1393.8
IRL,26104,IRL2160,IRL 2160,CHIMAERA - SEC,J 109,J BOATS,JOHNSTONE,2001,Royal Irish Yacht Club,,,,ORC,CLUB,C,680,09 06 2026 16:31:09,10.757,9.723,2.157,3.52,5274.,0.0,0.19,613.7,0.8932,671.8,1.0953,547.8,995.0,802.3,696.3,640.9,612.9,593.3,567.2,0.0,0.0,0.0,0.0,0.0,0.0,0.0,766.3,630.8,563.7,529.1,509.3,494.5,472.2,0.0,0.0,0.0,0.0,0.0,0.0,0.0,990.3,754.4,630.9,562.9,528.3,499.6,453.9,43.2,41.1,39.3,37.5,36.8,36.7,36.7,143.1,147.3,149.6,152.8,157.7,161.9,161.0,1041.2,851.7,751.6,703.2,684.4,673.8,664.4,683.6,576.0,526.2,504.3,494.7,489.5,483.5,649.2,554.8,513.5,493.5,482.9,477.4,470.6,629.3,541.7,504.1,483.6,469.9,460.6,450.0,618.2,523.9,489.5,474.8,464.6,451.3,431.2,605.3,512.3,476.0,453.1,435.4,423.1,402.6,620.3,520.3,480.1,454.0,431.2,410.9,381.2,692.4,561.8,501.8,470.9,445.1,420.6,371.8,821.6,651.9,555.2,503.6,476.3,454.5,412.9,948.7,752.8,641.1,578.6,541.3,512.8,470.1,0.8589,1.1026,1.2249,0.6677,0.9012,1.0197,0.0,0.0000,2026,1.0085,594.9,05180004SLK,9.370,6200,26.7,37.9,30.5,0.0,108.0,698.6,544.2,489.8,898.6,665.8,588.4,593.4,554.1,1.0111,1.0829,542.3,452.0,435.1,37.5,141.3,667.8,482.2,469.1,444.5,418.6,385.8,358.4,311.5,361.0,416.8,1432.2,1085.2,1426.8,46.0,139.5,1486.2,947.1,881.7,840.4,863.2,843.4,870.3,987.0,1193.5,1378.2
IRL,26086,IRL2237,IRL 2237,WOW,X-TREME 37,G FORCE,REICHEL/PUGH,2004,Royal Irish Yacht Club,,,,ORC,CLUB,R,765,04 02 2026 23:45:38,11.369,10.705,2.659,3.49,4131.,0.0,0.00,545.5,0.9977,601.4,1.2259,489.5,860.7,699.0,620.1,581.9,558.4,536.6,489.8,0.0,0.0,0.0,0.0,0.0,0.0,0.0,665.7,555.6,505.5,477.7,458.1,440.9,409.5,0.0,0.0,0.0,0.0,0.0,0.0,0.0,857.8,659.7,563.7,508.9,475.5,445.3,391.8,42.3,40.2,38.0,37.3,36.9,36.7,36.7,141.8,145.1,150.6,153.5,151.4,147.6,144.7,889.7,734.8,669.4,645.2,632.5,624.8,617.8,589.0,504.1,474.1,462.2,455.3,450.7,444.8,560.9,489.4,462.2,448.7,441.0,435.3,428.2,543.0,480.2,452.2,432.7,419.9,411.8,400.4,551.9,480.3,453.8,429.6,409.2,393.7,373.4,532.9,463.5,429.5,408.9,391.7,376.3,349.2,544.9,465.8,427.2,396.8,374.5,355.7,322.9,603.2,493.6,448.5,412.0,376.7,341.2,286.2,720.2,574.4,494.6,452.1,420.0,388.3,313.3,831.7,663.3,570.8,518.7,484.4,448.4,361.8,0.9826,1.2281,1.3843,0.7694,1.0024,1.1439,0.0,0.0000,2026,1.1305,530.7,051800048H9,10.709,5182,25.9,45.7,33.0,0.0,139.7,610.6,488.6,433.4,779.8,598.6,524.5,532.5,489.7,1.1268,1.2253,455.1,388.2,368.3,37.9,146.7,628.0,445.3,426.6,395.3,360.4,325.9,296.5,255.3,244.3,282.1,1231.5,936.0,1228.3,44.9,139.0,1263.7,810.9,757.0,721.8,744.7,738.8,766.9,858.8,1038.7,1199.3
IRL,26081,IRL23315,IRL 23315,TIGHEY BOY,J 109,J BOATS,JOHNSTONE,2001,Schull Harbour Sailing Club,,,,ORC,CLUB,C,680,24 04 2026 07:32:26,10.757,9.701,2.151,3.52,5183.,0.0,0.19,616.0,0.8891,674.9,1.0919,549.5,1002.9,807.7,700.4,643.3,614.6,595.0,569.1,0.0,0.0,0.0,0.0,0.0,0.0,0.0,771.1,634.0,565.9,530.4,510.2,495.4,473.1,0.0,0.0,0.0,0.0,0.0,0.0,0.0,997.4,758.9,634.0,564.5,529.3,500.4,454.5,43.4,41.3,39.6,37.8,37.1,37.0,37.1,143.1,147.3,149.6,152.8,157.7,161.7,160.8,1057.2,862.9,759.7,708.0,687.8,677.3,668.5,691.6,580.8,528.9,505.7,495.6,490.5,484.7,655.4,558.0,515.2,494.4,483.6,478.1,471.5,633.5,543.9,505.2,484.4,470.4,461.0,450.7,618.2,524.1,489.9,475.5,465.3,451.7,431.4,605.3,512.3,476.0,453.1,435.6,423.6,403.0,620.3,520.3,480.0,453.7,430.8,410.6,381.4,692.2,561.8,501.8,470.7,444.6,419.9,370.4,821.4,651.8,555.2,503.6,476.2,454.1,412.0,948.5,752.6,641.0,578.7,541.4,512.8,469.6,0.8540,1.0993,1.2227,0.6628,0.8970,1.0166,0.0,0.0000,2026,1.0049,597.1,05180004MWI,9.299,6108,26.6,37.5,29.5,0.0,107.5,702.6,545.8,490.7,905.3,668.9,590.2,596.3,554.9,1.0063,1.0813,542.8,452.5,435.4,37.8,141.4,672.6,483.6,470.4,445.5,419.3,386.2,358.5,309.7,357.6,413.0,1445.8,1093.9,1439.0,46.1,139.4,1513.7,963.1,894.4,849.5,863.4,843.3,870.2,986.7,1193.3,1377.9
IRL,26034,IRL2507,IRL 2507,IMPETUOUS,CORBY 25,LION YACHT,CORBY John,2000,"HOWTH, Co Dublin",,,,ORC,CLUB,R,510,05 02 2026 17:20:11,7.710,7.069,1.821,2.47,2360.,0.0,0.00,690.8,0.8032,747.0,0.9631,623.0,1066.8,867.9,769.0,718.8,690.1,671.4,645.2,0.0,0.0,0.0,0.0,0.0,0.0,0.0,830.6,696.1,636.4,606.6,588.0,573.9,552.5,0.0,0.0,0.0,0.0,0.0,0.0,0.0,1065.9,821.4,704.5,643.0,608.4,579.4,533.0,41.5,39.5,37.6,36.9,36.7,36.5,36.7,146.7,150.9,155.9,164.6,173.6,178.1,177.2,1076.5,899.3,827.3,803.4,792.0,784.6,780.5,718.5,625.6,594.1,582.1,576.4,572.6,568.7,688.4,609.9,582.5,569.9,563.9,559.7,554.5,673.1,600.2,573.1,556.9,546.6,540.2,530.7,687.6,603.7,571.5,551.7,536.0,523.7,507.3,685.6,591.8,558.1,536.3,520.4,508.7,489.5,707.4,602.4,561.4,533.9,510.4,490.8,467.7,782.2,640.8,580.7,549.1,521.2,493.7,447.2,915.5,724.8,622.1,574.3,545.8,519.8,469.7,1057.1,836.5,710.7,634.1,588.2,558.2,509.8,0.7860,0.9688,1.0538,0.6202,0.8100,0.9006,0.0,0.0000,2026,0.8933,671.7,051800048LU,6.989,2968,14.8,21.3,20.5,53.6,0.0,763.4,619.3,569.4,967.4,740.7,666.2,670.3,625.8,0.8951,0.9588,630.7,539.3,519.1,38.2,175.7,796.5,569.7,554.8,526.2,496.3,476.2,450.9,407.2,422.8,465.0,1516.2,1151.5,1518.5,45.2,139.9,1493.5,961.9,904.9,872.0,898.9,940.7,973.2,1109.6,1332.8,1539.0
IRL,26134_NS,IRL2558,IRL 2558,Playtime,Elan 333,Elan Yachts,Rob Humphreys,1988,National Yacht Club,,,,ORC,CLUB,C,595,15 06 2026 13:51:47,10.025,9.268,1.917,3.43,5080.,0.0,0.27,650.3,0.8500,705.9,1.0365,578.9,1065.8,855.5,740.4,672.1,634.3,611.6,586.7,0.0,0.0,0.0,0.0,0.0,0.0,0.0,819.9,673.0,598.4,557.5,534.5,518.7,497.4,0.0,0.0,0.0,0.0,0.0,0.0,0.0,1064.0,805.3,670.6,593.2,554.2,524.6,477.3,43.7,41.5,39.8,38.2,37.5,37.1,37.2,145.5,150.3,153.2,159.7,166.8,175.8,178.1,1084.1,892.2,791.4,738.2,716.1,705.3,699.7,708.0,599.7,549.1,525.5,513.8,508.3,503.5,671.0,575.8,534.6,513.8,501.9,495.4,489.7,648.9,560.8,523.8,503.5,489.5,479.3,468.1,661.9,563.5,518.5,497.3,485.4,471.6,450.5,664.6,554.9,510.8,486.4,467.1,451.0,430.9,688.0,569.5,517.3,489.9,468.3,448.5,413.9,767.5,620.5,543.5,506.4,482.0,460.0,417.2,907.2,709.3,599.2,536.7,504.2,481.5,440.0,1047.6,818.8,689.5,606.0,552.6,517.9,473.8,0.8038,1.0435,1.1658,0.6246,0.8563,0.9869,0.0,0.0000,2026,0.9538,629.1,05180004T76,8.726,5899,24.4,33.4,29.7,74.1,0.0,746.5,575.0,514.7,960.6,700.7,608.0,624.3,589.4,0.9610,1.0181,571.3,482.7,462.1,38.0,176.8,706.7,502.9,487.8,462.3,437.4,416.2,394.1,377.0,398.6,435.8,1546.6,1162.3,1547.1,46.4,138.8,1542.1,977.9,906.2,859.8,885.4,927.6,964.9,1109.9,1343.4,1551.2
IRL,26103,IRL2597,IRL 2597,WINDJAMMER,J97,J/Composites,Jonstone,2009,,,,,ORC,CLUB,C,518,23 04 2026 14:34:38,9.610,8.592,1.916,3.35,3865.,0.0,0.21,639.8,0.8541,702.5,1.0478,572.6,1025.0,832.1,726.6,671.7,643.6,624.7,599.9,0.0,0.0,0.0,0.0,0.0,0.0,0.0,790.6,655.8,589.1,554.1,533.7,518.8,496.5,0.0,0.0,0.0,0.0,0.0,0.0,0.0,1019.1,782.4,658.6,589.7,553.7,523.9,475.9,43.2,41.1,39.4,37.9,37.7,37.5,37.9,143.8,148.0,150.1,153.5,158.8,162.1,159.7,1084.9,893.8,792.4,743.3,725.0,715.9,711.8,713.0,604.7,553.8,530.2,519.6,514.8,510.2,677.9,582.3,540.0,518.5,507.2,501.5,495.3,657.4,568.2,529.5,508.1,493.3,483.0,471.8,635.5,544.8,511.3,496.8,486.2,473.9,451.8,620.5,532.0,496.2,472.0,453.1,440.5,419.1,635.4,539.4,500.0,472.1,447.4,425.7,396.0,707.2,578.9,521.2,489.7,461.7,435.1,383.0,835.9,667.2,572.2,523.0,495.8,472.4,427.4,965.2,770.4,660.7,600.0,562.2,533.4,488.0,0.8296,1.0542,1.1670,0.6462,0.8617,0.9676,0.0,0.0000,2026,0.9655,621.4,05180004MTL,8.331,4575,21.3,29.0,25.4,0.0,90.6,723.2,569.2,514.1,928.5,696.3,620.1,622.4,575.8,0.9641,1.0420,572.2,474.9,455.3,39.2,141.1,723.4,510.8,494.8,466.4,438.6,402.1,371.8,315.8,364.6,421.0,1463.9,1110.0,1456.6,46.0,139.7,1537.1,980.4,913.8,871.9,877.8,856.8,882.3,997.1,1204.3,1390.6
IRL,26042,IRL260,IRL 260,JAWSOME III,J-70 ONE DESIGN,J BOATS,JOHNSTONE,2012,,,,,ORC,INTL,S,340,04 02 2026 21:28:40,6.942,6.725,1.450,2.26,810.,94.5,0.00,671.8,0.8056,744.8,1.0041,597.6,1098.9,885.1,775.4,716.1,684.0,652.9,586.7,0.0,0.0,0.0,0.0,0.0,0.0,0.0,844.8,697.9,624.9,580.1,550.9,524.5,478.3,0.0,0.0,0.0,0.0,0.0,0.0,0.0,1090.2,831.4,700.6,619.9,572.2,527.8,449.1,43.7,42.0,39.9,38.0,37.6,37.8,38.8,143.7,148.0,151.6,151.5,148.7,145.0,140.2,1186.6,968.2,856.6,800.5,786.4,781.5,787.8,776.0,648.5,596.8,569.3,557.0,550.6,545.9,735.3,625.2,580.5,550.5,533.7,525.5,516.9,710.8,612.1,566.7,531.2,503.1,486.6,468.6,664.7,576.1,538.5,515.8,493.5,460.1,421.5,651.5,561.7,505.2,464.7,437.8,414.3,375.4,667.5,571.7,512.1,457.6,413.3,384.3,339.5,740.6,610.2,546.7,494.4,440.0,386.5,291.2,875.8,694.5,602.5,547.9,503.6,454.0,334.0,1011.3,801.9,694.2,631.7,581.5,524.3,385.6,0.7779,1.0041,1.1678,0.6048,0.8087,0.9436,0.0,0.0000,2026,0.9234,649.7,051800048EK,6.843,1240,10.9,16.1,10.0,0.0,45.6,771.3,597.6,513.8,992.1,741.9,635.9,661.5,594.6,0.9070,1.0090,548.0,452.9,420.1,40.7,145.6,806.3,548.5,519.0,461.4,403.0,344.4,300.2,251.3,250.8,289.6,1588.5,1202.5,1576.4,45.8,140.3,1709.4,1092.0,1017.4,969.3,928.9,907.3,934.5,1054.8,1271.0,1467.6
IRL,26127,IRL2883,IRL 2883,ELF,Moody 33 Mark 1,Moody Boats,Angus Primrose,1978,Cove Sailing Club,,,,ORC,CLUB,C,450,04 06 2026 08:36:54,10.020,8.673,1.410,3.47,5943.,0.0,0.64,797.1,0.6779,885.0,0.8565,700.5,1391.9,1097.6,941.9,844.9,778.3,732.8,697.2,0.0,0.0,0.0,0.0,0.0,0.0,0.0,1059.6,848.8,736.6,670.2,628.1,600.0,573.5,0.0,0.0,0.0,0.0,0.0,0.0,0.0,1378.0,1024.5,838.3,722.1,653.2,604.0,540.5,48.8,47.6,46.9,46.3,46.0,45.6,45.6,148.9,151.8,156.3,159.9,164.2,170.0,178.6,1530.5,1232.4,1082.1,990.8,928.6,885.1,869.4,953.3,775.3,687.6,633.2,598.6,576.6,567.5,870.0,719.6,643.6,597.6,570.4,553.0,541.3,822.5,686.2,611.8,570.5,547.1,531.7,512.7,831.8,684.6,598.1,554.3,530.7,516.3,499.2,824.8,670.7,587.0,544.6,519.9,501.0,467.4,853.6,688.4,597.7,549.8,523.4,503.4,465.7,945.1,745.2,637.2,573.3,537.7,514.6,475.4,1085.4,835.3,700.6,616.7,565.3,534.8,494.9,1253.3,962.9,801.7,699.0,628.0,580.4,525.1,0.6288,0.8612,1.0048,0.4820,0.6805,0.8210,0.0,0.0000,2026,0.7810,768.2,05180004S2N,6.608,6591,26.5,22.6,31.9,53.0,0.0,954.2,696.7,597.1,1244.8,881.7,730.8,778.2,696.8,0.7711,0.8611,694.9,564.5,525.1,47.3,178.3,899.8,574.0,540.3,506.7,480.9,446.1,436.0,440.4,458.6,489.9,2083.3,1562.2,2063.8,50.9,146.9,2277.6,1405.5,1253.0,1160.3,1183.2,1190.5,1243.4,1404.2,1635.9,1889.0
IRL,26105,IRL28898,IRL 28898,POWDER MONKEY,J 109,J BOATS,JOHNSTONE,2001,,,,,ORC,CLUB,C,680,26 04 2026 09:42:56,10.757,9.630,2.137,3.52,4944.,0.0,0.18,611.3,0.8955,670.0,1.0992,545.9,991.0,798.8,693.4,639.5,612.3,593.0,566.4,0.0,0.0,0.0,0.0,0.0,0.0,0.0,762.9,628.0,561.4,527.5,507.9,492.9,469.9,0.0,0.0,0.0,0.0,0.0,0.0,0.0,986.7,751.2,628.4,561.3,526.9,497.7,451.3,43.2,41.1,39.2,37.5,37.1,36.9,36.9,143.0,147.3,149.4,152.9,157.7,161.4,159.7,1034.4,845.9,747.1,702.2,684.9,674.7,666.0,679.0,572.3,523.8,503.2,494.4,489.2,483.4,644.8,551.6,511.3,492.1,482.2,476.8,470.0,624.8,538.9,502.0,481.7,468.2,459.2,448.5,615.7,522.1,488.6,474.2,462.6,448.4,428.3,602.8,510.5,474.1,450.8,432.8,420.4,398.9,617.5,518.4,478.1,451.0,427.4,406.6,376.3,691.2,559.9,500.2,468.7,441.6,416.0,363.3,820.8,651.1,554.0,502.0,474.4,451.6,408.0,947.7,751.8,639.8,576.7,539.8,511.3,466.8,0.8627,1.1064,1.2295,0.6704,0.9037,1.0206,0.0,0.0000,2026,1.0120,592.9,05180004N3P,9.338,5869,26.2,37.4,31.1,0.0,108.5,695.5,542.3,488.0,895.0,663.9,587.9,591.5,552.0,1.0143,1.0870,534.4,446.7,429.5,37.8,141.5,670.8,482.5,468.9,443.1,415.6,381.1,351.2,300.2,344.7,398.0,1425.2,1079.8,1420.3,46.0,139.4,1474.6,939.6,874.4,833.1,859.7,841.1,868.1,984.9,1191.5,1375.8
IRL,26002,IRL3154,IRL 3154,ALCHEMY,Elan 31,Elan,Humphreys,1990,Malahide Yacht Club,,,,ORC,CLUB,C,450,04 02 2026 19:29:48,9.190,8.587,1.904,3.20,4455.,0.0,0.35,685.0,0.8064,744.0,0.9834,610.1,1114.7,898.2,780.3,709.9,669.7,645.4,619.4,0.0,0.0,0.0,0.0,0.0,0.0,0.0,861.5,709.2,630.5,587.6,563.6,547.3,525.9,0.0,0.0,0.0,0.0,0.0,0.0,0.0,1114.0,846.4,706.7,625.7,584.6,553.6,504.7,43.1,40.8,39.5,38.5,38.1,37.7,37.7,146.7,151.4,155.0,161.0,167.8,176.8,178.6,1121.8,931.5,831.8,780.4,758.4,747.3,740.8,739.9,631.3,577.7,552.9,540.8,535.2,530.1,704.8,607.1,562.2,540.1,527.9,521.5,515.5,685.0,591.6,550.3,528.6,514.5,504.5,493.5,698.7,593.8,544.1,521.1,509.4,495.8,475.4,705.1,588.3,538.2,512.2,492.4,475.7,454.8,732.8,606.2,546.2,516.5,494.8,475.1,441.0,818.1,662.5,576.8,534.5,508.7,486.5,445.7,959.3,749.9,635.1,567.2,531.2,507.4,466.2,1107.7,865.0,728.8,639.3,581.0,543.5,497.9,0.7640,0.9900,1.1042,0.5961,0.8119,0.9350,0.0,0.0000,2026,0.9052,662.9,051800048DD,7.955,5091,21.3,28.3,25.7,56.9,0.0,785.3,606.1,543.4,1006.5,739.0,641.7,657.7,621.9,0.9123,0.9647,604.0,512.0,489.7,38.5,178.1,747.5,529.4,513.4,487.5,463.2,441.2,420.8,409.6,427.7,460.4,1615.6,1217.2,1618.7,45.9,142.4,1584.7,1011.5,943.5,902.6,931.1,979.6,1025.2,1184.1,1425.9,1646.5
IRL,26154,IRL3170,IRL 3170,MACKEY G,FIRST 31.7,BENETEAU,FINOT,1988,Schull Harbour Sailing Club,,,,ORC,CLUB,C,578,04 08 2026 05:03:08,9.610,8.998,1.917,3.21,3595.,0.0,0.30,675.9,0.8162,735.1,1.0043,597.5,1141.9,905.3,777.4,697.6,651.3,625.8,598.0,0.0,0.0,0.0,0.0,0.0,0.0,0.0,876.9,708.4,622.4,573.1,544.0,525.5,500.3,0.0,0.0,0.0,0.0,0.0,0.0,0.0,1137.7,850.3,700.6,611.3,564.5,531.2,477.5,43.8,42.0,40.4,39.0,37.9,37.6,37.8,146.2,150.1,152.8,158.8,165.5,171.8,176.3,1183.5,957.8,841.8,772.6,737.3,724.1,719.6,771.8,639.1,575.2,542.1,524.7,516.3,511.1,730.4,611.0,556.2,528.2,511.6,501.6,494.5,706.2,594.3,542.5,516.2,498.0,483.7,467.7,702.0,581.2,528.1,503.0,489.9,477.3,449.8,694.1,572.1,519.8,490.5,466.7,447.9,423.8,720.6,589.6,527.8,495.1,468.5,444.8,402.4,805.9,644.8,557.6,514.5,485.5,459.4,407.6,952.9,738.7,619.0,549.0,511.7,484.9,436.8,1100.3,852.9,713.1,622.7,565.3,527.4,476.4,0.7570,1.0109,1.1524,0.5862,0.8220,0.9651,0.0,0.0000,2026,0.9216,651.0,05180004W2B,8.235,4377,21.9,25.8,22.1,63.5,0.0,792.6,593.5,520.7,1023.5,729.9,621.7,649.1,607.1,0.9243,0.9883,583.1,482.8,458.6,39.0,168.1,733.4,512.4,494.1,462.1,433.6,405.7,373.3,348.3,384.1,432.7,1685.0,1270.5,1680.9,46.2,142.8,1725.7,1096.4,1019.2,971.5,995.2,982.2,1024.9,1178.3,1424.0,1644.3
IRL,26096,IRL32032,IRL 32032,ADRENALINE,MELGES 32 OD,MELGES,REICHEL/PUGH,2005,Howth Yacht Club,,,,ORC,INTL,R,629,05 06 2026 16:13:25,9.685,9.111,2.140,2.94,1714.,116.5,0.00,535.1,1.0095,594.3,1.2434,482.5,815.6,682.3,625.6,584.2,548.6,517.3,469.8,0.0,0.0,0.0,0.0,0.0,0.0,0.0,635.1,547.6,505.7,474.9,449.6,427.3,395.2,0.0,0.0,0.0,0.0,0.0,0.0,0.0,813.2,645.0,566.5,508.6,467.4,431.0,373.5,42.0,38.5,37.5,36.8,36.6,36.5,37.1,141.9,147.5,152.9,148.7,145.3,144.4,149.1,839.7,723.9,688.1,670.3,660.2,653.3,653.5,559.5,506.9,489.3,477.8,469.6,462.9,457.0,536.7,491.0,471.3,458.3,449.0,441.5,433.0,522.6,475.6,447.0,431.0,418.1,407.6,393.4,528.8,476.9,437.5,409.7,391.2,375.6,354.2,522.1,467.2,434.8,408.0,384.5,353.5,311.9,528.9,460.7,419.6,389.1,362.7,340.1,302.8,577.0,484.0,426.5,375.2,335.8,309.2,265.7,685.5,554.8,488.9,431.4,378.5,330.2,247.8,791.6,640.6,563.2,498.2,437.1,381.3,286.1,1.0146,1.2374,1.4257,0.8011,1.0045,1.1827,0.0,0.0000,2026,1.1466,523.3,05180004SBN,9.518,2543,18.3,42.6,23.6,0.0,125.5,591.4,484.9,420.8,749.0,597.3,507.3,533.7,470.3,1.1241,1.2759,448.7,379.2,354.0,38.8,153.1,668.8,461.3,435.0,388.2,340.4,288.0,268.2,231.8,203.9,228.5,1156.6,877.9,1154.5,44.9,139.9,1177.6,756.1,703.6,666.1,680.5,708.6,733.5,818.2,983.4,1135.5
IRL,26024,IRL3330,IRL 3330,GENESIS,Elan 333,Elan Marine,Humphreys,1998,Kinsale Yacht Club,,,,ORC,CLUB,C,595,04 02 2026 20:22:38,10.025,9.269,1.922,3.43,5120.,0.0,0.26,652.3,0.8472,708.2,1.0336,580.5,1070.5,858.3,742.3,674.0,636.8,613.9,588.2,0.0,0.0,0.0,0.0,0.0,0.0,0.0,823.5,675.3,599.8,558.8,536.1,520.4,498.8,0.0,0.0,0.0,0.0,0.0,0.0,0.0,1069.4,808.2,672.3,594.7,555.9,526.2,478.7,43.6,41.3,39.7,38.3,37.6,37.3,37.2,145.7,150.3,152.6,159.4,166.6,175.4,178.1,1081.3,890.1,790.3,739.6,719.1,708.5,701.3,707.2,599.8,549.5,526.4,515.2,510.0,504.6,671.4,576.7,535.3,514.8,503.2,497.1,490.9,650.9,562.2,524.8,504.4,490.6,480.7,469.6,664.7,566.8,520.3,498.7,486.2,472.6,452.2,669.9,557.8,512.5,487.8,468.6,452.6,432.4,694.0,573.0,519.1,491.3,469.5,449.5,415.1,774.7,624.6,545.1,507.5,483.0,461.0,418.5,917.7,715.9,602.9,538.3,505.3,482.5,441.3,1059.7,826.5,694.4,608.4,554.5,519.4,475.1,0.8006,1.0408,1.1623,0.6222,0.8537,0.9836,0.0,0.0000,2026,0.9509,631.0,051800048E1,8.711,5940,24.3,33.2,31.2,75.1,0.0,749.4,576.5,516.2,964.3,702.8,610.0,625.7,591.6,0.9589,1.0141,572.3,484.0,463.5,37.9,176.8,707.2,503.7,488.7,463.4,439.6,417.7,395.5,378.7,400.3,437.5,1555.1,1169.1,1556.8,46.4,138.1,1538.4,976.5,906.9,863.7,891.8,937.7,976.4,1124.3,1361.3,1571.9
IRL,26028,IRL3337,IRL 3337,Helm's Deep,FIRST 33.7,BENETEAU,J.BERRET,1996,Howth Yacht Club,,,,ORC,CLUB,C,500,04 02 2026 20:31:37,9.798,9.237,2.099,3.33,4700.,0.0,0.32,665.0,0.8282,724.5,1.0149,591.2,1095.4,876.7,758.4,689.5,651.7,629.0,604.7,0.0,0.0,0.0,0.0,0.0,0.0,0.0,843.4,689.9,611.2,568.4,544.7,529.0,509.0,0.0,0.0,0.0,0.0,0.0,0.0,0.0,1094.7,825.6,686.0,605.8,565.2,534.7,486.3,43.6,41.1,39.8,38.6,38.2,38.0,38.4,146.2,150.5,153.8,159.2,165.9,173.6,177.7,1101.8,907.6,806.9,756.7,738.9,731.2,730.5,721.8,611.7,557.6,533.3,523.5,519.2,515.9,684.9,587.1,541.8,520.1,509.5,504.8,500.0,662.2,570.7,529.9,508.2,494.0,484.8,476.1,676.1,575.1,528.5,505.0,488.0,473.8,455.0,691.4,572.2,520.4,493.0,472.3,456.2,437.3,718.3,589.1,527.9,496.9,473.6,453.2,419.6,802.7,644.0,558.3,515.3,488.3,465.1,422.0,943.1,732.8,617.4,549.3,512.4,487.4,444.5,1088.9,845.9,709.9,622.4,564.5,526.8,478.8,0.7826,1.0224,1.1419,0.6085,0.8349,0.9591,0.0,0.0000,2026,0.9332,643.0,051800048E5,8.513,5412,24.0,30.3,31.3,65.7,0.0,766.7,586.9,525.4,986.0,718.6,625.6,638.0,603.0,0.9404,0.9950,592.1,496.6,472.9,39.6,176.8,744.2,517.3,500.0,471.5,444.8,426.0,401.1,380.3,402.5,440.1,1599.6,1203.9,1602.2,46.1,142.6,1573.7,1000.9,929.7,884.4,912.5,974.2,1018.1,1171.8,1407.7,1625.5
IRL,26079,CRO7777,IRL 3429,EL SYD,Sydney 43 GTS,Sydney yachts,Jason Ker,2011,Greystones Sailing Club,,,,ORC,CLUB,R,800,17 07 2026 12:05:57,13.132,12.545,2.784,4.20,8008.,0.0,0.00,523.1,1.0409,576.4,1.2841,467.2,847.9,684.0,597.5,552.3,528.7,510.4,473.6,0.0,0.0,0.0,0.0,0.0,0.0,0.0,649.9,537.1,482.7,453.4,434.9,419.7,390.9,0.0,0.0,0.0,0.0,0.0,0.0,0.0,844.5,643.2,540.8,482.9,451.2,424.6,373.9,42.8,40.8,38.9,37.6,37.3,37.0,36.7,141.6,144.7,148.6,153.0,153.8,151.4,145.2,881.9,721.1,644.0,609.7,593.4,583.3,573.0,580.4,489.1,450.3,433.6,425.3,419.8,413.3,551.1,472.0,439.0,422.8,413.0,406.8,398.6,528.9,459.2,431.2,412.8,398.8,388.2,375.7,505.7,442.5,417.0,401.6,390.6,379.6,357.0,515.0,443.1,409.9,388.2,368.4,351.3,324.4,532.7,446.0,410.1,383.3,361.0,345.2,302.9,589.7,474.8,427.6,397.9,370.7,343.7,285.1,704.8,560.1,477.1,431.1,403.9,379.2,324.1,813.8,646.8,550.9,494.9,463.9,437.5,374.2,1.0110,1.2890,1.4539,0.7834,1.0482,1.1973,0.0,0.0000,2026,1.1802,508.4,05180004VD9,12.270,9194,37.0,61.7,46.4,0.0,196.0,593.5,465.5,412.7,765.9,572.4,501.1,507.1,470.7,1.1832,1.2746,436.7,367.7,348.5,37.2,145.2,573.3,410.9,395.0,367.9,341.5,308.6,272.5,249.7,259.9,300.1,1220.4,917.7,1216.3,45.5,139.0,1261.0,804.6,748.1,710.7,681.0,703.2,749.4,844.7,1021.8,1179.8
IRL,26013,IRL3471,IRL 3471,BLACK VELVET,First 34.7,Beneteau,Farr,2005,Royal Irish Yacht Club,,,,ORC,CLUB,C,595,04 02 2026 19:54:08,9.982,9.145,1.991,3.37,4594.,0.0,0.21,633.6,0.8619,696.2,1.0596,566.2,1023.3,827.8,721.3,664.9,635.8,616.7,593.2,0.0,0.0,0.0,0.0,0.0,0.0,0.0,787.4,650.7,583.1,547.3,526.5,511.8,490.4,0.0,0.0,0.0,0.0,0.0,0.0,0.0,1016.0,777.4,652.8,582.9,546.3,516.9,469.5,43.7,41.5,39.8,38.5,37.8,38.1,38.5,143.4,147.8,150.2,153.4,158.8,162.6,161.1,1095.8,897.8,793.2,739.8,718.9,709.3,705.4,715.8,603.4,549.5,523.5,511.5,506.2,501.4,678.4,578.9,534.2,511.2,498.8,492.4,486.5,656.2,563.2,522.8,500.7,485.5,474.8,463.6,627.8,536.9,502.8,488.2,477.9,467.3,444.9,612.4,523.7,488.1,464.4,446.3,434.5,414.4,626.7,530.8,492.2,465.2,441.6,420.8,392.2,695.9,569.4,512.9,482.5,455.9,430.4,380.3,823.4,656.4,562.4,514.4,487.9,465.7,422.4,950.8,757.9,649.3,589.9,552.6,524.1,481.0,0.8344,1.0664,1.1824,0.6482,0.8696,0.9793,0.0,0.0000,2026,0.9756,615.0,051800048DO,8.646,5404,23.8,34.1,24.8,0.0,100.0,719.1,562.6,507.4,925.6,690.0,612.7,616.9,568.1,0.9725,1.0561,571.4,471.8,451.6,39.9,141.4,717.6,502.2,486.1,458.5,432.1,398.0,369.9,318.2,368.3,425.3,1470.4,1112.4,1460.7,46.3,139.7,1566.9,995.9,925.0,879.6,869.8,846.5,871.9,984.8,1189.8,1373.9
IRL,26165,IRL3511,IRL 3511,ANOTHER ADVENTURE,A-35,ARCHAMBAULT,NIVELT BERNARD,2005,Greystones Sailing Club,,,,ORC,CLUB,C,680,17 08 2026 10:49:07,10.617,9.644,2.155,3.59,4479.,0.0,0.13,600.2,0.9109,658.7,1.1205,535.5,972.7,784.8,682.2,629.1,602.0,582.7,554.3,0.0,0.0,0.0,0.0,0.0,0.0,0.0,749.9,618.0,552.5,517.9,497.2,481.2,455.4,0.0,0.0,0.0,0.0,0.0,0.0,0.0,968.4,738.3,618.2,551.4,516.0,485.6,435.7,43.1,40.8,38.9,37.7,37.1,36.8,36.8,142.8,146.9,149.8,153.0,157.3,160.8,146.9,1015.2,830.6,733.9,689.0,671.1,661.1,653.1,667.6,563.5,515.5,493.4,483.7,478.3,472.4,634.9,543.7,503.6,482.4,470.7,464.6,457.3,615.9,531.7,495.1,473.4,456.7,445.2,433.2,606.3,514.3,479.3,463.4,451.8,437.7,412.8,594.7,503.9,466.0,439.0,418.6,405.0,380.3,609.2,511.8,471.0,441.9,415.1,389.6,353.9,677.9,551.7,493.8,461.5,432.5,404.2,341.9,805.5,640.0,546.0,495.6,467.4,443.0,394.6,930.1,739.0,630.5,569.2,532.8,504.3,455.6,0.8773,1.1265,1.2618,0.6828,0.9189,1.0401,0.0,0.0000,2026,1.0315,581.7,05180004WFL,9.519,5399,24.7,37.3,29.8,0.0,106.9,683.9,532.6,475.5,878.7,653.0,576.9,580.6,542.5,1.0334,1.1060,512.5,427.7,409.3,37.6,141.1,657.2,471.2,454.9,426.6,398.5,358.7,326.2,276.8,318.5,367.7,1395.2,1059.2,1390.3,45.7,139.4,1443.5,922.6,860.7,821.4,847.6,826.6,853.9,964.3,1166.4,1346.8
IRL,26007,IRL35950,IRL 35950,AURELIA,J122 2.3 GP,J BOATS,JOHNSTONE,2006,Royal St George Yacht Club,,,,ORC,CLUB,C,700,04 02 2026 19:44:13,12.190,11.082,2.362,3.64,7162.,0.0,0.14,568.4,0.9642,622.3,1.1824,507.4,919.9,742.2,644.8,593.9,568.6,550.3,523.2,0.0,0.0,0.0,0.0,0.0,0.0,0.0,709.5,584.1,522.5,490.6,471.9,457.5,434.5,0.0,0.0,0.0,0.0,0.0,0.0,0.0,916.0,698.4,584.7,522.0,489.2,461.9,418.4,42.9,40.8,39.1,37.4,36.9,36.5,36.3,142.4,146.2,149.0,152.8,156.1,159.5,148.7,958.4,783.0,692.9,651.7,634.1,623.3,612.4,629.5,530.5,485.9,467.1,458.6,453.4,447.1,597.9,512.0,474.6,456.9,447.3,441.9,434.4,577.9,500.7,466.9,447.8,434.7,425.5,414.7,582.3,490.9,459.3,445.8,431.0,417.3,397.8,564.5,477.8,442.9,420.5,406.1,394.4,373.8,575.8,482.7,445.2,419.4,397.7,378.6,352.2,641.7,518.1,464.4,434.8,409.5,384.9,332.6,763.2,607.4,516.8,466.8,440.5,418.4,375.8,881.3,701.4,596.7,536.0,503.2,477.4,434.0,0.9277,1.1896,1.3260,0.7220,0.9726,1.1015,0.0,0.0000,2026,1.0888,551.1,051800048DJ,10.791,8169,32.6,49.5,41.0,0.0,156.0,646.8,504.4,452.5,831.0,616.9,544.7,549.3,513.3,1.0923,1.1688,486.6,410.5,395.6,36.7,142.6,612.0,444.8,431.3,408.3,385.0,356.0,328.5,280.4,312.9,361.3,1321.2,1001.0,1316.7,46.0,139.3,1366.5,869.1,807.0,766.3,790.6,788.0,813.5,913.7,1105.0,1276.0
IRL,26084,IRL3721,IRL 3721,VALENTINA,J112 E,J BOATS,JOHNSTONE,2006,National Yacht Club,,,,ORC,CLUB,C,680,04 02 2026 23:36:18,11.000,10.172,2.260,3.60,5434.,0.0,0.18,587.7,0.9322,643.6,1.1415,525.6,944.1,763.9,665.2,614.8,590.3,572.5,544.9,0.0,0.0,0.0,0.0,0.0,0.0,0.0,728.2,602.3,540.7,508.8,490.1,475.7,452.5,0.0,0.0,0.0,0.0,0.0,0.0,0.0,939.0,718.7,603.9,541.1,508.0,480.4,435.5,42.6,40.6,38.9,37.3,37.0,36.7,36.8,142.8,146.9,149.6,153.4,157.0,159.3,146.9,995.4,815.4,721.9,680.1,663.5,654.2,646.7,654.7,553.5,507.2,487.8,479.1,474.2,469.1,622.0,533.8,495.2,476.9,467.0,461.7,455.4,601.7,521.3,486.4,466.5,453.1,443.5,433.7,591.9,505.4,477.8,464.0,448.2,434.3,414.4,573.5,490.7,457.4,435.9,422.1,409.9,388.8,584.1,495.0,458.3,432.2,410.6,392.6,365.6,651.4,528.8,477.3,447.0,419.7,393.4,338.1,773.2,617.0,527.0,479.2,452.8,429.7,383.7,892.8,712.4,608.5,549.5,517.0,490.7,443.0,0.9019,1.1482,1.2750,0.7026,0.9406,1.0590,0.0,0.0000,2026,1.0521,570.3,051800048H6,9.908,6376,27.6,40.4,32.6,0.0,135.5,665.3,522.6,470.6,854.0,637.9,566.6,571.0,528.4,1.0509,1.1356,505.6,428.1,411.5,37.8,143.1,652.2,468.5,453.8,428.8,402.5,371.0,341.3,288.3,311.0,359.1,1353.3,1028.1,1346.8,45.8,139.5,1418.4,904.6,842.1,801.5,825.7,798.0,822.7,923.1,1115.6,1288.2
IRL,26015,IRL3861,IRL 3861,CAVATINA,GRANADA 38,GESTEN GLASFIBER,KJAERULFF,1975,Royal Cork Yacht Club,,,,ORC,CLUB,C,765,04 02 2026 19:59:23,11.470,9.362,1.990,3.47,7670.,0.0,0.57,666.6,0.8300,722.9,1.0142,591.6,1101.3,881.7,760.8,687.6,646.5,621.7,595.9,0.0,0.0,0.0,0.0,0.0,0.0,0.0,851.0,694.6,612.5,567.8,543.3,527.3,507.2,0.0,0.0,0.0,0.0,0.0,0.0,0.0,1098.1,830.0,687.7,604.9,563.4,533.3,487.7,43.9,41.8,40.4,39.2,38.6,38.2,37.9,146.6,150.4,151.8,158.0,164.6,170.9,177.9,1133.5,929.3,820.7,761.4,733.9,719.7,710.5,739.3,621.9,563.0,535.0,520.6,513.0,507.8,701.5,595.9,546.1,522.2,509.0,501.1,494.9,681.5,580.3,534.1,511.4,497.7,487.9,475.2,697.6,589.2,532.7,508.1,494.4,482.3,463.1,690.6,570.4,518.2,493.5,476.6,462.5,445.0,713.1,584.7,523.5,494.9,475.4,458.0,429.1,788.1,634.4,549.1,508.7,485.5,466.1,429.5,925.9,722.6,608.0,540.6,506.5,485.3,449.1,1069.2,834.2,700.9,613.7,559.2,523.7,481.4,0.7764,1.0219,1.1456,0.6051,0.8358,0.9705,0.0,0.0000,2026,0.9327,643.3,051800048DQ,8.528,8679,28.6,26.9,44.1,101.3,0.0,772.8,587.1,523.7,991.6,717.9,618.2,640.6,600.7,0.9367,0.9988,581.6,494.8,474.7,38.3,177.2,714.6,507.0,492.6,469.6,449.5,433.2,415.1,402.0,415.8,448.6,1608.4,1215.8,1606.7,46.8,143.1,1625.5,1030.0,956.0,913.3,947.5,975.1,1010.0,1146.9,1378.1,1591.3
IRL,26063,IRL4010,IRL 4010,Palomer,Beneteau Oceanis 40.1,Beneteau,LOMBARD MARC,2022,,,,,ORC,CLUB,C,754,04 02 2026 22:15:00,11.975,11.032,2.057,4.18,7980.,0.0,0.26,621.4,0.8723,687.8,1.0957,547.6,1073.2,853.2,728.7,651.8,607.6,582.1,556.3,0.0,0.0,0.0,0.0,0.0,0.0,0.0,816.1,658.0,573.3,524.1,494.5,475.5,452.8,0.0,0.0,0.0,0.0,0.0,0.0,0.0,1063.1,796.5,650.9,562.0,513.6,479.8,429.9,45.7,43.9,42.5,41.3,40.2,39.8,40.7,143.3,147.1,147.2,150.7,153.4,157.9,159.5,1174.6,943.5,819.0,739.9,691.7,670.2,662.3,750.8,615.4,544.6,502.3,477.1,464.0,456.7,702.3,583.1,520.8,485.1,463.6,450.8,440.9,672.9,562.8,504.6,471.9,452.2,437.5,418.2,633.9,522.1,469.7,445.5,433.8,424.9,408.4,611.8,504.8,455.9,429.0,407.8,391.0,370.5,625.7,513.9,461.0,432.2,408.4,387.1,349.3,709.7,561.5,486.7,449.9,424.1,400.6,356.0,841.6,660.6,552.8,488.6,456.0,433.3,394.4,971.8,762.8,638.3,563.8,523.6,494.0,450.2,0.8141,1.1024,1.2718,0.6229,0.8783,1.0366,0.0,0.0000,2026,0.9999,600.1,051800048F7,9.589,9033,36.0,42.0,34.4,0.0,140.1,737.0,544.3,471.8,963.2,683.1,578.8,604.3,548.8,0.9929,1.0933,544.0,438.2,413.9,42.1,150.0,675.6,458.1,440.1,411.9,389.6,353.3,325.6,304.8,357.2,412.4,1579.2,1184.3,1564.4,48.1,139.5,1727.2,1081.6,989.8,933.2,899.9,874.9,900.3,1025.2,1239.5,1431.3
IRL,26076,IRL4073,IRL 4073,SPLASHDANCE,DUFOUR 40,DUFOUR,FELCI,2002,Howth Yacht Club,,,,ORC,CLUB,C,850,02 07 2026 12:47:27,12.013,10.985,2.108,3.88,8042.,0.0,0.29,619.3,0.8783,683.1,1.0953,547.8,1050.2,837.0,720.2,649.0,608.7,584.9,559.1,0.0,0.0,0.0,0.0,0.0,0.0,0.0,801.0,649.4,570.4,525.4,499.0,482.5,461.3,0.0,0.0,0.0,0.0,0.0,0.0,0.0,1044.0,783.9,645.7,562.0,518.2,487.6,440.7,45.1,43.0,41.5,40.1,39.0,38.6,39.2,142.6,147.1,148.9,150.9,155.2,160.6,165.9,1111.7,898.3,784.4,714.4,678.4,664.1,656.2,715.1,592.1,528.4,493.9,476.2,467.6,461.8,671.6,563.0,508.6,480.2,464.1,454.8,447.5,644.8,543.9,494.7,469.3,453.0,441.0,426.4,630.3,523.2,474.9,451.6,438.6,430.7,413.8,622.5,513.9,467.0,442.1,422.3,405.5,382.9,641.2,527.2,474.5,447.2,425.8,406.1,371.4,718.9,578.7,504.0,466.0,442.3,421.5,382.2,856.2,671.8,568.1,505.8,471.2,449.4,414.1,988.7,775.7,656.0,583.6,538.9,505.7,461.9,0.8273,1.1027,1.2534,0.6359,0.8846,1.0324,0.0,0.0000,2026,1.0019,598.9,05180004ULK,9.862,9194,33.3,45.6,31.1,0.0,101.8,725.3,544.1,478.7,943.5,678.3,581.2,596.1,556.8,1.0066,1.0776,546.5,447.8,425.1,40.2,163.3,663.6,461.6,445.9,420.9,398.6,368.3,346.3,342.8,380.7,429.5,1538.8,1154.6,1530.8,47.7,138.9,1619.3,1017.6,936.3,882.6,890.3,875.3,906.5,1041.9,1262.9,1458.3
IRL,26056,IRL4076,IRL 4076,MERIDIAN,SALONA 45,AD BOATS,J & J,2003,,,,,ORC,CLUB,C,1020,04 02 2026 21:57:16,13.610,12.690,2.558,4.14,10523.,0.0,0.22,573.4,0.9590,625.6,1.1822,507.5,965.9,769.3,659.1,594.4,558.1,534.1,505.0,0.0,0.0,0.0,0.0,0.0,0.0,0.0,740.1,600.9,527.1,487.1,463.9,448.0,426.1,0.0,0.0,0.0,0.0,0.0,0.0,0.0,964.8,723.6,594.2,519.5,481.3,452.7,409.5,43.7,41.1,39.7,38.5,37.8,37.3,36.9,138.9,147.8,149.2,154.9,161.2,167.1,172.7,976.7,791.8,696.3,647.4,625.3,612.2,598.6,637.2,532.9,479.9,455.5,444.1,438.2,431.0,603.3,511.1,465.6,443.8,432.6,426.5,418.9,582.4,496.8,455.8,434.5,421.1,411.6,400.0,597.3,503.2,455.2,434.0,418.1,404.7,385.3,597.1,490.4,442.7,419.0,401.8,389.9,373.1,614.7,502.2,448.4,421.0,399.9,382.1,356.8,688.4,550.3,476.2,437.4,413.0,391.5,352.5,827.1,646.6,538.7,472.7,437.5,414.5,374.6,955.0,746.7,622.0,541.4,490.9,456.0,411.3,0.8949,1.1903,1.3521,0.6916,0.9654,1.1338,0.0,0.0000,2026,1.0834,553.8,051800048F0,11.665,11969,41.5,57.5,49.4,147.5,0.0,670.5,504.1,443.8,867.6,621.5,529.2,548.2,520.0,1.0945,1.1539,485.4,410.0,394.1,37.1,168.9,595.9,428.3,415.5,393.1,373.6,360.7,339.6,313.1,335.4,375.0,1407.2,1059.4,1406.8,46.7,138.3,1410.5,893.9,829.1,787.7,815.9,846.7,876.0,1005.4,1215.8,1403.8
IRL,26064,IRL4123,IRL 4123,PEPPERBOX,FIRST 32S5 (BK),BENETEAU,J.BERRET,1988,Howth Yacht Club,,,,ORC,CLUB,C,595,04 02 2026 22:23:50,9.440,8.454,1.687,3.26,4168.,0.0,0.31,683.0,0.8064,744.0,0.9854,608.9,1116.5,894.9,776.1,709.0,672.3,650.3,626.0,0.0,0.0,0.0,0.0,0.0,0.0,0.0,857.8,703.2,626.7,586.7,564.7,549.6,528.0,0.0,0.0,0.0,0.0,0.0,0.0,0.0,1115.2,842.1,702.6,625.0,585.8,555.5,504.8,44.0,42.1,40.4,39.3,38.8,38.6,38.8,146.4,150.9,154.8,161.7,169.1,178.1,178.6,1130.2,931.7,831.4,785.7,768.8,760.6,756.4,735.3,622.6,573.7,552.6,543.8,539.3,534.6,696.1,597.3,558.0,539.1,529.6,525.0,519.2,673.9,581.9,545.7,526.4,513.8,505.4,495.9,686.6,584.2,540.1,519.5,506.9,493.7,474.5,696.3,580.9,534.9,509.9,490.0,472.9,449.3,724.5,598.3,543.1,514.8,492.7,471.9,434.3,812.8,654.9,571.9,532.7,507.8,485.4,439.7,955.1,743.7,628.0,563.0,529.3,506.2,463.1,1102.9,858.1,720.7,632.3,575.9,540.0,495.7,0.7688,0.9930,1.1004,0.5966,0.8134,0.9278,0.0,0.0000,2026,0.9065,661.9,051800048FA,7.839,4956,21.6,30.5,25.1,56.0,0.0,780.4,604.2,545.3,1005.7,737.6,646.7,657.3,618.2,0.9128,0.9705,612.1,514.3,489.6,39.9,177.7,768.6,534.6,517.8,490.4,462.1,434.2,412.8,400.7,421.2,455.5,1624.7,1219.0,1626.5,46.7,142.4,1607.5,1016.6,941.2,894.9,921.4,972.8,1019.9,1181.0,1422.0,1642.0
IRL,26164,IRL4115,IRL 4263,JAMBALYA,J-24,J-BOATS,JOHNSTONE,1977,Royal Cork Yacht Club,,,,ORC,INTL,S,400,19 08 2026 13:08:30,7.318,6.529,1.225,2.69,1269.,93.1,0.00,728.9,0.7568,792.8,0.9216,651.1,1173.1,948.5,827.1,754.0,719.4,699.7,676.2,0.0,0.0,0.0,0.0,0.0,0.0,0.0,904.5,751.9,673.9,629.1,604.0,585.1,556.4,0.0,0.0,0.0,0.0,0.0,0.0,0.0,1172.4,894.6,752.2,669.1,626.8,591.1,525.7,43.4,41.5,39.9,38.5,38.2,38.4,39.7,148.0,152.3,157.7,164.6,174.5,177.2,176.3,1179.8,985.0,885.1,833.6,819.4,815.6,826.8,775.0,665.6,619.3,597.0,587.1,582.9,580.2,736.5,643.0,605.3,583.9,570.9,565.4,558.4,715.7,632.2,594.6,569.8,550.9,537.9,523.7,727.4,635.1,587.3,559.5,542.3,521.8,491.5,742.8,631.0,582.3,546.8,515.9,487.5,449.9,768.9,645.4,591.0,554.5,520.8,486.8,420.0,858.2,702.4,617.4,576.5,542.3,509.5,435.1,1010.1,791.6,672.0,607.5,571.4,539.6,476.0,1166.4,912.1,769.2,674.4,619.4,583.8,525.7,0.7244,0.9259,1.0361,0.5656,0.7634,0.8623,0.0,0.0000,2026,0.8499,706.0,05180004WJU,6.473,1802,12.0,16.0,18.8,35.3,0.0,828.3,648.0,579.1,1060.8,786.0,695.8,703.1,661.6,0.8534,0.9069,665.7,536.7,501.4,42.7,160.4,868.6,587.5,560.7,516.7,473.5,422.5,372.2,343.4,403.2,462.8,1688.9,1267.3,1692.8,46.3,135.7,1650.8,1049.3,974.7,929.0,954.1,1025.8,1068.0,1222.9,1495.7,1727.1
IRL,26053,IRL44444,IRL 44444,MAGIC TOUCH,FIRST 34.7,BENETEAU,FARR,2005,,,,,ORC,CLUB,C,595,04 02 2026 21:49:01,9.982,9.124,1.987,3.37,4529.,0.0,0.22,634.5,0.8614,696.6,1.0594,566.4,1029.2,831.7,723.6,664.8,634.0,614.5,590.4,0.0,0.0,0.0,0.0,0.0,0.0,0.0,791.7,653.2,584.3,547.1,525.2,510.2,487.9,0.0,0.0,0.0,0.0,0.0,0.0,0.0,1022.2,781.0,654.6,582.7,545.0,515.3,467.2,43.7,41.5,39.8,38.2,37.6,37.7,38.1,143.4,147.6,149.9,153.2,158.6,162.4,161.0,1099.8,900.3,794.3,737.2,713.4,703.0,698.0,718.9,605.1,550.5,523.3,510.3,504.3,499.0,681.7,580.7,535.3,511.7,498.2,490.7,484.3,659.8,565.3,524.2,501.7,485.7,474.1,461.3,630.2,537.4,501.8,485.9,475.4,466.7,443.4,615.3,524.9,488.5,463.8,444.5,431.4,410.6,630.1,532.6,493.2,465.8,441.5,419.7,387.9,701.2,572.4,514.5,483.7,457.1,431.5,380.7,830.2,660.9,565.4,516.2,489.3,467.1,424.0,958.6,763.1,652.9,592.4,554.7,526.0,482.7,0.8305,1.0659,1.1867,0.6448,0.8688,0.9831,0.0,0.0000,2026,0.9749,615.4,051800048EU,8.665,5338,23.7,32.6,25.2,0.0,98.1,722.5,562.9,505.6,930.5,690.6,610.3,616.7,569.5,0.9730,1.0535,567.5,468.2,448.0,39.3,140.8,708.8,499.4,483.3,455.4,429.1,393.6,363.9,316.0,369.2,426.3,1480.8,1120.2,1471.5,46.4,139.7,1574.0,1001.1,930.5,886.2,874.8,852.7,878.4,994.4,1201.7,1387.6
IRL,26094_a,IRL4464,IRL 4464,Springer,Sigma 33 OD,Marine Projects,David Thomas,1978,,,,,ORC,CLUB,C,506,18 05 2026 12:31:48,9.868,8.183,1.795,3.21,4377.,0.0,0.35,686.3,0.8052,745.2,0.9778,613.6,1103.2,891.5,777.3,711.0,675.6,654.0,631.3,0.0,0.0,0.0,0.0,0.0,0.0,0.0,851.0,704.5,631.5,592.5,571.0,556.0,535.4,0.0,0.0,0.0,0.0,0.0,0.0,0.0,1102.8,840.5,705.8,630.1,592.1,562.3,513.7,43.1,41.1,39.5,38.5,38.1,37.8,38.0,146.7,151.6,154.3,162.3,170.0,177.9,178.6,1107.2,922.2,829.2,786.3,769.2,760.3,757.9,728.9,624.6,579.8,559.8,549.9,545.2,541.3,693.8,602.7,565.9,547.7,537.3,531.9,526.5,673.9,589.0,555.0,536.3,523.5,514.1,503.5,686.9,592.8,549.9,528.9,517.0,504.4,484.0,698.1,587.1,544.0,519.6,499.9,482.5,459.7,724.3,602.7,550.8,523.7,502.0,481.3,447.1,806.5,657.1,576.4,539.9,515.8,493.7,450.7,952.0,746.5,631.4,568.4,536.7,514.3,472.1,1099.3,860.9,725.5,635.7,582.0,547.7,504.7,0.7715,0.9845,1.0869,0.6016,0.8116,0.9218,0.0,0.0000,2026,0.9013,665.7,05180004Q79,7.698,5072,21.1,27.8,28.6,59.6,0.0,777.7,609.4,552.0,997.3,739.3,650.9,660.6,623.3,0.9083,0.9626,617.7,523.1,499.8,39.0,177.7,769.6,541.9,525.3,497.9,471.4,447.0,428.9,419.1,434.1,465.8,1589.7,1194.1,1593.5,46.1,136.9,1552.2,987.7,919.8,877.9,903.8,964.2,1006.3,1157.8,1409.3,1627.3
IRL,26099_a,IRL4518,IRL 4518,RUPERT,Sigma 33 OD,Marine Projects (Plymouth) Ltd,David Thomas,1978,,,,,ORC,CLUB,C,506,18 05 2026 12:33:22,9.868,8.183,1.795,3.21,4377.,0.0,0.39,688.0,0.8033,747.0,0.9758,614.9,1108.3,894.9,779.8,712.5,676.5,654.5,631.7,0.0,0.0,0.0,0.0,0.0,0.0,0.0,854.8,706.9,633.0,593.5,571.7,556.5,535.7,0.0,0.0,0.0,0.0,0.0,0.0,0.0,1107.7,843.5,707.8,631.2,592.7,562.8,514.1,43.1,41.1,39.6,38.5,38.2,37.8,38.0,146.7,151.6,154.3,162.3,169.8,177.7,178.6,1113.8,926.8,832.3,787.6,769.8,760.4,757.8,732.9,627.0,581.2,560.5,550.2,545.3,541.3,697.4,604.6,566.9,548.3,537.7,531.9,526.5,677.1,590.6,555.9,536.9,524.0,514.4,503.5,690.3,594.3,550.4,529.1,516.9,505.0,484.4,700.5,588.4,544.7,520.2,500.4,482.9,459.6,727.0,604.4,551.8,524.5,502.9,482.2,447.7,809.6,659.4,577.9,540.9,516.7,494.7,451.7,955.0,748.4,633.1,569.6,537.6,515.1,473.2,1102.7,863.0,727.3,637.4,583.2,548.6,505.6,0.7684,0.9825,1.0860,0.5990,0.8096,0.9210,0.0,0.0000,2026,0.8993,667.2,05180004Q7B,7.686,5072,21.1,27.5,28.3,58.8,0.0,780.8,610.7,552.5,1001.7,741.1,651.5,662.0,624.8,0.9063,0.9604,618.1,523.4,500.0,39.0,177.7,769.4,541.9,525.2,497.8,471.5,447.0,428.9,419.9,435.1,466.8,1599.2,1201.0,1602.8,46.1,141.9,1564.0,994.9,926.2,883.7,910.0,968.4,1011.1,1163.8,1415.5,1634.5
IRL,26109,IRL4398,IRL 4938,KERNOW,SIGMA 38OOD,MARINE PROJECTS,THOMAS,1987,Cove Sailing Club,,,,ORC,CLUB,C,765,13 05 2026 18:45:29,11.552,10.023,2.050,3.69,6994.,0.0,0.24,631.6,0.8744,686.2,1.0669,562.4,1039.4,832.2,719.5,654.0,616.4,592.8,567.0,0.0,0.0,0.0,0.0,0.0,0.0,0.0,796.0,652.6,580.7,541.9,519.8,504.7,483.1,0.0,0.0,0.0,0.0,0.0,0.0,0.0,1040.1,783.5,651.4,576.6,539.0,510.8,465.1,43.5,41.5,39.7,38.2,37.5,37.1,36.7,144.8,149.8,153.2,159.5,166.8,176.8,179.0,1032.4,850.1,756.2,710.6,690.6,679.0,669.1,674.9,572.6,527.5,507.6,497.5,492.3,486.6,639.7,551.1,514.6,496.9,486.8,481.0,474.5,619.1,537.8,505.0,487.3,475.4,466.5,455.3,631.4,541.5,502.0,481.7,469.2,458.7,438.9,649.9,540.8,497.7,475.1,457.4,441.1,415.7,675.9,557.8,505.2,479.3,460.2,441.9,406.8,761.1,613.0,534.0,496.3,473.5,454.2,414.6,906.3,705.2,593.2,527.9,494.4,473.1,435.8,1046.5,814.3,682.9,597.4,542.2,506.6,464.8,0.8284,1.0742,1.1991,0.6412,0.8807,1.0187,0.0,0.0000,2026,0.9806,611.9,05180004PQ5,9.427,8031,29.4,45.1,35.4,78.4,0.0,724.3,558.6,500.4,935.7,681.3,589.0,603.2,576.5,0.9947,1.0408,549.8,467.5,448.3,37.5,178.1,669.8,484.4,471.2,448.4,424.7,401.4,383.5,379.6,397.7,429.9,1509.1,1128.8,1513.4,46.5,138.3,1465.7,929.1,860.8,817.0,841.3,908.7,951.8,1107.2,1344.5,1552.5
IRL,26025,IRL5,IRL 5,George 5,J-80 OD,J-COMPOSITE,JOHNSTONE,1995,Royal St George Yacht Club,,,,ORC,INTL,S,350,04 02 2026 20:23:35,8.032,7.196,1.497,2.49,1437.,105.5,0.13,662.5,0.8225,729.4,1.0089,594.7,1044.6,848.1,750.1,705.1,678.9,653.7,594.2,0.0,0.0,0.0,0.0,0.0,0.0,0.0,807.5,674.6,612.7,580.3,557.9,537.5,498.3,0.0,0.0,0.0,0.0,0.0,0.0,0.0,1037.5,799.0,682.3,618.2,578.8,542.7,475.8,43.2,40.8,38.6,37.8,37.7,37.8,38.3,144.1,148.6,151.7,153.4,152.3,145.7,143.0,1114.9,917.4,824.2,795.1,783.0,776.7,775.9,732.3,624.5,581.7,567.1,560.1,555.5,551.3,695.6,604.2,567.2,551.3,543.4,537.8,531.7,674.1,590.8,554.8,532.4,518.8,510.3,499.0,654.5,575.1,550.9,525.3,503.2,486.5,462.9,635.0,554.6,517.2,493.6,473.1,453.8,419.2,648.1,558.1,513.1,478.8,448.3,424.0,382.9,716.3,592.7,534.9,491.2,447.6,401.6,327.9,843.7,674.4,586.3,535.5,498.5,459.6,357.2,974.2,778.7,676.0,615.1,574.9,530.7,412.4,0.8096,1.0112,1.1366,0.6340,0.8271,0.9409,0.0,0.0000,2026,0.9309,644.5,051800048E2,7.125,1924,13.4,21.5,14.0,0.0,65.0,741.1,593.4,527.9,946.4,725.4,637.7,652.6,588.0,0.9194,1.0203,555.6,474.5,447.8,40.8,147.5,807.0,556.6,533.6,494.8,448.8,391.5,348.8,281.9,263.5,304.3,1490.6,1132.5,1481.6,45.9,140.4,1579.9,1008.1,938.6,893.8,901.7,875.6,900.5,1008.5,1213.5,1401.3
IRL,26010,IRL5146,IRL 5146,Battling J,J-24,J-BOATS,JOHNSTONE,1977,Malahide Yacht Club,,,,ORC,INTL,S,400,04 02 2026 19:47:03,7.318,6.529,1.225,2.69,1269.,93.1,0.00,728.9,0.7568,792.8,0.9216,651.1,1173.1,948.5,827.1,754.0,719.4,699.7,676.2,0.0,0.0,0.0,0.0,0.0,0.0,0.0,904.5,751.9,673.9,629.1,604.0,585.1,556.4,0.0,0.0,0.0,0.0,0.0,0.0,0.0,1172.4,894.6,752.2,669.1,626.8,591.1,525.7,43.4,41.5,39.9,38.5,38.2,38.4,39.7,148.0,152.3,157.7,164.6,174.5,177.2,176.3,1179.8,985.0,885.1,833.6,819.4,815.6,826.8,775.0,665.6,619.3,597.0,587.1,582.9,580.2,736.5,643.0,605.3,583.9,570.9,565.4,558.4,715.7,632.2,594.6,569.8,550.9,537.9,523.7,727.4,635.1,587.3,559.5,542.3,521.8,491.5,742.8,631.0,582.3,546.8,515.9,487.5,449.9,768.9,645.4,591.0,554.5,520.8,486.8,420.0,858.2,702.4,617.4,576.5,542.3,509.5,435.1,1010.1,791.6,672.0,607.5,571.4,539.6,476.0,1166.4,912.1,769.2,674.4,619.4,583.8,525.7,0.7244,0.9259,1.0361,0.5656,0.7634,0.8623,0.0,0.0000,2026,0.8499,706.0,051800048DL,6.473,1802,12.0,16.0,18.8,35.3,0.0,828.3,648.0,579.1,1060.8,786.0,695.8,703.1,661.6,0.8534,0.9069,665.7,536.7,501.4,42.7,160.4,868.6,587.5,560.7,516.7,473.5,422.5,372.2,343.4,403.2,462.8,1688.9,1267.3,1692.8,46.3,135.7,1650.8,1049.3,974.7,929.0,954.1,1025.8,1068.0,1222.9,1495.7,1727.1
IRL,26071,IRL53196,IRL 53196,REQUEST,JPK 10.30,JPK Composites,Valer Jacques,2019,National Yacht Club,,,,ORC,CLUB,R,680,14 05 2026 10:59:41,10.313,9.614,1.987,3.23,3809.,0.0,0.00,619.2,0.8907,673.6,1.0951,547.9,1039.0,825.7,709.1,639.1,601.2,578.5,549.3,0.0,0.0,0.0,0.0,0.0,0.0,0.0,799.3,647.9,570.7,526.7,500.5,481.9,454.0,0.0,0.0,0.0,0.0,0.0,0.0,0.0,1034.7,776.0,640.7,561.3,519.6,486.2,432.6,43.8,41.9,40.0,38.5,38.2,37.8,38.1,144.9,148.9,151.8,157.7,165.1,169.1,166.2,1081.7,875.0,766.3,705.6,680.2,669.0,663.3,707.0,587.5,529.1,498.8,483.8,477.3,471.3,670.7,564.3,514.1,487.5,471.1,461.9,453.6,650.6,550.9,504.2,478.4,458.1,442.0,425.7,644.5,536.2,490.2,470.8,457.0,437.4,404.9,632.4,524.3,478.4,448.3,424.9,410.2,386.2,651.7,537.2,485.1,452.3,423.5,396.8,359.2,728.4,583.5,510.3,471.9,440.9,411.4,347.4,862.8,672.4,565.4,504.5,470.4,441.9,385.6,996.3,776.4,651.9,572.7,522.2,487.9,435.3,0.8292,1.1011,1.2602,0.6435,0.8975,1.0467,0.0,0.0000,2026,1.0063,596.2,05180004PTT,9.286,4719,25.0,33.7,25.4,90.5,0.0,723.6,544.9,476.1,932.4,668.5,573.2,595.8,555.9,1.0070,1.0793,524.2,431.7,410.5,39.2,154.1,672.6,471.6,452.2,418.4,386.9,364.9,330.4,283.3,326.0,375.7,1515.7,1148.6,1510.8,46.4,140.2,1565.2,998.1,931.0,890.8,912.8,893.3,923.6,1056.4,1269.8,1466.2
IRL,26132,IRL5333,IRL 5333,NORTH STAR,ALBIN EXPRESS,Albin Marin,PETER NORLIN,1978,Royal Cork Yacht Club,,,,ORC,CLUB,S,510,10 06 2026 09:12:21,7.785,6.961,1.442,2.52,1793.,0.0,0.19,723.6,0.7666,782.7,0.9318,643.9,1186.9,952.5,822.3,743.0,701.6,678.9,650.9,0.0,0.0,0.0,0.0,0.0,0.0,0.0,912.2,749.4,667.3,620.8,593.7,575.5,547.7,0.0,0.0,0.0,0.0,0.0,0.0,0.0,1183.0,895.6,746.0,659.9,615.2,581.9,523.8,43.5,41.9,40.2,37.9,36.7,36.7,37.2,147.3,151.8,154.6,163.7,172.7,177.9,178.1,1225.4,1008.4,890.7,825.9,796.4,785.6,782.4,803.4,674.8,618.9,594.1,579.2,571.7,565.8,762.9,650.0,603.8,581.4,566.0,556.5,548.4,739.5,636.2,593.2,568.4,550.6,536.3,519.5,727.0,615.6,574.1,550.1,535.2,525.5,496.5,723.1,613.6,569.2,538.2,512.2,488.9,458.8,750.5,628.1,577.7,544.9,515.5,487.9,437.5,840.6,685.4,603.0,565.1,534.7,506.1,446.2,994.5,777.8,656.9,594.4,560.5,532.3,478.4,1148.3,896.6,753.9,660.1,606.9,572.1,519.4,0.7222,0.9371,1.0533,0.5609,0.7727,0.8901,0.0,0.0000,2026,0.8580,699.3,05180004SN4,6.750,2402,14.1,19.3,14.3,40.4,0.0,830.8,640.3,569.6,1069.7,776.5,674.1,697.6,651.9,0.8601,0.9204,634.3,527.4,501.5,38.9,169.4,799.0,566.6,546.9,512.4,478.7,438.8,401.3,374.0,418.7,469.7,1724.6,1297.1,1722.0,46.1,135.6,1750.3,1114.7,1037.5,990.4,1006.2,1001.0,1044.8,1202.6,1471.3,1698.9
IRL,IRL5435,IRL5435,IRL 5435,Miss Whiplash,1/2 TON,,Andrieu,1988,Royal Cork Yacht CLub,,,,ORC,CLUB,R,595,30 07 2026 17:24:06,9.020,7.574,1.738,3.10,2560.,0.0,0.00,655.3,0.8468,708.6,1.0220,587.1,1038.4,842.6,738.0,678.3,645.8,624.8,593.1,0.0,0.0,0.0,0.0,0.0,0.0,0.0,803.1,671.8,607.8,570.9,546.5,527.6,497.2,0.0,0.0,0.0,0.0,0.0,0.0,0.0,1037.1,796.0,674.5,605.2,566.2,533.3,475.3,42.6,40.5,37.8,35.9,35.2,34.9,34.9,145.3,150.5,155.9,164.2,171.3,177.2,170.3,1051.0,874.8,786.8,743.5,725.0,715.1,707.8,696.7,603.1,566.8,548.0,536.1,528.4,519.5,666.2,587.4,555.9,537.4,523.8,513.2,500.4,650.0,578.8,547.3,526.3,508.2,491.8,469.5,656.3,571.4,536.5,513.4,496.1,481.3,448.3,653.0,566.3,528.5,497.8,468.5,446.3,417.9,673.2,577.8,535.4,502.6,470.2,442.3,394.1,747.8,616.6,558.0,523.8,491.2,459.0,400.2,888.3,702.0,602.3,552.3,520.9,490.4,434.2,1025.7,810.3,689.1,613.2,566.6,534.5,478.4,0.8136,1.0248,1.1518,0.6380,0.8526,0.9706,0.0,0.0000,2026,0.9450,634.9,05180004VT6,7.821,3222,16.9,29.0,20.7,64.1,0.0,737.5,585.5,520.9,940.4,703.7,618.2,632.3,596.1,0.9489,1.0065,569.9,471.9,448.8,35.8,144.9,712.4,516.4,493.9,457.9,429.4,394.5,353.9,323.5,370.2,427.4,1471.0,1113.5,1471.6,45.6,139.0,1464.7,939.7,880.4,844.1,867.9,892.8,926.0,1060.3,1279.3,1477.2
IRL,26009_a,IRL5693,IRL 5693,BATELEUR 88,3/4 TON,Steve Etheridge,Castro,1988,Royal Cork Yacht Club,,,,ORC,CLUB,R,595,28 05 2026 08:36:23,9.961,8.001,1.905,3.22,3378.,0.0,0.00,638.5,0.8623,695.8,1.0438,574.8,993.1,812.6,719.7,670.6,640.7,620.8,592.0,0.0,0.0,0.0,0.0,0.0,0.0,0.0,770.2,648.8,591.0,560.1,539.2,523.4,500.4,0.0,0.0,0.0,0.0,0.0,0.0,0.0,992.2,768.0,656.8,595.2,558.9,528.4,479.7,41.7,39.7,37.7,37.1,36.9,36.7,37.1,145.1,150.5,155.6,163.3,170.2,177.2,175.4,1001.9,842.3,771.7,745.8,733.2,725.4,720.3,667.1,584.3,551.4,536.9,529.8,524.7,519.0,638.2,568.3,539.0,524.2,516.1,510.3,502.8,622.0,557.3,528.5,510.7,497.6,488.3,475.5,632.2,554.5,523.2,504.5,486.2,470.5,450.1,630.8,546.7,511.5,486.0,464.7,450.8,431.9,650.3,557.8,516.3,486.9,460.1,439.6,412.1,722.5,597.5,538.6,505.1,474.7,447.3,400.6,852.5,678.2,583.7,533.7,502.9,474.4,425.3,984.4,782.8,667.7,595.4,548.2,516.1,463.6,0.8457,1.0480,1.1567,0.6646,0.8679,0.9757,0.0,0.0000,2026,0.9651,621.7,05180004RFI,8.009,4101,18.7,36.9,23.9,73.5,0.0,709.5,572.5,518.7,902.8,691.3,614.9,620.8,579.7,0.9665,1.0350,576.3,484.1,463.5,38.6,171.2,732.2,518.4,500.2,468.6,439.1,417.0,392.2,347.9,373.1,420.4,1398.4,1057.2,1400.1,45.2,139.5,1381.5,887.0,831.0,795.2,814.0,852.9,886.5,1015.5,1225.7,1415.3
IRL,26126,IRL5795,IRL 5795,BLACK SHEEP,MUSTANG 30,HARLEY RACEBOATS,PAUL HARLEY,1988,National Yacht Club,,,,ORC,CLUB,S,595,03 06 2026 12:09:55,9.018,7.608,1.717,2.46,2000.,0.0,0.20,692.9,0.7992,750.8,0.9764,614.5,1154.8,918.3,787.9,711.3,672.4,648.6,617.8,0.0,0.0,0.0,0.0,0.0,0.0,0.0,886.3,721.6,637.1,590.8,565.2,545.8,514.8,0.0,0.0,0.0,0.0,0.0,0.0,0.0,1155.7,864.9,714.0,628.5,586.1,551.4,490.0,43.0,41.1,39.0,37.2,36.7,36.5,36.7,147.1,151.2,153.7,161.0,169.6,177.2,176.3,1146.3,937.5,826.4,772.8,754.5,745.0,739.4,754.1,634.1,581.7,557.9,547.6,542.3,536.1,717.5,612.0,567.8,545.8,533.7,527.7,519.6,697.3,600.4,557.3,533.5,516.9,505.7,492.8,712.6,596.2,547.8,523.6,509.7,491.6,464.6,715.8,597.6,546.3,513.2,485.6,460.8,422.9,747.5,616.6,556.9,521.7,488.7,457.0,394.8,848.0,680.8,587.3,543.9,511.8,480.0,411.0,1007.5,779.3,651.2,577.9,540.2,510.3,449.6,1163.4,899.1,749.3,649.7,590.3,552.1,496.1,0.7463,0.9824,1.1131,0.5788,0.8061,0.9332,0.0,0.0000,2026,0.8978,668.3,05180004S0B,7.538,2659,15.8,22.7,18.0,41.5,0.0,804.0,610.7,539.0,1036.6,744.3,642.9,661.4,630.7,0.9071,0.9514,592.6,489.4,464.2,37.9,162.0,748.0,535.0,516.7,484.6,445.2,395.7,356.0,332.6,384.4,437.3,1689.9,1267.1,1695.0,45.7,142.4,1638.4,1047.5,978.0,936.6,967.7,1005.0,1057.2,1232.0,1508.1,1741.4
IRL,26065,IRL5880,IRL 5880,PILLABAN,A-35,ARCHAMBAULT,NIVELT BERNARD,2005,,,,,ORC,CLUB,C,680,04 02 2026 22:26:40,10.617,9.635,2.153,3.59,4450.,0.0,0.17,602.5,0.9120,657.9,1.1187,536.3,985.1,793.3,688.0,628.9,594.0,571.1,542.4,0.0,0.0,0.0,0.0,0.0,0.0,0.0,758.4,623.5,555.9,518.3,495.0,478.1,451.1,0.0,0.0,0.0,0.0,0.0,0.0,0.0,981.1,746.0,622.8,552.0,513.8,482.9,430.7,43.1,40.9,39.1,37.6,37.0,36.7,36.7,142.6,146.9,149.8,157.2,169.1,176.8,177.0,1025.0,837.3,737.8,687.4,666.9,656.0,647.5,673.6,567.1,517.3,492.8,481.2,475.3,469.0,640.0,546.4,504.9,482.3,468.9,461.6,453.8,620.4,533.9,496.1,473.9,456.3,443.3,429.5,610.1,516.1,478.8,460.1,448.3,438.4,410.8,601.3,507.5,468.6,440.8,417.6,401.2,375.6,617.2,516.9,474.7,445.4,418.4,391.6,348.8,687.9,559.4,498.8,465.9,437.3,409.6,349.4,818.6,648.8,552.7,500.8,470.6,444.7,393.7,945.2,749.2,638.2,570.3,521.1,486.1,437.3,0.8684,1.1240,1.2706,0.6748,0.9181,1.0600,0.0,0.0000,2026,1.0287,583.3,051800048FC,9.536,5367,24.6,37.0,28.5,0.0,98.2,690.9,533.8,472.2,889.2,653.5,566.0,581.3,544.4,1.0321,1.1022,516.1,427.1,408.0,37.4,140.2,650.7,467.4,450.9,422.4,394.4,353.0,320.6,279.6,330.3,381.4,1416.5,1073.3,1412.0,45.6,139.0,1460.9,933.7,870.6,830.4,852.1,835.6,864.4,981.2,1188.2,1372.0
IRL,26067,K19002,IRL 5991,PRIME SUSPECT,MILLS 36,2HO,MILLS DESIGN,1997,,,,,ORC,CLUB,R,680,04 02 2026 22:31:47,10.995,9.943,2.265,3.40,4847.,0.0,0.00,580.1,0.9429,636.4,1.1581,518.1,938.2,757.4,659.1,608.1,583.2,564.4,527.9,0.0,0.0,0.0,0.0,0.0,0.0,0.0,721.2,595.8,534.7,501.9,482.3,466.2,437.2,0.0,0.0,0.0,0.0,0.0,0.0,0.0,934.0,712.5,597.9,534.1,500.0,470.3,419.7,43.0,40.7,38.7,37.3,36.7,36.3,36.2,142.2,146.2,148.8,153.7,156.5,155.9,144.1,979.9,800.5,710.3,670.6,653.6,643.4,634.0,646.2,545.4,501.6,482.6,473.7,468.1,461.3,615.1,527.4,490.5,471.8,461.1,454.8,446.5,596.4,516.5,482.8,462.0,446.4,435.6,423.3,578.3,496.4,468.6,453.8,441.7,426.6,402.4,563.0,484.9,450.0,424.7,408.1,393.6,367.7,575.5,489.5,452.8,423.5,396.5,374.1,341.8,650.8,524.2,473.2,441.2,411.6,381.2,315.2,776.3,618.5,526.5,476.0,447.8,422.0,365.4,896.4,714.2,607.9,545.5,512.9,485.5,421.9,0.9111,1.1633,1.3062,0.7077,0.9504,1.0802,0.0,0.0000,2026,1.0662,562.7,051800048FE,9.929,5777,26.5,45.2,27.5,0.0,139.7,658.5,515.8,459.3,847.8,631.3,555.5,562.9,522.1,1.0660,1.1492,480.2,407.7,390.5,36.7,142.8,635.4,458.8,442.7,415.6,387.0,345.4,312.9,262.7,281.5,325.0,1345.4,1019.8,1340.3,45.6,138.7,1396.8,894.0,834.6,797.0,808.6,787.1,816.5,924.2,1120.6,1294.0
IRL,26116,GR49062,IRL 6570,AWAY ON BUSINESS,FORMULA 28 MODIF,HUNTER,JONES,1984,Cove Sailing Club,,,,ORC,CLUB,R,420,22 05 2026 15:21:56,8.292,6.855,1.675,2.80,1872.,0.0,0.00,699.0,0.7931,756.5,0.9539,629.0,1091.8,884.4,780.0,726.6,696.8,677.7,647.6,0.0,0.0,0.0,0.0,0.0,0.0,0.0,845.2,709.9,646.5,613.0,590.4,572.3,545.0,0.0,0.0,0.0,0.0,0.0,0.0,0.0,1093.7,837.8,715.3,650.1,611.7,578.2,521.3,42.2,39.3,36.7,36.0,35.9,35.9,36.3,146.2,151.4,157.6,166.6,177.2,178.6,176.3,1072.3,898.6,824.3,799.6,789.4,784.5,782.8,715.0,631.4,600.8,586.2,579.5,575.3,570.6,686.6,617.5,589.4,573.8,565.1,559.7,552.1,672.6,609.0,579.7,559.7,544.0,532.2,517.5,684.2,610.2,574.0,551.7,531.7,511.3,486.6,701.7,610.0,569.5,537.6,507.2,484.2,459.4,729.6,623.3,578.2,544.8,510.1,480.1,437.9,817.0,667.4,602.7,566.2,533.5,498.8,439.7,962.3,754.3,646.3,594.6,561.6,530.4,469.3,1111.2,870.1,735.6,653.6,604.2,570.9,512.4,0.7716,0.9576,1.0590,0.6073,0.7999,0.8939,0.0,0.0000,2026,0.8836,679.0,05180004QUR,6.915,2424,14.6,23.1,18.3,39.4,0.0,777.6,626.6,566.6,988.0,750.1,671.2,675.0,638.9,0.8889,0.9391,629.1,525.6,501.5,37.9,175.7,798.6,571.2,550.2,509.4,474.0,441.2,408.9,371.8,410.8,459.6,1564.0,1178.6,1571.4,45.1,138.6,1490.4,959.7,901.8,867.3,892.4,965.2,1011.5,1171.5,1418.3,1637.7
IRL,26049,IRL680,IRL 680,KILCULLEN,J-24,J-BOATS,JOHNSTONE,1977,,,,,ORC,INTL,S,400,04 02 2026 21:35:42,7.318,6.529,1.225,2.69,1269.,93.1,0.00,728.9,0.7568,792.8,0.9216,651.1,1173.1,948.5,827.1,754.0,719.4,699.7,676.2,0.0,0.0,0.0,0.0,0.0,0.0,0.0,904.5,751.9,673.9,629.1,604.0,585.1,556.4,0.0,0.0,0.0,0.0,0.0,0.0,0.0,1172.4,894.6,752.2,669.1,626.8,591.1,525.7,43.4,41.5,39.9,38.5,38.2,38.4,39.7,148.0,152.3,157.7,164.6,174.5,177.2,176.3,1179.8,985.0,885.1,833.6,819.4,815.6,826.8,775.0,665.6,619.3,597.0,587.1,582.9,580.2,736.5,643.0,605.3,583.9,570.9,565.4,558.4,715.7,632.2,594.6,569.8,550.9,537.9,523.7,727.4,635.1,587.3,559.5,542.3,521.8,491.5,742.8,631.0,582.3,546.8,515.9,487.5,449.9,768.9,645.4,591.0,554.5,520.8,486.8,420.0,858.2,702.4,617.4,576.5,542.3,509.5,435.1,1010.1,791.6,672.0,607.5,571.4,539.6,476.0,1166.4,912.1,769.2,674.4,619.4,583.8,525.7,0.7244,0.9259,1.0361,0.5656,0.7634,0.8623,0.0,0.0000,2026,0.8499,706.0,051800048EQ,6.473,1802,12.0,16.0,18.8,35.3,0.0,828.3,648.0,579.1,1060.8,786.0,695.8,703.1,661.6,0.8534,0.9069,665.7,536.7,501.4,42.7,160.4,868.6,587.5,560.7,516.7,473.5,422.5,372.2,343.4,403.2,462.8,1688.9,1267.3,1692.8,46.3,135.7,1650.8,1049.3,974.7,929.0,954.1,1025.8,1068.0,1222.9,1495.7,1727.1
IRL,26112,IRL7115,IRL 7115,GECKO,Bolero Mod,Nick Stratton Yachts.,Thomas,1977,Howth Yacht Club,,,,ORC,CLUB,R,510,05 06 2026 16:21:46,7.756,6.371,1.676,2.77,1648.,0.0,0.00,702.3,0.7930,756.6,0.9550,628.3,1108.6,905.6,794.1,727.0,684.5,656.9,622.8,0.0,0.0,0.0,0.0,0.0,0.0,0.0,863.1,724.9,655.0,612.1,580.9,556.9,522.6,0.0,0.0,0.0,0.0,0.0,0.0,0.0,1105.8,855.6,726.3,649.3,601.5,562.9,501.4,42.0,40.4,38.4,36.4,35.1,34.1,34.3,147.5,152.1,158.1,165.9,175.4,177.7,176.3,1136.5,952.9,855.9,799.3,762.7,740.6,730.0,759.9,656.3,611.8,586.9,567.9,551.4,530.2,728.6,639.4,600.6,576.6,556.1,537.4,511.1,711.4,629.9,592.7,566.9,543.6,521.9,488.8,706.2,614.2,572.7,540.4,514.1,495.0,475.4,702.7,612.1,570.7,534.9,502.6,476.1,429.7,725.7,624.2,579.1,543.8,510.0,481.4,426.1,801.7,665.0,602.7,566.2,532.1,500.4,444.3,935.9,744.7,644.6,594.6,561.3,529.5,474.2,1080.6,858.3,732.3,654.6,606.3,573.2,515.5,0.7557,0.9554,1.0908,0.5958,0.7962,0.9216,0.0,0.0000,2026,0.8833,679.3,05180004SBT,6.676,2175,12.9,20.5,15.1,44.8,0.0,794.0,628.0,550.1,1007.0,753.6,651.0,676.3,638.6,0.8872,0.9396,603.1,496.1,469.5,35.6,174.8,739.2,524.2,501.9,469.8,450.8,393.9,365.1,376.2,419.7,466.9,1569.3,1192.9,1568.9,44.9,139.7,1574.2,1015.9,956.0,920.0,945.8,950.0,985.1,1124.1,1354.9,1564.5
IRL,26077,IRL7491,IRL 7491,StarJay,J-80 OD,J-COMPOSITE,JOHNSTONE,1995,,,,,ORC,INTL,S,350,04 02 2026 23:06:09,8.032,7.196,1.497,2.49,1437.,105.5,0.13,662.5,0.8225,729.4,1.0089,594.7,1044.6,848.1,750.1,705.1,678.9,653.7,594.2,0.0,0.0,0.0,0.0,0.0,0.0,0.0,807.5,674.6,612.7,580.3,557.9,537.5,498.3,0.0,0.0,0.0,0.0,0.0,0.0,0.0,1037.5,799.0,682.3,618.2,578.8,542.7,475.8,43.2,40.8,38.6,37.8,37.7,37.8,38.3,144.1,148.6,151.7,153.4,152.3,145.7,143.0,1114.9,917.4,824.2,795.1,783.0,776.7,775.9,732.3,624.5,581.7,567.1,560.1,555.5,551.3,695.6,604.2,567.2,551.3,543.4,537.8,531.7,674.1,590.8,554.8,532.4,518.8,510.3,499.0,654.5,575.1,550.9,525.3,503.2,486.5,462.9,635.0,554.6,517.2,493.6,473.1,453.8,419.2,648.1,558.1,513.1,478.8,448.3,424.0,382.9,716.3,592.7,534.9,491.2,447.6,401.6,327.9,843.7,674.4,586.3,535.5,498.5,459.6,357.2,974.2,778.7,676.0,615.1,574.9,530.7,412.4,0.8096,1.0112,1.1366,0.6340,0.8271,0.9409,0.0,0.0000,2026,0.9309,644.5,051800048FV,7.125,1924,13.4,21.5,14.0,0.0,65.0,741.1,593.4,527.9,946.4,725.4,637.7,652.6,588.0,0.9194,1.0203,555.6,474.5,447.8,40.8,147.5,807.0,556.6,533.6,494.8,448.8,391.5,348.8,281.9,263.5,304.3,1490.6,1132.5,1481.6,45.9,140.4,1579.9,1008.1,938.6,893.8,901.7,875.6,900.5,1008.5,1213.5,1401.3
IRL,26027,IRL7778,IRL 7778,GRINGO,A-35,ARCHAMBAULT,NIVELT BERNARD,2005,National Yacht Club,,,,ORC,CLUB,C,680,04 02 2026 20:28:45,10.617,9.674,2.161,3.59,4589.,0.0,0.18,605.3,0.9031,664.4,1.1125,539.3,988.6,796.2,690.1,633.3,604.7,584.9,557.5,0.0,0.0,0.0,0.0,0.0,0.0,0.0,760.3,624.9,557.2,520.8,499.4,483.5,458.1,0.0,0.0,0.0,0.0,0.0,0.0,0.0,984.1,748.3,624.5,554.6,518.3,488.1,438.3,43.1,41.0,39.2,37.6,37.1,36.9,36.9,142.6,146.9,149.4,152.6,157.3,161.2,156.8,1033.9,844.0,743.5,693.8,673.9,663.1,654.5,679.4,571.1,520.2,496.0,485.0,479.3,473.4,645.4,549.8,507.4,485.1,472.4,465.7,458.4,625.6,537.1,498.2,476.2,459.2,447.0,434.4,608.7,515.7,480.3,464.2,452.6,440.7,414.9,597.7,505.5,467.5,440.8,420.1,406.8,382.9,612.8,514.0,472.7,444.0,417.9,393.0,357.1,686.4,556.1,496.1,464.0,435.7,408.3,348.1,816.9,648.1,551.4,498.3,470.1,446.4,399.8,943.3,748.4,636.7,572.9,535.6,506.6,460.4,0.8663,1.1189,1.2554,0.6723,0.9109,1.0353,0.0,0.0000,2026,1.0232,586.4,051800048E4,9.469,5508,24.9,37.2,27.9,0.0,105.3,692.6,536.2,477.9,892.5,658.7,579.5,585.1,546.6,1.0255,1.0977,518.8,431.6,413.1,37.6,140.9,658.0,472.0,455.9,428.0,400.5,361.8,329.8,282.9,328.7,379.6,1421.5,1076.8,1416.1,45.6,139.0,1475.2,942.9,879.2,838.7,851.4,833.5,861.8,978.0,1184.6,1367.9
IRL,26074,IRL791,IRL 791,SHENANIGANS,FEELING 850,KIRIE SA,BRIAND Philippe,1984,Howth Yacht Club,,,,ORC,CLUB,C,510,04 02 2026 22:59:02,9.280,7.656,1.723,3.30,2865.,0.0,0.33,711.1,0.7786,770.6,0.9529,629.7,1187.3,944.6,812.5,733.1,685.1,657.8,631.1,0.0,0.0,0.0,0.0,0.0,0.0,0.0,916.7,742.1,654.2,605.3,575.5,556.0,530.0,0.0,0.0,0.0,0.0,0.0,0.0,0.0,1183.1,888.0,734.3,645.1,596.8,562.4,507.9,43.9,42.6,41.1,39.3,38.0,37.6,38.0,147.1,150.5,154.1,160.8,166.8,174.1,177.0,1229.4,1000.8,880.5,812.0,773.5,756.9,753.4,801.0,664.7,600.7,570.7,553.7,544.2,538.6,757.8,636.4,582.8,556.7,540.8,530.4,521.7,732.7,620.4,570.6,545.0,527.6,513.7,494.5,746.9,613.7,559.2,533.2,517.7,508.0,478.1,736.8,608.7,553.9,523.9,499.5,477.6,446.9,766.7,626.7,563.3,529.6,502.2,476.1,435.1,852.7,679.7,591.5,547.8,519.4,492.6,443.4,991.8,769.7,648.1,581.0,543.8,517.7,468.0,1145.2,888.4,744.5,654.2,596.7,558.7,508.8,0.7234,0.9592,1.0887,0.5629,0.7841,0.9166,0.0,0.0000,2026,0.8757,685.2,051800048FS,7.210,3541,17.7,17.1,22.1,49.5,0.0,829.4,625.5,551.1,1065.9,765.2,654.6,682.0,639.9,0.8798,0.9377,618.2,515.9,490.2,39.6,176.3,772.6,546.1,526.1,487.1,457.9,430.9,403.4,396.2,425.7,463.9,1744.2,1321.3,1740.7,46.3,143.9,1779.4,1132.2,1051.7,1002.4,1035.9,1042.7,1092.9,1247.7,1480.0,1709.0
IRL,26069_a,IRL811,IRL 811,RAPTOR,Mills 30 CR,US Watercraft,Mark Mills,1996,Royal Irish Yacht Club,,,,ORC,CLUB,C,595,05 06 2026 14:22:08,9.735,9.025,2.038,3.03,3507.,0.0,0.09,618.5,0.8797,682.1,1.0782,556.5,970.8,788.4,700.2,658.4,633.2,614.0,580.9,0.0,0.0,0.0,0.0,0.0,0.0,0.0,749.6,625.4,570.4,542.2,523.5,508.6,483.4,0.0,0.0,0.0,0.0,0.0,0.0,0.0,966.5,743.2,636.2,577.4,543.0,513.7,464.7,42.6,40.1,38.5,37.7,37.3,37.1,37.4,142.8,147.1,150.7,154.1,159.2,160.6,144.2,1014.7,836.9,764.8,737.7,723.6,714.3,709.4,671.1,572.8,536.6,523.9,517.0,512.3,507.8,639.3,554.5,522.2,509.6,502.8,498.0,492.7,620.3,542.4,510.4,493.2,483.1,476.3,467.6,607.3,533.0,509.2,487.0,470.0,457.5,442.5,593.3,515.0,483.3,464.4,449.9,437.6,416.3,607.7,519.6,482.6,455.1,434.1,418.8,390.7,675.6,555.2,503.4,469.6,439.1,409.1,348.6,802.8,640.9,550.8,505.6,476.5,450.0,391.7,927.0,740.0,635.6,579.2,542.9,513.7,452.3,0.8727,1.0833,1.1931,0.6821,0.8864,0.9895,0.0,0.0000,2026,0.9951,602.9,05180004SB9,8.610,4311,21.6,36.3,23.1,0.0,95.1,687.5,553.9,502.9,879.6,676.9,606.4,605.2,555.2,0.9915,1.0807,544.7,463.0,441.9,38.9,144.7,730.0,511.1,493.7,464.4,434.3,402.9,366.2,310.9,311.2,359.3,1385.7,1051.7,1380.5,45.5,139.2,1437.1,920.6,860.3,822.5,836.4,816.3,844.6,954.4,1155.4,1334.2
IRL,26046,IRL8151,IRL 8151,JOKERS WILD,FIRST 32S5 (BK),BENETEAU,J.BERRET,1988,,,,,ORC,CLUB,C,508,04 02 2026 21:33:11,9.440,8.473,1.688,3.26,4210.,0.0,0.32,683.8,0.8026,747.6,0.9824,610.8,1111.0,891.8,776.9,714.2,678.7,657.4,634.0,0.0,0.0,0.0,0.0,0.0,0.0,0.0,853.2,701.2,627.2,589.5,568.2,553.8,533.3,0.0,0.0,0.0,0.0,0.0,0.0,0.0,1110.1,839.5,703.3,628.6,589.6,559.3,508.6,44.0,41.6,40.3,39.7,39.3,39.3,39.6,146.4,150.9,154.7,161.7,169.1,177.9,178.6,1120.0,926.4,834.0,796.8,782.3,775.5,773.2,729.1,621.5,574.6,555.8,548.6,544.4,540.2,690.1,596.7,558.3,541.0,533.4,529.1,523.6,668.1,580.4,545.3,526.9,515.5,508.7,499.7,680.8,583.3,541.5,521.7,506.8,494.6,477.8,695.1,580.1,534.8,510.1,491.0,474.9,453.8,723.5,597.3,542.3,514.3,492.4,472.3,436.6,811.8,653.9,571.1,532.0,507.0,484.4,439.4,954.3,742.9,627.2,562.3,528.6,505.3,462.2,1101.9,857.3,719.9,631.5,575.2,539.3,494.8,0.7720,0.9900,1.0915,0.5992,0.8097,0.9175,0.0,0.0000,2026,0.9036,664.0,051800048EO,7.749,4903,21.6,30.4,26.0,56.0,0.0,777.2,606.1,549.7,1001.3,741.0,654.0,660.3,618.5,0.9087,0.9701,622.0,521.0,494.7,40.9,177.7,789.4,541.3,522.9,495.0,466.2,439.1,417.5,401.3,420.0,454.7,1615.5,1211.4,1618.1,46.7,142.3,1590.1,1005.6,930.9,885.0,911.2,971.7,1018.7,1180.0,1421.1,1640.9
IRL,26003,IRL8188,IRL 8188,ALIANCE II,LASER 28 X 1.55,RED FOX YACHTS,B.FARR,1983,Howth Yacht Club,,,,ORC,CLUB,C,444,04 02 2026 19:33:14,8.725,7.679,1.552,2.87,2227.,0.0,0.25,707.3,0.7777,771.5,0.9550,628.3,1173.5,937.9,810.1,731.8,691.6,669.1,644.5,0.0,0.0,0.0,0.0,0.0,0.0,0.0,899.2,734.2,651.6,604.2,577.8,560.2,534.7,0.0,0.0,0.0,0.0,0.0,0.0,0.0,1169.9,880.9,731.8,644.2,599.8,566.0,506.9,44.1,42.5,40.8,39.3,38.7,38.6,39.4,146.7,151.2,154.1,161.9,170.4,177.7,177.7,1209.4,992.1,879.5,816.5,793.0,784.8,788.4,787.0,659.7,602.2,573.1,559.4,553.8,549.7,744.7,631.3,583.9,559.0,544.1,536.7,530.1,719.4,614.4,570.0,545.5,526.5,512.5,499.5,712.7,599.3,553.7,528.6,514.6,502.5,474.8,712.6,597.0,549.5,518.6,492.4,470.5,441.9,742.1,614.2,558.6,525.5,496.6,469.5,417.6,832.7,672.0,586.5,546.1,515.8,487.8,427.6,985.1,766.0,644.6,577.6,542.1,513.7,460.7,1137.5,883.7,740.7,647.1,590.2,553.4,500.6,0.7347,0.9612,1.0811,0.5683,0.7843,0.9016,0.0,0.0000,2026,0.8774,683.8,051800048DE,7.185,2825,16.1,23.4,15.1,42.8,0.0,816.7,624.2,555.0,1055.8,765.0,665.5,682.3,635.6,0.8794,0.9440,633.1,517.3,486.7,41.3,166.7,814.9,553.4,531.0,494.3,459.9,420.7,381.6,355.2,399.8,451.2,1717.5,1289.5,1715.3,46.5,142.4,1739.5,1103.9,1024.0,973.9,994.4,996.3,1044.8,1208.0,1468.4,1695.5
IRL,26016,IRL8331,IRL 8331,CHANGELING,SIGMA 38OD,MARINE PROJECTS,THOMAS,1987,Howth Yacht Club,,,,ORC,CLUB,C,765,04 02 2026 20:03:21,11.552,10.035,2.050,3.69,7000.,0.0,0.29,633.9,0.8714,688.6,1.0638,564.0,1046.7,836.9,722.7,655.8,617.6,593.6,567.6,0.0,0.0,0.0,0.0,0.0,0.0,0.0,801.5,656.0,582.7,543.1,520.7,505.4,483.7,0.0,0.0,0.0,0.0,0.0,0.0,0.0,1047.1,787.8,654.0,577.9,539.8,511.5,465.8,43.7,41.6,39.7,38.2,37.6,37.1,36.8,144.9,150.1,153.2,159.2,166.8,176.8,179.0,1042.4,857.0,760.6,712.7,691.8,679.7,669.6,680.4,576.1,529.4,508.6,498.1,492.7,486.9,644.7,553.8,516.1,497.8,487.4,481.3,474.8,623.6,540.0,506.1,488.2,476.0,467.0,455.7,636.2,544.0,503.1,482.5,469.8,459.5,439.7,653.8,542.8,498.7,475.9,458.2,442.0,416.3,679.8,560.1,506.2,480.0,461.0,442.8,407.8,765.2,615.6,535.4,497.0,474.2,454.9,415.6,910.2,707.5,594.9,528.9,495.1,473.7,436.7,1051.0,816.8,684.8,598.9,543.3,507.5,465.6,0.8233,1.0712,1.1974,0.6371,0.8777,1.0172,0.0,0.0000,2026,0.9776,613.8,051800048DR,9.407,8037,29.5,44.0,35.1,77.9,0.0,728.8,560.1,501.1,941.8,683.6,589.9,605.3,578.2,0.9913,1.0377,550.5,468.1,448.9,37.1,178.1,670.0,484.6,471.5,448.8,425.2,402.1,384.1,380.5,398.8,431.0,1523.3,1139.7,1527.3,46.5,138.3,1483.7,939.9,870.3,825.8,850.9,916.3,959.5,1114.9,1353.5,1562.9
IRL,26001,IRL9,IRL 9,9,J-80 OD,J-COMPOSITE,JOHNSTONE,1995,Royal St George Yacht Club,,,,ORC,INTL,S,350,05 06 2026 16:14:09,8.032,7.196,1.497,2.49,1437.,105.5,0.13,662.5,0.8225,729.4,1.0089,594.7,1044.6,848.1,750.1,705.1,678.9,653.7,594.2,0.0,0.0,0.0,0.0,0.0,0.0,0.0,807.5,674.6,612.7,580.3,557.9,537.5,498.3,0.0,0.0,0.0,0.0,0.0,0.0,0.0,1037.5,799.0,682.3,618.2,578.8,542.7,475.8,43.2,40.8,38.6,37.8,37.7,37.8,38.3,144.1,148.6,151.7,153.4,152.3,145.7,143.0,1114.9,917.4,824.2,795.1,783.0,776.7,775.9,732.3,624.5,581.7,567.1,560.1,555.5,551.3,695.6,604.2,567.2,551.3,543.4,537.8,531.7,674.1,590.8,554.8,532.4,518.8,510.3,499.0,654.5,575.1,550.9,525.3,503.2,486.5,462.9,635.0,554.6,517.2,493.6,473.1,453.8,419.2,648.1,558.1,513.1,478.8,448.3,424.0,382.9,716.3,592.7,534.9,491.2,447.6,401.6,327.9,843.7,674.4,586.3,535.5,498.5,459.6,357.2,974.2,778.7,676.0,615.1,574.9,530.7,412.4,0.8096,1.0112,1.1366,0.6340,0.8271,0.9409,0.0,0.0000,2026,0.9309,644.5,05180004SBO,7.125,1924,13.4,21.5,14.0,0.0,65.0,741.1,593.4,527.9,946.4,725.4,637.7,652.6,588.0,0.9194,1.0203,555.6,474.5,447.8,40.8,147.5,807.0,556.6,533.6,494.8,448.8,391.5,348.8,281.9,263.5,304.3,1490.6,1132.5,1481.6,45.9,140.4,1579.9,1008.1,938.6,893.8,901.7,875.6,900.5,1008.5,1213.5,1401.3
IRL,26091,IRL9007,IRL 9007,VIVID,dufour 36 performance,dufour,felci,2012,,,,,ORC,CLUB,C,680,03 03 2026 09:49:52,10.970,10.194,2.183,3.62,6268.,0.0,0.25,617.3,0.8828,679.7,1.0935,548.7,1023.2,820.4,709.0,646.3,614.2,594.2,570.8,0.0,0.0,0.0,0.0,0.0,0.0,0.0,783.5,639.9,567.2,527.8,505.6,491.0,470.6,0.0,0.0,0.0,0.0,0.0,0.0,0.0,1015.6,768.9,638.5,563.4,524.9,495.7,449.6,44.5,42.2,40.6,39.3,38.5,38.2,38.5,142.8,147.1,149.3,152.1,156.6,161.2,162.0,1099.0,891.2,781.2,720.2,694.3,683.5,678.7,712.1,593.0,532.6,502.4,488.7,483.0,478.5,671.5,566.1,515.1,489.2,475.8,469.1,463.7,646.5,548.4,502.6,478.8,462.9,451.7,441.0,618.9,520.2,481.3,465.7,455.2,445.7,423.5,604.1,506.8,467.6,443.8,425.8,414.5,395.9,618.8,515.4,472.3,446.1,423.5,403.6,376.0,690.4,558.9,495.4,463.4,438.7,415.4,370.3,820.4,649.2,551.5,497.2,468.7,447.6,408.5,947.4,749.6,636.8,572.4,534.1,504.9,463.0,0.8430,1.1014,1.2320,0.6509,0.8906,1.0162,0.0,0.0000,2026,1.0036,597.8,05180004FEU,9.396,7205,29.4,39.5,30.2,0.0,113.7,711.7,544.8,487.0,921.8,673.7,590.4,599.4,551.8,1.0011,1.0873,556.7,455.8,435.4,39.3,156.3,688.0,478.9,462.8,436.5,411.7,380.8,356.2,315.3,369.6,425.4,1486.7,1120.6,1476.2,47.0,138.9,1592.2,1006.7,930.8,880.9,867.5,845.1,871.2,988.5,1196.2,1381.3
IRL,26028,IRL918,IRL 918,ULYSSES,FIRST 33.7,BENETEAU,J.BERRET,1996,National Yacht Club,,,,ORC,CLUB,C,595,30 07 2026 12:59:24,9.798,9.238,2.097,3.33,4678.,0.0,0.24,646.5,0.8514,704.7,1.0417,576.0,1052.6,849.5,738.3,672.4,635.9,612.7,586.7,0.0,0.0,0.0,0.0,0.0,0.0,0.0,812.2,668.0,595.4,555.2,532.5,516.8,494.9,0.0,0.0,0.0,0.0,0.0,0.0,0.0,1050.0,799.5,668.0,591.2,552.3,522.4,473.8,43.2,40.9,39.3,37.8,37.1,36.9,37.0,143.7,147.6,148.7,157.4,169.4,177.2,178.1,1078.2,888.2,788.2,736.9,717.4,708.2,703.3,708.6,601.6,550.6,526.8,516.0,511.2,506.5,674.4,579.4,536.8,515.4,503.6,498.0,491.7,655.1,565.4,526.5,505.1,490.0,479.8,469.2,665.3,558.7,514.5,492.8,481.6,470.7,449.8,652.6,546.1,503.7,477.4,456.4,439.7,419.2,671.8,557.1,509.6,481.2,457.1,435.6,400.2,751.3,607.0,534.4,499.8,473.8,450.0,404.6,889.4,702.2,596.2,534.6,502.5,478.3,435.1,1027.0,810.9,688.4,607.9,554.4,517.1,470.1,0.8107,1.0483,1.1707,0.6309,0.8571,0.9857,0.0,0.0000,2026,0.9583,626.1,05180004VSO,8.725,5502,24.1,30.7,33.1,65.2,84.3,740.1,572.4,512.5,951.0,700.0,608.7,622.8,585.0,0.9634,1.0256,570.8,479.4,458.2,37.8,177.5,711.3,506.3,490.1,463.1,438.2,403.6,378.7,357.0,392.1,430.4,1519.5,1148.7,1518.3,46.0,139.5,1531.6,976.0,909.6,869.0,898.5,914.7,944.6,1079.3,1305.4,1507.4
IRL,26098,IRL9216,IRL 9216,COJONES,J 92,J.BOATS INTERNATIO,JOHNSTONE,1992,Royal St George Yacht Club,,,,ORC,CLUB,R,595,05 06 2026 16:16:58,9.120,8.364,1.829,3.04,2796.,0.0,0.18,643.5,0.8518,704.4,1.0430,575.2,1032.2,835.3,728.4,674.3,645.6,625.1,592.3,0.0,0.0,0.0,0.0,0.0,0.0,0.0,797.7,660.4,593.1,557.5,535.7,518.6,489.2,0.0,0.0,0.0,0.0,0.0,0.0,0.0,1025.8,785.9,661.6,592.8,555.4,523.4,469.2,43.0,40.9,38.8,36.9,36.2,36.0,36.0,143.8,148.0,150.9,154.1,159.3,161.0,144.4,1096.1,898.2,792.5,741.4,722.4,711.6,702.4,722.0,608.9,559.1,536.7,526.5,520.6,513.8,687.0,587.6,546.1,524.9,513.2,506.7,498.5,667.2,575.6,536.2,513.3,496.9,485.8,473.8,640.1,549.6,516.8,500.8,488.5,474.5,450.7,629.6,539.4,500.3,473.2,452.2,436.3,408.1,644.2,548.0,505.5,472.9,444.8,418.4,376.9,710.2,584.9,529.2,494.1,462.4,430.9,356.6,838.6,668.8,576.0,530.0,500.1,473.4,417.6,968.4,772.3,664.4,607.2,568.8,538.7,482.2,0.8230,1.0481,1.1723,0.6426,0.8589,0.9710,0.0,0.0000,2026,0.9620,623.7,05180004SBR,8.239,3581,19.3,28.8,20.1,0.0,75.7,729.0,572.5,511.8,933.7,698.6,617.9,625.4,579.5,0.9593,1.0354,540.5,456.9,437.3,36.9,142.3,706.0,512.1,495.5,467.6,436.8,383.1,342.0,291.5,324.8,375.0,1479.9,1123.7,1471.7,45.6,139.9,1561.2,998.0,931.2,890.2,887.7,865.8,892.2,1004.2,1211.2,1398.6
IRL,26161,IRL9393,IRL 9393,WATERFRONT,One off Corby,Adriaanse,-,2004,Royal Cork Yacht Club,,,,ORC,CLUB,R,680,30 07 2026 15:27:52,10.380,9.654,2.128,3.51,3082.,0.0,0.00,608.6,0.9060,662.3,1.1148,538.2,1024.8,814.5,697.3,626.9,591.7,569.4,535.2,0.0,0.0,0.0,0.0,0.0,0.0,0.0,786.4,637.1,561.8,517.8,491.5,471.6,440.6,0.0,0.0,0.0,0.0,0.0,0.0,0.0,1022.1,765.5,630.6,551.4,509.8,475.3,419.6,43.5,41.5,39.7,37.5,36.9,36.6,36.6,144.7,148.5,149.3,156.1,165.1,165.8,155.4,1052.0,852.2,746.9,688.5,666.3,655.8,649.0,690.9,573.7,520.3,493.4,480.1,473.6,466.4,656.6,551.8,507.0,482.4,466.0,457.3,447.7,637.5,539.9,498.0,472.6,450.3,434.0,417.5,633.5,527.4,486.5,468.0,449.1,427.1,391.1,620.3,515.3,471.4,438.9,415.2,399.0,370.8,638.5,525.8,477.6,441.3,408.3,378.9,343.2,721.5,574.1,502.0,463.5,428.4,393.5,325.4,864.0,672.7,560.9,497.7,462.7,430.6,366.5,997.6,776.8,647.7,565.3,517.0,482.9,421.4,0.8430,1.1198,1.2904,0.6524,0.9130,1.0673,0.0,0.0000,2026,1.0241,585.9,05180004VT3,9.530,3992,22.3,30.9,22.5,90.5,0.0,711.7,535.8,465.0,919.7,657.2,562.2,585.1,547.3,1.0254,1.0962,498.7,415.2,394.4,37.5,143.4,655.5,465.9,445.3,409.6,372.6,348.2,316.6,269.0,296.2,342.0,1492.6,1130.5,1489.9,45.6,137.4,1520.3,973.9,910.3,871.7,900.4,883.5,914.2,1047.2,1268.7,1465.0
IRL,16047,K16047,IRL 950,PIPER SOUND,SOVEREIGN 400,,HUMPHREYS,1985,Royal Cork Yacht Club,,,,ORC,CLUB,C,850,30 06 2026 16:32:17,12.095,10.371,2.167,3.89,9938.,0.0,0.56,633.7,0.8714,688.5,1.0649,563.4,1042.6,836.6,724.1,656.6,616.8,592.5,566.3,0.0,0.0,0.0,0.0,0.0,0.0,0.0,802.8,658.3,583.4,542.0,518.4,503.2,483.4,0.0,0.0,0.0,0.0,0.0,0.0,0.0,1041.5,787.6,654.9,577.3,537.6,509.1,465.5,43.8,41.8,40.2,38.9,38.3,37.8,37.4,146.0,150.3,153.3,157.6,164.8,170.9,178.3,1053.8,868.2,769.4,716.2,691.7,678.8,669.2,686.8,581.7,529.7,506.0,493.8,487.8,483.3,649.9,557.5,515.0,494.6,483.3,476.6,471.4,628.0,542.5,504.5,485.1,472.9,464.0,453.0,640.8,548.3,505.5,483.6,469.5,458.3,440.5,663.6,549.5,498.8,474.3,457.8,444.0,424.6,686.1,565.0,505.4,477.0,458.1,441.9,411.4,761.8,613.9,533.2,492.3,468.9,450.6,414.9,893.2,697.2,590.1,525.1,490.1,468.6,434.0,1031.4,804.9,678.8,597.0,542.0,506.2,463.5,0.8213,1.0722,1.2010,0.6386,0.8770,1.0191,0.0,0.0000,2026,0.9791,612.8,05180004UFI,9.533,11120,36.1,39.2,57.3,111.8,0.0,730.5,559.6,499.6,939.6,684.2,588.8,606.0,576.1,0.9901,1.0415,552.6,470.7,451.8,37.9,177.4,673.3,482.2,469.1,448.1,427.3,411.4,394.1,385.8,400.2,431.9,1515.9,1139.3,1517.7,46.7,142.4,1497.7,947.0,874.0,826.7,851.9,932.8,968.5,1109.3,1328.5,1534.0
IRL,26090,IRL9564_WhiteKnight,IRL 9564,WHITE KNIGHT,Hunter Impala,HunterBoats,David Thomas,1978,Cove Sailing Club,,,,ORC,CLUB,C,510,05 02 2026 14:16:04,8.437,7.229,1.739,2.79,2409.,0.0,0.24,712.8,0.7785,770.7,0.9415,637.3,1144.8,920.3,800.9,735.1,700.3,679.5,654.2,0.0,0.0,0.0,0.0,0.0,0.0,0.0,885.0,729.7,654.6,615.9,594.1,578.2,554.8,0.0,0.0,0.0,0.0,0.0,0.0,0.0,1146.1,868.8,729.5,654.1,615.8,584.7,532.1,42.5,40.6,38.3,37.1,36.7,36.6,36.8,147.3,152.1,155.9,163.9,172.7,178.6,178.6,1131.7,938.4,843.9,806.0,792.7,786.2,783.6,751.6,641.8,601.2,583.2,575.7,571.5,566.8,718.0,622.4,588.4,571.1,561.9,557.3,550.9,699.6,611.9,577.9,558.6,544.8,535.5,524.7,714.2,613.6,572.1,550.4,537.2,521.7,500.6,731.0,615.4,570.1,542.2,518.5,498.2,472.4,762.7,633.0,579.0,549.4,523.2,498.4,457.7,854.9,691.2,606.5,568.0,540.9,515.4,464.6,1002.8,782.8,661.4,597.1,563.7,538.4,490.0,1158.0,902.3,757.8,664.2,607.9,572.7,524.9,0.7431,0.9481,1.0464,0.5811,0.7856,0.8886,0.0,0.0000,2026,0.8690,690.4,051800048KJ,7.047,3058,16.2,22.1,20.3,39.7,0.0,807.4,632.8,573.4,1032.5,763.7,675.2,683.4,650.0,0.8779,0.9230,638.4,539.7,515.7,38.0,177.7,796.6,567.2,549.5,518.7,488.2,457.5,434.4,420.2,444.0,480.3,1657.5,1248.3,1664.2,45.4,142.6,1591.1,1021.1,956.9,919.0,947.9,1013.9,1067.4,1237.7,1492.9,1723.9
IRL,26155,IRL9591,IRL 9591,EXCELSIOR,Hunter Impala,HunterBoats,David Thomas,1978,Cove Sailing Club,,,,ORC,CLUB,C,510,05 08 2026 08:02:17,8.437,7.235,1.738,2.79,2408.,0.0,0.27,714.3,0.7789,770.3,0.9420,636.9,1158.6,929.5,804.6,732.6,695.3,673.1,647.2,0.0,0.0,0.0,0.0,0.0,0.0,0.0,895.4,735.7,656.6,614.3,590.5,574.0,549.5,0.0,0.0,0.0,0.0,0.0,0.0,0.0,1159.6,877.0,732.4,652.1,611.9,580.8,527.9,42.6,40.8,38.6,36.8,36.3,36.3,36.6,147.5,152.1,155.9,163.7,171.8,178.3,178.6,1148.8,950.1,846.8,798.0,780.9,772.6,769.3,761.6,646.7,601.8,580.9,570.8,565.9,560.8,727.0,626.3,589.0,569.5,558.0,551.9,545.0,707.8,615.2,578.8,558.0,542.8,531.5,518.7,722.7,616.4,571.8,548.4,532.6,520.6,496.3,737.6,618.3,571.0,542.3,517.7,496.5,465.7,769.9,636.7,580.2,549.9,523.4,498.4,455.7,863.7,696.5,608.8,568.8,541.2,515.6,465.9,1011.9,788.6,665.3,598.7,564.4,538.6,490.7,1168.4,909.0,762.5,667.3,609.7,573.6,525.1,0.7357,0.9485,1.0546,0.5747,0.7857,0.8970,0.0,0.0000,2026,0.8690,690.5,05180004W3D,7.119,3062,16.3,21.8,20.3,39.7,0.0,815.5,632.6,568.9,1044.0,763.7,668.9,682.7,651.7,0.8789,0.9206,630.5,533.1,509.4,37.8,177.7,779.6,560.5,542.6,511.5,482.2,450.4,426.6,420.2,445.3,481.3,1682.1,1267.2,1688.1,45.4,143.1,1622.0,1040.1,973.8,934.6,964.6,1025.7,1080.9,1253.3,1508.7,1742.1
IRL,26054,IRL9896,IRL 9896,MAGNET,MG 335,Northshore Yts,T.Castro,1987,,,,,ORC,CLUB,C,680,04 02 2026 21:52:35,10.210,8.636,1.933,3.44,5071.,0.0,0.24,651.0,0.8412,713.3,1.0300,582.5,1045.3,850.7,740.4,680.8,650.8,630.9,607.6,0.0,0.0,0.0,0.0,0.0,0.0,0.0,804.7,668.0,599.2,563.1,542.6,527.9,507.8,0.0,0.0,0.0,0.0,0.0,0.0,0.0,1042.5,800.2,671.0,598.8,562.8,534.0,488.1,43.0,41.2,39.4,37.8,37.1,37.0,37.1,143.9,148.0,148.7,153.8,159.9,164.2,166.0,1073.0,891.4,794.1,745.1,725.8,715.9,709.8,707.1,603.0,556.8,535.5,525.2,520.3,515.4,673.3,581.8,543.8,524.9,514.1,508.2,502.0,654.2,569.6,534.3,515.2,501.9,491.9,480.5,648.6,554.2,518.4,499.8,488.8,480.0,463.0,638.3,545.0,509.0,485.4,465.2,448.3,427.6,658.8,554.6,514.6,489.1,466.0,444.8,413.3,745.5,602.5,536.2,506.3,482.4,459.0,417.8,881.3,701.4,594.7,537.8,511.4,491.1,452.1,1017.6,809.9,686.7,616.6,575.8,545.8,505.4,0.8148,1.0367,1.1450,0.6329,0.8483,0.9568,0.0,0.0000,2026,0.9480,632.9,051800048EV,8.335,5936,24.0,34.2,30.8,0.0,93.5,736.4,578.8,524.0,948.0,707.3,627.1,628.6,591.3,0.9545,1.0147,592.2,494.2,473.9,37.9,162.2,714.9,514.1,499.1,473.6,449.9,414.4,395.7,384.5,417.5,469.4,1490.6,1125.6,1489.1,46.0,139.5,1505.5,959.0,893.6,853.0,878.2,889.2,921.3,1056.5,1277.9,1475.6
IRL,26097,B38,IRL 9978,LE RENDEZVOUS,BAVARIA 38 CR,BAVARIA,JAKOPIN & JAKOPIN,2002,Cove Sailing Club,,,,ORC,CLUB,C,713,13 06 2026 11:01:41,11.562,10.503,1.989,3.87,7375.,0.0,0.37,645.8,0.8481,707.5,1.0540,569.3,1109.1,879.5,753.4,673.6,622.1,589.8,558.3,0.0,0.0,0.0,0.0,0.0,0.0,0.0,847.0,683.3,596.2,545.6,514.0,493.8,469.5,0.0,0.0,0.0,0.0,0.0,0.0,0.0,1106.3,825.3,675.5,583.6,533.7,499.3,450.7,45.2,43.3,41.7,40.2,38.7,38.5,38.4,143.5,146.9,150.5,154.6,162.3,174.1,179.0,1136.7,919.0,802.4,730.7,688.5,668.7,656.6,730.7,605.4,540.6,506.0,486.9,475.9,467.9,686.9,576.4,521.0,492.5,475.7,464.8,454.6,661.7,558.5,508.0,481.9,465.4,452.8,434.8,677.0,561.1,499.7,469.8,451.4,437.7,422.5,676.8,552.0,493.2,464.2,443.3,424.6,392.1,701.3,570.1,503.5,470.3,447.7,428.4,391.5,786.4,626.9,539.3,491.6,464.7,444.2,405.9,936.6,727.4,610.2,537.1,493.9,468.0,430.2,1081.4,840.0,704.4,616.5,555.7,510.9,460.0,0.7842,1.0600,1.2251,0.6035,0.8517,1.0238,0.0,0.0000,2026,0.9631,623.0,05180004T4C,9.428,8376,31.2,34.3,42.2,0.0,83.2,765.1,566.0,489.8,994.2,704.5,586.1,615.2,585.2,0.9753,1.0252,544.3,453.9,432.1,39.2,178.6,663.4,467.4,452.1,426.8,407.0,368.8,357.3,368.4,394.9,425.3,1635.5,1226.4,1633.5,47.7,141.2,1655.4,1039.9,957.7,906.3,937.6,965.8,1005.6,1157.8,1399.1,1615.5
IRL,26032,IRLHYCJ804,IRL HYC J804,HYCJ804,J-80 OD,J-COMPOSITE,JOHNSTONE,1995,Howth Yacht Club,,,,ORC,INTL,S,350,04 02 2026 20:34:21,8.032,7.196,1.497,2.49,1437.,105.5,0.13,662.5,0.8225,729.4,1.0089,594.7,1044.6,848.1,750.1,705.1,678.9,653.7,594.2,0.0,0.0,0.0,0.0,0.0,0.0,0.0,807.5,674.6,612.7,580.3,557.9,537.5,498.3,0.0,0.0,0.0,0.0,0.0,0.0,0.0,1037.5,799.0,682.3,618.2,578.8,542.7,475.8,43.2,40.8,38.6,37.8,37.7,37.8,38.3,144.1,148.6,151.7,153.4,152.3,145.7,143.0,1114.9,917.4,824.2,795.1,783.0,776.7,775.9,732.3,624.5,581.7,567.1,560.1,555.5,551.3,695.6,604.2,567.2,551.3,543.4,537.8,531.7,674.1,590.8,554.8,532.4,518.8,510.3,499.0,654.5,575.1,550.9,525.3,503.2,486.5,462.9,635.0,554.6,517.2,493.6,473.1,453.8,419.2,648.1,558.1,513.1,478.8,448.3,424.0,382.9,716.3,592.7,534.9,491.2,447.6,401.6,327.9,843.7,674.4,586.3,535.5,498.5,459.6,357.2,974.2,778.7,676.0,615.1,574.9,530.7,412.4,0.8096,1.0112,1.1366,0.6340,0.8271,0.9409,0.0,0.0000,2026,0.9309,644.5,051800048E9,7.125,1924,13.4,21.5,14.0,0.0,65.0,741.1,593.4,527.9,946.4,725.4,637.7,652.6,588.0,0.9194,1.0203,555.6,474.5,447.8,40.8,147.5,807.0,556.6,533.6,494.8,448.8,391.5,348.8,281.9,263.5,304.3,1490.6,1132.5,1481.6,45.9,140.4,1579.9,1008.1,938.6,893.8,901.7,875.6,900.5,1008.5,1213.5,1401.3
IRL,26029,IRLHYCJ801,IRL HYCJ801,HYCJ801,J-80 OD,J-COMPOSITE,JOHNSTONE,1995,Howth Yacht Club,,,,ORC,INTL,S,350,04 02 2026 20:32:11,8.032,7.196,1.497,2.49,1437.,105.5,0.13,662.5,0.8225,729.4,1.0089,594.7,1044.6,848.1,750.1,705.1,678.9,653.7,594.2,0.0,0.0,0.0,0.0,0.0,0.0,0.0,807.5,674.6,612.7,580.3,557.9,537.5,498.3,0.0,0.0,0.0,0.0,0.0,0.0,0.0,1037.5,799.0,682.3,618.2,578.8,542.7,475.8,43.2,40.8,38.6,37.8,37.7,37.8,38.3,144.1,148.6,151.7,153.4,152.3,145.7,143.0,1114.9,917.4,824.2,795.1,783.0,776.7,775.9,732.3,624.5,581.7,567.1,560.1,555.5,551.3,695.6,604.2,567.2,551.3,543.4,537.8,531.7,674.1,590.8,554.8,532.4,518.8,510.3,499.0,654.5,575.1,550.9,525.3,503.2,486.5,462.9,635.0,554.6,517.2,493.6,473.1,453.8,419.2,648.1,558.1,513.1,478.8,448.3,424.0,382.9,716.3,592.7,534.9,491.2,447.6,401.6,327.9,843.7,674.4,586.3,535.5,498.5,459.6,357.2,974.2,778.7,676.0,615.1,574.9,530.7,412.4,0.8096,1.0112,1.1366,0.6340,0.8271,0.9409,0.0,0.0000,2026,0.9309,644.5,051800048E6,7.125,1924,13.4,21.5,14.0,0.0,65.0,741.1,593.4,527.9,946.4,725.4,637.7,652.6,588.0,0.9194,1.0203,555.6,474.5,447.8,40.8,147.5,807.0,556.6,533.6,494.8,448.8,391.5,348.8,281.9,263.5,304.3,1490.6,1132.5,1481.6,45.9,140.4,1579.9,1008.1,938.6,893.8,901.7,875.6,900.5,1008.5,1213.5,1401.3
IRL,26030,IRLHYCJ802,IRL HYCJ802,HYCJ802,J-80 OD,J-COMPOSITE,JOHNSTONE,1995,Howth Yacht Club,,,,ORC,INTL,S,350,04 02 2026 20:32:50,8.032,7.196,1.497,2.49,1437.,105.5,0.13,662.5,0.8225,729.4,1.0089,594.7,1044.6,848.1,750.1,705.1,678.9,653.7,594.2,0.0,0.0,0.0,0.0,0.0,0.0,0.0,807.5,674.6,612.7,580.3,557.9,537.5,498.3,0.0,0.0,0.0,0.0,0.0,0.0,0.0,1037.5,799.0,682.3,618.2,578.8,542.7,475.8,43.2,40.8,38.6,37.8,37.7,37.8,38.3,144.1,148.6,151.7,153.4,152.3,145.7,143.0,1114.9,917.4,824.2,795.1,783.0,776.7,775.9,732.3,624.5,581.7,567.1,560.1,555.5,551.3,695.6,604.2,567.2,551.3,543.4,537.8,531.7,674.1,590.8,554.8,532.4,518.8,510.3,499.0,654.5,575.1,550.9,525.3,503.2,486.5,462.9,635.0,554.6,517.2,493.6,473.1,453.8,419.2,648.1,558.1,513.1,478.8,448.3,424.0,382.9,716.3,592.7,534.9,491.2,447.6,401.6,327.9,843.7,674.4,586.3,535.5,498.5,459.6,357.2,974.2,778.7,676.0,615.1,574.9,530.7,412.4,0.8096,1.0112,1.1366,0.6340,0.8271,0.9409,0.0,0.0000,2026,0.9309,644.5,051800048E7,7.125,1924,13.4,21.5,14.0,0.0,65.0,741.1,593.4,527.9,946.4,725.4,637.7,652.6,588.0,0.9194,1.0203,555.6,474.5,447.8,40.8,147.5,807.0,556.6,533.6,494.8,448.8,391.5,348.8,281.9,263.5,304.3,1490.6,1132.5,1481.6,45.9,140.4,1579.9,1008.1,938.6,893.8,901.7,875.6,900.5,1008.5,1213.5,1401.3
IRL,26031,IRLHYCJ803,IRL HYCJ803,HYCJ803,J-80 OD,J-COMPOSITE,JOHNSTONE,1995,Howth Yacht Club,,,,ORC,INTL,S,350,04 02 2026 20:33:17,8.032,7.196,1.497,2.49,1437.,105.5,0.13,662.5,0.8225,729.4,1.0089,594.7,1044.6,848.1,750.1,705.1,678.9,653.7,594.2,0.0,0.0,0.0,0.0,0.0,0.0,0.0,807.5,674.6,612.7,580.3,557.9,537.5,498.3,0.0,0.0,0.0,0.0,0.0,0.0,0.0,1037.5,799.0,682.3,618.2,578.8,542.7,475.8,43.2,40.8,38.6,37.8,37.7,37.8,38.3,144.1,148.6,151.7,153.4,152.3,145.7,143.0,1114.9,917.4,824.2,795.1,783.0,776.7,775.9,732.3,624.5,581.7,567.1,560.1,555.5,551.3,695.6,604.2,567.2,551.3,543.4,537.8,531.7,674.1,590.8,554.8,532.4,518.8,510.3,499.0,654.5,575.1,550.9,525.3,503.2,486.5,462.9,635.0,554.6,517.2,493.6,473.1,453.8,419.2,648.1,558.1,513.1,478.8,448.3,424.0,382.9,716.3,592.7,534.9,491.2,447.6,401.6,327.9,843.7,674.4,586.3,535.5,498.5,459.6,357.2,974.2,778.7,676.0,615.1,574.9,530.7,412.4,0.8096,1.0112,1.1366,0.6340,0.8271,0.9409,0.0,0.0000,2026,0.9309,644.5,051800048E8,7.125,1924,13.4,21.5,14.0,0.0,65.0,741.1,593.4,527.9,946.4,725.4,637.7,652.6,588.0,0.9194,1.0203,555.6,474.5,447.8,40.8,147.5,807.0,556.6,533.6,494.8,448.8,391.5,348.8,281.9,263.5,304.3,1490.6,1132.5,1481.6,45.9,140.4,1579.9,1008.1,938.6,893.8,901.7,875.6,900.5,1008.5,1213.5,1401.3
IRL,26057,IRL1551,IRL-1551,MOJO,J-80 OD,J-COMPOSITE,JOHNSTONE,1995,,,,,ORC,INTL,S,350,04 02 2026 21:57:49,8.032,7.196,1.497,2.49,1437.,105.5,0.13,662.5,0.8225,729.4,1.0089,594.7,1044.6,848.1,750.1,705.1,678.9,653.7,594.2,0.0,0.0,0.0,0.0,0.0,0.0,0.0,807.5,674.6,612.7,580.3,557.9,537.5,498.3,0.0,0.0,0.0,0.0,0.0,0.0,0.0,1037.5,799.0,682.3,618.2,578.8,542.7,475.8,43.2,40.8,38.6,37.8,37.7,37.8,38.3,144.1,148.6,151.7,153.4,152.3,145.7,143.0,1114.9,917.4,824.2,795.1,783.0,776.7,775.9,732.3,624.5,581.7,567.1,560.1,555.5,551.3,695.6,604.2,567.2,551.3,543.4,537.8,531.7,674.1,590.8,554.8,532.4,518.8,510.3,499.0,654.5,575.1,550.9,525.3,503.2,486.5,462.9,635.0,554.6,517.2,493.6,473.1,453.8,419.2,648.1,558.1,513.1,478.8,448.3,424.0,382.9,716.3,592.7,534.9,491.2,447.6,401.6,327.9,843.7,674.4,586.3,535.5,498.5,459.6,357.2,974.2,778.7,676.0,615.1,574.9,530.7,412.4,0.8096,1.0112,1.1366,0.6340,0.8271,0.9409,0.0,0.0000,2026,0.9309,644.5,051800048F1,7.125,1924,13.4,21.5,14.0,0.0,65.0,741.1,593.4,527.9,946.4,725.4,637.7,652.6,588.0,0.9194,1.0203,555.6,474.5,447.8,40.8,147.5,807.0,556.6,533.6,494.8,448.8,391.5,348.8,281.9,263.5,304.3,1490.6,1132.5,1481.6,45.9,140.4,1579.9,1008.1,938.6,893.8,901.7,875.6,900.5,1008.5,1213.5,1401.3
IRL,26041,IRL1,IRL1,JAMBON,J-80 OD,J-COMPOSITE,JOHNSTONE,1995,,,,,ORC,INTL,S,350,04 02 2026 21:27:36,8.032,7.196,1.497,2.49,1437.,105.5,0.13,662.5,0.8225,729.4,1.0089,594.7,1044.6,848.1,750.1,705.1,678.9,653.7,594.2,0.0,0.0,0.0,0.0,0.0,0.0,0.0,807.5,674.6,612.7,580.3,557.9,537.5,498.3,0.0,0.0,0.0,0.0,0.0,0.0,0.0,1037.5,799.0,682.3,618.2,578.8,542.7,475.8,43.2,40.8,38.6,37.8,37.7,37.8,38.3,144.1,148.6,151.7,153.4,152.3,145.7,143.0,1114.9,917.4,824.2,795.1,783.0,776.7,775.9,732.3,624.5,581.7,567.1,560.1,555.5,551.3,695.6,604.2,567.2,551.3,543.4,537.8,531.7,674.1,590.8,554.8,532.4,518.8,510.3,499.0,654.5,575.1,550.9,525.3,503.2,486.5,462.9,635.0,554.6,517.2,493.6,473.1,453.8,419.2,648.1,558.1,513.1,478.8,448.3,424.0,382.9,716.3,592.7,534.9,491.2,447.6,401.6,327.9,843.7,674.4,586.3,535.5,498.5,459.6,357.2,974.2,778.7,676.0,615.1,574.9,530.7,412.4,0.8096,1.0112,1.1366,0.6340,0.8271,0.9409,0.0,0.0000,2026,0.9309,644.5,051800048EJ,7.125,1924,13.4,21.5,14.0,0.0,65.0,741.1,593.4,527.9,946.4,725.4,637.7,652.6,588.0,0.9194,1.0203,555.6,474.5,447.8,40.8,147.5,807.0,556.6,533.6,494.8,448.8,391.5,348.8,281.9,263.5,304.3,1490.6,1132.5,1481.6,45.9,140.4,1579.9,1008.1,938.6,893.8,901.7,875.6,900.5,1008.5,1213.5,1401.3
IRL,26020,IRL100,IRL100,DEMELZA,SHAMROCK,,R.HOLLAND,1975,Howth Yacht Club,,,,ORC,CLUB,C,595,04 02 2026 20:14:34,9.046,7.390,1.671,3.10,3560.,0.0,0.49,726.7,0.7662,783.0,0.9276,646.9,1179.6,949.3,821.6,745.2,702.9,679.3,654.6,0.0,0.0,0.0,0.0,0.0,0.0,0.0,917.0,752.5,668.3,622.8,597.0,580.0,556.8,0.0,0.0,0.0,0.0,0.0,0.0,0.0,1176.9,894.9,746.4,661.7,618.5,586.9,536.3,43.0,41.5,40.0,38.2,37.3,37.1,37.3,147.7,151.6,155.0,162.1,168.4,177.2,178.1,1206.8,998.0,883.7,821.0,792.2,780.8,776.4,794.7,670.6,614.8,588.7,574.6,567.5,564.5,757.4,646.1,599.8,577.1,563.4,554.7,549.9,737.3,633.5,589.1,566.8,551.3,539.1,523.2,753.5,636.9,582.5,558.0,543.7,533.3,506.3,755.4,629.1,576.3,548.7,526.4,505.9,480.6,782.8,644.9,583.8,553.0,528.5,504.5,468.6,861.6,695.1,608.8,568.6,542.9,518.8,472.7,998.1,781.1,662.2,597.9,564.5,541.0,495.4,1152.5,900.7,759.5,669.3,613.7,577.7,532.7,0.7187,0.9341,1.0425,0.5637,0.7721,0.8877,0.0,0.0000,2026,0.8555,701.3,051800048DV,7.003,4251,18.8,17.9,29.6,58.9,0.0,834.8,642.3,575.5,1064.4,777.1,675.9,697.1,657.5,0.8607,0.9125,641.2,544.5,521.6,38.5,176.8,791.0,564.3,547.5,517.5,490.1,468.4,450.7,441.2,458.2,491.3,1714.4,1302.1,1714.2,45.9,144.3,1716.3,1095.3,1022.5,981.4,1015.5,1057.7,1104.2,1250.3,1483.1,1712.5
IRL,26019,IRL1095,IRL1095,DEAR PRUDENCE,J 109,J BOATS,JOHNSTONE,2001,,,,,ORC,CLUB,C,680,24 04 2026 07:52:46,10.757,9.694,2.148,3.52,5180.,0.0,0.18,611.9,0.8950,670.4,1.0977,546.6,989.4,798.3,693.7,640.3,612.9,593.5,567.2,0.0,0.0,0.0,0.0,0.0,0.0,0.0,762.6,628.2,561.9,528.4,508.9,494.1,471.7,0.0,0.0,0.0,0.0,0.0,0.0,0.0,985.1,750.9,628.8,562.2,527.8,499.0,453.4,43.1,41.0,39.2,37.5,36.9,36.9,36.9,143.1,147.3,149.6,152.8,157.7,161.7,160.6,1032.6,845.4,747.5,703.0,685.5,675.3,666.0,678.5,572.4,524.0,503.5,494.9,489.7,483.8,644.6,551.7,511.4,492.5,482.8,477.4,470.7,624.8,539.0,502.2,482.1,469.0,460.3,449.8,617.3,523.3,489.5,475.1,463.5,449.7,430.4,604.5,511.5,475.2,452.4,434.9,422.8,402.2,619.2,519.5,479.2,452.7,429.8,409.6,380.5,690.8,560.7,501.0,469.8,443.4,418.6,368.4,819.5,650.5,554.1,502.6,475.3,453.1,410.6,946.2,751.1,639.9,577.5,540.3,511.8,468.4,0.8628,1.1050,1.2260,0.6712,0.9031,1.0195,0.0,0.0000,2026,1.0108,593.6,05180004MWP,9.359,6107,26.5,38.1,31.3,0.0,108.4,695.4,543.0,489.4,893.9,664.4,588.5,592.1,552.8,1.0134,1.0854,539.2,450.3,433.6,37.7,141.4,669.9,482.6,469.5,444.5,418.1,385.2,357.4,307.4,353.9,408.6,1421.9,1077.8,1417.1,45.8,139.4,1470.5,937.3,872.6,831.8,858.4,841.4,868.1,983.7,1189.4,1373.4
IRL,26047,IRL1129,IRL1129,JUMP THE GUN,J 109,J BOATS,JOHNSTONE,2001,,,,,ORC,CLUB,C,680,04 02 2026 21:34:16,10.757,9.694,2.148,3.52,5180.,0.0,0.18,613.8,0.8928,672.1,1.0954,547.7,996.4,803.2,696.6,641.0,612.9,593.5,567.4,0.0,0.0,0.0,0.0,0.0,0.0,0.0,767.3,631.3,563.7,528.9,509.1,494.2,471.8,0.0,0.0,0.0,0.0,0.0,0.0,0.0,991.5,755.0,631.1,562.8,528.0,499.2,453.4,43.2,41.1,39.3,37.6,36.9,36.9,36.9,143.1,147.3,149.6,152.8,157.7,161.7,160.6,1045.6,854.5,753.1,704.3,685.4,675.1,666.2,686.4,577.5,526.7,504.4,494.7,489.6,483.8,651.9,556.0,513.7,493.4,482.8,477.3,470.8,631.8,542.8,504.2,483.4,469.6,460.2,449.9,617.5,523.4,489.5,475.1,464.8,450.6,430.3,604.6,511.6,475.2,452.4,434.9,422.8,402.2,619.4,519.6,479.2,452.7,429.8,409.6,380.5,691.5,561.0,501.0,469.9,443.5,418.6,368.5,820.4,651.1,554.5,502.8,475.4,453.2,410.7,947.3,751.9,640.2,577.7,540.5,511.9,468.6,0.8580,1.1028,1.2258,0.6668,0.9008,1.0194,0.0,0.0000,2026,1.0085,594.9,051800048EP,9.342,6105,26.5,38.0,29.7,0.0,108.6,699.3,544.1,489.5,899.8,666.1,588.6,593.9,553.5,1.0103,1.0839,539.4,450.4,433.6,37.7,141.4,670.0,482.7,469.5,444.5,418.1,385.2,357.4,307.4,354.0,408.8,1434.1,1086.6,1428.1,46.0,139.5,1493.1,951.8,886.2,844.8,862.0,842.0,868.9,984.8,1190.8,1375.0
IRL,26045,IRL1206,IRL1206,JOKER II,J 109,J BOATS,JOHNSTONE,2001,,,,,ORC,CLUB,C,680,24 04 2026 07:38:41,10.757,9.694,2.148,3.52,5180.,0.0,0.18,612.7,0.8939,671.2,1.0967,547.1,992.2,800.2,694.8,640.7,613.2,593.8,567.5,0.0,0.0,0.0,0.0,0.0,0.0,0.0,764.4,629.3,562.6,528.7,509.1,494.3,471.9,0.0,0.0,0.0,0.0,0.0,0.0,0.0,987.8,752.5,629.7,562.5,528.1,499.3,453.5,43.1,41.0,39.2,37.6,36.9,36.9,36.9,143.1,147.3,149.5,152.8,157.7,161.7,160.6,1036.3,848.0,749.1,703.6,685.9,675.6,666.3,680.7,573.9,524.8,503.9,495.0,489.8,483.9,646.6,553.0,512.1,492.8,482.9,477.6,470.8,626.8,540.1,502.8,482.5,469.3,460.4,449.9,617.7,523.4,489.5,475.1,463.9,450.1,430.5,604.7,511.6,475.2,452.5,434.9,422.8,402.2,619.5,519.6,479.2,452.8,429.8,409.6,380.5,691.9,561.2,501.1,469.9,443.6,418.7,368.6,821.0,651.6,554.7,502.8,475.4,453.3,410.9,948.0,752.4,640.5,577.8,540.6,512.0,468.7,0.8610,1.1040,1.2255,0.6695,0.9020,1.0190,0.0,0.0000,2026,1.0097,594.2,05180004MWJ,9.351,6106,26.5,37.9,31.1,0.0,108.6,696.9,543.5,489.6,896.2,665.2,588.8,592.7,553.3,1.0122,1.0845,539.7,450.5,433.7,37.7,141.4,670.2,482.8,469.5,444.5,418.1,385.2,357.4,307.5,354.3,409.1,1426.7,1081.4,1421.7,46.0,139.4,1477.1,941.5,876.4,835.4,862.3,842.5,869.4,985.6,1191.9,1376.3
IRL,26021,IRL1397,IRL1397,DESERT STAR,Sun Fast 37,Jeanneau,J. Fauroux,1999,Royal Irish Yacht Club,,,,ORC,CLUB,C,680,05 06 2026 16:19:44,10.944,9.971,2.102,3.71,6875.,0.0,0.32,643.9,0.8483,707.3,1.0485,572.2,1062.5,854.7,741.2,674.1,636.6,614.0,589.1,0.0,0.0,0.0,0.0,0.0,0.0,0.0,817.1,669.0,592.7,550.4,526.1,510.6,490.6,0.0,0.0,0.0,0.0,0.0,0.0,0.0,1058.2,802.9,667.7,587.3,546.0,516.4,470.6,43.8,41.7,40.2,39.0,38.1,37.7,37.6,143.4,147.6,148.8,151.2,156.2,161.2,166.2,1105.1,905.3,798.6,736.4,706.2,694.2,687.5,720.9,607.0,548.2,518.2,503.5,497.0,492.2,683.4,581.6,531.4,506.1,492.0,484.6,479.0,661.8,565.3,519.4,495.9,480.8,470.2,458.8,659.5,550.7,502.8,480.5,469.1,461.2,443.3,648.7,539.6,493.9,469.7,450.4,434.4,413.9,667.4,552.5,500.8,474.0,452.8,433.6,401.0,745.0,603.6,528.5,491.6,468.1,447.3,408.9,883.2,696.4,592.3,530.5,497.3,476.1,441.1,1019.8,804.2,683.9,611.9,567.1,533.8,490.6,0.8075,1.0557,1.1835,0.6259,0.8545,0.9831,0.0,0.0000,2026,0.9623,623.5,05180004SBS,9.097,7817,30.2,36.1,35.3,0.0,95.3,743.0,568.3,507.0,958.6,702.2,610.3,619.4,582.6,0.9687,1.0298,576.0,478.0,456.9,38.3,164.2,693.5,491.6,477.0,453.4,431.2,400.5,381.4,374.5,408.4,458.6,1542.8,1164.3,1538.5,46.8,139.3,1586.0,1004.9,932.5,887.6,916.3,906.7,936.8,1073.1,1298.7,1499.6
IRL,26036,IRL1543,IRL1543,INDIAN,J 109,J BOATS,JOHNSTONE,2001,Howth Yacht Club,,,,ORC,CLUB,C,680,05 06 2026 16:28:48,10.757,9.699,2.148,3.52,5188.,0.0,0.19,614.4,0.8919,672.7,1.0945,548.2,997.7,804.0,697.4,641.7,613.4,593.9,567.6,0.0,0.0,0.0,0.0,0.0,0.0,0.0,768.6,632.1,564.3,529.3,509.3,494.4,471.9,0.0,0.0,0.0,0.0,0.0,0.0,0.0,992.7,755.9,631.7,563.2,528.3,499.4,453.4,43.2,41.1,39.3,37.6,36.9,36.9,36.9,143.1,147.3,149.6,152.8,157.7,161.7,160.6,1047.2,855.7,754.0,704.8,685.8,675.3,666.1,687.4,578.3,527.1,504.6,494.8,489.6,483.7,652.9,556.6,514.1,493.6,482.9,477.3,470.6,632.9,543.4,504.5,483.7,469.8,460.3,449.8,618.9,524.0,489.5,474.9,464.6,450.9,430.5,606.3,512.4,475.6,452.7,434.8,422.6,401.8,621.3,520.6,479.8,453.2,430.2,409.7,380.1,692.4,562.1,501.7,470.4,444.1,419.2,369.2,821.1,651.6,555.0,503.4,475.9,453.7,411.4,948.2,752.4,640.9,578.5,541.1,512.4,469.1,0.8567,1.1018,1.2253,0.6660,0.8999,1.0188,0.0,0.0000,2026,1.0077,595.4,05180004SC1,9.338,6113,26.5,37.6,29.8,0.0,107.1,700.4,544.6,489.7,900.9,666.7,588.9,594.3,554.1,1.0095,1.0828,540.2,450.6,433.7,37.7,141.3,669.9,482.6,469.3,444.3,418.0,384.8,356.8,307.8,355.5,410.5,1436.2,1088.5,1430.3,46.0,139.6,1495.8,953.6,887.9,846.6,864.1,844.0,870.8,986.5,1192.3,1376.7
IRL,26006,IRL1713,IRL1713,ARTFUL DODJER - SEC,J 109,J BOATS,JOHNSTONE,2001,Kinsale Yacht Club,,,,ORC,CLUB,C,680,13 02 2026 16:39:22,10.757,9.693,2.148,3.52,5180.,0.0,0.19,615.4,0.8906,673.7,1.0932,548.8,1001.5,806.6,699.2,642.1,613.5,593.9,567.7,0.0,0.0,0.0,0.0,0.0,0.0,0.0,771.0,633.7,565.3,529.7,509.4,494.5,471.9,0.0,0.0,0.0,0.0,0.0,0.0,0.0,996.1,758.1,633.1,563.6,528.4,499.5,453.5,43.3,41.1,39.4,37.7,36.9,36.9,36.9,143.1,147.3,149.6,152.8,157.7,161.6,160.6,1054.6,860.9,757.6,706.0,685.9,675.3,666.3,692.0,581.2,528.8,505.3,494.8,489.6,483.9,657.1,559.1,515.5,494.3,483.1,477.4,470.8,636.8,545.6,505.8,484.5,470.2,460.5,449.9,618.7,523.9,489.6,475.0,464.8,451.5,430.6,605.9,512.2,475.5,452.6,434.9,422.7,402.0,620.8,520.4,479.6,453.1,430.1,409.7,380.2,692.4,561.9,501.6,470.3,444.0,419.1,369.0,821.2,651.6,555.0,503.3,475.8,453.6,411.3,948.3,752.4,640.8,578.3,541.0,512.4,469.1,0.8542,1.1006,1.2251,0.6637,0.8986,1.0188,0.0,0.0000,2026,1.0064,596.2,05180004BE2,9.321,6104,26.5,37.6,28.8,0.0,107.6,702.4,545.2,489.8,904.0,667.7,588.9,595.4,554.4,1.0077,1.0822,540.1,450.7,433.8,37.7,141.3,670.2,482.8,469.5,444.5,418.1,384.9,357.0,307.7,355.1,410.0,1442.9,1093.0,1436.3,45.9,139.5,1508.7,961.9,895.7,854.1,863.9,843.8,870.6,986.5,1192.6,1377.1
IRL,26090,IRL1793,IRL1793,MISTOFFELEES,HB31,HUNTER BOATS,VAN DE STADT,1983,,,,,ORC,CLUB,,595,09 03 2026 11:34:17,9.248,7.588,1.732,3.12,3003.,0.0,0.07,691.5,0.8026,747.6,0.9718,617.4,1114.4,901.0,783.2,711.8,675.2,652.8,625.9,0.0,0.0,0.0,0.0,0.0,0.0,0.0,859.7,713.0,638.7,596.7,572.4,554.8,528.8,0.0,0.0,0.0,0.0,0.0,0.0,0.0,1114.3,849.7,712.5,633.5,593.1,561.4,507.7,43.0,41.2,39.1,37.1,36.6,36.3,36.5,147.1,151.8,154.9,163.5,171.8,178.1,177.7,1115.3,929.3,830.5,779.2,758.8,748.6,743.5,736.7,630.6,586.8,565.2,553.1,547.4,541.4,702.6,610.5,574.1,554.1,541.3,533.9,525.6,683.5,599.9,564.2,543.5,527.4,514.2,497.9,696.9,597.8,556.4,533.0,516.6,505.3,475.9,701.9,597.2,553.4,525.7,499.4,475.6,447.6,729.0,612.7,562.0,532.0,503.9,476.3,436.1,814.8,666.8,587.2,550.0,522.8,494.9,445.1,964.3,757.1,641.2,579.1,546.4,520.9,469.1,1113.5,872.8,735.9,644.4,591.5,556.9,508.2,0.7630,0.9767,1.0920,0.5954,0.8084,0.9255,0.0,0.0000,2026,0.8962,669.5,05180004H6J,7.467,3691,18.0,26.7,22.4,52.3,0.0,786.4,614.3,549.5,1007.7,742.2,648.3,663.3,630.0,0.9046,0.9525,606.4,512.3,489.4,37.5,177.2,750.9,540.2,521.9,488.3,460.8,432.9,411.0,403.5,427.7,461.9,1597.9,1201.0,1601.7,46.0,136.5,1559.7,996.2,930.0,889.0,914.1,963.1,1006.6,1161.7,1416.9,1636.1
IRL,26124,IRL19109,IRL19109,OUTRAJEOUS,J 109,J BOATS,JOHNSTONE,2001,HYC,,,,ORC,CLUB,C,680,28 05 2026 22:43:47,10.757,9.728,2.159,3.52,5304.,0.0,0.19,613.4,0.8935,671.5,1.0955,547.7,993.4,801.2,695.7,640.8,612.9,593.4,567.4,0.0,0.0,0.0,0.0,0.0,0.0,0.0,765.3,630.2,563.4,529.1,509.4,494.7,472.4,0.0,0.0,0.0,0.0,0.0,0.0,0.0,988.9,753.5,630.5,562.9,528.4,499.8,454.2,43.2,41.1,39.3,37.5,36.8,36.7,36.7,143.1,147.3,149.6,152.9,157.8,161.9,161.0,1038.2,849.7,750.4,703.0,684.4,673.8,664.3,681.7,574.8,525.8,504.2,494.8,489.6,483.5,647.5,553.8,513.1,493.4,483.0,477.5,470.6,627.6,540.9,503.8,483.6,469.9,460.7,450.1,618.3,524.1,489.6,474.8,464.7,451.4,431.4,605.4,512.5,476.3,453.3,435.6,423.3,403.0,620.3,520.5,480.4,454.4,431.6,411.3,381.7,692.3,561.8,501.9,471.1,445.4,421.1,372.7,821.4,651.8,555.2,503.7,476.6,454.9,413.4,948.5,752.7,641.0,578.7,541.5,513.0,470.5,0.8599,1.1028,1.2244,0.6687,0.9015,1.0195,0.0,0.0000,2026,1.0088,594.8,05180004RKT,9.376,6232,26.8,37.9,31.1,0.0,108.2,697.8,544.1,490.0,897.3,665.6,588.5,593.1,554.1,1.0117,1.0829,543.3,452.6,435.8,37.4,141.3,667.5,482.2,469.0,444.5,418.9,386.3,359.2,312.9,362.8,419.0,1429.5,1083.4,1424.4,46.0,139.4,1481.0,943.7,878.4,837.2,863.4,843.4,870.3,986.8,1193.4,1378.0
IRL,26059,IRL1972,IRL1972,NO EXCUSE,X 302 MK2,X-YACHTS,JEPPESEN Nielsen,1994,Dublin 13,,,,ORC,CLUB,C,595,04 02 2026 22:02:23,9.120,8.432,1.734,3.00,3750.,0.0,0.26,684.5,0.8070,743.5,0.9870,607.9,1135.6,909.0,783.3,704.9,663.9,640.9,615.8,0.0,0.0,0.0,0.0,0.0,0.0,0.0,871.1,711.6,630.2,584.1,558.7,542.0,519.4,0.0,0.0,0.0,0.0,0.0,0.0,0.0,1132.6,854.1,707.7,622.0,579.3,548.0,497.3,43.9,42.0,40.4,38.9,38.0,37.7,37.9,146.7,151.2,151.8,160.8,167.8,176.3,177.7,1165.8,957.2,847.5,784.7,756.0,744.9,741.4,761.0,639.8,582.6,554.4,539.8,532.9,528.1,721.8,612.9,565.6,541.6,527.1,518.8,512.6,699.8,596.7,553.0,530.0,513.7,501.5,487.9,698.7,586.2,540.1,517.9,506.4,494.8,470.0,690.5,577.0,532.0,505.6,484.0,466.5,444.5,715.8,592.3,538.7,509.2,484.7,462.6,426.4,803.8,649.4,563.5,526.0,499.6,475.1,429.0,957.4,746.2,623.6,555.9,523.2,498.6,453.4,1105.5,860.8,719.1,625.2,571.8,536.9,490.1,0.7582,0.9938,1.1159,0.5869,0.8133,0.9416,0.0,0.0000,2026,0.9070,661.5,051800048F3,7.838,4541,21.2,27.1,23.6,67.0,0.0,791.3,603.7,537.7,1022.3,737.7,637.2,659.0,616.0,0.9104,0.9741,601.4,504.8,481.6,39.0,176.2,753.5,528.4,510.8,481.7,455.8,429.3,405.7,386.3,410.1,449.2,1652.8,1242.8,1651.0,46.7,135.1,1671.1,1061.1,985.8,940.4,970.7,964.5,1004.1,1156.0,1415.5,1634.5
IRL,26033,IRL1990,IRL1990,IMP,IOR One ton,NAUTOR,RON HOLLAND,1976,Royal Cork Yacht Club,,,,ORC,CLUB,C,646,05 06 2026 16:25:29,12.190,9.826,2.418,3.83,7295.,0.0,0.23,623.0,0.8906,673.7,1.0812,554.9,1013.3,813.6,704.7,641.5,607.6,586.4,562.2,0.0,0.0,0.0,0.0,0.0,0.0,0.0,784.3,643.6,572.6,534.4,513.2,498.9,479.6,0.0,0.0,0.0,0.0,0.0,0.0,0.0,1012.8,767.5,640.0,567.8,531.7,504.4,462.1,42.4,40.4,39.1,37.6,36.8,36.7,36.8,145.9,149.8,151.6,158.1,165.1,170.7,176.8,1018.3,838.7,746.6,701.1,683.0,673.6,668.4,673.5,571.3,524.7,504.3,494.3,489.8,486.1,642.8,551.9,512.9,494.1,483.9,478.7,474.1,625.6,540.8,504.4,485.3,473.0,464.3,455.0,640.8,547.6,505.6,483.6,468.8,456.8,438.1,647.8,537.7,493.2,470.5,454.2,442.2,424.7,666.6,549.6,497.4,470.8,450.8,432.7,406.4,739.3,595.1,520.1,483.6,459.9,438.9,399.8,873.2,682.9,574.8,513.6,481.9,459.8,419.6,1008.2,788.5,662.9,581.9,532.2,499.1,455.9,0.8404,1.0891,1.2115,0.6569,0.8976,1.0299,0.0,0.0000,2026,0.9969,601.9,05180004SBV,9.449,8226,30.5,33.3,52.0,120.0,0.0,713.9,550.9,495.3,913.4,668.4,582.6,596.7,565.4,1.0056,1.0613,546.6,467.4,449.2,37.4,173.6,673.7,486.0,472.6,449.8,426.0,418.1,392.4,369.8,384.1,419.6,1463.9,1108.2,1465.9,45.7,138.7,1443.9,923.2,862.2,826.0,855.8,911.3,939.7,1068.6,1285.2,1484.0
IRL,26050,IRL2240,IRL2240,LA VEUVE NOIRE,First 40,Benateau,Farr,2008,,,,,ORC,CLUB,C,850,04 02 2026 21:39:06,12.240,11.287,2.486,3.90,7900.,0.0,0.17,578.4,0.9542,628.8,1.1658,514.7,948.9,759.8,657.0,600.0,567.3,545.9,518.4,0.0,0.0,0.0,0.0,0.0,0.0,0.0,731.1,598.3,531.6,496.3,475.3,460.5,438.6,0.0,0.0,0.0,0.0,0.0,0.0,0.0,946.9,715.5,595.4,528.3,492.7,465.0,422.2,43.4,40.8,39.2,37.8,37.1,37.1,36.9,142.6,148.3,152.1,157.2,164.6,170.4,174.5,969.6,791.6,700.4,657.8,639.4,628.7,617.7,635.8,535.7,488.4,467.7,458.6,453.3,447.1,603.4,515.7,475.9,456.9,446.8,441.5,434.4,582.7,503.0,467.4,447.6,434.2,424.8,414.3,595.8,504.3,465.5,447.2,430.9,417.1,397.9,590.8,493.1,453.1,430.8,415.3,405.1,387.8,607.4,503.1,458.0,432.1,410.8,392.6,369.3,678.6,546.9,480.5,447.4,423.0,400.5,355.7,803.9,630.4,532.3,477.1,446.8,423.8,380.4,928.3,727.9,613.6,542.3,495.1,463.2,419.1,0.9027,1.1734,1.3158,0.7023,0.9613,1.1091,0.0,0.0000,2026,1.0728,559.3,051800048ER,10.796,9076,34.9,54.1,40.3,132.8,0.0,664.7,511.3,456.0,854.3,624.2,541.0,555.8,523.7,1.0795,1.1458,498.6,421.3,405.6,37.6,164.0,618.5,445.2,431.7,408.6,386.1,375.0,349.8,307.4,333.3,378.7,1374.0,1036.6,1372.9,46.0,140.4,1384.9,880.8,818.1,777.1,802.0,826.8,856.0,979.0,1180.4,1363.0
IRL,26133,IRL29213,IRL29213,SOMETHING ELSE,J 109,J BOATS,JOHNSTONE,2001,National Yacht Club,,,,ORC,CLUB,C,680,11 06 2026 15:02:29,10.757,9.706,2.152,3.52,5197.,0.0,0.19,613.5,0.8931,671.8,1.0956,547.6,995.0,802.2,696.2,641.0,613.1,593.5,567.1,0.0,0.0,0.0,0.0,0.0,0.0,0.0,766.3,630.7,563.5,529.0,509.2,494.3,471.7,0.0,0.0,0.0,0.0,0.0,0.0,0.0,990.4,754.3,630.8,562.8,528.2,499.3,453.3,43.2,41.1,39.3,37.6,36.9,36.8,36.7,143.1,147.3,149.5,152.8,157.7,161.7,160.6,1040.8,851.3,751.2,703.5,684.9,674.2,664.6,683.3,575.7,526.0,504.3,494.8,489.5,483.3,648.9,554.6,513.3,493.4,482.9,477.3,470.3,629.1,541.6,503.9,483.4,469.7,460.4,449.6,618.3,523.8,489.3,474.6,464.3,450.9,430.8,605.3,512.1,475.7,452.6,434.8,422.4,401.7,620.2,520.2,479.8,453.4,430.4,409.9,380.0,692.7,561.8,501.6,470.5,444.4,419.7,370.0,822.0,652.2,555.3,503.4,476.1,454.0,412.0,949.2,753.1,641.2,578.5,541.3,512.7,469.6,0.8590,1.1029,1.2257,0.6677,0.9011,1.0195,0.0,0.0000,2026,1.0087,594.8,05180004SVD,9.358,6123,26.6,37.4,30.8,0.0,108.3,698.5,544.0,489.5,898.6,665.9,588.5,593.3,553.9,1.0113,1.0833,540.3,450.6,433.7,37.5,141.3,668.2,482.1,468.8,444.0,417.8,384.6,356.6,308.6,357.2,412.4,1432.0,1085.2,1426.7,46.0,139.4,1485.2,946.5,881.1,840.0,863.6,843.8,870.6,987.4,1194.1,1378.9
IRL,26038,IRL3307,IRL3307,I-ZIMBRA,Corby 33,Microspan,John Corby,2007,Cove Sailing Club,,,,ORC,CLUB,R,595,04 02 2026 20:35:49,10.020,9.179,2.234,2.92,4430.,0.0,0.00,611.4,0.9085,660.4,1.0977,546.6,977.4,789.3,687.2,632.0,600.3,579.7,550.7,0.0,0.0,0.0,0.0,0.0,0.0,0.0,758.0,627.6,563.7,529.7,508.4,492.5,467.3,0.0,0.0,0.0,0.0,0.0,0.0,0.0,975.8,745.3,626.8,562.1,526.4,497.2,450.6,42.1,40.2,38.2,36.8,36.1,35.7,35.4,145.1,149.2,153.3,160.3,167.8,173.6,170.0,992.6,819.3,731.6,692.0,674.5,663.9,654.0,659.5,562.4,521.3,502.7,493.4,488.0,481.4,629.6,546.2,511.2,493.0,482.1,475.8,467.8,611.6,536.6,504.4,484.5,470.0,459.4,446.3,624.7,537.3,501.4,484.2,466.6,451.3,427.5,620.1,526.1,489.2,465.4,448.2,436.1,414.9,636.8,535.3,493.7,466.2,441.9,419.5,391.1,707.3,574.5,513.8,481.4,454.0,427.4,372.4,833.2,657.6,559.1,509.2,479.7,453.9,402.2,962.1,759.3,642.7,572.0,526.2,495.4,447.4,0.8660,1.1032,1.2320,0.6792,0.9152,1.0453,0.0,0.0000,2026,1.0141,591.6,051800048EA,9.246,5242,23.2,36.5,30.3,95.1,0.0,692.8,543.9,487.0,883.4,655.6,574.0,588.3,555.1,1.0199,1.0809,522.8,444.0,428.4,36.2,146.4,656.0,479.5,464.8,438.6,411.0,398.8,366.8,308.6,337.4,389.6,1399.1,1060.8,1399.2,45.6,141.3,1398.0,895.5,837.7,802.2,827.5,858.6,886.9,1010.1,1212.6,1400.2
IRL,26138,IRL33301,IRL33301,White Pearl,Elan 333,Elan,Rob Humpries,1998,Malahide Yacht Club,,,,ORC,CLUB,C,595,22 06 2026 10:47:36,10.025,9.272,1.918,3.43,5090.,0.0,0.26,649.2,0.8519,704.3,1.0379,578.1,1061.4,852.8,738.5,670.6,633.4,610.9,585.8,0.0,0.0,0.0,0.0,0.0,0.0,0.0,817.7,671.4,597.4,556.8,534.1,518.4,497.0,0.0,0.0,0.0,0.0,0.0,0.0,0.0,1059.6,802.9,669.1,592.3,553.8,524.2,477.0,43.5,41.2,39.6,38.2,37.4,37.1,37.1,145.5,150.3,153.0,159.7,167.1,175.8,178.1,1079.4,889.2,789.4,737.1,715.4,704.6,698.3,706.8,599.6,549.4,525.8,514.0,508.4,503.3,671.3,576.5,535.2,514.4,502.3,495.6,489.7,650.7,562.1,524.6,504.2,490.1,479.8,468.2,664.1,562.6,518.2,497.4,486.0,472.3,451.0,662.2,553.7,510.3,486.1,467.0,451.1,431.3,685.3,568.1,516.6,489.4,467.7,447.7,413.4,764.2,617.8,541.6,505.3,481.0,458.9,416.2,903.6,707.1,597.2,535.2,503.2,480.6,439.1,1043.4,816.3,687.5,604.1,551.4,517.1,473.2,0.8059,1.0449,1.1666,0.6269,0.8582,0.9883,0.0,0.0000,2026,0.9555,627.9,05180004TOH,8.741,5908,24.5,33.5,28.9,75.5,0.0,744.5,574.2,514.3,957.1,699.1,607.1,623.5,588.1,0.9623,1.0203,570.0,482.1,461.8,37.8,176.3,704.6,502.6,487.7,462.3,437.8,416.6,394.3,376.0,397.6,435.3,1537.4,1157.4,1537.7,46.3,138.8,1533.6,974.2,905.1,862.0,889.2,923.1,960.0,1104.5,1334.7,1541.1
IRL,26082,IRL415,IRL415,TONGA,SHIPMAN 28,SHIPMAN,ENDERLEIN OLLE,1970,Cove Sailing Club,,,,ORC,CLUB,R,510,04 02 2026 23:29:21,8.797,6.947,1.515,2.57,2800.,0.0,0.39,730.4,0.7597,789.8,0.9197,652.4,1170.6,947.3,823.6,753.2,716.4,693.3,665.6,0.0,0.0,0.0,0.0,0.0,0.0,0.0,909.0,752.0,671.8,629.8,606.4,589.2,564.8,0.0,0.0,0.0,0.0,0.0,0.0,0.0,1168.6,893.6,749.3,669.2,628.5,595.9,542.6,43.0,41.5,39.5,38.0,37.5,37.3,37.4,147.9,151.8,155.2,162.8,169.1,177.4,177.7,1190.6,991.1,883.3,832.8,814.4,804.2,796.4,784.3,668.1,619.2,596.7,586.4,581.1,575.3,747.4,645.0,604.6,584.5,573.4,567.4,559.9,728.1,633.0,593.3,572.5,558.2,547.6,534.3,743.2,639.6,589.2,566.7,551.4,536.0,510.9,752.1,631.2,580.6,552.9,530.1,509.5,486.5,777.8,646.0,587.7,556.7,531.1,506.3,471.3,857.6,697.8,613.6,573.7,546.5,520.2,473.1,996.4,783.9,666.4,603.0,569.5,544.4,495.2,1150.5,903.6,763.8,673.7,618.4,582.4,534.7,0.7224,0.9257,1.0267,0.5666,0.7656,0.8713,0.0,0.0000,2026,0.8487,707.0,051800048H4,6.688,3410,16.7,17.3,26.1,49.8,0.0,830.6,648.2,584.4,1058.9,783.7,688.6,703.6,661.8,0.8528,0.9066,646.8,550.1,527.1,38.2,177.7,803.1,574.3,557.4,525.5,496.9,473.1,453.3,439.2,457.0,490.6,1686.0,1275.7,1687.7,46.1,143.8,1669.9,1063.3,991.8,951.3,982.8,1041.6,1084.0,1230.0,1474.2,1702.2
IRL,26066,IRL4240,IRL4240,PRIMA FORTE,First 40,Benateau,Farr,2008,,,,,ORC,CLUB,C,850,04 02 2026 22:29:28,12.240,11.232,2.467,3.90,7564.,0.0,0.16,575.7,0.9601,624.9,1.1713,512.2,943.4,756.3,653.6,596.0,563.4,542.2,514.7,0.0,0.0,0.0,0.0,0.0,0.0,0.0,727.6,596.0,529.6,494.1,472.8,457.7,435.4,0.0,0.0,0.0,0.0,0.0,0.0,0.0,941.1,712.3,592.7,525.6,490.1,462.3,419.3,42.6,40.6,38.9,37.4,36.7,36.7,36.5,142.8,148.0,152.0,157.4,164.6,170.0,170.9,966.3,789.6,697.1,652.0,633.1,622.2,611.6,635.1,535.5,488.1,466.3,456.3,450.9,444.8,603.1,515.8,476.1,455.9,445.0,439.1,432.1,582.8,503.2,467.7,447.6,433.1,422.9,411.9,596.3,501.5,463.5,447.4,430.9,416.5,395.5,586.3,490.7,451.8,429.1,413.3,402.9,385.1,602.6,500.2,456.5,430.7,409.0,390.2,365.8,673.1,543.2,478.2,445.6,421.0,398.3,352.2,797.2,626.2,529.3,475.3,445.2,421.9,377.5,920.6,723.1,610.2,540.0,493.7,462.3,417.7,0.9066,1.1785,1.3241,0.7060,0.9671,1.1169,0.0,0.0000,2026,1.0783,556.4,051800048FD,10.862,8735,33.6,53.2,38.0,132.8,0.0,661.8,509.1,453.1,849.9,620.4,537.2,553.1,521.3,1.0847,1.1510,494.0,417.5,402.0,37.1,163.1,612.1,442.9,429.3,406.1,383.2,372.7,345.4,302.2,329.4,375.8,1365.2,1031.2,1363.7,45.8,140.2,1380.2,879.8,818.5,778.4,803.4,819.1,848.2,969.2,1169.3,1350.2
IRL,26039,IRL5109,IRL5109,JALAPENO,J 109,J BOATS,JOHNSTONE,2001,Kinsale Yacht Club,,,,ORC,CLUB,C,680,05 06 2026 16:30:38,10.757,9.640,2.137,3.52,4973.,0.0,0.18,610.5,0.8970,668.9,1.1004,545.2,987.6,796.6,692.1,638.9,611.6,592.2,565.5,0.0,0.0,0.0,0.0,0.0,0.0,0.0,761.3,627.0,560.8,527.1,507.4,492.3,469.2,0.0,0.0,0.0,0.0,0.0,0.0,0.0,983.2,749.3,627.4,560.9,526.3,497.2,450.6,43.1,41.1,39.1,37.5,37.1,36.8,36.8,143.1,147.3,149.8,152.9,157.6,161.5,159.7,1032.1,844.4,745.8,701.0,683.7,673.4,664.4,677.8,571.5,523.2,502.6,493.7,488.5,482.6,643.8,550.9,510.7,491.6,481.5,476.1,469.2,624.0,538.3,501.5,481.2,467.7,458.6,447.8,616.3,522.3,488.3,473.6,462.3,448.0,427.7,603.9,511.0,474.2,450.7,432.4,419.7,398.2,618.6,519.0,478.4,451.1,427.4,406.3,375.4,688.7,559.7,500.4,468.8,441.7,416.1,363.4,816.9,648.4,552.8,502.0,474.3,451.5,407.8,943.2,748.7,638.3,576.7,539.6,511.0,466.6,0.8643,1.1075,1.2310,0.6726,0.9051,1.0221,0.0,0.0000,2026,1.0134,592.0,05180004SC2,9.358,5897,26.2,37.7,31.1,0.0,106.9,694.2,541.8,487.4,892.1,662.9,587.0,590.7,551.5,1.0157,1.0880,533.4,445.8,428.7,37.7,141.5,668.7,481.5,467.9,442.2,414.9,380.2,350.1,299.7,344.8,398.2,1419.3,1076.2,1414.3,45.8,139.6,1470.0,937.1,872.2,831.2,857.7,840.1,866.7,980.7,1185.3,1368.6
IRL,26095,IRL53222,IRL53222,RIDERS ON THE STORM,J 109,J BOATS,JOHNSTONE,2001,,,,,ORC,CLUB,C,680,20 03 2026 10:46:32,10.757,9.694,2.148,3.52,5180.,0.0,0.19,613.1,0.8934,671.6,1.0961,547.4,993.5,801.1,695.5,640.9,613.3,593.8,567.5,0.0,0.0,0.0,0.0,0.0,0.0,0.0,765.3,630.0,563.0,528.8,509.2,494.3,471.9,0.0,0.0,0.0,0.0,0.0,0.0,0.0,988.9,753.3,630.1,562.7,528.2,499.3,453.5,43.1,41.0,39.3,37.6,36.9,36.9,36.9,143.1,147.3,149.6,152.8,157.7,161.7,160.6,1039.7,850.4,750.6,704.2,686.1,675.7,666.4,682.8,575.3,525.6,504.2,495.1,489.9,483.9,648.6,554.1,512.8,493.2,483.0,477.6,470.8,628.7,541.2,503.4,482.9,469.5,460.5,449.9,617.6,523.4,489.5,475.1,464.3,450.4,430.6,604.6,511.6,475.2,452.5,434.9,422.9,402.2,619.4,519.5,479.1,452.7,429.8,409.6,380.5,691.5,561.0,501.0,469.8,443.5,418.6,368.5,820.4,651.1,554.5,502.7,475.4,453.2,410.8,947.3,751.9,640.2,577.7,540.5,511.9,468.6,0.8600,1.1035,1.2254,0.6687,0.9015,1.0190,0.0,0.0000,2026,1.0092,594.5,05180004IDK,9.344,6106,26.5,37.9,30.5,0.0,108.7,697.7,543.7,489.6,897.3,665.6,588.8,593.2,553.3,1.0114,1.0844,539.6,450.5,433.7,37.7,141.4,670.3,482.8,469.5,444.5,418.1,385.2,357.4,307.4,354.0,408.8,1428.9,1083.0,1423.5,45.8,139.4,1482.7,945.2,880.1,839.0,862.2,842.1,868.9,984.8,1190.9,1375.2
IRL,26101,IRL5373,IRL5373,HONEY BEE,HB31,HUNTER BOATS,VAN DE STADT,1983,Royal Irish Yacht Club,,,,ORC,CLUB,,595,05 06 2026 16:23:35,9.248,7.639,1.704,3.12,2717.,0.0,0.19,688.2,0.7956,754.2,0.9753,615.2,1107.2,898.7,785.8,721.7,685.1,663.8,637.1,0.0,0.0,0.0,0.0,0.0,0.0,0.0,851.9,707.6,636.6,596.3,570.5,552.2,526.3,0.0,0.0,0.0,0.0,0.0,0.0,0.0,1101.9,845.0,712.3,634.7,591.6,558.1,504.0,43.1,41.3,39.5,37.5,36.4,36.3,36.7,144.3,148.3,150.1,155.9,162.2,165.5,162.2,1160.3,958.6,851.6,791.7,762.7,751.1,744.3,764.9,647.3,595.8,571.1,556.9,549.2,542.5,728.2,625.1,581.8,559.7,545.0,535.5,526.6,707.1,612.0,568.0,549.0,531.8,517.3,497.6,671.9,581.4,545.2,522.1,506.0,494.0,475.3,666.9,577.2,539.5,509.3,480.0,456.6,429.3,689.9,588.1,547.7,517.1,484.9,455.8,412.4,772.9,633.4,570.7,538.4,509.3,478.3,423.7,912.9,726.4,623.7,571.5,543.3,519.2,467.5,1054.1,838.7,720.1,651.8,607.5,576.5,529.9,0.7695,0.9795,1.0968,0.5982,0.8014,0.9103,0.0,0.0000,2026,0.8980,668.1,05180004SBU,7.377,3406,17.7,25.9,16.3,0.0,61.0,779.7,612.6,547.0,1003.0,748.7,659.1,666.3,622.9,0.9005,0.9632,617.0,507.2,483.5,37.8,159.6,752.9,541.2,523.4,488.2,457.9,411.1,381.7,367.5,422.1,481.1,1589.0,1198.7,1583.1,45.7,139.5,1648.3,1053.5,982.9,939.4,920.9,917.6,952.4,1095.2,1324.8,1529.7
IRL,26051,IRL5383,IRL5383,LUAS,HB31,HUNTER BOATS,VAN DE STADT,1983,,,,,ORC,CLUB,,595,04 02 2026 21:41:47,9.248,7.586,1.732,3.12,3003.,0.0,0.03,685.9,0.8094,741.2,0.9782,613.4,1097.8,889.2,774.5,706.4,671.9,650.4,623.7,0.0,0.0,0.0,0.0,0.0,0.0,0.0,847.8,705.8,633.6,593.4,570.2,552.9,527.3,0.0,0.0,0.0,0.0,0.0,0.0,0.0,1099.3,839.8,705.8,629.6,590.8,559.5,506.3,42.6,40.8,38.5,36.7,36.3,36.2,36.3,147.1,151.8,154.9,163.5,171.8,178.1,177.7,1083.5,906.7,814.0,769.2,753.1,744.6,739.9,718.9,620.3,580.8,561.0,550.6,545.6,540.0,687.5,602.5,569.3,550.5,538.7,532.4,524.3,671.1,593.3,560.2,540.3,524.5,511.8,496.7,684.6,597.1,555.7,532.2,515.8,501.8,473.8,701.1,596.5,552.7,525.1,498.7,474.9,446.8,728.2,611.9,561.3,531.3,503.3,475.7,435.5,813.9,666.0,586.5,549.3,522.2,494.3,444.7,963.2,756.2,640.5,578.4,545.7,520.3,468.6,1112.2,871.7,735.0,643.6,590.8,556.2,507.6,0.7724,0.9830,1.0957,0.6039,0.8155,0.9291,0.0,0.0000,2026,0.9028,664.6,051800048ES,7.562,3694,18.0,26.7,25.0,52.3,0.0,776.8,610.4,547.6,993.5,735.7,645.8,657.1,627.5,0.9131,0.9562,604.4,510.9,488.3,37.3,177.2,747.3,539.0,520.7,487.1,459.8,432.1,410.2,403.0,427.2,461.4,1569.0,1179.5,1575.5,45.7,136.5,1503.7,962.7,901.6,865.2,891.0,962.0,1005.5,1160.4,1415.3,1634.2
IRL,26022_A,IRL6888,IRL6888,EL POCKO,PUMA 42,PUMA YACHTS,FRERS,2003,Royal St George Yacht Club,,,,ORC,CLUB,R,850,13 07 2026 13:56:39,12.527,11.540,3.012,3.11,7216.,0.0,0.00,556.2,0.9781,613.4,1.2071,497.0,896.8,725.3,635.5,588.3,562.2,543.1,514.7,0.0,0.0,0.0,0.0,0.0,0.0,0.0,691.2,569.6,511.8,481.6,462.8,448.4,425.6,0.0,0.0,0.0,0.0,0.0,0.0,0.0,896.7,683.3,574.9,513.5,479.7,452.1,408.7,41.9,39.8,38.1,37.1,36.6,36.7,36.4,141.5,145.3,147.8,152.2,155.7,159.9,149.6,898.1,741.3,671.8,644.5,628.9,619.0,608.1,598.0,507.9,471.7,459.3,452.1,447.4,441.4,571.1,491.3,458.9,447.1,440.2,435.4,428.8,554.4,481.6,449.5,433.0,424.0,417.3,408.0,566.4,478.2,448.9,428.5,412.2,400.9,386.3,556.9,468.5,431.1,407.8,393.3,380.8,359.9,572.6,476.5,435.3,406.7,382.4,364.7,339.3,647.7,518.9,459.3,427.7,400.5,374.3,320.7,775.5,614.3,518.8,462.6,433.4,409.7,364.9,895.5,709.3,599.1,532.2,495.4,467.1,421.4,0.9518,1.2138,1.3530,0.7398,0.9854,1.1169,0.0,0.0000,2026,1.1099,540.6,05180004V51,11.138,8393,34.4,62.5,40.5,0.0,144.1,630.4,494.3,443.5,811.0,608.9,537.2,536.9,505.6,1.1176,1.1868,487.1,407.4,390.4,37.4,143.2,615.6,441.3,427.2,403.6,377.8,343.1,318.3,280.6,310.6,358.6,1285.8,973.0,1287.4,44.6,138.3,1270.1,819.0,767.5,734.4,756.4,780.8,813.5,928.0,1127.1,1301.5
IRL,26055,IRL7495,IRL7495,MAXIMUS,X 302,X YACHTS,N. JEPPESEN,1994,,,,,ORC,CLUB,C,354,04 02 2026 21:54:31,9.120,8.384,1.746,3.00,3920.,0.0,0.28,687.7,0.7991,750.9,0.9772,614.0,1112.7,896.0,781.1,716.3,682.1,661.7,638.8,0.0,0.0,0.0,0.0,0.0,0.0,0.0,858.9,706.6,631.2,592.1,570.4,556.2,536.7,0.0,0.0,0.0,0.0,0.0,0.0,0.0,1108.9,843.2,707.1,631.2,591.8,561.0,512.0,43.6,41.2,40.1,39.7,39.4,39.3,39.8,146.2,150.9,153.9,161.3,168.2,176.8,177.7,1150.2,951.0,853.4,809.0,793.5,787.0,787.9,754.3,640.8,586.0,562.4,553.5,549.3,546.0,716.2,615.0,568.3,546.9,537.1,532.8,528.1,692.2,597.1,554.8,532.8,519.4,511.3,503.0,701.4,592.5,547.9,529.9,512.8,499.3,481.5,688.0,578.6,534.6,510.0,492.1,480.9,463.5,711.4,591.0,539.2,511.2,488.7,468.9,442.8,790.6,640.5,563.0,525.8,499.9,476.1,430.5,931.1,728.8,616.6,555.2,522.9,498.4,452.2,1075.2,841.1,708.8,623.6,570.7,536.3,489.7,0.7666,0.9848,1.0861,0.5974,0.8061,0.9116,0.0,0.0000,2026,0.9000,666.7,051800048EW,7.599,4445,20.9,27.2,24.2,66.1,0.0,782.7,609.3,552.4,1004.4,744.3,658.2,668.1,616.2,0.8981,0.9738,628.2,525.4,499.2,41.3,174.8,808.7,549.2,528.5,499.3,471.6,449.6,425.6,390.1,406.6,447.7,1617.6,1220.1,1615.2,46.4,141.9,1642.3,1043.1,969.0,924.3,954.1,958.0,995.7,1140.0,1379.6,1593.0
IRL,26026,IRL985,IRL985,Ghost Raider,J-70 ONE DESIGN,J BOATS,JOHNSTONE,2012,Howth Yacht Club,,,,ORC,INTL,S,340,04 02 2026 20:24:41,6.942,6.725,1.450,2.26,810.,94.5,0.00,671.8,0.8056,744.8,1.0041,597.6,1098.9,885.1,775.4,716.1,684.0,652.9,586.7,0.0,0.0,0.0,0.0,0.0,0.0,0.0,844.8,697.9,624.9,580.1,550.9,524.5,478.3,0.0,0.0,0.0,0.0,0.0,0.0,0.0,1090.2,831.4,700.6,619.9,572.2,527.8,449.1,43.7,42.0,39.9,38.0,37.6,37.8,38.8,143.7,148.0,151.6,151.5,148.7,145.0,140.2,1186.6,968.2,856.6,800.5,786.4,781.5,787.8,776.0,648.5,596.8,569.3,557.0,550.6,545.9,735.3,625.2,580.5,550.5,533.7,525.5,516.9,710.8,612.1,566.7,531.2,503.1,486.6,468.6,664.7,576.1,538.5,515.8,493.5,460.1,421.5,651.5,561.7,505.2,464.7,437.8,414.3,375.4,667.5,571.7,512.1,457.6,413.3,384.3,339.5,740.6,610.2,546.7,494.4,440.0,386.5,291.2,875.8,694.5,602.5,547.9,503.6,454.0,334.0,1011.3,801.9,694.2,631.7,581.5,524.3,385.6,0.7779,1.0041,1.1678,0.6048,0.8087,0.9436,0.0,0.0000,2026,0.9234,649.7,051800048E3,6.843,1240,10.9,16.1,10.0,0.0,45.6,771.3,597.6,513.8,992.1,741.9,635.9,661.5,594.6,0.9070,1.0090,548.0,452.9,420.1,40.7,145.6,806.3,548.5,519.0,461.4,403.0,344.4,300.2,251.3,250.8,289.6,1588.5,1202.5,1576.4,45.8,140.3,1709.4,1092.0,1017.4,969.3,928.9,907.3,934.5,1054.8,1271.0,1467.6
IRL,26035,IRL9898,IRL9898,INDECISION,J 109,J BOATS,JOHNSTONE,2001,Royal Irish Yacht Club,,,,ORC,CLUB,C,680,08 06 2026 10:41:32,10.757,9.679,2.145,3.52,5128.,0.0,0.18,612.3,0.8950,670.4,1.0977,546.6,992.0,800.0,694.4,639.7,612.1,592.8,566.5,0.0,0.0,0.0,0.0,0.0,0.0,0.0,764.5,629.4,562.4,528.1,508.3,493.4,470.8,0.0,0.0,0.0,0.0,0.0,0.0,0.0,987.0,752.2,629.3,561.8,527.2,498.3,452.4,43.2,41.1,39.3,37.6,36.9,36.9,36.9,143.2,147.3,149.8,153.0,157.7,161.5,160.1,1042.2,851.9,751.1,703.3,684.8,674.6,665.7,684.3,576.0,525.8,503.9,494.3,489.3,483.5,649.9,554.7,512.9,492.9,482.4,476.9,470.4,629.9,541.6,503.5,482.8,469.0,459.7,449.3,616.5,522.8,489.2,474.8,464.1,449.9,429.5,603.6,511.0,474.6,451.8,434.2,422.0,401.1,618.1,518.8,478.5,451.8,428.7,408.3,379.0,688.1,559.2,500.1,468.9,442.3,417.1,366.0,815.7,647.8,552.3,501.6,474.3,451.9,408.9,941.9,748.0,637.7,576.1,539.3,510.9,467.2,0.8609,1.1049,1.2279,0.6696,0.9031,1.0209,0.0,0.0000,2026,1.0109,593.5,05180004SHU,9.348,6052,26.5,38.2,29.7,0.0,108.6,696.9,543.0,488.6,896.1,664.4,587.7,592.7,552.1,1.0122,1.0867,536.5,448.6,431.8,37.7,141.5,669.8,482.4,469.1,444.0,417.3,383.8,355.3,304.2,349.2,403.2,1426.9,1081.9,1420.9,45.8,139.5,1487.2,948.1,882.8,841.5,860.4,839.6,866.0,979.3,1183.5,1366.6
IRL,26093,K16437,K242,SCENARIO ENCORE,ONE OFF,FITTTON MAR./S B S,HUMPHREYS,1988,Royal Irish Yacht Club,,,,ORC,CLUB,R,595,04 06 2026 15:43:49,9.946,7.834,1.868,3.41,2995.,0.0,0.00,636.4,0.8637,694.7,1.0490,572.0,999.4,814.8,719.7,668.8,637.7,617.4,587.0,0.0,0.0,0.0,0.0,0.0,0.0,0.0,771.7,649.3,589.7,557.0,534.6,518.1,493.3,0.0,0.0,0.0,0.0,0.0,0.0,0.0,1001.2,770.6,656.4,592.3,554.6,523.4,471.0,41.8,39.3,37.3,36.6,36.3,36.5,36.7,144.7,150.3,155.6,163.3,170.7,177.7,176.3,981.7,826.4,758.1,733.5,721.9,715.2,709.4,653.7,576.2,544.7,530.3,523.1,518.2,512.0,626.4,560.7,532.7,517.6,508.6,502.5,493.8,611.6,550.4,522.3,503.4,488.2,477.0,463.6,622.0,552.8,518.6,497.4,476.5,459.5,440.6,639.2,550.9,512.0,482.1,456.9,439.8,417.0,662.2,565.3,520.2,487.7,458.0,436.0,396.5,742.0,609.9,546.1,510.5,478.8,450.6,401.2,880.9,695.8,595.2,540.7,508.0,478.1,428.7,1017.1,803.2,681.3,604.1,553.5,519.5,464.6,0.8445,1.0526,1.1697,0.6614,0.8694,0.9819,0.0,0.0000,2026,0.9683,619.6,05180004S5I,8.061,3688,18.1,35.1,24.7,58.3,0.0,710.5,570.0,513.0,907.2,690.1,611.1,615.2,582.9,0.9753,1.0294,569.9,473.3,450.8,38.0,175.7,718.1,510.3,489.9,456.7,428.7,398.6,364.5,329.8,374.6,421.7,1411.3,1061.7,1417.3,44.9,138.8,1350.9,868.0,813.2,777.9,797.4,868.3,908.0,1052.5,1274.5,1471.6
IRL,26062,IRL8303,Ned 8303,Out of Office,First 44.7,Beneteau,Bruce Farr,2004,,,,,ORC,CLUB,C,859,04 02 2026 22:12:50,13.352,11.975,2.640,3.97,9833.,0.0,0.19,571.5,0.9625,623.4,1.1810,508.0,945.1,756.8,653.6,594.7,560.2,537.7,510.5,0.0,0.0,0.0,0.0,0.0,0.0,0.0,724.9,593.6,525.8,489.3,467.8,452.9,432.3,0.0,0.0,0.0,0.0,0.0,0.0,0.0,945.7,712.8,590.9,521.4,485.3,457.9,415.0,42.6,40.5,39.0,37.7,37.0,36.7,36.9,143.4,147.8,151.8,156.3,163.5,169.6,177.2,938.9,770.7,683.6,641.8,623.9,613.7,603.3,618.6,522.9,477.2,456.9,447.7,442.5,436.7,587.8,503.5,464.8,446.2,436.3,431.1,424.6,567.5,491.0,456.3,437.1,424.4,415.5,406.3,578.5,495.6,454.7,435.8,420.7,408.1,389.8,591.9,491.1,447.5,424.3,406.9,393.8,377.2,612.1,504.2,454.5,428.2,408.0,390.3,361.1,689.5,553.9,482.8,446.0,422.6,402.2,363.4,823.8,643.3,540.9,479.9,445.8,423.5,385.0,951.3,742.9,623.6,547.6,496.4,461.6,417.8,0.9101,1.1886,1.3366,0.7051,0.9690,1.1254,0.0,0.0000,2026,1.0843,553.4,051800048F6,11.402,11046,38.5,61.8,43.4,119.7,0.0,659.3,504.8,448.9,850.9,619.2,533.1,545.8,522.3,1.0993,1.1488,493.1,417.5,400.5,37.5,175.4,603.5,434.7,421.9,400.9,379.0,368.5,343.8,323.2,346.8,382.8,1369.4,1027.9,1372.6,45.9,138.1,1337.3,851.7,791.8,751.8,774.5,829.9,865.0,1001.4,1213.7,1401.5
