NAT,CERTN.,FILE_ID,SAILNUMB,NAME,TYPE,BUILDER,DESIGNER,YEAR,CLUB,OWNER,ADRS1,ADRS2,C_Type,Family,D,CREW,DD_MM_yyYY HH:MM:SS,LOA,IMSL,DRAFT,BMAX,DSPL,INDEX,DA,GPH,TMF,ILCGA,APHTOT,APHTOD,WL6,WL8,WL10,WL12,WL14,WL16,WL20,OL6,OL8,OL10,OL12,OL14,OL16,OL20,CR6,CR8,CR10,CR12,CR14,CR16,CR20,NSP6,NSP8,NSP10,NSP12,NSP14,NSP16,NSP20,OC6,OC8,OC10,OC12,OC14,OC16,OC20,UA6,UA8,UA10,UA12,UA14,UA16,UA20,DA6,DA8,DA10,DA12,DA14,DA16,DA20,UP6,UP8,UP10,UP12,UP14,UP16,UP20,R526,R528,R5210,R5212,R5214,R5216,R5220,R606,R608,R6010,R6012,R6014,R6016,R6020,R756,R758,R7510,R7512,R7514,R7516,R7520,R906,R908,R9010,R9012,R9014,R9016,R9020,R1106,R1108,R11010,R11012,R11014,R11016,R11020,R1206,R1208,R12010,R12012,R12014,R12016,R12020,R1356,R1358,R13510,R13512,R13514,R13516,R13520,R1506,R1508,R15010,R15012,R15014,R15016,R15020,D6,D8,D10,D12,D14,D16,D20,OTNLOW,OTNMED,OTNHIG,ITNLOW,ITNMED,ITNHIG,DH_TOD,DH_TOT,VPPYEAR,TMF-OF,OSN,ReferenceNo,CDL,DSPS,WSS,MAIN,GENOA,SYM,ASYM,OTDLOW,OTDMED,OTDHIG,ITDLOW,ITDMED,ITDHIG,PREUPD,PREDND,PREUPT,PREDNT,WL24,CR24,OC24,UA24,DA24,UP24,R5224,R6024,R7524,R9024,R11024,R12024,R13524,R15024,D24,WL4,CR4,OC4,UA4,DA4,UP4,R524,R604,R754,R904,R1104,R1204,R1354,R1504,D4
RSA,ZAC012,GBR5289L,GBR-5289L,ATALANTA,JPK 1030,JPK,JACQUES VALER,2019,,,,,ORC,CLUB,R,500,21 02 2026 22:24:21,10.313,9.595,1.986,3.23,3898.,0.0,0.00,615.2,0.8891,674.9,1.1001,545.4,1024.6,819.0,707.3,643.4,606.4,583.3,552.8,0.0,0.0,0.0,0.0,0.0,0.0,0.0,787.0,641.5,567.4,525.6,499.9,481.6,452.9,0.0,0.0,0.0,0.0,0.0,0.0,0.0,1019.7,769.2,638.1,561.1,519.5,486.0,430.0,43.7,41.5,39.7,38.3,38.3,39.2,38.5,142.7,146.9,148.9,157.7,164.6,168.7,166.8,1074.5,871.2,765.1,709.2,686.9,675.9,669.4,703.8,587.5,529.8,500.3,486.0,479.9,474.1,668.1,564.8,514.9,488.6,472.7,464.2,455.8,647.7,551.1,504.9,479.0,458.7,443.0,426.9,629.2,527.0,483.9,463.2,449.6,437.0,405.7,615.3,514.4,470.2,438.3,412.9,396.8,370.1,631.4,523.5,476.6,442.7,412.7,383.9,342.3,709.3,570.5,502.2,465.9,434.3,403.7,336.6,844.2,664.1,562.5,504.4,472.4,443.9,387.9,974.8,766.9,649.5,577.6,525.8,490.7,436.2,0.8400,1.1055,1.2621,0.6509,0.8954,1.0387,0.0,0.0000,2026,1.0095,594.3,04620004C82,9.231,4611,25.0,32.8,26.8,84.7,93.6,714.3,542.7,475.4,921.8,670.1,577.6,594.9,552.2,1.0086,1.0866,520.8,427.9,405.0,39.7,139.6,680.9,474.7,454.8,419.9,387.9,346.7,313.4,265.7,312.3,360.6,1490.0,1127.5,1483.8,46.4,138.8,1551.9,990.4,924.4,885.3,885.4,867.5,895.7,1021.5,1236.7,1428.1
RSA,ZAC075,GBR5733,GBR-5733R,Jacana,J-133,J Boats,Johnstone,2003,SOUTH AFRICA,,,,ORC,CLUB,C,870,05 02 2026 12:47:32,13.140,12.172,2.294,3.87,9121.,0.0,0.19,556.9,0.9846,609.4,1.2109,495.5,916.3,735.1,634.3,579.6,552.9,534.3,506.7,0.0,0.0,0.0,0.0,0.0,0.0,0.0,704.8,575.7,511.2,477.6,458.4,444.1,421.5,0.0,0.0,0.0,0.0,0.0,0.0,0.0,911.8,690.7,573.7,508.5,475.3,448.4,406.0,43.4,41.5,39.9,38.2,37.3,36.9,36.4,142.4,145.8,148.3,152.3,155.0,158.5,155.0,960.4,779.3,684.0,637.2,616.8,604.7,591.1,625.2,522.7,473.9,453.3,443.7,438.2,431.2,591.0,501.9,461.6,443.2,433.1,427.2,419.4,569.4,489.0,453.3,434.3,421.7,412.4,400.8,577.8,481.3,446.5,432.6,417.8,405.0,386.0,558.4,467.0,430.9,409.7,394.9,383.7,363.9,569.2,471.9,432.6,408.0,388.0,370.0,343.8,634.5,508.4,451.8,422.2,397.7,375.2,328.0,755.3,598.4,506.2,454.0,427.4,405.9,366.4,872.1,690.9,584.5,522.0,488.9,464.0,422.3,0.9371,1.2191,1.3661,0.7267,0.9932,1.1350,0.0,0.0000,2026,1.1131,539.0,046200048JT,11.579,10372,38.1,55.2,47.0,0.0,178.0,640.3,492.2,439.2,825.7,604.1,528.6,537.2,501.6,1.1168,1.1963,474.7,399.2,384.9,36.7,143.0,587.8,428.3,415.7,394.0,372.7,346.6,320.9,277.4,313.0,361.5,1325.7,1002.1,1320.3,46.6,138.9,1380.3,873.5,806.7,762.5,787.6,785.7,810.2,910.1,1100.9,1271.2
RSA,ZAC 305,GER8783,GER-8783,SELINARIS,MOODY 38,MOODY YACHTS,B.DIXON/A.PRIMROSE,1991,Germany,,,,ORC,CLUB,C,698,01 04 2026 14:30:19,11.430,10.191,1.443,3.78,8165.,0.0,0.52,698.5,0.7762,773.0,0.9766,614.4,1216.6,962.3,824.7,736.8,678.4,639.7,606.7,0.0,0.0,0.0,0.0,0.0,0.0,0.0,924.5,742.7,645.4,588.0,552.2,528.3,502.9,0.0,0.0,0.0,0.0,0.0,0.0,0.0,1206.2,898.5,734.3,632.2,573.9,532.6,477.5,48.0,46.4,45.6,44.6,43.8,42.8,42.5,146.8,150.1,152.0,156.3,162.3,167.8,177.7,1321.1,1065.0,932.3,849.3,793.2,756.6,738.7,827.1,676.5,599.9,553.7,526.4,509.6,497.2,761.4,632.7,567.0,529.4,507.6,493.5,479.8,726.4,608.7,545.1,511.5,492.0,478.9,460.7,732.3,596.3,525.7,491.0,471.2,457.1,438.7,713.1,582.2,515.7,484.0,463.8,446.4,415.5,736.6,598.6,524.9,488.7,467.2,449.1,416.2,819.1,652.9,557.8,507.2,479.7,460.0,424.3,963.2,744.6,621.9,546.5,504.2,479.3,443.7,1112.2,859.6,717.0,624.4,563.6,522.9,474.8,0.7198,0.9819,1.1434,0.5507,0.7789,0.9418,0.0,0.0000,2026,0.8904,673.9,04620004JKC,8.187,9145,32.2,26.7,39.3,93.3,76.8,833.6,611.1,524.8,1089.5,770.3,637.1,678.0,615.3,0.8850,0.9751,597.9,490.8,462.7,43.7,177.2,753.0,497.5,477.4,450.6,429.0,391.3,387.4,391.9,410.9,442.8,1809.2,1351.8,1795.2,50.3,144.0,1949.2,1205.3,1081.8,1010.6,1039.3,1018.3,1057.7,1203.0,1445.6,1669.2
RSA,ZAC219,ITA12128,ITA-12128,MSC Donna Mia,J33,J BOATS,Rod Johnstone,1988,,,,,ORC,CLUB,C,605,07 02 2026 22:03:32,10.173,9.271,1.964,3.31,4200.,0.0,0.01,634.7,0.8713,688.7,1.0597,566.2,1032.1,825.9,716.5,658.1,624.2,602.4,573.4,0.0,0.0,0.0,0.0,0.0,0.0,0.0,795.3,652.3,582.7,547.0,525.7,510.6,487.5,0.0,0.0,0.0,0.0,0.0,0.0,0.0,1033.5,779.3,651.1,581.4,544.8,515.9,469.2,42.7,40.8,38.8,37.4,36.7,36.3,36.1,145.3,149.6,152.1,158.8,165.9,172.7,176.3,1017.4,837.0,749.7,716.5,701.2,692.0,682.8,670.2,570.4,530.8,516.0,509.4,505.1,499.6,638.4,553.2,519.8,504.9,497.9,493.1,486.2,620.5,543.3,511.6,493.8,482.4,475.5,464.8,635.8,547.9,511.3,490.0,473.7,461.7,444.9,664.9,551.2,506.1,480.9,462.6,448.9,428.5,687.4,565.0,511.8,482.1,458.6,438.5,406.1,766.3,614.4,536.5,498.7,470.8,446.3,397.5,906.5,705.6,592.9,529.8,496.7,470.7,424.4,1046.8,814.7,683.4,599.6,547.2,512.7,464.0,0.8290,1.0669,1.1865,0.6459,0.8784,1.0051,0.0,0.0000,2026,0.9764,614.5,04620004A47,8.979,5042,23.8,32.7,39.3,80.4,0.0,723.8,562.4,505.7,928.9,683.1,597.0,607.1,578.7,0.9884,1.0369,553.8,468.8,451.4,36.9,166.3,686.0,498.1,484.1,458.3,431.8,412.5,384.2,342.7,372.5,421.5,1498.5,1128.3,1504.1,46.0,138.7,1442.3,919.4,856.2,818.5,848.0,938.5,974.0,1116.1,1346.3,1554.6
RSA,ZAC028,RSA1435,RSA 1435,SHIPREK,BEN FIRST 375,BENETEAU FRANCE,BERET,1985,,,,,ORC,CLUB,C,575,07 02 2026 21:48:41,11.300,9.569,2.010,3.82,6684.,0.0,0.41,656.2,0.8401,714.2,1.0309,582.0,1095.0,872.3,752.0,679.0,636.6,613.2,589.5,0.0,0.0,0.0,0.0,0.0,0.0,0.0,840.1,683.1,603.5,559.1,533.4,517.4,496.4,0.0,0.0,0.0,0.0,0.0,0.0,0.0,1091.4,819.4,678.6,596.0,553.3,523.3,476.4,44.6,42.3,40.8,39.4,38.4,38.0,38.2,146.2,150.1,153.2,158.5,165.5,172.7,178.1,1131.4,921.8,812.8,750.7,720.4,708.9,705.5,731.7,613.1,554.3,526.3,512.0,505.0,501.7,689.7,585.7,537.0,513.4,500.2,492.3,487.5,664.6,567.7,524.7,502.5,488.2,477.8,464.8,662.7,556.9,512.4,490.0,475.4,464.7,449.9,678.5,559.8,510.0,484.2,464.4,446.2,415.4,702.7,576.4,518.0,489.0,467.8,448.5,410.7,781.6,626.2,544.4,504.7,480.4,459.4,417.1,916.8,712.6,600.6,536.0,502.1,479.6,439.7,1058.6,822.7,691.1,607.3,552.8,517.5,473.6,0.7878,1.0384,1.1684,0.6100,0.8465,0.9833,0.0,0.0000,2026,0.9468,633.7,04620004A0B,8.742,7508,28.6,31.7,39.2,89.1,76.0,761.6,577.8,513.5,983.6,708.8,610.2,629.8,591.1,0.9527,1.0151,578.8,484.1,460.7,39.3,175.8,720.8,503.2,486.8,460.6,434.7,399.6,384.9,383.3,400.4,436.9,1606.7,1208.2,1603.8,47.3,142.8,1634.9,1031.0,951.0,899.1,921.4,950.7,999.1,1142.9,1366.9,1578.4
RSA,ZAC255,RSA1555,RSA 1555,KEG,MIURA,NEBE,BERCKMEYER,1970,WC,,,,ORC,CLUB,C,494,03 02 2026 21:17:54,9.330,7.980,1.816,3.15,5284.,0.0,0.71,754.1,0.7316,820.2,0.9013,665.7,1267.8,1013.1,872.2,781.2,724.1,689.8,656.9,0.0,0.0,0.0,0.0,0.0,0.0,0.0,981.4,796.8,696.5,637.5,602.7,581.1,555.9,0.0,0.0,0.0,0.0,0.0,0.0,0.0,1261.7,952.1,784.9,681.5,625.4,587.6,533.0,44.2,42.3,41.3,40.4,39.7,39.3,39.0,148.4,151.8,153.7,159.1,164.6,170.0,177.9,1329.0,1087.0,959.3,878.6,828.5,803.0,787.7,863.7,722.6,647.0,602.9,577.4,563.2,554.5,818.0,691.0,622.3,584.3,562.1,549.3,539.3,794.0,671.6,604.6,568.7,548.2,534.7,517.8,804.6,662.3,589.8,555.1,539.8,529.7,505.7,784.0,647.1,576.5,541.9,520.5,503.2,480.9,812.1,664.0,585.1,545.3,521.1,500.4,466.1,908.1,721.2,617.1,563.4,533.9,511.3,470.2,1044.9,814.7,682.2,603.0,558.8,532.7,491.4,1206.6,939.2,785.1,683.8,619.7,576.6,526.2,0.6749,0.9067,1.0398,0.5261,0.7348,0.8746,0.0,0.0000,2026,0.8268,725.7,0462000487R,6.878,5967,23.3,19.1,31.8,69.7,0.0,889.0,661.7,577.0,1140.5,816.5,686.0,726.5,673.5,0.8259,0.8909,642.7,543.2,518.7,39.6,177.2,796.3,554.7,537.5,511.9,489.2,467.2,449.4,440.7,456.2,489.1,1866.0,1414.8,1859.7,46.9,145.3,1928.1,1218.6,1130.3,1082.1,1119.5,1105.5,1152.7,1328.9,1562.1,1803.8
RSA,ZAC299,RSA1750,RSA 1750,Black Cat,Didi 38,Dudley Dix,Dudley Dix,1993,SOUTH AFRICA,,,,ORC,CLUB,R,775,05 02 2026 11:03:23,11.438,10.710,2.216,3.37,5285.,0.0,0.18,605.2,0.9071,661.5,1.1199,535.8,1018.5,809.8,693.3,628.7,593.3,569.6,533.2,0.0,0.0,0.0,0.0,0.0,0.0,0.0,780.3,632.5,556.0,515.2,490.9,473.0,445.4,0.0,0.0,0.0,0.0,0.0,0.0,0.0,1016.0,761.1,625.8,549.6,509.2,476.9,426.7,43.0,41.2,39.5,38.5,37.9,37.5,37.2,144.7,148.9,148.6,156.1,163.3,166.7,162.7,1043.4,843.9,742.1,698.9,678.3,665.6,651.1,681.4,568.7,512.0,489.8,480.5,474.4,466.7,645.5,545.6,496.6,475.7,466.2,459.9,451.3,623.8,531.0,485.6,462.2,446.9,437.5,424.5,634.1,526.3,486.3,459.4,438.0,420.5,398.9,618.5,510.9,465.4,439.8,422.8,408.7,385.7,636.0,521.9,469.3,436.7,409.7,389.9,363.3,712.8,570.0,493.6,454.2,421.0,391.4,338.0,860.5,671.8,558.1,489.2,453.7,422.5,366.4,993.6,775.7,644.4,558.5,508.4,473.5,415.3,0.8494,1.1267,1.2844,0.6563,0.9140,1.0678,0.0,0.0000,2026,1.0268,584.3,046200048IT,9.920,6353,29.3,46.9,31.2,119.7,0.0,706.4,532.5,467.1,914.2,656.5,561.9,583.6,542.6,1.0280,1.1058,506.5,425.7,407.3,37.7,152.1,651.8,463.9,447.6,417.8,387.1,362.5,341.3,298.9,313.2,361.3,1467.9,1109.1,1465.2,46.5,137.6,1495.2,951.5,885.6,844.5,872.6,872.4,901.8,1030.3,1247.6,1440.7
RSA,ZAC306,RSA198,RSA 198,Hill Billy,J-27,DP Yachting,Johnstone,1983,SOUTH AFRICA,,,,ORC,CLUB,S,320,14 04 2026 20:39:57,8.428,7.432,1.520,2.59,1785.,0.0,0.18,685.0,0.8001,749.9,0.9831,610.3,1125.0,903.1,783.5,713.9,678.6,655.9,624.0,0.0,0.0,0.0,0.0,0.0,0.0,0.0,859.2,707.2,631.9,589.8,565.1,545.8,514.3,0.0,0.0,0.0,0.0,0.0,0.0,0.0,1120.2,848.5,709.0,628.6,586.3,550.4,487.9,43.3,41.2,39.3,37.7,37.6,37.4,38.0,143.2,147.8,155.4,162.8,170.9,176.3,169.1,1172.4,957.6,845.3,795.3,778.6,768.8,764.6,768.3,646.6,591.6,568.1,558.4,552.5,546.7,728.9,622.2,576.4,554.1,542.6,536.2,528.7,686.9,591.4,555.7,539.6,522.5,511.1,498.5,664.1,576.2,539.4,516.1,501.1,490.3,466.8,672.9,573.7,530.6,498.7,470.8,445.6,409.1,696.9,587.1,539.4,503.9,470.6,435.0,378.3,784.3,637.3,568.2,529.5,495.1,460.6,383.0,933.2,734.9,626.3,565.2,529.1,496.8,429.6,1077.6,848.6,721.8,632.4,578.6,543.0,483.4,0.7661,0.9877,1.1135,0.5917,0.8064,0.9236,0.0,0.0000,2026,0.9036,664.0,04620004LAE,7.241,2238,14.8,23.3,11.5,43.0,42.4,783.2,607.5,538.8,1014.0,744.0,649.6,665.5,615.5,0.9016,0.9748,591.2,487.1,460.3,40.0,139.5,784.9,548.2,528.0,493.4,451.9,382.0,340.8,291.2,344.3,397.6,1629.3,1220.5,1624.0,45.9,138.9,1682.5,1074.0,1000.1,940.2,897.9,932.1,971.9,1125.7,1364.9,1576.0
RSA,ZAC238,RSA31025,RSA 31025,TNT,CAPE 31,CAPE PERFORMANCE SAILING,MARK MILLS,2017,,,,,ORC,CLUB,R,655,01 07 2026 08:06:14,9.573,9.387,2.444,3.05,1805.,0.0,0.00,546.7,0.9862,608.4,1.2345,486.0,893.3,719.5,636.6,590.5,556.6,526.0,468.1,0.0,0.0,0.0,0.0,0.0,0.0,0.0,688.4,569.6,510.2,473.1,445.6,423.0,384.6,0.0,0.0,0.0,0.0,0.0,0.0,0.0,890.8,678.6,574.0,507.5,464.1,426.2,362.0,42.8,40.4,38.5,37.6,37.3,37.1,37.1,141.7,145.3,148.9,150.3,146.2,144.7,144.5,918.7,754.1,686.7,663.0,650.1,641.9,631.2,604.9,516.5,481.2,465.5,454.8,447.0,436.4,574.7,501.2,463.1,443.9,432.0,423.1,411.6,555.3,491.1,447.4,415.9,400.2,388.0,371.1,567.9,492.6,451.3,409.6,377.0,358.4,333.3,550.1,469.0,420.2,391.8,368.0,347.8,304.6,560.0,472.7,414.0,373.5,347.5,325.5,289.8,628.6,504.6,444.8,390.9,341.9,301.8,255.1,751.7,593.2,507.9,448.8,401.0,355.2,264.2,868.0,684.9,586.5,518.0,463.0,410.2,305.1,0.9539,1.2329,1.4484,0.7440,0.9866,1.1720,0.0,0.0000,2026,1.1322,529.9,04620004UHO,9.767,2667,20.7,38.1,24.5,0.0,116.3,629.0,486.7,414.3,806.5,608.1,511.9,536.7,483.6,1.1180,1.2406,438.5,363.4,339.1,37.9,149.1,636.5,435.4,408.0,363.0,317.9,271.8,259.8,223.5,208.4,240.6,1293.3,981.3,1290.7,45.1,139.3,1319.0,844.9,787.6,750.1,774.6,779.3,807.3,907.6,1097.7,1267.5
RSA,ZAC290,RSA3901,RSA 3901,CAPE BANDIT,PACER 376,PACER YACHTS,SIMONIS VOOGD,2008,,,,,ORC,CLUB,C,540,26 02 2026 12:32:48,11.466,10.863,2.461,3.72,6288.,0.0,0.18,582.7,0.9348,641.8,1.1539,520.0,946.5,763.0,664.3,613.7,587.2,568.4,539.0,0.0,0.0,0.0,0.0,0.0,0.0,0.0,728.4,599.1,535.9,503.0,482.9,467.8,443.8,0.0,0.0,0.0,0.0,0.0,0.0,0.0,941.4,717.1,600.9,536.4,500.9,471.8,424.9,43.1,40.8,39.3,38.2,37.6,37.4,37.4,142.2,146.1,149.5,152.5,156.1,158.8,146.9,997.2,814.3,722.8,681.9,664.4,654.7,645.7,655.4,550.4,501.1,480.7,472.0,466.8,461.2,621.8,528.7,486.9,467.9,458.4,452.9,446.5,599.9,514.4,476.5,455.7,441.6,431.9,421.4,586.6,498.6,469.1,453.9,435.4,419.6,398.3,571.8,484.1,448.3,424.5,409.5,396.7,375.8,584.5,489.7,450.3,421.7,397.5,379.8,353.6,650.7,528.1,471.6,439.5,411.0,384.6,330.0,775.7,616.3,524.6,474.4,445.8,421.0,374.3,895.7,711.7,605.7,545.5,510.1,482.2,432.2,0.9039,1.1606,1.2972,0.7020,0.9428,1.0675,0.0,0.0000,2026,1.0612,565.4,04620004F26,10.226,7095,31.2,49.1,32.0,0.0,133.3,663.8,517.0,462.5,854.7,636.4,562.1,566.8,523.0,1.0586,1.1472,506.8,423.0,404.1,38.3,142.7,652.7,460.4,444.7,416.3,387.3,358.4,331.2,286.3,312.6,360.9,1362.8,1032.0,1356.3,45.8,138.9,1427.6,910.3,846.8,805.6,816.7,793.5,821.1,927.8,1124.0,1297.9
RSA,ZAC226,RSA410,RSA 410,WUKU,MELGES 24,MELGES BOAT WORKS,REICHEL/PUGH,1993,,,,,ORC,CLUB,S,540,11 02 2026 14:50:00,7.509,7.301,1.534,2.49,882.,0.0,0.17,644.0,0.8363,717.4,1.0496,571.7,1061.1,854.3,747.7,690.9,657.5,627.0,558.8,0.0,0.0,0.0,0.0,0.0,0.0,0.0,815.2,673.0,600.7,555.2,523.9,496.8,448.8,0.0,0.0,0.0,0.0,0.0,0.0,0.0,1054.5,803.0,674.7,594.8,544.9,498.6,419.0,44.0,42.3,39.8,38.1,37.7,37.8,38.4,143.1,147.1,151.5,151.7,149.2,146.1,138.3,1126.5,922.1,819.8,765.7,750.0,743.2,739.3,732.9,616.3,570.2,540.2,525.1,516.9,508.3,693.1,593.7,553.1,519.3,499.7,490.0,478.9,668.6,581.2,537.9,500.3,467.6,449.6,429.3,651.4,558.6,509.3,483.9,460.0,423.6,383.4,640.1,547.6,487.4,437.3,405.8,382.3,343.7,655.5,557.5,498.3,441.5,391.0,354.8,312.2,726.6,594.4,533.6,481.3,428.8,377.3,274.0,862.2,681.2,586.1,534.4,489.3,442.4,327.6,995.6,786.5,675.5,616.1,565.0,510.8,378.3,0.8063,1.0483,1.2356,0.6265,0.8390,0.9851,0.0,0.0000,2026,0.9634,622.8,04620004B74,7.454,1422,12.3,20.1,11.8,0.0,45.7,744.1,572.4,485.6,957.7,715.1,609.1,631.5,574.7,0.9501,1.0441,514.3,418.8,386.6,39.4,143.6,745.2,506.0,474.0,418.5,361.6,310.7,273.5,234.0,245.4,283.3,1531.6,1159.9,1523.3,46.1,140.2,1614.5,1027.2,954.0,906.2,916.4,894.5,922.9,1040.6,1254.6,1448.7
RSA,ZAC243,RSA4848,RSA 4848,AVANTI26,AVANTI 26,AVANTI ENGINEERING,G E JOUBERT,2024,,,,,ORC,CLUB,S,457,07 06 2026 18:36:13,8.056,7.963,1.985,2.60,1274.,0.0,0.18,617.4,0.8778,683.6,1.0926,549.2,1009.1,811.5,711.5,660.3,626.3,595.1,535.8,0.0,0.0,0.0,0.0,0.0,0.0,0.0,777.4,641.0,574.2,534.3,505.0,480.3,440.0,0.0,0.0,0.0,0.0,0.0,0.0,0.0,1003.1,763.5,643.5,571.5,525.0,483.8,414.7,42.8,40.7,38.7,38.8,37.4,37.3,37.7,142.9,146.7,151.2,150.8,148.3,145.4,142.4,1069.0,872.4,779.1,740.6,724.3,715.1,710.5,704.2,592.2,546.7,523.3,512.2,504.4,496.9,669.2,571.3,531.7,504.2,489.4,480.3,470.7,648.5,557.6,518.0,483.7,458.2,444.2,427.8,623.0,538.6,505.8,481.2,447.5,418.6,387.2,606.7,520.6,467.4,433.9,410.0,389.4,356.0,621.2,525.9,469.0,421.1,386.7,363.5,324.7,692.1,562.9,500.8,448.5,398.7,352.6,282.2,822.0,650.1,558.1,502.7,457.5,411.4,312.7,949.2,750.6,643.8,580.1,528.3,475.1,361.1,0.8460,1.0925,1.2728,0.6591,0.8805,1.0333,0.0,0.0000,2026,1.0040,597.6,04620004SEW,8.047,1869,14.7,23.0,14.2,0.0,65.7,709.2,549.2,471.4,910.3,681.4,580.7,607.1,546.7,0.9883,1.0975,497.9,415.6,388.4,39.2,147.1,721.5,497.2,469.4,421.4,370.9,324.4,294.3,245.3,237.6,274.3,1457.9,1108.3,1450.0,44.9,140.0,1536.7,987.7,923.8,883.7,874.9,852.8,879.8,990.0,1194.3,1379.1
RSA,ZAC031,RSA4,RSA-004,Chazaq,Ocean 31,Robertson and Cain,Lavranos,1992,SOUTH AFRICA,,,,ORC,CLUB,C,548,26 02 2026 16:18:59,9.350,8.737,1.455,3.25,4200.,0.0,0.35,690.3,0.7914,758.2,0.9797,612.4,1150.0,924.0,801.7,722.6,674.6,648.7,627.0,0.0,0.0,0.0,0.0,0.0,0.0,0.0,881.0,719.8,637.6,589.1,559.7,542.1,520.2,0.0,0.0,0.0,0.0,0.0,0.0,0.0,1143.4,866.1,720.2,629.8,581.0,547.4,494.5,45.3,43.4,42.3,40.8,39.7,39.5,40.1,144.6,147.6,148.7,157.8,170.0,177.2,178.6,1216.1,996.0,878.9,806.4,769.4,758.2,762.1,779.7,652.7,589.5,555.9,537.5,529.3,526.6,732.2,620.8,568.4,540.8,524.2,514.6,509.5,704.9,601.4,553.5,528.2,511.1,498.3,483.8,709.5,589.7,536.1,509.4,493.1,483.9,466.6,692.6,576.3,527.1,499.3,476.1,455.1,422.4,713.9,590.0,534.8,504.9,480.0,455.8,410.5,795.8,642.0,562.4,523.6,497.7,473.7,424.0,938.7,737.8,627.5,561.5,525.7,501.5,457.5,1083.9,851.9,724.6,638.7,579.8,539.3,491.9,0.7496,0.9855,1.1146,0.5786,0.7960,0.9273,0.0,0.0000,2026,0.8979,668.3,04620004F2S,7.797,4951,23.2,23.8,30.2,63.1,68.9,800.4,608.8,538.3,1037.0,753.8,647.0,667.4,618.0,0.8990,0.9709,620.3,508.0,476.7,41.9,177.2,789.5,530.9,510.1,478.6,450.3,404.2,375.4,377.3,412.6,451.1,1678.9,1261.6,1671.3,48.1,140.5,1754.8,1098.3,1007.6,951.4,979.9,975.2,1007.6,1152.4,1388.2,1603.0
RSA,ZAC102,RSA7,RSA-007,MONEY PENNY,Lavranos 34,John Robertson Yac,Angelo Lavranos,1986,SOUTH AFRICA,,,,ORC,CLUB,C,618,11 05 2026 08:04:55,10.383,9.347,1.977,3.33,5009.,0.0,0.29,661.2,0.8253,727.0,1.0218,587.2,1097.2,880.8,763.1,692.6,652.5,629.4,604.8,0.0,0.0,0.0,0.0,0.0,0.0,0.0,841.1,687.6,609.3,565.1,538.7,522.1,500.7,0.0,0.0,0.0,0.0,0.0,0.0,0.0,1089.8,825.8,686.7,603.1,559.2,527.8,479.0,44.5,42.3,40.7,39.3,38.2,37.8,37.8,143.5,147.6,148.9,151.6,157.0,161.7,164.2,1171.0,952.7,837.1,765.6,729.3,715.8,710.5,759.4,633.9,570.1,536.0,518.6,510.8,506.3,717.0,605.1,550.9,522.6,506.5,497.4,491.4,691.8,586.6,537.3,511.7,494.6,482.1,469.0,665.5,559.2,513.5,492.2,481.6,473.1,454.0,652.8,546.5,503.3,477.4,456.7,440.3,420.0,671.2,558.1,509.6,481.6,458.0,436.4,399.8,748.4,607.2,535.4,500.2,474.9,451.3,404.6,886.3,700.5,596.7,537.6,506.1,484.1,444.7,1023.4,808.9,689.0,619.6,575.8,543.1,499.1,0.7850,1.0284,1.1577,0.6067,0.8313,0.9585,0.0,0.0000,2026,0.9376,640.0,04620004PB8,8.478,5856,25.2,30.7,29.8,0.0,86.4,764.3,583.4,518.3,989.0,721.8,626.0,639.4,593.5,0.9384,1.0109,592.1,486.5,464.0,38.9,159.9,721.9,506.5,489.9,463.6,440.5,403.8,378.3,356.6,404.3,462.4,1599.2,1203.9,1589.3,47.1,139.3,1697.6,1071.8,991.3,939.7,930.5,910.8,939.8,1073.8,1299.7,1500.7
RSA,ZAC084,RSA010,RSA-010,Lapwing,Lavranos 34,John Robertson Yac,Angelo Lavranos,1986,,,,,ORC,CLUB,C,560,03 02 2026 21:05:39,10.383,9.197,1.938,3.33,4360.,0.0,0.31,667.2,0.8269,725.6,1.0160,590.5,1124.3,891.8,763.8,687.3,646.3,622.0,596.3,0.0,0.0,0.0,0.0,0.0,0.0,0.0,861.2,698.4,612.9,565.7,540.0,523.1,500.4,0.0,0.0,0.0,0.0,0.0,0.0,0.0,1124.1,839.1,689.5,602.9,560.5,529.2,478.0,43.9,41.8,40.1,38.5,38.0,37.7,38.0,146.4,150.7,153.2,159.7,166.2,173.6,177.7,1125.9,917.3,806.0,747.7,726.3,717.1,714.9,733.5,615.1,556.7,528.3,516.2,511.3,507.3,694.7,589.9,540.9,515.9,503.1,497.3,491.8,672.8,574.1,529.5,505.6,489.3,478.3,468.1,688.5,578.4,523.9,497.9,483.9,471.0,448.8,696.4,573.9,519.4,490.4,467.6,448.5,422.9,725.8,593.3,529.0,496.2,471.7,449.3,407.2,819.1,655.0,563.0,516.9,488.7,464.3,416.7,972.2,750.7,626.8,553.1,513.7,487.6,442.3,1122.7,866.4,721.6,626.9,566.4,526.9,477.6,0.7694,1.0238,1.1564,0.5952,0.8338,0.9702,0.0,0.0000,2026,0.9323,643.5,0462000487O,8.586,5135,24.1,31.0,29.5,63.3,0.0,779.8,586.1,518.9,1008.1,719.6,618.4,636.4,606.1,0.9428,0.9899,581.9,484.4,460.1,39.1,175.8,727.3,508.2,490.9,462.8,437.0,405.8,376.5,363.5,394.7,436.6,1653.0,1239.0,1656.1,46.8,142.8,1621.9,1028.6,954.9,910.0,941.3,985.6,1034.2,1200.1,1458.4,1684.0
RSA,ZAC217,RSA008,RSA-015,Skwert,Pacer 27 Sport,Pacer Yachts,Simonis/Voogd,2006,,,,,ORC,CLUB,S,554,08 02 2026 09:59:07,8.311,7.995,1.661,2.51,1235.,0.0,0.00,614.5,0.8824,679.9,1.0983,546.3,1006.3,808.8,707.8,655.3,623.3,593.1,532.2,0.0,0.0,0.0,0.0,0.0,0.0,0.0,774.5,639.0,572.0,531.5,502.3,476.9,433.7,0.0,0.0,0.0,0.0,0.0,0.0,0.0,1001.3,761.3,640.7,567.8,521.7,480.0,408.4,43.5,41.6,38.7,37.1,36.7,36.5,36.9,142.8,146.4,151.3,151.4,148.8,145.8,140.5,1056.7,861.4,766.6,724.6,709.6,701.4,698.2,692.7,583.2,541.8,517.8,505.3,497.2,488.7,658.0,564.3,527.5,499.8,483.7,474.2,462.8,638.3,555.0,514.9,481.7,455.1,439.1,419.8,623.6,537.4,501.4,478.1,446.3,415.5,379.0,609.2,522.2,468.9,430.1,404.4,381.9,345.0,623.6,529.5,473.0,423.6,382.9,355.7,315.0,696.2,566.5,506.2,456.0,405.6,357.7,275.6,827.8,654.8,562.6,508.1,465.2,419.8,317.2,955.9,756.1,649.0,586.0,537.1,484.7,366.3,0.8490,1.0976,1.2846,0.6611,0.8855,1.0384,0.0,0.0000,2026,1.0097,594.2,04620004ATW,8.245,1912,14.5,23.2,14.9,0.0,65.8,706.7,546.6,467.1,907.6,677.6,577.8,601.1,548.5,0.9982,1.0939,491.8,407.2,379.1,38.4,145.7,707.4,487.9,459.6,410.2,359.1,315.7,280.6,237.7,239.3,276.3,1450.0,1101.8,1443.9,45.7,139.6,1511.1,967.0,903.1,863.6,879.8,855.9,883.5,995.9,1202.7,1388.8
RSA,ZAC266,RSA022,RSA-022,Zia,Holiday 23,John Robertson,Angela Lavranos,1979,Glencairn,,,,ORC,CLUB,C,320,07 02 2026 11:25:20,6.918,6.242,1.628,2.53,1670.,0.0,0.35,810.5,0.6792,883.4,0.8338,719.6,1332.4,1075.9,938.2,849.1,785.4,742.6,709.6,0.0,0.0,0.0,0.0,0.0,0.0,0.0,1030.2,846.8,752.2,696.1,656.9,628.3,598.1,0.0,0.0,0.0,0.0,0.0,0.0,0.0,1320.4,1009.0,845.7,744.7,681.4,634.7,572.9,43.4,41.9,41.5,40.7,39.1,37.8,38.7,148.9,153.4,158.4,164.8,172.3,177.7,177.7,1451.4,1196.6,1066.8,983.5,915.9,869.0,856.6,953.6,800.1,718.3,672.6,642.5,621.6,608.0,906.2,766.7,691.6,651.6,625.8,606.9,589.2,876.1,726.1,656.8,624.7,609.7,591.1,562.4,806.9,678.7,622.5,593.0,575.2,565.8,548.8,798.7,674.8,618.6,584.9,556.0,531.3,500.4,827.0,691.3,627.9,592.3,561.8,532.8,487.1,914.1,745.8,656.9,611.7,580.2,550.1,496.5,1050.7,830.3,710.6,643.7,605.6,576.6,521.9,1213.3,955.1,809.5,714.7,655.0,616.3,562.6,0.6393,0.8362,0.9614,0.4983,0.6804,0.8098,0.0,0.0000,2026,0.7660,783.3,046200048R2,5.426,2105,12.7,13.7,9.9,33.5,0.0,938.5,717.5,624.1,1204.1,881.8,740.9,792.1,716.1,0.7575,0.8379,700.2,584.4,554.0,41.4,177.2,886.3,610.1,588.2,551.3,521.6,485.2,459.7,452.7,476.6,514.1,1953.5,1474.9,1937.5,45.9,144.3,2113.4,1347.4,1256.2,1199.8,1109.8,1094.7,1144.1,1303.1,1553.3,1793.6
RSA,ZAC152,RSA024,RSA-024,SixPak,Lavranos 34,John Robertson Yac,A Lavranos,1985,CapeTown 7745,,,,ORC,CLUB,C,608,03 02 2026 18:22:22,10.383,9.280,1.944,3.33,4450.,0.0,0.31,666.3,0.8282,724.5,1.0176,589.6,1123.0,891.7,764.3,686.4,644.0,619.1,593.1,0.0,0.0,0.0,0.0,0.0,0.0,0.0,859.9,697.9,613.0,565.0,538.4,521.4,498.5,0.0,0.0,0.0,0.0,0.0,0.0,0.0,1123.0,838.9,689.8,602.2,558.7,527.5,476.7,43.9,41.8,40.1,38.5,37.8,37.5,37.8,146.6,150.5,153.2,159.4,166.2,174.1,177.7,1122.4,915.9,806.0,745.1,720.9,711.0,708.4,731.4,614.0,556.4,527.4,514.0,508.7,504.6,693.0,588.7,540.5,515.3,501.5,494.7,489.3,671.3,572.9,529.0,505.3,488.3,476.3,465.4,686.7,577.2,523.2,496.7,481.0,470.1,446.7,695.4,573.4,519.4,490.4,467.1,447.4,420.5,725.1,593.1,529.0,496.6,472.0,449.6,408.1,819.0,655.5,563.2,517.3,489.4,465.3,419.0,973.0,751.6,627.6,553.7,514.2,488.2,443.9,1123.6,867.5,722.6,627.7,567.1,527.3,477.9,0.7703,1.0249,1.1605,0.5956,0.8346,0.9746,0.0,0.0000,2026,0.9335,642.7,0462000486D,8.656,5281,24.4,31.6,29.4,62.7,0.0,778.9,585.4,517.0,1007.4,718.9,615.6,634.9,606.1,0.9450,0.9900,578.8,482.5,458.5,38.8,176.3,719.8,505.3,488.1,460.1,434.8,403.9,375.7,367.6,398.1,437.9,1650.5,1236.3,1654.1,46.8,142.8,1615.0,1024.3,950.9,906.3,937.3,983.3,1032.4,1199.8,1460.1,1686.0
RSA,ZAC163,RSA029,RSA-029,Spirit of Anna Wardley,Lavranos 34,Robertson & Caine,Angelo Lavranos,1986,,,,,ORC,CLUB,C,650,11 03 2026 12:22:25,10.383,9.275,1.937,3.33,4327.,0.0,0.32,683.1,0.8070,743.5,0.9973,601.6,1177.1,925.3,787.1,702.2,655.4,628.6,601.3,0.0,0.0,0.0,0.0,0.0,0.0,0.0,901.1,721.4,627.2,574.1,544.7,526.7,503.1,0.0,0.0,0.0,0.0,0.0,0.0,0.0,1175.9,869.3,708.1,613.0,565.6,532.8,480.1,44.5,42.6,40.8,39.3,38.6,38.3,38.5,147.1,150.5,152.8,158.4,164.6,172.3,177.7,1189.1,957.3,835.1,765.1,735.9,725.0,722.3,769.9,635.6,568.9,534.6,519.0,513.0,508.8,726.8,606.8,550.2,521.1,505.6,498.2,492.6,703.1,589.0,536.7,510.0,492.0,479.3,467.7,720.9,591.4,529.6,500.4,483.8,473.1,448.7,721.3,587.4,525.1,493.7,469.5,449.2,421.6,754.1,609.0,536.0,500.2,474.5,451.5,409.4,858.5,675.1,573.8,522.2,492.4,467.5,420.6,1009.1,774.0,641.7,562.1,518.5,491.1,445.6,1165.2,893.3,739.1,639.3,574.9,532.3,480.4,0.7396,1.0055,1.1486,0.5708,0.8137,0.9599,0.0,0.0000,2026,0.9132,657.0,04620004HE7,8.447,5205,24.3,30.9,29.6,62.8,0.0,811.2,596.7,522.4,1051.2,737.4,625.1,650.1,618.2,0.9229,0.9706,587.4,487.4,461.7,39.7,176.3,735.0,509.8,491.4,462.2,436.6,405.0,376.4,368.9,399.9,439.7,1748.4,1314.2,1749.2,46.7,144.2,1740.8,1101.4,1021.3,974.8,1010.2,1033.7,1089.5,1270.5,1520.8,1756.1
RSA,ZAC169,RSA4609,RSA-045,Strega,R.C.O.D.,"RG Plastics, Durba",Van Der Stadt,1960,7975 Cape Town RSA,,,,ORC,CLUB,S,300,03 02 2026 18:36:53,9.050,8.056,1.824,2.13,1799.,0.0,0.33,715.5,0.7681,781.1,0.9520,630.3,1234.3,964.0,817.2,737.3,696.0,671.7,640.5,0.0,0.0,0.0,0.0,0.0,0.0,0.0,947.9,752.0,651.4,601.8,574.2,555.7,529.0,0.0,0.0,0.0,0.0,0.0,0.0,0.0,1234.9,906.2,735.5,642.9,596.4,560.0,502.1,43.1,41.3,39.9,38.9,38.5,38.6,38.9,148.0,150.9,151.2,156.3,165.5,171.3,168.7,1227.7,982.8,858.2,813.3,798.0,791.7,791.8,807.5,660.6,590.4,566.8,559.1,555.4,552.5,767.7,633.6,572.8,549.7,541.5,537.2,532.8,746.4,617.5,560.7,533.3,517.7,510.0,499.7,763.2,616.7,555.4,530.5,506.3,488.1,468.7,756.7,609.5,544.7,509.1,482.4,465.4,441.1,789.3,630.6,555.1,514.0,480.7,452.3,412.8,923.5,714.2,593.9,541.3,504.1,468.8,400.5,1074.6,819.1,672.6,580.7,536.6,502.5,438.6,1240.8,945.2,776.2,661.2,594.0,551.6,489.3,0.7059,0.9616,1.0903,0.5459,0.7767,0.9008,0.0,0.0000,2026,0.8721,688.0,0462000486F,7.399,2248,16.1,17.6,16.8,35.3,0.0,850.0,624.0,550.3,1099.1,772.5,666.1,684.7,645.5,0.8763,0.9295,620.3,510.6,482.8,40.3,154.1,813.3,557.0,534.5,496.8,458.8,427.5,385.2,332.1,370.5,427.2,1841.9,1391.3,1845.7,45.3,145.8,1804.3,1156.6,1084.5,1045.3,1088.4,1092.0,1146.8,1380.5,1627.8,1879.6
RSA,ZAC130,RSA048,RSA-048,Prion,RCOD (mod),"RSG Plastics, Durb",vd Stadt,1982,7864 CAPE TOWN SOUTH AFRICA,,,,ORC,CLUB,S,360,23 02 2026 07:35:17,9.050,8.140,1.844,2.13,1999.,0.0,0.28,697.7,0.7899,759.6,0.9707,618.1,1166.0,922.8,790.2,722.2,684.5,660.7,627.1,0.0,0.0,0.0,0.0,0.0,0.0,0.0,900.8,725.9,637.4,593.9,568.4,550.1,523.3,0.0,0.0,0.0,0.0,0.0,0.0,0.0,1162.5,868.1,714.9,633.4,589.4,554.3,499.4,42.7,40.7,39.5,38.5,38.2,38.0,38.2,146.7,150.1,152.8,159.2,166.4,171.3,165.5,1201.3,971.7,851.7,808.5,791.7,782.3,777.2,793.5,657.9,589.1,566.0,557.7,552.4,548.0,755.7,632.0,572.3,549.3,540.8,535.1,529.8,735.6,615.3,560.9,533.3,518.1,509.4,498.6,730.6,602.9,555.5,531.3,507.4,489.3,468.2,718.8,589.1,535.9,506.1,487.4,473.0,457.5,745.6,605.4,542.1,504.5,473.7,451.2,422.4,830.3,661.2,571.7,526.4,489.0,454.8,388.3,979.3,757.0,632.7,561.8,522.6,488.2,423.4,1130.8,874.0,728.7,635.8,577.2,539.0,476.9,0.7377,0.9787,1.1017,0.5745,0.7977,0.9174,0.0,0.0000,2026,0.8925,672.3,04620004CA4,7.482,2517,16.5,18.9,15.6,45.9,0.0,813.3,613.1,544.6,1044.4,752.2,654.0,674.5,623.5,0.8895,0.9623,602.1,504.8,483.1,39.7,149.8,799.4,554.6,532.4,495.0,458.0,427.2,411.4,338.0,350.6,404.9,1721.5,1306.9,1718.5,45.2,143.3,1751.4,1126.1,1057.2,1019.2,1037.5,1021.8,1064.9,1216.4,1465.0,1691.7
RSA,ZAC073,RSA1010,RSA-1010,ISABELLA,BALTIC 42,CEN MARINE,DOUG PETERSON,1981,JOHANNESBURG,,,,ORC,CLUB,C,726,24 02 2026 14:03:27,12.750,10.578,2.461,4.06,10045.,0.0,0.43,621.1,0.8905,673.8,1.0864,552.3,1017.9,817.2,708.0,642.8,604.4,580.8,555.0,0.0,0.0,0.0,0.0,0.0,0.0,0.0,786.4,645.2,571.9,531.3,508.2,493.2,473.8,0.0,0.0,0.0,0.0,0.0,0.0,0.0,1018.3,770.6,641.2,565.4,526.8,499.0,456.7,43.1,40.9,39.5,38.2,37.3,36.7,36.7,146.2,150.3,153.1,156.9,163.7,169.1,177.7,1013.7,836.6,743.1,693.9,671.7,660.7,653.0,667.0,566.3,517.0,495.1,484.1,478.8,475.1,634.7,544.9,504.1,484.6,474.0,468.0,463.5,615.0,532.2,495.3,475.9,463.9,455.5,445.1,628.1,538.9,497.0,474.9,460.6,449.4,432.3,661.4,546.0,492.9,467.0,449.9,435.9,417.3,682.4,560.8,499.6,469.6,449.9,433.2,403.2,755.7,608.0,527.8,485.5,461.1,442.1,406.2,885.2,691.1,584.6,519.3,483.3,460.9,425.4,1022.1,797.9,672.9,591.7,537.1,501.0,457.0,0.8382,1.0938,1.2253,0.6539,0.8963,1.0398,0.0,0.0000,2026,0.9998,600.1,04620004EMS,9.920,11122,35.9,35.2,66.3,117.1,0.0,715.8,548.5,489.7,917.6,669.4,577.0,591.7,567.1,1.0140,1.0580,541.5,461.6,443.6,37.4,177.2,658.3,474.3,461.5,440.4,419.8,404.4,387.2,377.1,392.0,424.8,1476.4,1112.8,1480.8,46.1,142.6,1433.4,912.1,846.8,804.6,829.8,931.9,964.2,1099.5,1315.9,1519.5
RSA,ZAC026,RSA1011,RSA-1011,Carousel,Oceanis 390,Beneteau,Philippe Briand,1988,7925 Cape Town South Africa,,,,ORC,CLUB,C,700,07 02 2026 21:17:06,11.300,9.788,1.448,3.85,7460.,0.0,0.52,711.6,0.7548,794.9,0.9594,625.4,1252.8,985.0,841.7,755.0,700.9,668.2,638.1,0.0,0.0,0.0,0.0,0.0,0.0,0.0,947.4,755.4,654.4,596.9,562.5,541.0,518.6,0.0,0.0,0.0,0.0,0.0,0.0,0.0,1239.6,917.6,747.3,643.1,584.8,544.9,490.3,48.0,46.4,45.2,44.1,43.4,43.3,43.3,144.4,146.7,147.6,149.0,153.0,158.0,178.4,1384.5,1100.6,952.6,864.2,809.4,782.5,772.9,867.7,699.1,614.9,565.3,536.5,521.5,513.5,798.8,654.2,581.0,539.1,515.8,502.3,493.0,761.9,628.4,556.6,519.1,498.1,484.8,469.3,729.1,592.7,524.8,493.2,476.9,467.9,455.6,707.5,575.6,511.7,481.5,461.9,445.2,418.1,731.7,592.7,521.4,486.4,464.5,445.6,411.6,821.4,651.1,557.8,507.6,479.8,459.3,421.5,970.8,752.9,632.9,559.2,515.0,488.5,453.6,1121.0,869.4,730.9,645.7,592.4,553.9,503.3,0.7047,0.9667,1.1153,0.5362,0.7599,0.9021,0.0,0.0000,2026,0.8731,687.2,046200049OU,7.879,8419,31.8,30.2,33.4,0.0,88.8,851.4,620.7,538.0,1119.0,789.6,665.1,692.4,625.4,0.8666,0.9594,629.6,508.7,476.1,44.6,178.8,791.0,515.7,491.6,463.0,441.6,403.9,387.0,389.4,421.8,468.2,1870.1,1395.3,1850.8,49.9,141.5,2063.2,1279.3,1155.1,1083.9,1049.7,1014.9,1053.3,1210.3,1452.4,1677.1
RSA,ZAC176,RSA1027,RSA-1027,Thunderchild,Lavranos 52,Owner,Lavranos,1988,8005 Cape Town South Africa,,,,ORC,CLUB,R,1006,08 02 2026 07:50:36,15.740,13.456,3.149,4.75,10950.,0.0,0.01,503.5,1.0822,554.4,1.3292,451.4,799.4,648.1,573.9,534.5,511.4,493.5,457.7,0.0,0.0,0.0,0.0,0.0,0.0,0.0,617.9,512.2,464.5,439.2,422.6,409.0,384.2,0.0,0.0,0.0,0.0,0.0,0.0,0.0,797.3,611.1,520.1,467.8,438.2,413.2,370.3,42.5,40.1,38.1,37.1,37.0,36.7,36.3,141.3,144.4,148.9,152.8,153.9,151.4,146.2,820.1,674.4,615.7,590.5,575.9,565.6,553.7,542.3,460.5,432.0,420.7,414.0,409.3,403.0,516.3,445.0,419.7,409.4,402.8,397.9,391.1,499.5,435.8,409.6,395.8,387.5,381.3,372.2,510.0,440.4,409.9,391.2,377.5,367.3,353.2,498.9,425.2,396.9,381.4,368.3,356.6,335.9,511.8,428.4,394.6,372.5,356.2,342.0,315.9,564.0,458.9,411.5,383.1,357.7,332.0,285.7,674.3,538.4,460.8,416.4,389.2,365.4,313.3,778.6,621.7,532.1,478.4,446.9,421.5,361.8,1.0619,1.3347,1.4885,0.8291,1.0883,1.2382,0.0,0.0000,2026,1.2247,489.9,04620004ATC,13.123,12447,50.0,94.8,62.6,0.0,256.7,565.0,449.5,403.1,723.7,551.3,484.6,488.2,454.3,1.2290,1.3208,426.8,365.2,350.0,37.1,145.4,558.0,401.7,388.4,367.3,343.1,318.2,293.4,257.1,256.1,295.7,1143.7,867.0,1141.6,45.1,138.9,1164.5,746.6,695.2,659.7,677.8,690.6,717.4,804.3,972.4,1122.8
RSA,ZAC310,RSA1147,RSA-1147,Vortex,Lavranos 34,Robertson & Caine,Angelo Lavranos,1986,,,,,ORC,CLUB,C,650,23 05 2026 08:48:34,10.383,9.274,1.937,3.33,4327.,0.0,0.31,666.7,0.8278,724.8,1.0179,589.4,1128.2,894.7,765.8,686.2,642.9,618.0,591.9,0.0,0.0,0.0,0.0,0.0,0.0,0.0,864.0,699.5,613.4,564.5,537.3,519.7,496.8,0.0,0.0,0.0,0.0,0.0,0.0,0.0,1127.6,841.3,690.6,601.7,557.6,525.7,474.9,44.1,42.0,40.3,38.6,37.8,37.5,37.8,146.6,150.5,152.8,159.0,165.9,173.6,177.4,1133.4,922.6,810.2,746.3,720.0,709.9,707.4,737.7,616.6,557.6,527.5,513.4,507.7,503.6,698.5,590.6,541.2,515.4,500.9,493.7,488.1,676.3,574.6,529.4,505.2,487.9,475.3,463.8,692.1,577.4,522.7,495.9,480.4,466.3,445.2,696.0,573.0,518.3,489.0,465.4,445.5,418.9,725.1,592.4,527.9,495.1,470.0,447.2,405.1,818.8,654.0,561.2,515.5,487.4,463.0,415.9,972.5,750.9,626.1,551.8,512.5,486.4,441.5,1122.9,866.7,721.3,626.0,565.8,526.1,476.4,0.7675,1.0252,1.1639,0.5932,0.8342,0.9765,0.0,0.0000,2026,0.9337,642.6,04620004QVO,8.641,5201,24.3,30.7,29.2,64.5,0.0,781.8,585.3,515.5,1011.5,719.3,614.4,635.5,605.2,0.9442,0.9914,577.7,479.5,456.5,38.9,176.3,719.3,504.4,486.9,458.4,432.9,390.0,372.8,363.0,395.0,436.0,1661.0,1245.0,1663.4,46.8,142.8,1636.6,1037.2,962.7,917.5,949.2,985.8,1034.0,1200.0,1459.6,1685.4
RSA,ZAC144,RSA1203,RSA-1203,Scatterling,Simonis 35 mod,Fred Scholtz Marine,Alex Simonis,1990,SOUTH AFRICA,,,,ORC,CLUB,R,680,07 02 2026 11:34:49,11.208,10.457,1.981,3.59,4025.,0.0,0.19,594.0,0.9206,651.8,1.1398,526.4,1003.0,796.3,681.8,618.9,585.3,563.5,530.6,0.0,0.0,0.0,0.0,0.0,0.0,0.0,762.7,619.1,546.5,506.6,483.2,466.0,436.5,0.0,0.0,0.0,0.0,0.0,0.0,0.0,997.6,746.5,614.8,540.8,501.8,470.1,415.2,43.7,41.9,40.1,38.5,37.8,38.0,38.0,142.0,147.8,151.6,157.4,165.1,167.3,163.7,1057.1,850.9,740.4,687.7,668.3,657.6,647.9,687.9,567.9,510.2,484.6,474.1,468.1,461.2,649.0,543.3,495.3,471.7,459.6,453.0,444.7,600.1,509.0,477.7,460.6,442.4,430.4,418.1,575.0,493.0,459.3,440.8,429.3,419.9,394.7,595.4,498.8,455.7,425.6,402.9,386.4,357.5,619.5,510.5,462.7,430.0,401.6,375.4,331.1,692.8,555.5,487.7,450.7,418.6,389.7,321.7,821.8,642.3,540.5,484.3,450.4,420.1,362.0,949.0,741.7,623.3,550.1,502.4,469.4,413.3,0.8685,1.1463,1.3065,0.6669,0.9284,1.0779,0.0,0.0000,2026,1.0443,574.6,046200048R3,9.942,4958,26.0,39.8,23.2,98.4,82.4,690.8,523.4,459.2,899.7,646.3,556.6,575.5,531.8,1.0426,1.1283,494.5,411.4,389.6,39.0,145.9,653.4,460.2,442.3,412.4,382.3,337.1,298.6,262.2,290.7,335.6,1464.9,1093.9,1457.8,46.5,140.6,1535.7,974.3,903.1,831.4,787.5,822.5,877.0,1002.2,1207.2,1394.0
RSA,ZAC041,RSA1209,RSA-1209,Derbigum,Montevedeo 43,JOHN ROBERTSON YACHTS,Fred Scholtz,1993,SOUTH AFRUCA,,,,ORC,CLUB,C,488,04 02 2026 13:19:59,13.100,10.709,1.884,4.00,11259.,0.0,0.63,681.3,0.7965,753.3,0.9983,601.0,1172.4,925.6,795.4,716.8,668.6,638.4,608.0,0.0,0.0,0.0,0.0,0.0,0.0,0.0,892.7,717.5,625.9,574.5,545.1,527.4,506.7,0.0,0.0,0.0,0.0,0.0,0.0,0.0,1161.6,865.4,710.4,616.8,566.6,531.6,480.0,46.4,43.9,42.3,41.8,42.1,42.3,42.4,143.8,147.1,150.4,153.9,161.9,174.5,179.0,1280.9,1021.8,892.2,820.9,783.9,766.6,753.9,815.6,668.3,593.0,548.4,525.5,514.7,507.2,760.9,633.8,565.0,525.5,505.8,495.2,487.7,729.5,609.8,543.0,507.5,488.5,477.2,465.1,698.1,576.2,514.6,487.6,476.0,468.0,452.1,677.1,555.6,497.8,471.3,454.6,441.3,424.8,697.2,569.3,504.2,473.8,454.6,438.4,410.6,777.0,621.7,535.6,490.5,466.0,447.6,414.4,921.4,718.3,605.2,533.3,492.5,468.7,434.4,1063.9,829.4,698.7,612.6,553.4,510.1,462.1,0.7452,1.0064,1.1448,0.5720,0.8018,0.9455,0.0,0.0000,2026,0.9123,657.6,046200048AI,8.664,12030,37.1,38.5,38.5,0.0,112.7,805.2,596.2,524.1,1049.0,748.3,634.6,664.2,599.2,0.9033,1.0014,596.9,496.5,468.3,43.2,179.0,763.4,508.8,487.2,461.0,440.4,413.7,395.1,386.0,402.9,430.5,1743.2,1306.6,1727.3,48.3,141.5,1901.8,1189.9,1087.7,1029.6,990.3,962.7,996.3,1140.3,1372.3,1584.6
RSA,ZAC269,RSA1211,RSA-1211,Mwera,Lavranos 34,John Robertson Yac,Angelo Lavranos,1986,Cape Town,,,,ORC,CLUB,C,340,03 02 2026 21:35:46,10.383,9.333,1.980,3.33,5075.,0.0,0.38,707.0,0.7767,772.5,0.9647,622.0,1226.4,965.7,823.3,731.5,675.9,645.0,617.1,0.0,0.0,0.0,0.0,0.0,0.0,0.0,935.7,750.7,651.7,593.5,559.5,539.7,516.9,0.0,0.0,0.0,0.0,0.0,0.0,0.0,1219.7,904.5,737.6,635.3,581.0,545.4,492.7,44.7,42.6,41.2,40.4,39.7,39.3,39.6,147.1,150.5,152.8,158.6,164.6,170.9,177.7,1294.3,1040.0,907.3,822.7,774.7,754.7,749.4,836.4,688.1,609.8,562.0,536.8,525.4,519.9,786.1,654.4,583.7,543.4,521.3,509.9,502.6,754.7,630.3,563.9,528.7,507.8,493.6,478.3,729.3,601.4,537.3,508.2,495.3,487.7,464.2,720.3,592.1,530.1,499.0,476.9,459.2,438.9,751.0,610.8,539.3,504.1,479.9,458.7,422.8,853.2,673.9,574.2,523.6,494.7,471.4,428.8,1003.4,772.3,641.7,563.0,520.2,493.7,450.9,1158.6,891.4,739.3,640.3,577.0,535.2,484.7,0.7116,0.9716,1.1192,0.5474,0.7815,0.9342,0.0,0.0000,2026,0.8822,680.1,0462000487V,7.961,5604,24.9,28.8,21.5,64.5,0.0,843.2,617.5,536.1,1096.1,767.8,642.3,681.2,629.1,0.8808,0.9538,607.1,505.1,478.5,40.8,177.0,768.0,523.4,503.3,474.6,449.8,425.2,401.5,386.2,409.3,446.2,1832.9,1373.5,1824.1,46.7,144.2,1921.4,1216.5,1122.7,1064.6,1034.6,1026.2,1078.6,1257.6,1510.8,1744.5
RSA,ZAC311,RSA1234,RSA-1234,Yes Girl,Lavranos 35 Mod,J.J. Provoyeur,A. Lavranos,1990,,,,,ORC,CLUB,R,680,05 06 2026 12:12:44,12.518,11.237,2.780,4.17,5507.,0.0,0.18,557.3,0.9804,612.0,1.2131,494.6,929.5,740.0,636.8,583.4,554.2,533.1,499.9,0.0,0.0,0.0,0.0,0.0,0.0,0.0,711.8,578.3,511.7,477.1,456.0,439.3,411.5,0.0,0.0,0.0,0.0,0.0,0.0,0.0,928.6,696.1,575.4,509.3,473.3,442.3,392.3,43.3,41.1,39.2,38.5,38.0,37.6,37.5,141.2,144.4,149.0,155.6,161.8,165.3,150.9,939.1,761.7,674.6,641.2,627.4,617.7,609.5,613.3,514.0,468.7,451.8,445.6,441.7,435.3,581.0,495.3,456.8,438.8,431.4,425.9,420.2,561.7,484.0,449.1,426.7,412.1,404.7,394.8,576.5,485.1,446.7,426.7,406.0,389.9,369.3,570.4,472.9,430.4,402.8,385.0,370.3,343.9,584.4,479.7,435.1,403.4,376.2,351.3,318.4,664.1,522.8,459.2,425.2,395.1,363.7,298.3,796.7,622.1,518.8,460.5,428.0,399.6,338.3,920.0,718.3,599.0,525.6,481.1,448.5,390.3,0.9302,1.2200,1.3856,0.7188,0.9885,1.1408,0.0,0.0000,2026,1.1127,539.2,04620004SA8,11.041,6476,34.0,46.9,33.5,144.1,136.6,645.0,491.8,433.0,834.7,607.0,525.9,536.8,503.3,1.1177,1.1921,465.6,388.8,369.9,38.4,146.1,610.5,434.7,418.1,389.6,357.2,321.6,292.1,252.4,277.7,320.7,1357.5,1023.9,1357.5,45.6,138.5,1357.5,864.0,802.0,764.7,794.5,819.3,848.2,968.7,1175.7,1357.6
RSA,ZAC153,RSA1235,RSA-1235,Sizwe,Miura,Nebe,Oswald Berckemeyer,1970,SOUTH AFRICA,,,,ORC,CLUB,C,425,18 02 2026 14:47:40,9.330,7.884,1.773,3.15,4777.,0.0,0.65,751.4,0.7339,817.5,0.9031,664.4,1256.1,1004.7,867.7,779.1,723.7,691.3,661.7,0.0,0.0,0.0,0.0,0.0,0.0,0.0,972.2,790.8,694.0,637.0,603.2,582.3,558.4,0.0,0.0,0.0,0.0,0.0,0.0,0.0,1248.0,943.6,781.2,680.9,625.9,588.5,534.2,44.1,42.3,41.1,40.3,39.7,39.5,39.3,148.0,151.8,154.1,159.9,165.5,171.3,177.7,1336.9,1091.8,964.5,884.1,834.6,810.8,801.2,870.6,727.9,652.4,607.5,581.3,567.2,560.1,825.5,697.0,627.8,588.9,565.5,552.5,543.5,801.8,676.4,609.2,572.8,551.4,537.1,520.2,787.0,652.0,584.9,554.2,542.1,532.5,507.5,767.1,636.0,571.5,539.6,518.6,502.0,482.1,795.8,652.0,579.1,542.3,518.1,497.0,463.7,883.0,706.2,608.7,559.1,530.5,507.0,464.8,1017.8,795.9,670.5,596.1,554.9,529.2,486.0,1175.3,917.6,770.9,674.1,612.8,571.8,522.2,0.6807,0.9086,1.0371,0.5308,0.7375,0.8717,0.0,0.0000,2026,0.8294,723.5,04620004BS9,6.795,5376,22.5,19.1,27.3,69.6,0.0,881.4,660.4,578.5,1130.4,813.6,688.3,727.4,667.4,0.8248,0.8990,651.5,548.5,521.9,40.3,177.2,819.6,563.7,544.3,516.0,490.7,470.8,449.5,435.3,450.1,483.4,1847.9,1402.4,1838.1,46.6,144.8,1945.0,1233.1,1146.2,1099.9,1114.1,1078.7,1125.2,1274.0,1516.1,1750.6
RSA,ZAC119,RSA1245,RSA-1245,Pallucci,Simonis 35 mod.,Fred Scholtz Marine,Alex Simonis,1990,SOUTH AFRICA,,,,ORC,CLUB,R,640,08 02 2026 07:46:53,11.380,10.648,2.185,3.56,4737.,0.0,0.28,622.2,0.8850,678.0,1.0945,548.2,1072.0,842.5,715.9,641.2,600.0,574.2,543.1,0.0,0.0,0.0,0.0,0.0,0.0,0.0,819.6,656.1,571.0,524.1,497.9,479.6,453.5,0.0,0.0,0.0,0.0,0.0,0.0,0.0,1070.7,791.4,644.3,559.3,516.9,485.0,433.1,43.4,41.5,39.7,38.2,37.4,37.1,37.4,144.7,148.7,151.4,156.3,163.5,169.3,171.3,1084.6,869.4,755.1,695.4,670.9,658.4,647.2,710.4,583.7,521.0,490.3,477.1,470.8,463.7,673.2,559.5,505.0,478.0,464.2,457.2,449.0,652.2,545.0,493.9,468.3,451.0,438.7,425.7,651.9,534.2,482.8,459.4,448.2,432.4,407.5,650.5,529.8,475.7,447.5,424.9,407.5,386.5,675.9,547.7,485.3,452.3,427.0,405.0,363.7,763.9,605.7,520.9,475.2,445.8,419.2,367.9,917.4,706.3,586.5,514.0,473.8,446.6,397.7,1059.3,815.6,676.7,587.1,529.1,490.0,438.9,0.8132,1.1026,1.2648,0.6268,0.8921,1.0545,0.0,0.0000,2026,1.0021,598.7,04620004ATA,9.935,5629,27.5,36.9,24.4,75.2,0.0,737.8,544.2,474.4,957.2,672.6,569.0,592.7,563.1,1.0123,1.0655,520.5,431.9,412.0,38.0,160.2,648.3,461.5,445.7,418.6,393.5,367.3,334.3,303.5,342.3,392.7,1583.4,1192.1,1583.1,45.8,137.4,1586.1,1011.7,943.9,903.1,930.1,928.2,969.3,1123.5,1368.9,1580.7
RSA,ZAC186,RSA1278,RSA-1278,Wallbanger,Simonis 35 mod,Fred Scholtz,Simonis,1990,Cape Town - 8001,,,,ORC,CLUB,R,450,03 02 2026 20:59:46,11.170,10.299,2.173,3.56,4400.,0.0,0.20,613.0,0.8872,676.3,1.1054,542.8,1037.3,824.4,704.3,640.8,610.5,589.4,556.9,0.0,0.0,0.0,0.0,0.0,0.0,0.0,791.3,639.7,561.2,520.9,498.9,482.3,454.7,0.0,0.0,0.0,0.0,0.0,0.0,0.0,1033.6,772.9,633.6,556.6,518.2,486.1,433.4,43.3,41.1,39.6,38.5,37.9,37.8,38.4,141.9,146.2,146.4,151.2,154.4,158.6,144.3,1074.2,866.7,757.4,708.4,689.3,678.4,670.1,704.8,583.6,522.7,496.1,485.6,479.6,473.4,668.1,559.6,506.6,481.8,470.7,464.7,457.6,645.6,543.9,495.4,469.7,453.7,443.4,432.2,619.2,516.2,475.9,459.6,447.5,432.3,410.5,608.5,505.0,461.1,433.3,413.7,400.7,376.3,628.3,514.9,466.5,435.4,408.8,385.0,348.3,724.2,569.7,493.8,456.9,426.6,398.8,329.8,866.4,677.2,564.0,497.0,463.6,437.3,384.2,1000.5,782.0,651.3,573.1,531.7,500.5,443.6,0.8386,1.1137,1.2602,0.6446,0.8959,1.0301,0.0,0.0000,2026,1.0117,593.1,0462000487M,9.593,5075,26.2,36.9,23.8,0.0,97.5,715.5,538.7,476.1,930.8,669.7,582.5,592.3,550.4,1.0130,1.0901,516.8,428.7,407.3,39.3,142.3,675.8,472.6,455.6,426.9,399.2,353.6,317.0,273.5,309.8,357.7,1519.1,1143.4,1514.7,45.8,138.3,1562.2,997.9,930.9,890.0,875.5,874.1,909.0,1051.6,1278.2,1475.9
RSA,ZAC034,RSA1298,RSA-1298,CIAO BELLA,Simonis 35,Fred Scholtz Marine,Alex Simonis,1990,SOUTH AFRICA,,,,ORC,CLUB,R,697,08 02 2026 09:42:26,10.770,10.319,2.217,3.56,4484.,0.0,0.22,619.2,0.8852,677.8,1.0967,547.1,1057.9,839.2,716.5,641.9,601.4,576.4,545.1,0.0,0.0,0.0,0.0,0.0,0.0,0.0,804.1,650.5,570.4,524.7,498.4,480.4,453.1,0.0,0.0,0.0,0.0,0.0,0.0,0.0,1054.2,786.9,644.5,560.1,517.2,485.4,431.5,43.2,41.3,39.5,38.1,37.3,36.8,37.0,142.4,146.7,151.5,157.3,164.8,170.7,170.0,1094.6,881.0,766.2,703.0,676.8,663.7,652.1,718.0,592.8,529.6,497.5,483.6,477.0,469.7,681.1,568.6,513.6,485.6,471.0,463.5,454.9,630.4,529.5,487.9,471.9,457.8,444.7,431.4,606.9,513.2,473.8,451.3,437.8,428.8,412.6,630.3,523.2,473.8,444.2,419.4,399.9,371.6,656.5,538.3,483.2,450.9,423.5,399.2,346.7,740.8,592.9,515.1,474.6,445.0,417.7,361.1,884.4,690.5,578.1,510.2,473.4,445.8,394.9,1021.2,797.4,666.8,580.8,525.9,489.1,438.2,0.8250,1.1033,1.2640,0.6326,0.8915,1.0509,0.0,0.0000,2026,1.0031,598.1,04620004ATS,9.671,5431,26.9,37.7,22.7,83.7,72.1,727.3,543.8,474.7,948.5,673.0,570.9,594.8,558.6,1.0087,1.0741,520.0,429.8,408.9,37.6,150.5,652.0,466.9,451.2,424.3,399.2,347.2,314.5,295.5,336.2,388.0,1553.2,1158.8,1549.0,45.9,138.8,1595.5,1018.0,950.1,875.6,833.2,874.8,931.1,1078.2,1308.6,1511.0
RSA,ZAC006,RSA130,RSA-130,APRICOT,MIURA,,BERCKMEYER,1970,,,,,ORC,CLUB,C,473,03 02 2026 19:58:25,9.330,7.830,1.768,3.15,4580.,0.0,0.62,749.0,0.7366,814.6,0.9058,662.4,1246.2,1000.0,865.0,777.2,721.8,688.7,657.7,0.0,0.0,0.0,0.0,0.0,0.0,0.0,967.2,788.8,692.4,635.5,601.3,580.1,555.0,0.0,0.0,0.0,0.0,0.0,0.0,0.0,1239.7,940.2,779.2,679.1,624.0,586.6,531.7,44.0,42.2,41.1,40.2,39.4,39.3,38.9,148.4,152.1,154.7,159.9,165.1,170.9,177.7,1312.0,1077.6,953.2,874.9,826.7,802.9,791.3,855.9,718.4,644.9,602.6,577.5,563.5,555.6,812.7,687.9,621.2,584.3,562.3,549.5,539.7,789.9,669.6,604.0,568.8,548.4,534.3,516.4,794.1,656.0,586.5,553.3,538.3,529.3,503.5,775.5,641.9,574.2,540.6,518.5,500.1,476.9,802.9,658.9,582.7,544.1,519.4,497.7,462.9,888.4,713.1,614.5,562.4,532.9,509.3,466.6,1022.3,800.4,676.3,600.5,557.6,531.3,488.1,1180.4,922.4,776.8,679.6,616.9,574.5,524.1,0.6834,0.9109,1.0417,0.5342,0.7397,0.8755,0.0,0.0000,2026,0.8319,721.2,0462000486W,6.828,5233,22.1,18.9,28.7,64.4,0.0,878.0,658.7,576.0,1123.2,811.1,685.3,723.0,668.8,0.8299,0.8971,646.8,544.1,518.2,39.9,177.2,808.3,558.5,539.9,511.7,485.7,464.0,445.9,436.3,452.2,485.3,1825.7,1386.8,1818.9,46.7,145.1,1893.2,1198.6,1116.4,1070.9,1107.1,1086.9,1133.0,1279.6,1522.6,1758.2
RSA,ZAC229,RSA1306,RSA-1306,ZING,Simonis 35,Fred Scholtz Marine,Alex Simonis,1990,,,,,ORC,CLUB,R,640,02 06 2026 13:00:35,10.770,10.281,2.211,3.56,4390.,0.0,0.17,605.8,0.9016,665.5,1.1161,537.6,1010.7,805.8,694.2,635.8,599.4,575.9,545.7,0.0,0.0,0.0,0.0,0.0,0.0,0.0,774.0,629.4,556.2,518.2,494.3,478.0,451.4,0.0,0.0,0.0,0.0,0.0,0.0,0.0,1011.3,758.3,626.5,553.0,513.7,483.2,430.1,42.6,40.6,38.9,37.5,36.9,36.7,37.0,142.2,146.4,147.7,151.1,164.6,170.4,171.8,1004.3,816.8,721.9,683.2,666.8,658.3,649.1,661.0,554.3,505.7,486.4,478.7,474.1,468.0,628.3,534.8,493.3,474.2,465.6,460.6,453.3,609.9,523.4,485.1,463.0,448.3,440.1,429.3,619.0,519.9,477.2,452.7,435.9,426.0,408.4,623.6,515.6,469.1,439.7,415.7,397.8,369.5,645.6,529.0,477.3,445.4,418.4,393.6,343.4,736.6,585.4,507.5,469.1,439.3,411.9,350.6,880.8,688.3,577.2,510.2,475.4,449.7,400.7,1017.1,794.8,666.5,588.5,531.9,493.5,442.3,0.8550,1.1232,1.2709,0.6606,0.9086,1.0518,0.0,0.0000,2026,1.0224,586.8,04620004RTF,9.919,5286,26.6,37.5,34.7,75.2,86.5,701.8,534.2,472.1,908.3,660.4,570.5,579.2,553.1,1.0359,1.0847,520.5,427.8,407.9,37.7,141.4,651.6,466.2,450.1,422.7,395.8,341.6,313.4,284.5,337.2,389.4,1469.8,1105.5,1473.2,45.6,138.3,1436.5,918.1,855.6,817.1,846.6,886.8,923.3,1071.1,1301.7,1503.1
RSA,ZAC047,RSA1335,RSA-1335,FarMed,Miura,Nebe,Berckermeyer,1970,South Africa,,,,ORC,CLUB,C,450,22 02 2026 15:11:44,9.330,7.890,1.774,3.15,4784.,0.0,0.66,764.8,0.7213,831.9,0.8898,674.3,1292.8,1027.9,884.9,793.0,733.0,697.2,665.0,0.0,0.0,0.0,0.0,0.0,0.0,0.0,1001.2,809.0,706.3,645.7,608.7,586.2,560.9,0.0,0.0,0.0,0.0,0.0,0.0,0.0,1284.9,965.6,796.0,690.7,631.7,592.6,537.0,44.5,42.6,41.3,40.5,39.9,39.6,39.3,148.4,151.6,155.0,159.5,164.6,170.0,177.7,1372.0,1113.8,979.9,895.6,841.3,813.8,801.7,891.4,739.5,660.5,612.7,584.3,568.7,560.5,844.5,707.8,634.8,593.1,568.0,553.9,543.9,820.0,687.6,615.5,576.6,553.8,538.8,521.0,813.9,667.7,593.1,557.4,541.7,533.7,509.4,796.0,654.3,581.8,545.3,522.9,504.9,481.5,824.8,672.3,590.8,549.2,524.2,502.8,467.2,913.2,727.4,624.6,568.7,537.6,514.1,471.7,1051.0,817.0,688.0,609.1,563.3,535.8,493.1,1213.6,942.1,789.9,690.4,624.6,580.5,528.3,0.6629,0.8952,1.0303,0.5171,0.7245,0.8645,0.0,0.0000,2026,0.8165,734.9,04620004C8W,6.725,5412,22.6,17.9,28.2,63.7,0.0,905.1,670.2,582.4,1160.3,828.2,694.0,737.6,680.1,0.8134,0.8822,654.8,550.1,523.4,40.3,177.2,819.5,563.7,544.3,516.4,492.1,467.9,449.1,440.4,456.6,490.1,1913.8,1456.2,1904.0,46.7,145.7,2011.2,1276.0,1184.3,1138.3,1162.1,1127.5,1178.3,1340.4,1573.0,1816.3
RSA,ZAC200,RSA1340,RSA-1340,Moon River,Simonis 35,Fred Scholtz Marine,Alex Simonis,1990,,,,,ORC,CLUB,R,510,05 03 2026 11:05:19,10.770,10.405,2.023,3.54,4383.,0.0,0.24,619.1,0.8817,680.5,1.0959,547.5,1049.9,834.2,715.5,645.5,608.2,584.5,554.6,0.0,0.0,0.0,0.0,0.0,0.0,0.0,801.6,648.5,569.2,525.2,500.4,482.7,456.5,0.0,0.0,0.0,0.0,0.0,0.0,0.0,1048.0,783.1,643.2,561.4,520.1,487.6,432.0,44.1,41.8,40.3,39.1,38.6,38.4,38.6,142.2,146.6,150.5,156.7,163.9,169.6,169.1,1068.7,865.1,757.3,707.3,689.1,679.5,673.3,694.8,578.0,519.0,493.9,484.3,479.1,474.0,655.7,552.7,503.1,480.1,469.3,463.8,457.5,631.4,536.1,491.9,467.8,451.6,441.1,430.3,637.2,527.6,479.7,455.3,441.9,428.9,406.9,636.7,522.9,473.2,442.3,416.4,395.9,369.2,659.7,538.6,482.0,449.2,420.6,395.0,344.2,746.9,595.8,515.3,473.4,442.8,414.6,359.3,892.8,695.7,583.7,511.6,473.2,444.3,392.3,1030.9,803.4,673.8,583.6,527.3,489.5,435.9,0.8275,1.1031,1.2571,0.6369,0.8886,1.0359,0.0,0.0000,2026,1.0027,598.4,04620004FNI,9.660,5134,26.3,36.8,27.8,77.6,66.8,725.1,543.9,477.3,942.1,675.2,579.2,594.4,559.6,1.0094,1.0722,534.1,436.3,411.7,39.5,155.0,681.2,473.7,455.8,424.8,395.8,348.9,312.9,293.1,335.6,387.0,1538.0,1154.2,1537.1,46.8,138.6,1546.8,979.8,907.5,860.9,889.0,900.4,938.7,1090.6,1324.3,1529.2
RSA,ZAC138,RSA1496,RSA-1496,Sabatier,Miura,Nebe,Berkemeyer,1993,SOUTH AFRICA,,,,ORC,CLUB,C,480,07 02 2026 21:05:28,9.330,7.888,1.786,3.15,4830.,0.0,0.66,764.6,0.7198,833.6,0.8903,674.0,1298.7,1032.1,886.4,793.3,734.4,699.4,666.8,0.0,0.0,0.0,0.0,0.0,0.0,0.0,1002.9,809.7,705.7,644.6,608.4,586.1,560.9,0.0,0.0,0.0,0.0,0.0,0.0,0.0,1290.9,968.8,796.4,690.0,631.6,592.2,536.0,44.9,43.0,41.8,41.0,40.3,40.1,39.7,148.4,151.8,154.1,159.3,164.4,170.0,177.7,1376.2,1116.9,981.6,897.7,845.8,820.3,807.1,888.8,737.0,657.6,610.6,583.3,568.5,561.3,838.4,702.8,630.4,590.0,566.2,552.9,544.3,811.2,681.0,610.3,572.3,550.7,536.6,520.1,815.1,668.3,593.6,557.3,541.8,530.7,505.6,795.4,653.1,579.8,543.5,521.1,503.1,480.4,824.4,670.6,588.8,547.0,522.0,500.3,465.4,918.6,728.3,622.4,566.3,535.3,511.6,469.1,1057.5,821.6,688.0,607.2,561.1,533.8,490.6,1221.1,947.2,791.2,688.9,623.0,578.6,526.4,0.6620,0.8960,1.0306,0.5149,0.7233,0.8622,0.0,0.0000,2026,0.8160,735.3,046200049LP,6.711,5494,22.5,19.4,31.2,67.0,0.0,906.3,669.6,582.2,1165.3,829.5,695.9,738.0,679.7,0.8130,0.8827,653.8,548.8,521.8,40.5,177.2,819.9,561.5,542.2,514.1,489.3,466.9,448.8,438.8,454.5,487.7,1920.8,1457.1,1911.5,47.1,145.7,2013.7,1271.0,1173.9,1121.0,1158.0,1128.0,1177.4,1349.0,1583.1,1828.0
RSA,ZAC143,RSA1500,RSA-1500,Scarlet Sun,Simonis 35,Fred Scholtz Marine,Alex Simonis,1990,SOUTH AFRICA,,,,ORC,CLUB,R,683,07 02 2026 18:52:47,10.860,10.206,2.032,3.50,4380.,0.0,0.22,620.3,0.8863,677.0,1.0935,548.7,1053.8,833.7,710.7,641.0,604.1,580.7,551.7,0.0,0.0,0.0,0.0,0.0,0.0,0.0,803.3,649.9,569.1,526.2,501.9,484.9,460.0,0.0,0.0,0.0,0.0,0.0,0.0,0.0,1055.1,784.3,641.2,561.1,521.1,490.0,438.9,43.5,41.5,39.5,38.1,37.5,37.3,37.7,145.1,149.4,149.8,156.8,164.6,170.4,171.3,1041.0,844.2,740.8,694.7,677.3,668.1,660.7,680.0,568.2,514.7,491.6,482.6,477.7,472.4,643.9,545.9,501.0,479.4,469.1,463.9,457.4,623.7,532.5,491.4,468.7,453.3,443.5,433.3,639.7,538.7,489.3,467.6,449.3,433.1,412.3,648.1,532.4,481.5,453.2,431.1,414.7,393.1,673.0,549.8,490.4,458.0,431.7,408.8,367.1,760.9,606.7,521.4,478.5,449.2,422.4,366.0,923.6,712.9,589.5,515.2,477.2,450.0,400.0,1066.5,823.2,680.6,587.3,531.0,493.3,442.7,0.8258,1.1015,1.2505,0.6358,0.8941,1.0422,0.0,0.0000,2026,1.0014,599.1,046200048RB,9.723,5319,26.1,35.6,32.6,79.9,0.0,726.6,544.7,479.8,943.7,671.1,575.7,591.4,564.7,1.0146,1.0625,529.8,439.2,418.4,38.6,151.2,665.9,471.4,455.2,427.3,400.5,372.8,337.9,303.7,341.1,393.7,1531.5,1148.2,1535.2,46.0,135.8,1494.8,951.0,883.6,842.0,872.2,918.9,958.3,1111.3,1358.1,1568.2
RSA,ZAC270,RSA1562,RSA-1562,DEBON,VAN DER STADT 34,HENERY VINK,VAN DER STADT,1989,WC,,,,ORC,CLUB,C,522,03 02 2026 21:59:43,10.460,8.490,1.805,3.25,5311.,0.0,0.53,715.1,0.7711,778.1,0.9495,631.9,1209.1,958.6,823.4,739.2,688.2,660.1,633.4,0.0,0.0,0.0,0.0,0.0,0.0,0.0,929.4,750.5,657.7,605.1,574.7,556.7,533.9,0.0,0.0,0.0,0.0,0.0,0.0,0.0,1204.2,900.2,741.2,646.3,596.5,563.1,511.1,44.9,43.0,41.5,40.5,39.5,39.0,39.0,147.5,151.2,154.9,160.1,165.9,173.2,178.6,1258.0,1020.3,896.4,822.5,783.1,767.5,762.1,810.9,674.2,603.8,567.6,549.2,540.4,535.7,763.3,642.5,581.9,552.1,535.5,526.2,520.2,736.7,621.7,566.3,539.2,522.6,510.8,496.9,750.2,617.7,556.2,528.3,513.8,505.5,481.8,740.9,609.4,548.8,519.5,498.9,480.5,454.2,771.1,628.8,557.7,523.9,501.9,481.1,443.1,863.5,687.7,592.3,542.8,514.9,493.0,449.6,1004.8,777.3,653.8,579.6,538.6,513.4,471.7,1160.2,896.8,750.4,655.9,593.3,552.8,504.7,0.7143,0.9567,1.0857,0.5536,0.7764,0.9131,0.0,0.0000,2026,0.8709,689.0,04620004883,7.541,6032,24.8,26.4,32.7,67.8,0.0,840.0,627.2,552.6,1083.8,772.8,657.1,686.5,641.7,0.8740,0.9350,621.8,521.8,496.2,40.2,177.2,777.2,536.9,519.3,492.0,465.8,440.4,422.0,417.1,433.8,466.3,1785.5,1346.4,1780.7,47.3,144.4,1833.4,1154.7,1065.8,1012.4,1044.8,1050.4,1103.0,1268.8,1504.8,1737.6
RSA,ZAC009,RSA1628,RSA-1628,ARGYLL,L36,GOLNIX,LAVRANOS,1979,"Cape Town, 7405-SOUTH AFRICA",,,,ORC,CLUB,C,480,03 02 2026 20:51:48,11.150,8.919,1.696,3.66,8100.,0.0,0.71,720.7,0.7528,797.1,0.9407,637.8,1214.5,970.1,839.0,759.2,712.7,683.6,656.8,0.0,0.0,0.0,0.0,0.0,0.0,0.0,929.6,756.8,663.7,610.8,581.3,563.0,542.2,0.0,0.0,0.0,0.0,0.0,0.0,0.0,1208.0,909.7,751.6,655.5,604.2,567.3,512.3,45.8,44.1,43.0,42.5,42.8,43.2,43.4,148.2,151.6,155.4,159.3,163.7,169.6,178.1,1279.3,1047.4,927.6,861.4,832.6,818.4,815.0,817.0,683.3,613.1,575.1,554.6,544.8,540.0,763.3,647.4,585.3,551.7,533.5,524.0,518.4,731.8,623.3,564.4,533.1,515.7,504.4,493.0,743.5,622.2,552.2,518.3,500.3,490.3,475.2,738.1,608.6,541.6,509.5,488.6,470.1,442.3,763.7,627.0,552.2,514.3,492.2,472.5,438.6,848.3,683.0,589.4,535.7,506.9,486.2,447.8,995.7,774.4,654.4,578.8,532.6,506.0,467.0,1149.7,892.9,750.4,657.0,592.8,548.9,498.6,0.7116,0.9475,1.0719,0.5493,0.7578,0.8813,0.0,0.0000,2026,0.8608,697.0,0462000487K,7.465,8809,30.7,29.0,47.8,82.0,79.4,843.2,633.2,559.8,1092.3,791.8,680.8,699.3,641.8,0.8579,0.9348,649.3,533.3,499.5,44.7,177.7,835.1,543.2,517.6,487.8,462.2,429.5,417.8,420.4,434.0,463.4,1779.4,1333.3,1772.4,48.4,141.9,1849.3,1154.5,1051.3,988.3,1014.5,1038.6,1081.0,1233.5,1480.4,1709.5
RSA,ZAC162,RSA1642,RSA-1642,SPINDRIFT,VAN DE STADT 34,HENRY VINK,VAN DE STADT,1989,,,,,ORC,CLUB,C,513,11 02 2026 15:22:19,10.490,8.421,1.794,3.25,5150.,0.0,0.35,682.7,0.8071,743.4,0.9859,608.6,1111.6,895.8,778.2,708.8,670.3,647.0,623.7,0.0,0.0,0.0,0.0,0.0,0.0,0.0,856.0,706.0,628.6,586.4,562.9,546.8,525.8,0.0,0.0,0.0,0.0,0.0,0.0,0.0,1109.7,843.4,704.6,624.7,584.0,553.0,503.0,43.9,41.9,40.5,39.4,38.7,38.4,39.2,146.9,151.6,155.4,161.7,168.2,176.8,178.3,1130.4,936.8,835.3,783.4,762.6,753.3,752.4,737.2,627.2,575.0,550.9,539.8,535.0,531.5,698.1,601.8,559.2,537.9,526.7,521.4,516.5,674.1,585.9,547.0,526.4,512.9,503.3,493.0,685.3,589.9,543.2,520.1,507.2,493.4,471.2,699.4,585.7,536.6,510.8,490.3,471.2,447.2,725.6,602.2,543.9,514.7,492.9,471.2,435.2,808.5,656.3,574.1,532.0,506.3,483.6,440.3,946.4,741.2,629.1,564.4,528.5,504.8,461.0,1092.8,854.8,721.1,634.2,577.9,540.6,495.0,0.7683,0.9925,1.1051,0.5978,0.8131,0.9316,0.0,0.0000,2026,0.9071,661.5,04620004B77,7.844,5862,24.5,32.0,34.9,68.1,0.0,780.9,604.5,542.9,1003.7,737.9,644.1,657.1,618.4,0.9131,0.9702,610.9,514.3,489.4,40.6,177.7,767.1,532.5,515.5,487.2,458.2,434.5,416.8,409.1,424.9,454.7,1607.9,1206.4,1609.0,46.8,142.4,1596.6,1009.5,933.1,883.4,905.4,969.9,1012.3,1164.1,1402.3,1619.2
RSA,ZAC222,RSA1665,RSA-1665,Faraway,FARR 40 AJAX,AJAX RACING YACHTS,BRUCE FARR,1992,SOUTH AFRICA,,,,ORC,CLUB,R,671,03 02 2026 19:01:07,12.250,10.175,1.938,3.70,5312.,0.0,0.03,604.1,0.9065,661.9,1.1139,538.7,992.7,794.2,688.7,632.9,599.4,578.0,551.2,0.0,0.0,0.0,0.0,0.0,0.0,0.0,757.4,622.1,555.1,520.5,499.4,484.5,462.0,0.0,0.0,0.0,0.0,0.0,0.0,0.0,994.3,747.8,623.1,554.9,518.2,489.2,441.1,43.6,41.5,39.5,38.3,37.8,38.0,38.2,144.0,148.7,152.5,158.3,165.5,172.7,177.2,976.8,803.5,719.7,689.0,675.2,668.2,662.4,635.9,541.4,502.2,487.9,481.4,477.8,473.2,601.5,522.4,489.5,475.4,469.0,464.9,459.2,579.0,510.1,479.9,462.9,452.4,446.3,436.5,589.4,512.9,479.2,458.7,442.8,430.4,414.2,625.7,520.5,476.6,451.2,431.1,414.9,392.8,648.7,534.9,483.8,455.2,431.4,409.7,371.9,730.6,586.8,513.0,474.9,448.7,424.3,374.6,873.5,679.7,570.9,508.1,473.5,448.8,402.7,1008.6,784.8,657.6,576.9,523.5,487.9,440.1,0.8699,1.1210,1.2506,0.6716,0.9139,1.0465,0.0,0.0000,2026,1.0227,586.7,0462000486N,9.785,6252,28.0,46.3,38.8,77.6,0.0,689.7,535.2,479.8,893.4,656.5,573.3,578.7,551.9,1.0369,1.0872,534.2,445.4,424.1,39.3,167.2,671.3,472.7,457.3,431.3,402.9,378.7,348.3,321.6,353.0,397.2,1436.6,1072.0,1441.9,46.7,137.6,1383.0,875.2,807.2,760.5,779.8,879.3,917.8,1062.9,1290.5,1490.1
RSA,ZAC067,RSA1726,RSA-1726,HOT ICE,MOUNT GAY 30,Phil Harvey,SIMONIS,1995,SOUTH AFRICA,,,,ORC,CLUB,R,650,04 02 2026 13:52:31,9.696,8.909,2.236,3.28,2745.,0.0,0.14,607.0,0.9043,663.5,1.1093,540.9,991.8,796.8,691.3,633.8,602.4,580.5,546.0,0.0,0.0,0.0,0.0,0.0,0.0,0.0,759.8,627.7,561.8,523.8,499.9,481.2,450.2,0.0,0.0,0.0,0.0,0.0,0.0,0.0,988.3,749.8,627.5,557.7,518.2,485.0,428.4,43.0,40.6,38.4,36.7,36.0,35.8,35.9,142.4,148.8,153.6,160.7,166.8,167.3,158.8,1027.1,841.1,744.8,698.5,681.1,671.3,664.2,676.7,572.9,527.9,505.8,495.4,488.8,481.6,644.2,553.6,516.0,493.2,479.8,472.4,463.6,611.9,530.7,500.4,481.2,461.0,448.0,434.3,586.3,515.3,480.6,458.9,445.9,436.0,406.3,604.5,517.0,474.7,441.1,414.4,394.6,363.5,623.0,526.6,482.9,446.7,412.2,379.7,338.6,695.0,567.1,509.9,472.7,438.2,402.4,333.9,828.4,651.7,555.1,506.0,471.1,439.4,373.8,956.6,752.5,637.8,569.0,523.7,489.6,427.8,0.8649,1.1128,1.2652,0.6709,0.9109,1.0471,0.0,0.0000,2026,1.0212,587.5,046200048AO,9.024,3600,21.3,33.4,23.0,84.4,74.4,693.7,539.2,474.2,894.3,658.7,573.0,588.6,547.5,1.0194,1.0958,500.9,419.2,397.8,36.9,144.4,669.6,479.9,460.4,427.5,391.6,344.5,301.6,252.9,287.8,332.3,1429.3,1074.0,1425.6,45.3,138.9,1467.2,940.2,878.0,837.2,792.4,823.9,871.6,994.1,1205.0,1391.5
RSA,ZAC259,RSA173,RSA-173,No Promises,LASER 28 MOD,Per. Sailcraft,B Farr,1982,7800,,,,ORC,CLUB,C,420,17 02 2026 06:41:01,8.629,7.721,1.552,2.81,2233.,0.0,0.18,682.8,0.8027,747.4,0.9836,610.0,1105.5,891.9,778.5,713.1,679.5,658.5,631.8,0.0,0.0,0.0,0.0,0.0,0.0,0.0,848.3,700.6,629.3,589.9,567.4,550.5,524.0,0.0,0.0,0.0,0.0,0.0,0.0,0.0,1101.5,838.6,704.9,628.7,588.8,555.7,497.3,43.6,41.5,39.5,38.2,37.8,37.8,38.4,143.7,147.8,149.7,161.4,170.0,176.3,176.3,1145.4,942.2,839.7,797.8,782.4,774.4,774.7,748.8,634.6,586.8,566.8,558.4,552.7,547.9,710.1,611.2,571.9,552.9,542.7,536.5,529.5,687.7,596.3,559.6,537.9,522.6,512.3,500.0,674.3,578.3,541.2,520.0,507.5,497.2,475.4,669.4,571.4,530.5,500.0,476.0,455.7,427.8,692.8,583.1,538.8,505.4,476.2,448.6,396.5,778.3,631.7,564.4,528.8,498.0,468.7,403.0,922.9,728.9,621.1,562.2,528.8,499.9,444.1,1065.6,841.6,717.2,628.5,576.7,542.6,489.0,0.7748,0.9891,1.1014,0.6008,0.8093,0.9178,0.0,0.0000,2026,0.9051,662.9,04620004BM2,7.364,2808,16.1,24.1,17.2,51.8,52.0,774.4,606.6,544.8,998.7,741.4,653.7,663.4,614.0,0.9044,0.9772,615.9,503.7,475.7,40.1,158.8,797.1,550.7,530.0,495.1,461.2,403.8,360.1,324.4,377.4,434.7,1594.0,1201.2,1590.4,46.3,139.4,1630.7,1035.9,962.5,916.7,936.0,930.7,966.8,1114.3,1348.7,1557.4
RSA,ZAC124,RSA1730,RSA-1730,PHANTOM,MIURA,NEBE,BERCKMEYER,1970,,,,,ORC,CLUB,C,480,11 02 2026 12:51:06,9.330,7.881,1.784,3.15,4808.,0.0,0.66,761.0,0.7238,828.9,0.8941,671.0,1288.9,1025.8,881.2,788.6,730.6,697.0,665.3,0.0,0.0,0.0,0.0,0.0,0.0,0.0,996.3,805.3,702.3,641.9,606.2,584.6,559.7,0.0,0.0,0.0,0.0,0.0,0.0,0.0,1281.2,963.0,792.0,686.8,629.3,590.6,534.8,44.5,42.8,41.5,40.7,40.1,39.9,39.7,148.3,151.6,153.3,159.1,164.4,170.0,177.7,1366.1,1110.4,976.9,893.5,842.0,818.4,806.5,885.7,735.7,657.2,610.2,582.6,567.9,560.4,838.2,703.2,631.1,590.3,565.9,552.5,543.3,813.7,683.0,611.6,573.0,550.9,536.5,519.4,808.0,664.2,591.0,556.2,542.2,531.4,506.0,786.7,647.3,576.2,541.4,519.4,501.9,480.6,818.3,664.4,584.6,544.4,519.4,497.7,463.8,911.3,721.8,616.7,562.5,532.4,508.5,466.0,1049.4,816.3,682.3,602.5,557.8,531.1,487.6,1211.7,941.2,785.5,683.7,619.2,575.7,524.2,0.6661,0.8999,1.0333,0.5184,0.7275,0.8651,0.0,0.0000,2026,0.8199,731.8,04620004B5R,6.733,5471,22.5,19.0,30.5,70.3,0.0,900.8,666.7,580.7,1157.4,824.7,693.6,735.2,675.9,0.8161,0.8877,653.3,548.5,521.5,40.5,177.0,821.3,562.5,542.7,514.3,489.1,467.0,448.7,436.4,451.8,485.3,1904.4,1447.3,1895.2,46.8,145.6,1996.8,1264.0,1172.2,1125.2,1155.9,1119.3,1168.8,1336.2,1569.2,1812.0
RSA,ZAC 272,RSA1796,RSA-1796,Just Fun,Mount Gay 30,Harvey Yachts,Alex Simonis,1995,7357,,,,ORC,CLUB,C,683,08 02 2026 07:26:53,9.600,8.812,1.957,3.28,2893.,0.0,0.18,644.5,0.8518,704.4,1.0539,569.3,1096.5,870.6,743.6,665.7,626.8,602.5,568.7,0.0,0.0,0.0,0.0,0.0,0.0,0.0,836.9,677.3,594.9,546.3,518.6,498.3,466.8,0.0,0.0,0.0,0.0,0.0,0.0,0.0,1092.1,816.5,670.2,583.0,538.7,503.3,441.9,43.9,42.0,40.1,38.2,37.5,37.1,37.3,142.6,146.9,150.5,157.9,166.7,170.8,167.2,1140.5,919.8,801.3,736.1,711.0,698.5,689.0,743.3,613.9,552.5,522.5,508.5,501.3,493.3,702.8,587.7,536.5,509.5,493.1,484.3,474.3,679.3,572.2,524.8,497.5,475.3,459.8,444.8,650.9,544.4,500.3,472.7,457.1,445.2,418.7,651.0,541.9,494.3,459.1,429.3,403.5,370.4,674.8,556.7,504.9,467.8,435.7,403.1,344.2,763.7,611.5,532.1,491.7,457.4,425.6,357.9,911.4,711.4,594.2,526.4,489.8,458.1,397.9,1052.4,821.4,686.0,595.4,542.5,506.5,448.5,0.7925,1.0591,1.2207,0.6100,0.8583,1.0069,0.0,0.0000,2026,0.9655,621.4,04620004AT6,8.522,3749,21.4,35.8,18.6,78.8,66.3,757.1,566.5,491.5,983.6,699.1,595.9,620.9,578.5,0.9663,1.0371,536.1,439.4,415.4,38.1,140.5,692.9,491.0,470.2,437.0,402.9,345.1,308.7,278.4,328.5,379.4,1606.6,1207.0,1601.4,46.2,138.8,1658.7,1056.5,982.5,936.9,916.2,917.5,957.0,1109.6,1346.3,1554.6
RSA,ZAC082,RSA19,RSA-19,Kayo,L 26,Ton Cups,Lavranos,1980,7995,,,,ORC,CLUB,S,420,28 03 2026 06:15:11,7.800,7.082,1.471,2.70,1711.,0.0,0.27,731.9,0.7567,792.9,0.9251,648.5,1219.0,974.6,839.5,751.8,703.0,678.7,652.5,0.0,0.0,0.0,0.0,0.0,0.0,0.0,937.3,765.4,676.5,623.8,591.8,572.0,542.6,0.0,0.0,0.0,0.0,0.0,0.0,0.0,1218.6,917.0,759.3,664.0,613.8,578.6,516.0,43.5,41.6,40.0,38.2,37.4,37.3,38.1,148.3,152.3,154.3,162.0,172.3,178.1,178.1,1222.8,1008.2,893.8,824.2,789.6,779.7,782.3,800.7,675.4,617.9,588.6,570.1,562.3,557.9,760.8,649.9,601.7,575.8,556.4,545.1,537.7,738.4,636.0,590.2,563.5,541.6,523.7,507.4,752.9,632.0,578.2,547.0,525.6,514.8,483.1,755.1,631.0,577.2,542.6,512.0,484.2,442.5,786.5,649.3,587.0,551.6,520.3,489.6,425.0,903.7,718.3,617.7,573.1,540.8,511.0,446.4,1052.3,816.6,682.9,606.7,568.3,538.2,482.2,1215.1,941.0,785.1,679.5,616.4,577.6,522.6,0.7048,0.9300,1.0602,0.5471,0.7620,0.8890,0.0,0.0000,2026,0.8500,705.9,04620004J87,6.824,2273,14.6,17.8,18.1,36.7,0.0,851.3,645.2,565.9,1096.7,787.4,674.9,699.6,664.3,0.8576,0.9032,639.7,521.9,489.9,40.4,164.9,807.7,559.9,536.9,500.1,465.8,416.8,371.2,370.0,417.8,471.7,1782.3,1336.6,1786.2,46.2,144.2,1743.1,1109.1,1032.5,987.0,1017.9,1056.3,1109.3,1305.2,1577.5,1821.5
RSA,ZAC168,RSA1967,RSA-1967,Storm,Ocean 31,Robertson & Caine,Lavranos,1992,SOUTH AFRICA,,,,ORC,CLUB,R,571,04 02 2026 13:59:15,9.350,8.885,1.485,3.25,4665.,0.0,0.39,719.2,0.7622,787.2,0.9471,633.5,1238.1,977.8,837.3,748.2,690.4,658.9,632.1,0.0,0.0,0.0,0.0,0.0,0.0,0.0,946.9,760.6,663.1,606.3,571.1,550.0,526.6,0.0,0.0,0.0,0.0,0.0,0.0,0.0,1231.3,916.1,750.4,649.3,593.0,555.5,502.2,46.3,44.4,43.1,41.8,40.4,40.0,40.1,147.5,150.7,154.1,158.8,164.6,170.9,177.9,1305.5,1053.4,921.2,838.8,787.1,766.4,763.0,830.6,683.5,609.3,567.9,544.5,532.4,528.7,775.7,646.5,583.1,549.6,529.7,517.7,511.3,744.6,624.7,565.1,534.9,516.3,502.3,485.4,759.1,619.6,551.1,518.1,497.7,483.2,467.8,746.5,610.1,544.5,512.7,489.7,468.7,431.8,774.3,629.4,555.6,519.7,495.4,473.3,430.5,868.5,689.5,592.4,540.3,511.2,488.6,444.2,1013.8,781.8,655.4,578.9,535.7,509.5,467.8,1170.6,902.3,753.4,657.7,593.7,551.4,501.2,0.7028,0.9534,1.0979,0.5415,0.7667,0.9136,0.0,0.0000,2026,0.8663,692.6,046200048AR,7.612,5448,24.1,23.7,30.7,63.1,54.2,853.7,629.3,546.5,1108.0,782.6,656.7,691.3,642.4,0.8680,0.9340,626.8,515.0,485.3,41.9,177.2,789.8,532.0,510.8,480.7,454.5,408.1,394.9,403.1,426.0,463.7,1839.0,1381.7,1831.1,48.4,144.9,1918.8,1199.2,1095.1,1033.7,1064.5,1067.4,1114.5,1283.0,1523.6,1759.3
RSA,ZAC023,RSA2018,RSA-2018,Cabaray,Van de Stadt 34,Ray Matthews,Van De Statdt,1984,7436 Cape Town South Africa,,,,ORC,CLUB,C,360,18 02 2026 20:24:36,10.800,8.751,1.997,3.30,7331.,0.0,0.71,697.5,0.7862,763.2,0.9667,620.7,1139.3,921.5,803.2,729.6,685.8,658.8,630.6,0.0,0.0,0.0,0.0,0.0,0.0,0.0,879.2,724.2,644.0,598.0,571.0,553.4,531.1,0.0,0.0,0.0,0.0,0.0,0.0,0.0,1135.1,866.3,724.4,638.6,592.6,559.2,508.5,43.5,41.1,40.1,39.7,39.6,39.3,39.1,144.8,147.9,154.6,160.6,167.3,174.9,178.3,1182.0,977.6,873.5,815.9,785.8,770.0,759.6,776.4,660.0,598.5,566.0,547.7,538.6,532.2,738.6,633.2,579.4,550.2,533.5,523.8,517.0,715.8,614.7,565.1,537.7,520.8,509.2,496.0,713.0,598.7,545.3,518.6,504.8,497.0,481.7,701.0,587.1,537.4,510.7,490.7,472.6,448.8,723.5,601.3,545.1,515.5,494.0,473.4,439.6,806.0,654.5,574.1,533.4,508.3,487.2,446.4,949.8,749.4,638.2,570.6,533.5,509.6,468.6,1096.7,865.4,732.8,643.4,585.8,547.6,501.7,0.7484,0.9723,1.0920,0.5823,0.7903,0.9160,0.0,0.0000,2026,0.8880,675.7,04620004BUW,7.725,7882,27.1,30.9,32.3,76.6,75.3,801.7,617.1,549.5,1030.4,759.2,655.0,674.3,627.0,0.8898,0.9570,614.4,517.9,493.6,39.7,177.4,764.8,530.8,514.1,489.8,466.8,437.2,421.9,419.6,433.8,464.0,1653.0,1248.6,1649.4,46.7,140.3,1689.0,1072.6,997.8,954.6,985.7,973.2,1010.2,1160.9,1400.4,1617.1
RSA,ZAC079,RSA2127,RSA-2127,Jiwo,JAZ 30,JAZ MARINE,UWE JASPERSEN,1996,SOUTH AFRICA,,,,ORC,CLUB,R,522,07 02 2026 21:56:28,9.494,8.668,2.761,2.95,1829.,0.0,0.00,591.9,0.9196,652.4,1.1242,533.7,912.6,748.5,674.6,636.4,609.3,579.3,526.7,0.0,0.0,0.0,0.0,0.0,0.0,0.0,707.7,600.1,551.8,523.3,501.9,481.5,448.8,0.0,0.0,0.0,0.0,0.0,0.0,0.0,909.0,707.5,613.9,558.1,521.6,486.3,428.2,41.4,39.3,37.3,36.7,36.6,36.5,36.9,142.2,146.7,152.3,152.4,148.8,144.7,147.3,949.1,797.4,740.9,720.4,710.0,703.2,700.6,632.9,553.8,527.7,517.4,511.2,506.8,502.1,605.4,538.5,513.2,502.0,494.7,489.4,483.1,590.3,526.9,498.3,479.9,469.3,461.3,450.8,585.9,528.8,495.3,468.8,449.0,435.2,416.6,563.5,502.8,473.2,450.7,431.4,414.2,384.7,571.8,500.9,461.0,433.2,410.1,389.0,352.8,635.8,526.9,476.3,431.9,390.2,354.4,308.1,758.8,605.9,528.0,479.8,440.4,394.4,305.4,876.2,699.6,608.2,552.5,508.6,455.4,352.7,0.9176,1.1239,1.2650,0.7224,0.9207,1.0581,0.0,0.0000,2026,1.0390,577.5,04620004A2F,8.631,2535,16.5,30.1,16.7,0.0,91.2,653.9,533.9,474.3,830.6,651.7,567.1,585.3,524.3,1.0250,1.1443,497.8,430.1,406.4,38.6,150.5,722.0,506.3,484.5,447.6,405.3,355.4,323.5,273.3,237.2,273.6,1310.4,999.5,1305.8,44.0,139.3,1355.8,878.2,825.3,792.7,805.1,776.8,806.3,905.4,1095.5,1265.0
RSA,ZAC068,RSA2134,RSA-2134,Humdinger,Astove 30,,Lavranos,1993,SOUTH AFRICA,,,,ORC,CLUB,R,513,08 03 2026 11:21:03,9.190,8.103,1.662,3.01,4243.,0.0,0.50,739.1,0.7468,803.4,0.9179,653.7,1239.4,989.9,855.1,766.9,709.0,673.9,644.0,0.0,0.0,0.0,0.0,0.0,0.0,0.0,955.3,776.7,683.0,628.2,593.8,571.3,545.6,0.0,0.0,0.0,0.0,0.0,0.0,0.0,1232.0,929.0,769.3,671.0,616.0,577.7,524.8,44.7,42.7,41.9,40.6,39.2,38.2,37.8,147.9,151.6,154.7,160.1,166.2,174.5,178.1,1313.6,1072.5,945.8,863.5,808.0,776.6,763.3,850.4,709.4,635.1,595.0,571.9,557.8,548.0,804.0,676.9,611.5,578.6,559.3,546.1,533.9,777.7,657.7,594.9,565.0,547.1,533.6,514.3,770.1,634.3,571.7,542.7,524.1,510.6,495.7,755.1,625.0,565.5,536.7,515.5,495.1,459.1,781.0,643.5,575.0,541.6,519.7,498.6,457.4,865.7,699.6,606.4,560.1,533.3,511.5,467.7,1009.1,786.9,665.8,593.7,555.7,531.7,490.6,1165.3,907.4,764.4,670.3,610.0,571.2,524.7,0.6929,0.9227,1.0577,0.5383,0.7496,0.8936,0.0,0.0000,2026,0.8425,712.2,04620004H5I,7.042,4943,20.9,18.1,25.0,57.1,51.1,865.9,650.3,567.3,1114.6,800.4,671.4,712.5,660.0,0.8421,0.9090,631.6,531.8,508.6,38.7,177.4,776.2,548.6,532.4,505.7,484.2,439.6,428.7,432.5,451.3,487.1,1827.9,1380.9,1819.2,47.1,144.8,1914.6,1208.3,1117.9,1065.2,1087.5,1061.2,1104.7,1259.7,1507.9,1741.2
RSA,ZAC156,RSA219,RSA-219,SNOWGOOSE,Miura,Nebe,Berkermeyer,1978,7975 CAPE TOWN SOUTH AFRICA,,,,ORC,CLUB,C,350,03 02 2026 19:56:35,9.330,7.824,1.777,3.15,4699.,0.0,0.66,762.3,0.7217,831.3,0.8913,673.2,1281.6,1021.1,880.3,791.2,737.0,705.4,676.0,0.0,0.0,0.0,0.0,0.0,0.0,0.0,992.0,803.9,703.0,644.2,610.5,589.5,566.5,0.0,0.0,0.0,0.0,0.0,0.0,0.0,1274.3,959.5,792.1,689.3,633.9,595.3,539.5,44.5,42.5,41.2,40.7,40.5,40.4,40.3,148.4,151.8,154.3,159.3,164.6,170.0,177.7,1354.0,1102.7,973.7,896.3,852.9,833.6,827.0,877.7,733.7,656.7,611.6,586.2,573.4,568.2,830.4,701.2,630.6,591.0,568.3,556.0,549.3,805.2,679.3,610.5,573.0,551.8,538.3,523.8,812.8,669.2,596.0,560.5,546.7,531.3,507.2,790.6,651.3,579.4,543.9,521.9,504.6,484.8,817.6,667.2,587.2,546.5,521.8,500.4,466.5,910.3,724.1,620.3,565.0,534.2,510.3,467.6,1047.2,815.0,684.5,605.1,559.8,532.5,488.5,1209.2,939.6,786.8,686.1,621.1,577.2,525.1,0.6682,0.8973,1.0237,0.5211,0.7260,0.8544,0.0,0.0000,2026,0.8182,733.3,0462000486V,6.688,5217,22.0,18.7,30.8,66.0,0.0,897.9,668.7,586.1,1151.4,826.4,702.2,737.2,677.7,0.8139,0.8854,664.5,556.0,526.8,41.3,177.2,843.2,570.6,548.4,518.8,492.6,473.9,452.3,437.8,452.2,485.8,1890.8,1436.0,1882.5,47.1,145.5,1973.6,1247.4,1156.6,1107.6,1144.9,1116.6,1163.9,1333.8,1565.7,1807.9
RSA,ZAC001,RSA2255,RSA-2255,Adios,Fast 42,Fast Yachts,Simonis/Voogd,2003,Port Elizabeth,,,,ORC,CLUB,C,830,22 04 2026 08:52:18,12.726,11.632,2.447,3.82,6900.,0.0,0.26,589.9,0.9260,648.0,1.1517,520.9,1011.3,800.4,684.6,615.9,574.8,548.5,517.4,0.0,0.0,0.0,0.0,0.0,0.0,0.0,768.4,619.9,543.0,500.0,474.0,456.2,430.2,0.0,0.0,0.0,0.0,0.0,0.0,0.0,1010.9,751.1,614.7,534.6,492.4,461.2,411.0,44.1,41.8,39.9,38.5,37.5,37.4,37.1,141.5,145.8,148.8,155.7,162.8,169.1,177.2,1014.7,817.3,713.4,658.8,634.8,621.8,609.0,658.9,546.4,490.8,464.8,452.6,446.2,438.8,621.4,522.7,476.0,453.2,440.8,433.8,425.2,597.9,507.2,464.8,443.5,428.4,417.1,403.9,590.7,495.3,453.6,430.8,413.8,401.2,386.1,615.7,503.6,453.5,426.1,403.3,383.3,348.9,639.5,520.1,463.0,433.1,408.6,386.3,340.1,727.5,577.9,497.8,455.7,429.2,405.4,358.5,872.8,678.5,567.9,500.0,459.8,433.8,389.8,1007.8,783.4,655.7,572.9,514.8,475.3,425.9,0.8643,1.1587,1.3307,0.6624,0.9319,1.1041,0.0,0.0000,2026,1.0519,570.4,04620004MC7,10.953,8049,33.3,52.7,32.6,80.3,75.4,694.2,517.8,450.9,905.8,643.8,543.4,560.7,538.2,1.0700,1.1147,496.3,409.3,388.2,37.5,170.9,606.9,435.6,420.9,396.0,372.2,324.9,299.4,305.7,344.6,385.7,1486.6,1109.8,1487.9,46.7,138.1,1473.4,933.3,863.7,817.0,820.3,870.2,915.4,1068.3,1298.9,1499.8
RSA,ZAC293,RSA2350,RSA-2350,Joie de Vie,First 35,Beneteau,Jean Berret,1981,,,,,ORC,CLUB,C,350,03 02 2026 17:58:14,10.832,9.372,1.476,3.70,6553.,0.0,0.51,708.9,0.7600,789.5,0.9556,627.8,1201.4,958.2,830.8,753.8,705.6,676.8,650.7,0.0,0.0,0.0,0.0,0.0,0.0,0.0,912.9,740.7,652.8,603.1,572.8,553.9,533.6,0.0,0.0,0.0,0.0,0.0,0.0,0.0,1191.8,895.4,741.5,647.6,595.3,558.7,505.4,47.1,45.0,43.8,43.2,42.6,42.3,42.8,144.7,147.3,148.5,150.8,156.5,161.6,179.9,1297.5,1052.7,929.0,854.4,809.4,789.1,789.4,820.3,680.6,608.8,567.7,545.5,533.7,528.9,762.2,641.9,579.4,546.3,527.6,516.6,508.9,727.3,615.7,558.2,529.3,512.2,500.2,485.3,714.5,592.0,534.7,507.8,491.8,481.7,469.9,699.9,579.2,526.2,499.9,481.0,463.4,431.1,723.7,595.0,534.0,504.6,484.3,465.5,427.5,810.1,650.6,565.2,522.5,497.9,478.7,439.8,957.2,748.0,634.5,566.0,528.0,505.1,471.7,1105.3,863.7,732.6,653.1,601.7,564.4,511.9,0.7257,0.9622,1.0888,0.5557,0.7649,0.8900,0.0,0.0000,2026,0.8729,687.3,04620004864,7.741,7102,26.8,27.8,27.4,0.0,66.1,826.8,623.6,551.1,1079.7,784.4,674.2,688.9,629.9,0.8709,0.9525,652.5,528.0,493.5,44.9,180.0,824.5,537.7,511.7,480.7,456.4,414.7,400.0,405.0,437.7,480.4,1772.7,1323.7,1759.9,49.3,140.8,1900.6,1181.5,1070.3,1004.0,1007.5,987.6,1026.2,1182.9,1424.5,1644.8
RSA,ZAC142,RSA2360,RSA-2360,Saoirse,Atlantis 36,Van der Luiden,Lavranos,1987,7441 Cape Town South Africa,,,,ORC,CLUB,C,484,07 02 2026 21:21:03,11.085,9.657,1.663,3.44,6150.,0.0,0.41,695.5,0.7888,760.7,0.9786,613.1,1191.9,941.4,808.1,723.9,669.4,637.6,610.2,0.0,0.0,0.0,0.0,0.0,0.0,0.0,912.9,734.1,641.1,586.9,553.9,534.0,511.5,0.0,0.0,0.0,0.0,0.0,0.0,0.0,1181.3,881.4,724.5,628.5,575.0,539.3,487.7,45.8,43.8,42.3,41.4,40.7,40.2,40.2,146.4,150.1,153.0,157.7,163.9,169.8,177.7,1298.2,1040.8,909.4,827.8,776.4,750.8,742.6,830.2,680.7,604.8,559.3,532.9,519.4,512.1,776.6,645.5,577.6,539.3,516.9,504.3,495.2,745.8,621.7,557.5,523.4,503.4,489.7,473.8,724.4,596.7,533.5,504.9,492.7,485.3,463.2,702.3,578.1,519.9,491.0,471.8,456.7,437.7,725.8,592.3,526.2,493.6,471.8,453.2,419.4,803.1,642.3,555.1,509.7,483.5,462.7,421.0,940.1,729.4,614.1,544.9,506.8,482.9,443.5,1085.6,842.1,706.8,620.0,562.4,524.3,477.7,0.7286,0.9852,1.1310,0.5625,0.7932,0.9445,0.0,0.0000,2026,0.8963,669.4,046200049PU,8.082,6853,27.7,25.6,25.9,81.3,0.0,823.5,609.0,530.5,1066.7,756.4,635.3,675.0,613.4,0.8889,0.9781,601.4,500.4,474.2,41.5,175.4,761.0,515.4,495.9,469.3,447.1,425.2,400.9,384.1,402.9,441.9,1773.9,1336.6,1758.8,47.7,143.5,1924.9,1209.7,1109.5,1048.8,1035.1,998.9,1037.0,1178.1,1405.5,1622.9
RSA,ZAC108,RSA2366,RSA-2366,Nemesis,Fast 42,Fast Yachts,Simonis,2003,SOUTH AFRICA,,,,ORC,CLUB,C,680,05 02 2026 15:15:33,12.726,11.583,2.443,3.82,6820.,0.0,0.18,573.5,0.9538,629.1,1.1792,508.8,957.0,763.7,658.4,600.5,565.5,542.7,512.8,0.0,0.0,0.0,0.0,0.0,0.0,0.0,733.1,596.2,527.2,490.4,467.8,451.4,426.0,0.0,0.0,0.0,0.0,0.0,0.0,0.0,953.0,717.1,593.6,523.5,486.0,455.8,407.0,43.8,41.5,39.7,38.4,37.6,37.6,37.5,141.8,145.6,149.2,156.1,163.3,168.7,168.9,996.9,805.6,706.3,657.8,637.3,625.6,614.1,649.3,540.2,487.0,463.6,453.0,447.0,440.3,613.0,517.3,472.6,451.7,440.4,434.2,426.4,588.9,502.0,462.5,441.3,426.8,416.1,404.3,587.4,490.0,451.5,434.7,423.0,407.8,385.8,578.4,480.8,440.1,414.7,394.7,381.2,358.5,594.8,489.7,445.0,417.1,393.1,371.0,335.4,664.6,535.0,469.7,435.9,409.1,384.1,329.9,794.2,625.1,528.6,472.3,441.3,416.8,368.7,917.1,721.8,610.4,543.2,493.7,459.8,411.5,0.9027,1.1862,1.3453,0.6974,0.9605,1.1170,0.0,0.0000,2026,1.0811,555.0,046200048L9,10.944,7806,33.0,53.5,31.9,112.9,113.2,664.7,505.8,446.0,860.3,624.7,537.2,552.9,516.9,1.0853,1.1607,489.0,405.6,386.9,38.0,155.0,613.9,437.9,423.0,397.4,372.0,342.9,309.4,275.2,316.2,364.1,1393.6,1051.0,1388.7,46.7,138.5,1442.4,914.8,846.7,800.4,825.7,812.6,843.2,959.6,1164.7,1344.8
RSA,ZAC018,RSA2405,RSA-2405,BE-WITCHED,FAST 42,FAST YACHTS,ALEX SIMONIS,1995,,,,,ORC,CLUB,C,650,02 03 2026 16:38:24,12.726,11.585,2.447,3.82,6876.,0.0,0.12,571.2,0.9579,626.4,1.1810,508.0,943.8,753.6,653.1,598.7,566.3,545.1,516.3,0.0,0.0,0.0,0.0,0.0,0.0,0.0,723.2,590.5,524.8,490.5,469.4,454.0,429.3,0.0,0.0,0.0,0.0,0.0,0.0,0.0,943.6,709.1,589.9,523.4,487.6,458.8,410.0,43.2,41.0,39.4,38.3,37.8,37.6,37.8,142.2,147.3,151.2,156.1,163.0,168.7,168.2,946.5,772.8,690.1,655.9,640.0,631.2,621.6,620.3,522.1,479.2,461.9,454.4,449.7,444.0,588.2,502.9,466.0,449.7,441.7,436.8,430.1,567.8,490.7,456.9,438.4,426.0,417.9,407.5,569.6,484.2,448.6,429.6,417.3,405.9,387.5,588.9,490.6,447.0,421.2,400.3,383.7,355.8,610.4,501.4,452.9,425.5,402.1,380.4,339.5,685.7,548.4,477.4,441.2,414.7,390.6,340.8,815.0,635.9,534.0,474.5,441.3,415.9,367.8,941.1,734.3,616.2,541.5,492.6,459.1,411.0,0.9135,1.1882,1.3375,0.7070,0.9652,1.1119,0.0,0.0000,2026,1.0836,553.7,04620004FC2,10.975,7843,33.2,53.2,41.5,116.3,91.6,656.8,505.0,448.6,848.7,621.6,539.6,548.4,518.1,1.0941,1.1580,493.5,409.6,388.9,38.6,153.2,624.2,442.4,427.3,401.4,375.6,334.0,307.1,293.1,314.7,362.8,1372.0,1030.3,1373.7,45.7,140.2,1354.6,861.4,798.7,757.2,781.6,818.8,867.4,996.8,1203.2,1389.4
RSA,ZAC286,RSA241,RSA-241,Bateleur,Zeevalk,Van Ryswyk,Van De Stadt,1949,,,,,ORC,CLUB,C,500,03 02 2026 21:11:46,12.191,10.293,2.004,2.77,4958.,0.0,0.19,620.0,0.8813,680.8,1.0875,551.7,1026.7,816.3,708.1,650.1,616.5,595.2,568.2,0.0,0.0,0.0,0.0,0.0,0.0,0.0,786.6,637.5,566.9,532.0,511.2,496.8,474.8,0.0,0.0,0.0,0.0,0.0,0.0,0.0,1023.5,766.8,638.4,568.1,530.5,500.8,453.3,44.0,41.8,40.3,39.4,39.0,38.9,39.0,142.2,145.9,150.3,156.9,164.8,170.4,170.9,1059.3,856.4,763.3,729.4,713.3,704.5,698.5,689.3,572.3,522.3,506.3,498.7,494.6,490.4,650.4,548.0,505.5,490.6,483.9,479.9,475.6,624.1,532.6,493.1,476.0,466.1,460.4,453.4,636.2,529.2,490.3,471.4,457.0,446.1,432.1,624.5,516.9,474.2,451.7,435.8,424.4,406.4,641.9,526.5,478.7,451.2,429.1,409.5,379.8,720.8,575.5,503.7,468.6,441.9,417.4,361.7,861.0,672.1,565.4,501.6,468.8,443.3,394.5,994.2,776.1,652.8,570.7,519.8,485.9,437.9,0.8427,1.0965,1.2192,0.6511,0.8891,1.0162,0.0,0.0000,2026,0.9984,600.9,0462000487P,9.337,5705,25.8,36.7,33.3,95.9,79.6,712.0,547.2,492.1,921.5,674.8,590.4,600.7,555.5,0.9989,1.0801,547.9,458.3,435.7,40.2,151.2,711.3,491.1,474.8,449.8,424.5,404.1,357.0,304.9,333.3,384.4,1505.7,1133.1,1502.4,46.9,139.0,1538.8,973.5,899.3,851.1,879.4,886.7,918.1,1052.6,1275.3,1472.6
RSA,ZAC297,RSA2462,RSA-2462,Charisma,Sadler 32,,D SADLER,1979,,,,,ORC,CLUB,C,400,05 02 2026 07:47:34,9.454,7.707,1.446,3.16,5150.,0.0,0.73,787.3,0.6928,866.0,0.8632,695.1,1335.9,1061.6,916.4,825.3,767.0,733.9,707.8,0.0,0.0,0.0,0.0,0.0,0.0,0.0,1026.7,829.2,725.3,665.4,629.6,608.8,586.8,0.0,0.0,0.0,0.0,0.0,0.0,0.0,1324.9,994.3,820.8,714.0,654.1,614.0,555.1,46.9,45.1,43.9,43.4,43.1,43.2,43.4,148.3,151.8,155.9,159.9,165.5,171.8,178.1,1445.9,1173.2,1035.8,953.5,903.6,881.5,879.7,915.2,757.7,677.2,629.9,602.9,588.7,585.1,852.5,716.4,643.7,603.7,580.7,567.7,560.4,818.8,687.8,618.3,582.2,561.6,548.1,532.0,829.1,679.9,603.7,567.5,549.5,540.9,517.7,809.5,664.0,590.2,554.7,532.7,514.8,487.9,837.4,681.7,598.6,557.9,534.1,513.8,478.0,922.6,735.9,632.5,576.6,546.3,524.1,483.0,1061.6,824.0,695.4,616.0,570.7,544.2,503.5,1225.9,949.9,797.0,697.1,630.4,586.4,535.9,0.6466,0.8695,0.9905,0.5005,0.6970,0.8192,0.0,0.0000,2026,0.7904,759.1,046200048HO,6.306,5721,21.8,18.8,29.6,60.0,0.0,927.9,690.1,605.8,1198.8,860.8,732.4,766.2,693.5,0.7831,0.8652,707.4,580.9,543.2,45.4,177.7,915.4,591.8,561.4,527.5,501.3,475.4,457.5,453.0,467.5,499.3,1976.5,1493.1,1962.2,48.9,145.8,2119.3,1320.2,1200.9,1135.8,1167.7,1149.1,1200.4,1355.5,1588.0,1833.6
RSA,ZAC284,RSA2498,RSA-2498,Dawn,Caribbea 30,Nebe,Dudley Dix,1984,,,,,ORC,CLUB,C,320,03 02 2026 21:23:04,9.200,8.237,1.448,3.04,3903.,0.0,0.38,766.3,0.7111,843.7,0.8894,674.6,1328.1,1045.2,895.7,801.2,740.5,708.2,687.3,0.0,0.0,0.0,0.0,0.0,0.0,0.0,1012.8,810.2,705.5,644.5,607.6,586.4,566.6,0.0,0.0,0.0,0.0,0.0,0.0,0.0,1312.6,975.5,799.8,692.1,631.1,591.0,533.2,46.7,45.1,43.8,43.1,42.6,42.4,43.4,147.6,150.9,154.3,159.5,165.5,172.7,177.7,1482.5,1184.0,1033.6,940.0,881.4,857.3,865.5,939.3,763.5,675.1,620.1,588.4,573.7,574.3,874.8,719.9,639.5,592.2,565.1,551.2,545.0,834.6,687.5,610.7,569.6,546.0,530.5,514.4,781.1,641.9,574.1,544.8,533.2,524.8,498.4,760.7,624.6,560.4,528.7,506.8,489.8,470.4,789.9,640.9,567.3,531.6,506.7,484.9,450.0,876.0,695.1,597.8,548.6,519.7,495.6,450.7,1016.4,785.4,659.5,584.7,544.1,517.9,473.0,1173.7,906.3,757.8,662.3,599.7,559.1,509.0,0.6582,0.8963,1.0269,0.5056,0.7161,0.8469,0.0,0.0000,2026,0.8133,737.7,0462000487S,6.642,4382,22.0,21.1,18.1,60.8,0.0,911.6,669.4,584.3,1186.7,837.9,708.5,750.8,666.2,0.7991,0.9006,697.9,566.8,525.6,46.3,176.3,927.4,592.9,553.1,514.1,482.3,460.2,432.9,412.1,430.3,468.5,1988.1,1494.1,1965.2,48.2,145.1,2217.7,1388.1,1271.4,1198.4,1115.9,1085.3,1136.6,1290.5,1523.0,1758.7
RSA,ZAC145,RSA25,RSA-25,SCOTTISCHE,Flamenca,Nebe,Berckenmeyer,1971,Cape Town,,,,ORC,CLUB,R,240,03 02 2026 21:37:07,7.500,6.284,1.239,2.30,1799.,0.0,0.40,790.0,0.6973,860.5,0.8533,703.1,1285.2,1038.1,902.9,818.7,773.5,749.5,731.6,0.0,0.0,0.0,0.0,0.0,0.0,0.0,996.0,819.7,728.1,676.2,647.5,629.4,608.7,0.0,0.0,0.0,0.0,0.0,0.0,0.0,1279.3,976.5,816.6,721.2,671.9,635.7,577.7,44.2,42.5,41.2,40.1,39.5,39.8,41.3,148.4,152.5,156.9,163.3,168.7,177.2,177.7,1343.8,1115.2,994.3,922.9,893.5,886.1,902.8,873.6,741.5,675.5,641.2,624.1,618.1,617.9,827.3,709.4,653.4,623.7,607.6,599.9,596.5,801.1,688.1,635.6,607.7,589.9,577.1,564.9,814.1,684.0,623.4,595.6,581.2,565.4,537.5,807.2,675.1,615.1,583.3,558.4,536.2,508.0,836.4,692.5,623.2,587.2,559.3,532.7,491.2,921.5,745.9,652.7,605.2,574.7,546.6,495.5,1062.3,834.2,710.0,639.4,600.0,572.1,519.7,1226.7,960.9,811.5,714.6,653.5,612.9,560.3,0.6609,0.8592,0.9582,0.5165,0.7028,0.8013,0.0,0.0000,2026,0.7857,763.6,0462000487W,5.760,2151,12.5,12.7,15.6,31.7,0.0,907.9,698.3,626.2,1161.7,853.7,748.8,765.4,706.9,0.7839,0.8488,728.7,601.0,564.6,42.7,176.8,944.3,625.7,598.6,558.6,521.9,493.1,468.9,454.0,475.8,513.1,1866.3,1411.9,1861.8,46.9,144.3,1911.4,1208.4,1119.6,1066.7,1095.8,1120.2,1172.1,1328.5,1577.2,1821.2
RSA,ZAC057,RSA250,RSA-250,Freedom,Farr 38,Cooper Craft,Farr,1978,,,,,ORC,CLUB,R,676,08 02 2026 09:35:32,11.643,10.121,1.978,3.64,5716.,0.0,0.17,614.9,0.8931,671.8,1.0974,546.7,1022.2,817.2,703.7,639.2,603.9,581.0,551.7,0.0,0.0,0.0,0.0,0.0,0.0,0.0,779.0,637.6,565.4,526.7,504.4,488.6,463.9,0.0,0.0,0.0,0.0,0.0,0.0,0.0,1022.0,768.2,635.6,561.2,523.3,494.2,445.0,43.8,41.4,39.6,38.2,37.5,37.1,37.3,137.7,149.2,150.2,158.0,165.5,172.3,176.8,1024.6,839.1,744.4,701.8,682.8,671.5,659.7,668.0,565.4,517.7,497.5,488.8,483.2,476.5,632.3,543.6,504.1,485.5,476.3,470.6,463.1,610.1,529.3,493.9,474.2,461.3,453.0,442.1,607.8,519.7,482.5,462.0,448.4,439.5,422.1,627.8,523.7,481.0,456.6,434.8,415.8,386.4,649.4,536.6,487.1,459.4,436.4,415.8,375.2,729.6,587.1,512.5,476.2,450.6,426.8,379.4,883.2,688.8,574.3,508.0,475.1,451.0,406.1,1019.8,795.4,663.1,576.5,524.9,490.4,443.8,0.8471,1.1044,1.2415,0.6524,0.8999,1.0422,0.0,0.0000,2026,1.0064,596.2,04620004ATN,9.588,6651,28.9,46.5,30.9,89.7,65.0,708.3,543.3,483.3,919.7,666.7,575.7,590.0,557.5,1.0170,1.0762,531.5,444.1,423.5,38.0,167.6,660.7,473.9,459.8,435.7,409.6,367.1,338.4,326.6,357.1,402.2,1472.6,1103.3,1473.7,46.4,137.2,1461.0,926.2,857.5,812.9,830.6,874.2,916.8,1058.4,1285.3,1484.1
RSA,ZAC085,RSA2599,RSA-2599,LAYLA,HOLIDAY 34,John Robertson Yac,ANGELO LAVRANOS,1986,,,,,ORC,CLUB,C,625,03 02 2026 17:32:24,10.360,9.389,1.599,3.32,5002.,0.0,0.42,724.3,0.7562,793.4,0.9449,635.0,1273.7,997.1,848.3,754.4,690.1,650.9,618.6,0.0,0.0,0.0,0.0,0.0,0.0,0.0,974.1,774.5,668.5,606.2,566.5,541.6,516.0,0.0,0.0,0.0,0.0,0.0,0.0,0.0,1264.9,933.2,758.2,650.6,588.5,546.9,492.7,46.2,44.3,43.0,41.8,40.6,39.7,39.7,147.6,150.5,153.7,157.7,162.8,168.2,177.7,1361.1,1083.1,938.9,849.6,788.2,755.1,744.3,870.2,704.5,620.1,571.1,541.5,525.0,516.1,814.0,667.7,591.5,549.7,525.2,510.2,499.1,782.1,645.4,570.9,532.8,510.8,495.5,475.5,768.1,620.4,545.9,509.7,488.9,474.9,460.9,754.9,612.4,539.2,503.7,480.1,459.7,426.0,785.4,633.6,552.5,511.4,485.8,464.0,424.6,884.4,696.6,593.3,534.6,502.2,478.7,436.6,1027.3,789.3,658.8,578.0,529.5,500.8,458.6,1186.3,911.0,757.7,659.2,591.9,546.7,493.0,0.6863,0.9508,1.1148,0.5285,0.7596,0.9251,0.0,0.0000,2026,0.8629,695.3,0462000485T,7.783,5853,26.4,23.3,25.4,60.6,55.7,874.3,631.0,538.2,1135.3,789.9,648.6,696.3,643.4,0.8618,0.9325,610.3,503.6,475.5,41.0,177.2,765.1,520.0,499.7,470.2,446.8,404.9,388.6,395.3,420.0,455.5,1910.8,1439.9,1898.7,47.5,145.3,2031.6,1278.5,1175.0,1113.8,1109.8,1086.2,1139.4,1314.5,1550.1,1790.0
RSA,ZAC257,RSA261,RSA-261,ARAGON,MIURA,NEBE,BERKEMEYER,1970,WC,,,,ORC,CLUB,C,300,12 02 2026 10:12:07,9.330,7.906,1.781,3.15,4989.,0.0,0.69,766.9,0.7178,835.9,0.8868,676.6,1297.2,1031.2,886.6,794.6,738.4,707.0,677.7,0.0,0.0,0.0,0.0,0.0,0.0,0.0,1001.8,810.0,707.0,646.8,612.3,591.8,569.3,0.0,0.0,0.0,0.0,0.0,0.0,0.0,1289.9,968.5,797.2,692.1,635.8,597.6,542.7,44.9,42.8,41.5,41.0,40.6,40.4,40.4,148.4,151.8,153.8,159.5,164.6,170.0,177.7,1370.3,1113.7,982.0,900.3,853.1,833.8,827.1,885.6,738.3,659.9,612.2,586.9,575.0,570.7,835.3,704.4,632.8,592.0,569.3,557.7,552.0,806.6,681.2,612.4,575.1,553.6,540.4,526.9,818.8,672.9,597.4,562.3,548.9,534.1,510.8,795.2,655.0,583.0,546.9,525.3,508.6,489.4,823.5,670.6,590.4,549.8,525.2,504.4,470.7,920.6,728.2,622.4,567.7,537.2,513.9,472.2,1060.0,822.8,687.8,607.6,562.6,535.5,492.7,1224.0,948.6,791.2,688.9,623.6,580.1,528.4,0.6623,0.8931,1.0196,0.5154,0.7221,0.8524,0.0,0.0000,2026,0.8135,737.6,04620004B97,6.704,5454,22.7,18.6,31.1,66.2,0.0,905.9,671.8,588.5,1164.1,830.9,703.9,740.8,681.5,0.8099,0.8805,668.6,559.9,530.6,41.5,177.2,847.1,573.7,551.5,522.9,497.1,478.3,455.9,441.8,456.2,490.1,1919.8,1455.0,1911.2,47.1,145.7,2005.4,1265.3,1168.0,1114.4,1151.5,1128.7,1177.4,1353.9,1588.4,1834.2
RSA,ZAC086,RSA2676,RSA-2676,Let's Go,Buccaneer,,Van de Stadt,1970,SOUTH AFRICA,,,,ORC,CLUB,R,293,03 02 2026 19:02:18,7.100,5.934,1.250,2.30,1449.,0.0,0.35,801.3,0.6929,865.9,0.8437,711.1,1315.1,1056.3,912.9,821.4,774.4,747.3,717.4,0.0,0.0,0.0,0.0,0.0,0.0,0.0,1021.1,836.6,738.5,682.7,652.5,631.8,604.3,0.0,0.0,0.0,0.0,0.0,0.0,0.0,1310.5,994.9,827.1,726.9,676.7,638.7,577.7,43.7,41.9,40.8,39.3,38.4,37.9,38.2,149.2,153.2,158.6,164.4,172.3,177.7,178.1,1361.2,1123.0,994.5,915.3,883.6,869.9,866.7,891.5,752.6,682.1,646.4,631.6,625.0,619.0,846.5,721.7,661.5,631.8,616.8,609.2,600.3,819.0,701.5,644.8,616.8,598.6,585.4,568.9,829.7,702.2,634.9,605.7,588.1,569.3,538.9,837.2,695.9,628.7,593.8,566.0,540.3,509.2,866.8,713.3,638.4,598.7,567.6,538.7,494.5,957.7,770.3,669.6,618.5,585.5,554.9,503.1,1099.0,860.0,728.3,653.8,612.3,582.1,527.3,1269.0,989.6,831.2,727.5,665.2,624.8,568.1,0.6459,0.8492,0.9575,0.5060,0.6979,0.8077,0.0,0.0000,2026,0.7773,771.9,0462000486O,5.629,1854,12.5,13.6,16.2,28.4,0.0,928.9,706.5,626.6,1185.8,859.7,742.9,771.4,720.1,0.7778,0.8332,701.1,588.4,559.1,39.7,178.1,882.1,619.0,597.1,558.3,522.3,493.0,467.3,458.5,483.3,520.2,1915.2,1450.3,1912.6,46.4,145.3,1941.4,1231.6,1142.7,1088.7,1116.3,1166.4,1220.0,1384.2,1636.0,1889.0
RSA,ZAC106,RSA2773,RSA-2773,Naledi,J-120,J Composites Eu,Rod Johnston,1994,SOUTH AFRICA,,,,ORC,CLUB,C,800,07 02 2026 18:43:30,12.244,11.258,2.158,3.67,6808.,0.0,0.20,578.6,0.9474,633.3,1.1683,513.5,965.1,771.8,662.2,600.3,570.8,551.2,521.3,0.0,0.0,0.0,0.0,0.0,0.0,0.0,738.0,601.5,531.9,493.9,472.9,457.7,431.7,0.0,0.0,0.0,0.0,0.0,0.0,0.0,959.9,724.1,597.9,525.9,490.2,462.1,416.5,43.8,41.7,39.8,38.0,36.9,36.5,36.0,142.6,146.4,147.5,152.4,155.0,158.2,146.7,1016.6,822.0,717.9,661.2,635.8,622.5,608.4,661.7,551.3,497.3,472.1,459.7,453.3,445.4,625.6,528.9,483.9,461.9,449.4,441.8,433.0,604.5,509.9,471.2,453.3,438.4,427.3,413.4,576.8,490.6,455.6,436.9,424.8,416.2,398.7,578.4,483.7,446.0,422.9,406.1,392.5,360.6,588.9,488.7,447.9,421.6,399.8,379.3,346.6,665.1,527.5,467.4,436.4,410.4,386.0,329.3,791.2,624.9,525.3,469.1,441.9,419.3,376.1,913.6,721.6,606.5,539.4,505.8,479.9,434.3,0.8958,1.1758,1.3282,0.6909,0.9556,1.1011,0.0,0.0000,2026,1.0724,559.5,046200048R8,10.729,7925,32.5,46.7,35.0,0.0,151.1,669.8,510.3,451.7,868.4,627.9,544.9,558.0,519.3,1.0754,1.1555,482.1,404.1,387.9,36.2,142.4,605.0,442.1,428.6,405.3,382.2,335.3,307.0,274.5,311.1,359.2,1402.6,1055.6,1396.0,46.7,138.9,1468.7,930.8,862.3,818.9,792.7,815.0,846.2,956.4,1157.4,1336.5
RSA,ZAC062,RSA290,RSA-290,Hamba,Elvstrom 1/4 Ton,Elvstrom & Kjareul,Elvstrom,1977,SOUTH AFRICA,,,,ORC,CLUB,R,250,07 02 2026 22:11:28,7.360,5.735,1.481,2.64,1801.,0.0,0.26,771.7,0.7173,836.5,0.8631,695.2,1185.5,973.9,862.9,803.8,771.9,752.5,730.2,0.0,0.0,0.0,0.0,0.0,0.0,0.0,930.5,782.5,712.4,675.7,653.2,636.9,616.9,0.0,0.0,0.0,0.0,0.0,0.0,0.0,1182.3,921.0,789.5,717.8,677.2,644.1,590.1,41.8,39.9,38.4,37.9,38.2,38.3,39.2,148.9,152.8,157.8,165.5,175.4,177.7,177.2,1217.6,1028.6,941.7,907.4,894.1,888.6,898.4,815.4,710.8,669.0,650.1,640.4,636.0,635.2,782.0,691.3,654.8,636.6,625.2,619.2,615.1,765.9,678.6,643.0,622.1,606.7,594.5,581.3,780.3,671.5,629.5,605.2,589.8,579.0,555.2,770.8,662.8,619.7,589.2,562.9,542.9,521.3,796.4,675.8,626.0,593.5,564.3,539.9,507.5,870.1,718.2,646.5,609.2,577.0,547.7,506.4,998.9,798.6,690.1,636.7,603.7,573.9,523.4,1153.4,919.3,784.0,700.2,649.7,616.4,561.9,0.7005,0.8680,0.9472,0.5557,0.7232,0.8011,0.0,0.0000,2026,0.7998,750.2,04620004A6B,5.576,2166,11.9,13.6,19.8,43.1,36.1,856.5,691.2,633.4,1079.7,829.6,749.0,752.2,695.6,0.7977,0.8626,724.6,609.9,579.1,41.2,178.1,930.4,642.1,617.8,575.8,544.0,509.0,489.4,477.0,485.8,518.8,1673.2,1277.4,1673.4,45.1,144.3,1671.5,1078.3,1016.1,982.2,1010.8,1041.7,1080.4,1220.2,1450.6,1675.0
RSA,ZAC027,RSA2927,RSA-2927,Cassiopia,SADLER 32,,DAVID SADLER,1979,TAMBOERSKLOOF,,,,ORC,CLUB,C,477,03 02 2026 19:14:41,9.454,7.851,1.488,3.16,5722.,0.0,0.73,763.4,0.7163,837.7,0.8870,676.5,1270.5,1020.9,886.5,800.2,745.5,713.2,685.1,0.0,0.0,0.0,0.0,0.0,0.0,0.0,978.7,799.5,704.8,650.0,616.9,596.2,572.5,0.0,0.0,0.0,0.0,0.0,0.0,0.0,1261.1,957.1,795.7,696.1,640.4,601.7,545.8,45.9,44.1,43.4,42.6,41.8,41.7,41.9,148.2,152.3,155.6,161.0,166.2,174.5,178.6,1364.7,1122.1,996.1,918.3,870.2,846.4,836.1,871.1,730.3,656.6,615.5,591.5,577.6,568.5,816.2,692.7,628.1,593.4,573.3,561.0,551.5,786.1,668.3,607.3,575.6,557.3,544.7,527.5,791.3,654.1,586.8,555.1,537.0,523.6,508.4,776.2,644.0,579.7,549.0,528.5,509.8,477.0,802.5,661.5,588.5,553.4,531.6,512.0,475.7,883.6,713.5,618.8,570.0,543.3,522.6,482.0,1018.7,798.2,677.7,605.3,565.3,541.5,502.7,1176.3,919.8,776.9,682.2,620.8,580.0,534.1,0.6748,0.8923,1.0126,0.5237,0.7197,0.8442,0.0,0.0000,2026,0.8133,737.7,0462000486R,6.570,6380,22.7,20.3,29.1,63.7,52.0,889.2,672.4,592.5,1145.7,833.7,710.7,742.0,676.5,0.8086,0.8870,677.9,562.8,532.6,43.2,177.7,857.2,571.2,550.7,520.6,497.5,459.3,452.3,453.2,467.4,498.5,1860.8,1402.8,1849.7,48.6,144.8,1972.3,1230.5,1125.1,1062.9,1090.7,1084.5,1130.3,1278.2,1515.0,1749.4
RSA,ZAC213,RSA2941,RSA-2941,SALT,C&C 30 MK2,C&C Yachts,C&C,1988,,,,,ORC,CLUB,C,340,19 02 2026 14:45:48,9.120,7.907,1.831,3.30,3753.,0.0,0.28,705.8,0.7713,778.0,0.9532,629.5,1151.6,927.0,806.6,742.1,708.2,687.2,667.2,0.0,0.0,0.0,0.0,0.0,0.0,0.0,885.1,726.6,647.8,606.8,583.5,568.2,549.4,0.0,0.0,0.0,0.0,0.0,0.0,0.0,1145.8,870.6,728.1,647.4,605.8,574.0,523.9,43.7,41.4,40.2,39.3,38.9,38.7,39.3,144.8,147.3,148.4,152.3,158.1,161.9,162.8,1209.1,991.1,879.9,823.1,801.7,793.6,800.0,791.4,666.6,604.8,576.5,564.3,559.8,559.0,750.7,639.3,586.8,561.9,549.5,544.3,541.7,726.7,621.3,573.4,548.9,533.7,523.7,515.5,702.6,597.4,554.5,533.1,520.3,512.2,492.2,693.8,584.6,541.3,514.9,493.8,478.1,455.2,717.9,596.3,546.8,517.3,491.9,468.8,436.9,803.8,648.4,571.8,535.0,507.2,481.0,433.7,947.5,747.3,635.1,574.2,542.0,518.1,473.8,1094.0,862.9,733.3,661.1,614.7,580.9,534.4,0.7446,0.9606,1.0620,0.5773,0.7787,0.8759,0.0,0.0000,2026,0.8761,684.8,04620004C1B,7.245,4259,20.9,23.2,28.5,0.0,74.9,805.8,624.6,565.0,1039.3,770.5,685.0,684.6,634.3,0.8764,0.9459,663.3,541.9,513.3,41.5,158.8,833.9,565.3,543.7,512.5,481.6,439.6,420.6,396.2,432.4,492.7,1675.7,1262.9,1669.2,46.5,140.2,1740.6,1107.1,1029.5,983.8,962.9,973.9,1008.9,1157.0,1394.9,1610.7
RSA,ZAC298,RSA2942,RSA-2942,Free Spirit,Lavranos 34,John Roberson,Angelo Lavranos,1986,Somerset Valley Estate 4319,,,,ORC,CLUB,C,590,20 02 2026 10:49:01,10.383,9.191,1.919,3.33,4022.,0.0,0.29,662.8,0.8268,725.7,1.0230,586.5,1120.0,890.0,766.4,688.9,644.9,620.5,594.7,0.0,0.0,0.0,0.0,0.0,0.0,0.0,855.6,692.7,610.6,563.0,535.1,517.6,493.9,0.0,0.0,0.0,0.0,0.0,0.0,0.0,1115.1,834.6,689.2,601.4,555.6,523.1,469.6,44.9,42.3,40.6,39.1,38.3,38.0,38.5,143.3,147.1,148.8,159.1,165.7,177.2,178.6,1168.7,944.2,827.3,759.0,729.5,719.6,719.2,757.6,628.2,565.5,532.6,516.9,510.8,507.0,715.5,600.1,547.1,519.5,503.8,495.9,490.6,691.1,582.0,533.6,508.3,490.3,477.0,464.9,672.1,560.0,512.3,486.9,471.9,462.7,445.5,668.1,552.7,505.5,476.6,452.1,431.0,401.2,691.7,568.6,513.9,482.9,456.4,431.9,382.3,779.8,624.5,544.4,504.5,476.2,450.5,398.0,927.8,723.8,611.1,545.5,507.5,480.7,433.2,1071.3,835.7,705.6,618.8,560.2,521.5,470.2,0.7751,1.0297,1.1694,0.5970,0.8328,0.9726,0.0,0.0000,2026,0.9373,640.1,04620004C2S,8.466,4825,23.7,30.7,25.9,64.8,66.0,774.1,582.7,513.1,1005.0,720.5,616.9,637.6,595.4,0.9411,1.0077,581.7,476.8,449.8,39.8,177.5,736.3,509.4,490.8,460.3,432.8,380.1,344.3,334.9,381.7,427.1,1646.7,1237.2,1641.0,46.7,139.5,1703.7,1078.8,1000.5,952.5,948.7,943.3,981.8,1137.4,1376.7,1589.7
RSA,ZAC051,RSA2945,RSA-2945,Firefly,Flamenca,Nebe,Berckemeyer,1976,7979,,,,ORC,CLUB,R,170,04 02 2026 13:50:19,7.500,6.290,1.250,2.30,1901.,0.0,0.45,799.6,0.6882,871.9,0.8433,711.5,1301.7,1050.8,915.0,830.1,783.8,759.3,740.0,0.0,0.0,0.0,0.0,0.0,0.0,0.0,1009.5,830.1,736.9,683.9,654.9,636.7,616.0,0.0,0.0,0.0,0.0,0.0,0.0,0.0,1294.5,988.1,826.8,730.0,679.7,642.7,583.9,44.3,42.2,41.2,40.5,40.0,39.9,40.9,148.5,152.8,156.8,163.0,168.7,177.2,177.7,1373.7,1138.5,1016.4,944.2,912.9,904.8,918.7,895.1,759.9,689.0,651.3,632.7,626.0,625.0,848.7,727.1,665.2,632.3,614.8,606.4,602.5,821.1,703.9,646.1,615.2,596.6,583.8,570.8,825.2,689.9,628.3,600.6,588.2,572.4,545.7,810.4,678.5,617.8,586.2,562.4,541.6,516.8,839.2,694.6,625.0,589.0,562.2,536.6,496.3,924.6,748.3,654.1,606.1,575.7,548.1,497.8,1064.9,836.3,711.6,640.5,600.7,572.8,520.6,1229.6,963.1,813.5,716.0,654.8,613.9,561.3,0.6523,0.8492,0.9471,0.5101,0.6935,0.7913,0.0,0.0000,2026,0.7765,772.7,046200048AN,5.647,2175,12.5,12.5,14.3,32.1,0.0,919.8,706.5,633.5,1176.2,865.2,758.2,777.4,711.9,0.7718,0.8428,738.5,609.6,572.3,43.1,176.8,962.8,634.6,605.8,565.9,529.4,503.8,478.1,458.2,477.1,514.3,1894.6,1436.4,1887.7,46.8,144.6,1963.2,1243.1,1153.6,1102.3,1134.2,1124.2,1176.0,1331.6,1581.4,1826.0
RSA,ZAC149,RSA2954,RSA-2954,Sheshisa,Bavaria 38 match,Bavaria,Jakopin,2004,SOUTH AFRICA,,,,ORC,CLUB,R,759,04 02 2026 14:15:43,11.390,10.801,2.279,3.77,6850.,0.0,0.00,616.5,0.8974,668.6,1.1000,545.5,1036.5,823.6,706.2,634.1,593.8,570.2,542.7,0.0,0.0,0.0,0.0,0.0,0.0,0.0,796.4,645.3,567.1,523.1,498.2,481.7,459.4,0.0,0.0,0.0,0.0,0.0,0.0,0.0,1034.0,774.5,637.5,557.1,516.7,487.0,441.4,43.8,41.5,39.8,38.4,37.4,37.0,36.8,144.9,149.2,150.7,156.7,163.9,170.0,176.3,1061.6,861.0,755.6,695.5,666.7,654.1,644.5,694.9,580.0,522.2,493.1,478.7,471.6,465.6,660.2,557.1,507.3,482.3,468.3,459.9,452.8,641.0,542.9,497.3,473.8,458.0,446.2,432.4,647.3,536.9,487.8,466.3,455.3,440.7,417.8,635.2,523.8,476.7,451.7,432.6,418.6,401.1,654.6,536.8,482.5,454.3,432.1,413.0,382.6,729.8,585.8,508.7,470.5,445.5,423.3,381.4,875.9,680.8,569.0,502.9,469.2,445.9,404.9,1011.4,786.2,656.8,572.8,520.9,486.2,440.9,0.8323,1.1076,1.2567,0.6451,0.9038,1.0605,0.0,0.0000,2026,1.0102,593.9,046200048AU,10.010,7897,30.8,41.2,31.3,103.9,0.0,720.9,541.7,477.4,930.1,663.9,565.8,590.1,556.0,1.0168,1.0791,525.7,443.9,425.9,37.3,171.3,647.6,464.5,450.6,426.6,404.0,390.0,364.1,336.8,362.8,403.9,1513.9,1144.5,1511.4,46.4,137.7,1539.4,980.0,913.9,874.1,904.4,898.3,929.4,1064.1,1289.1,1488.5
RSA,ZAC206,RSA2960,RSA-2960,Havana Moon,Van De Stadt 34,H Vink,Van De Stadt,1983,Cape Town,,,,ORC,CLUB,C,510,03 02 2026 20:37:12,10.490,8.457,1.803,3.25,5290.,0.0,0.54,718.3,0.7684,780.8,0.9453,634.7,1209.9,961.3,827.2,742.6,690.5,661.7,634.7,0.0,0.0,0.0,0.0,0.0,0.0,0.0,933.0,754.6,661.3,608.0,576.9,558.0,535.2,0.0,0.0,0.0,0.0,0.0,0.0,0.0,1203.4,902.9,744.8,649.5,598.6,564.2,512.4,44.9,43.0,41.6,40.6,39.6,39.0,39.0,147.5,150.9,154.1,159.2,165.5,171.3,178.1,1274.1,1034.2,908.9,832.2,788.6,770.7,764.7,821.7,683.2,611.5,572.9,552.7,542.7,538.3,774.3,651.2,588.7,557.0,539.0,528.8,522.8,748.3,631.0,572.6,543.4,526.1,513.9,499.2,760.7,625.8,561.6,532.7,519.3,508.5,484.7,744.2,612.3,550.6,520.9,500.6,482.8,458.6,771.8,629.7,558.3,523.7,501.1,480.2,443.4,853.5,682.4,588.7,540.4,512.9,490.8,447.3,992.1,770.0,648.6,576.4,536.4,511.7,469.5,1145.6,888.5,745.4,653.0,592.4,552.7,504.7,0.7111,0.9521,1.0827,0.5527,0.7732,0.9108,0.0,0.0000,2026,0.8677,691.5,0462000487H,7.448,6002,24.8,23.2,33.8,74.3,0.0,843.8,630.2,554.2,1085.6,776.0,658.8,691.6,641.6,0.8676,0.9351,624.4,524.0,498.4,40.2,176.8,782.5,540.1,522.0,494.2,467.8,444.2,425.1,415.9,432.4,466.3,1785.3,1351.2,1778.0,47.3,144.4,1858.2,1170.7,1081.5,1029.5,1064.1,1054.9,1102.5,1250.4,1482.9,1712.3
RSA,ZAC208,RSA2992,RSA-2992,Li'L,TLC 19 Wing Keel,Wayne Robertson,Dudley Dix,1988,Cape Town,,,,ORC,CLUB,R,160,05 03 2026 11:28:03,5.807,5.606,1.137,2.23,855.,0.0,0.35,850.3,0.6431,933.0,0.7978,752.1,1436.2,1141.7,984.0,882.8,827.6,805.1,787.6,0.0,0.0,0.0,0.0,0.0,0.0,0.0,1099.4,889.9,784.1,720.9,683.9,663.6,638.5,0.0,0.0,0.0,0.0,0.0,0.0,0.0,1423.0,1068.1,884.3,771.8,710.4,669.0,594.8,44.4,43.2,42.2,41.2,40.4,40.8,44.5,149.6,153.7,159.1,165.3,173.6,177.2,176.8,1567.6,1272.7,1122.9,1025.3,979.7,977.3,1009.6,1014.7,836.3,747.2,696.0,670.5,663.8,664.4,957.1,795.2,715.0,671.9,647.4,637.0,633.0,901.5,745.5,678.6,650.8,623.9,602.8,585.8,837.0,700.2,642.5,612.2,597.0,586.3,551.2,838.9,699.5,638.5,596.9,562.5,535.3,505.0,876.1,720.1,649.8,606.6,569.2,534.5,467.7,981.3,784.4,683.8,632.3,591.9,555.9,478.2,1129.9,878.6,742.3,667.6,623.7,586.4,518.5,1304.7,1010.8,845.0,740.3,675.5,632.9,565.6,0.6032,0.8034,0.9101,0.4655,0.6491,0.7461,0.0,0.0000,2026,0.7316,820.1,04620004FNN,4.924,1090,10.1,10.8,5.8,20.2,0.0,994.7,746.8,659.3,1288.9,924.4,804.2,833.1,745.7,0.7202,0.8046,779.1,621.6,573.6,47.3,161.1,1059.1,675.6,638.0,582.4,535.3,482.6,429.2,385.3,439.2,499.0,2136.0,1603.7,2117.6,46.4,146.0,2319.3,1469.8,1361.6,1289.4,1173.1,1175.4,1242.5,1433.6,1691.1,1952.7
RSA,ZAC003,RSA3000,RSA-3000,Alegria,Whitbread MG30,PILATOWICZ,M. VOOGD,1994,7945 CAPE TOWN South Africa,,,,ORC,CLUB,R,600,03 02 2026 18:03:20,9.470,8.735,1.929,3.36,2553.,0.0,0.15,605.0,0.9018,665.3,1.1088,541.1,968.5,785.6,689.7,640.0,613.0,589.0,537.4,0.0,0.0,0.0,0.0,0.0,0.0,0.0,746.1,621.8,561.1,526.5,503.6,483.7,447.4,0.0,0.0,0.0,0.0,0.0,0.0,0.0,960.9,739.0,626.1,560.7,522.4,488.5,427.6,43.4,40.9,38.8,37.2,37.0,36.8,37.1,143.1,147.3,150.7,153.3,151.3,146.7,141.9,1044.9,855.2,760.0,716.7,700.0,690.9,685.5,685.7,579.7,535.3,514.0,503.4,497.0,490.1,651.3,559.1,522.1,500.3,486.8,479.2,470.2,630.9,546.3,511.2,486.4,466.5,453.1,438.9,594.9,523.1,498.6,480.4,460.9,440.1,410.2,575.9,504.8,466.3,441.8,423.0,405.7,376.1,585.6,507.6,464.7,430.7,402.8,382.3,347.3,651.7,537.5,487.7,447.7,408.6,370.0,299.8,772.6,620.1,536.8,490.1,456.0,421.8,337.2,892.1,716.1,619.5,563.3,526.1,487.1,389.3,0.8773,1.1106,1.2630,0.6841,0.9064,1.0423,0.0,0.0000,2026,1.0218,587.2,04620004866,8.708,3355,19.6,32.6,19.2,0.0,111.4,683.9,540.2,475.1,877.1,662.0,575.7,594.3,537.5,1.0095,1.1164,490.1,419.2,397.3,38.6,147.0,696.6,490.3,468.2,432.4,394.5,352.6,315.2,255.5,245.6,283.6,1385.2,1051.0,1374.6,45.7,139.5,1491.9,953.0,887.9,846.0,823.9,794.0,819.3,916.8,1107.3,1278.6
RSA,ZAC275,RSA306,RSA-306,Narnia,Flamenca Modified,Nebe,Berckemeyer,1976,Cape Town,,,,ORC,CLUB,R,360,03 02 2026 20:57:03,7.471,6.309,1.328,2.52,1763.,0.0,0.36,799.5,0.6902,869.3,0.8464,708.9,1323.8,1064.9,923.9,829.4,771.2,735.2,705.8,0.0,0.0,0.0,0.0,0.0,0.0,0.0,1022.3,836.4,739.6,682.9,647.0,622.1,594.2,0.0,0.0,0.0,0.0,0.0,0.0,0.0,1315.2,999.0,832.2,729.2,671.0,628.8,569.8,44.1,42.6,42.1,41.0,39.2,38.3,38.8,148.8,152.8,155.4,163.0,169.6,177.2,177.4,1410.4,1162.7,1033.6,949.1,890.4,856.8,849.5,919.7,771.4,692.5,652.5,628.6,613.1,603.9,872.3,738.9,669.5,634.8,613.7,598.8,585.7,844.7,716.8,652.6,619.3,598.9,582.7,557.1,817.5,679.1,620.4,591.7,573.1,562.0,542.6,798.9,669.7,613.3,581.5,553.9,528.9,497.4,824.7,684.3,620.9,587.5,559.0,530.3,486.8,932.9,749.1,649.0,605.4,575.8,547.1,494.9,1071.5,840.0,709.5,636.6,600.2,573.0,519.9,1237.2,967.0,814.1,709.7,652.0,613.7,562.2,0.6456,0.8503,0.9711,0.5024,0.6929,0.8183,0.0,0.0000,2026,0.7777,771.6,0462000487L,5.630,2245,12.8,12.2,12.4,36.4,0.0,929.4,705.6,617.9,1194.3,865.9,733.2,775.8,710.5,0.7734,0.8445,696.1,581.0,551.2,41.0,176.8,877.6,606.2,584.5,546.5,516.6,482.7,459.7,453.2,476.7,514.6,1942.4,1467.0,1932.4,46.7,145.1,2042.3,1296.1,1205.3,1152.3,1145.8,1109.9,1153.6,1335.4,1595.7,1842.5
RSA,ZAC038,RSA31003,RSA-31003,CuAl6(PO4)4(OH)8.4H2O,Cape 31,Noordhoek,Mills,2017,SOUTH AFRICA,,,,ORC,CLUB,R,595,11 02 2026 09:52:17,9.573,9.367,2.442,3.05,1807.,0.0,0.00,548.0,0.9831,610.3,1.2309,487.4,893.5,720.0,639.6,593.1,557.6,526.7,472.0,0.0,0.0,0.0,0.0,0.0,0.0,0.0,688.5,569.7,511.5,474.7,447.2,424.9,388.3,0.0,0.0,0.0,0.0,0.0,0.0,0.0,890.8,678.9,576.0,509.7,465.8,427.9,365.4,42.9,40.5,38.8,38.2,37.8,37.6,37.6,141.7,145.3,148.7,150.1,145.3,143.6,145.2,921.0,756.9,694.4,671.5,659.1,651.0,640.5,606.4,517.1,484.2,469.8,459.7,452.2,442.1,575.8,501.1,465.1,447.6,436.2,427.7,416.7,556.0,490.5,446.5,417.9,403.2,391.4,376.2,567.8,494.1,449.0,407.2,377.8,360.7,336.6,549.5,468.6,423.0,394.5,370.6,350.4,304.7,559.2,471.2,413.3,375.8,349.7,327.7,292.9,627.2,502.9,441.5,385.3,337.9,301.5,258.6,750.0,591.5,506.4,445.8,395.0,348.5,262.9,866.0,683.0,584.7,514.6,456.1,402.4,303.6,0.9537,1.2295,1.4397,0.7437,0.9832,1.1675,0.0,0.0000,2026,1.1287,531.6,04620004B49,9.628,2608,20.6,38.0,24.1,0.0,116.8,629.1,488.0,416.8,806.8,610.3,513.9,539.4,482.2,1.1123,1.2443,444.7,369.1,344.0,38.5,149.7,649.1,443.0,414.8,368.3,321.9,276.2,264.6,226.7,208.0,240.2,1293.8,981.7,1291.0,45.1,139.3,1322.7,846.9,789.3,751.4,775.9,778.0,805.9,905.9,1095.5,1265.0
RSA,ZAC107,RSA31006,RSA-31006,Nemesis,Cape 31,Noordhoek,Mills,2017,SOUTH AFRICA,,,,ORC,CLUB,R,595,03 02 2026 21:26:10,9.573,9.372,2.444,3.05,1854.,0.0,0.00,549.9,0.9822,610.8,1.2274,488.8,898.2,723.2,640.6,593.1,557.2,525.8,471.1,0.0,0.0,0.0,0.0,0.0,0.0,0.0,692.6,572.3,513.1,475.8,448.1,425.5,389.0,0.0,0.0,0.0,0.0,0.0,0.0,0.0,895.5,682.0,577.3,510.5,466.6,428.7,367.1,42.6,40.4,38.5,37.7,37.2,37.0,36.9,141.9,145.3,148.7,150.1,145.6,144.1,145.0,924.8,758.9,693.8,668.7,654.7,645.5,634.5,610.1,519.1,485.3,470.6,459.9,451.9,441.6,579.8,503.3,466.8,449.1,437.4,428.5,417.4,560.1,492.9,448.8,420.3,405.5,393.6,378.7,572.6,496.7,451.9,410.2,380.8,363.9,340.2,552.8,470.7,425.2,396.7,372.8,352.7,308.2,562.4,473.5,415.4,377.9,351.8,329.8,295.4,631.5,505.5,444.0,388.4,340.4,303.9,261.3,754.8,595.4,508.7,448.2,398.1,351.6,266.4,871.6,687.5,587.4,517.4,459.7,406.0,307.7,0.9487,1.2261,1.4373,0.7401,0.9823,1.1693,0.0,0.0000,2026,1.1258,532.9,0462000487U,9.672,2659,20.7,37.9,24.1,0.0,116.6,632.4,489.4,417.4,810.7,610.8,513.1,540.1,484.7,1.1109,1.2379,442.1,369.2,345.3,37.7,149.5,641.6,442.2,415.4,370.7,325.6,280.3,267.8,228.9,210.0,242.5,1299.1,986.4,1296.4,44.9,139.3,1326.1,850.4,793.5,756.6,781.9,782.2,810.0,910.9,1101.6,1272.0
RSA,ZAC097,RSA31008,RSA-31008,008,Cape 31,Noordhoek,Mills,2017,SOUTH AFRICA,,,,ORC,CLUB,R,595,03 02 2026 20:39:57,9.573,9.384,2.445,3.05,1864.,0.0,0.00,550.4,0.9822,610.9,1.2269,489.0,901.0,724.7,640.2,592.6,557.0,525.7,470.5,0.0,0.0,0.0,0.0,0.0,0.0,0.0,694.8,573.5,513.3,475.8,447.9,425.3,388.5,0.0,0.0,0.0,0.0,0.0,0.0,0.0,898.2,683.4,577.3,510.4,466.4,428.5,366.6,42.6,40.4,38.5,37.6,37.1,36.9,36.7,141.8,145.3,148.7,150.1,145.6,144.0,144.9,929.8,761.6,692.8,667.3,653.3,644.2,632.9,613.0,520.8,485.2,469.7,459.0,451.0,440.6,582.4,504.8,467.2,448.4,436.6,427.8,416.4,562.7,494.5,450.7,420.2,405.0,393.0,377.6,575.7,497.8,454.0,412.6,381.4,363.6,339.4,553.1,471.1,424.7,396.4,372.6,352.4,309.1,562.7,473.8,415.8,377.7,351.6,329.7,295.0,631.9,505.8,444.5,389.2,341.2,304.1,260.8,755.4,595.7,508.9,448.6,399.0,352.6,266.9,872.2,687.9,587.7,518.0,460.7,407.1,308.2,0.9461,1.2258,1.4384,0.7381,0.9826,1.1700,0.0,0.0000,2026,1.1254,533.1,0462000487I,9.699,2670,20.8,37.3,23.9,0.0,116.9,634.2,489.5,417.1,812.9,610.6,512.8,540.4,485.3,1.1104,1.2363,440.9,368.0,344.4,37.6,149.4,639.1,440.5,413.9,369.6,324.8,279.4,267.1,228.4,210.3,242.8,1304.6,991.0,1301.4,44.9,139.3,1335.6,856.5,799.4,762.5,788.4,783.5,811.1,912.0,1102.9,1273.5
RSA,ZAC111,RSA31011,RSA-31011,NITRO 31,Cape 31,Noordhoek,Mills,2017,,,,,ORC,CLUB,R,595,08 02 2026 07:43:09,9.573,9.376,2.446,3.05,1835.,0.0,0.00,546.8,0.9876,607.5,1.2339,486.2,892.0,718.3,636.6,589.9,555.2,524.2,466.6,0.0,0.0,0.0,0.0,0.0,0.0,0.0,687.8,568.9,510.5,473.5,446.0,423.5,385.3,0.0,0.0,0.0,0.0,0.0,0.0,0.0,889.5,677.5,574.1,507.8,464.4,426.8,363.8,42.7,40.3,38.3,37.4,37.0,36.7,36.6,141.7,145.3,148.9,150.3,146.0,144.2,144.9,916.8,752.4,687.3,662.6,648.6,639.6,628.1,604.7,515.9,482.1,466.8,455.9,448.0,437.3,574.9,500.8,463.7,445.5,433.7,424.9,413.4,555.7,491.0,447.0,417.6,402.6,390.6,374.3,567.6,491.4,451.1,409.4,379.0,361.6,337.1,550.3,469.3,422.8,394.6,370.9,350.8,306.7,559.9,472.5,414.4,376.1,350.2,328.3,293.0,628.0,504.0,444.1,389.9,341.0,302.7,256.5,751.0,592.5,507.5,448.1,399.9,354.0,264.2,867.2,684.2,586.0,517.3,461.7,408.7,305.1,0.9549,1.2322,1.4466,0.7452,0.9876,1.1757,0.0,0.0000,2026,1.1322,530.0,04620004AT8,9.767,2639,20.6,37.6,24.4,0.0,116.5,628.3,486.9,414.8,805.2,607.5,510.3,536.4,483.2,1.1185,1.2416,437.4,364.6,341.4,37.4,149.4,633.9,436.9,410.5,366.7,322.3,275.5,263.8,224.5,208.7,241.0,1291.3,980.1,1288.9,45.0,139.2,1315.9,843.5,786.7,749.7,774.8,778.8,806.8,907.0,1097.0,1266.8
RSA,ZAC185,RSA31013,RSA-31013,Vulcan,Cape 31,Noordhoek,Mills,2017,SOUTH AFRICA,,,,ORC,CLUB,R,595,03 02 2026 20:35:52,9.573,9.386,2.446,3.05,1875.,0.0,0.00,551.8,0.9796,612.5,1.2229,490.6,901.7,725.6,641.8,594.4,558.8,527.4,472.9,0.0,0.0,0.0,0.0,0.0,0.0,0.0,695.3,574.3,514.6,477.5,449.8,427.4,391.1,0.0,0.0,0.0,0.0,0.0,0.0,0.0,898.7,684.2,578.7,512.2,468.4,430.6,369.2,42.7,40.4,38.1,37.7,37.2,37.0,36.9,141.9,145.3,148.7,150.1,145.6,144.2,145.0,931.1,763.1,695.7,670.6,656.7,647.3,636.6,614.0,521.7,486.8,472.1,461.7,453.7,443.7,583.5,505.5,468.8,450.9,439.3,430.6,419.7,563.5,495.1,451.6,422.3,407.6,395.9,381.3,576.0,498.8,454.6,413.4,383.4,366.4,343.0,553.3,471.6,426.7,398.5,374.8,354.8,311.0,562.9,474.2,416.7,379.8,353.8,331.9,297.4,632.0,506.0,444.7,389.6,341.9,305.5,263.2,755.4,595.9,509.1,448.8,399.2,352.9,267.8,872.2,688.1,587.8,518.1,461.0,407.4,309.2,0.9452,1.2220,1.4307,0.7374,0.9800,1.1654,0.0,0.0000,2026,1.1219,534.8,0462000487F,9.651,2682,20.8,37.8,23.4,0.0,116.7,634.8,491.0,419.4,813.7,612.2,514.8,542.2,486.2,1.1066,1.2341,443.8,371.3,347.6,37.7,149.6,644.0,444.4,417.9,373.6,328.5,282.9,270.1,230.5,210.9,243.5,1305.0,991.4,1301.8,44.9,139.3,1337.0,857.5,800.4,763.5,789.3,783.0,810.8,911.7,1102.6,1273.1
RSA,ZAC105,RSA3171,RSA-3171,Mr B,Lavranos 34,John Robertson Yac,Lavranos,1986,SOUTH AFRICA,,,,ORC,CLUB,C,650,11 02 2026 12:43:43,10.383,9.212,1.932,3.33,4255.,0.0,0.31,692.8,0.7950,754.7,0.9862,608.4,1213.4,949.2,803.5,711.6,658.7,630.4,602.7,0.0,0.0,0.0,0.0,0.0,0.0,0.0,925.6,736.2,636.5,579.4,546.8,528.0,503.7,0.0,0.0,0.0,0.0,0.0,0.0,0.0,1209.8,889.8,720.6,619.4,567.7,533.9,480.3,45.0,43.3,41.6,40.1,39.0,38.5,38.8,147.3,150.5,152.0,158.2,165.1,171.8,177.4,1249.0,997.0,864.3,782.9,742.3,728.4,724.8,804.3,655.5,581.1,541.2,521.4,513.3,509.1,755.3,622.9,559.0,526.1,507.8,498.3,492.7,726.9,603.0,543.4,514.0,495.0,481.0,467.7,729.3,593.4,530.2,500.6,484.5,476.2,450.2,725.8,589.8,526.0,494.2,470.3,450.0,422.3,759.5,611.8,537.4,500.7,474.6,451.3,408.1,871.5,678.5,574.2,522.1,492.0,467.2,419.4,1020.0,780.9,644.0,562.5,518.5,491.0,445.3,1177.8,901.4,742.6,640.2,575.2,532.4,480.7,0.7221,0.9944,1.1459,0.5549,0.8013,0.9568,0.0,0.0000,2026,0.9014,665.6,04620004B52,8.244,5127,24.1,30.3,27.1,64.2,0.0,830.9,603.4,523.6,1081.3,748.8,627.1,660.6,622.7,0.9082,0.9635,589.8,488.1,461.8,40.1,175.8,739.8,510.5,492.0,462.8,436.6,404.6,374.8,366.4,398.4,439.8,1811.4,1360.4,1807.9,46.8,144.7,1846.5,1166.9,1076.3,1022.3,1047.6,1042.6,1100.1,1291.8,1538.4,1776.4
RSA,ZAC180,RSA3184,RSA-3184,Triton,DD 26,Radiant / OwnerKit,Dudley Dix,1993,SOUTH AFRICA,,,,ORC,CLUB,S,340,08 02 2026 09:40:25,8.000,7.732,1.677,2.50,1331.,0.0,0.19,649.9,0.8305,722.4,1.0372,578.5,1071.6,857.0,743.2,695.5,665.3,638.1,580.0,0.0,0.0,0.0,0.0,0.0,0.0,0.0,819.3,672.1,598.5,561.6,535.4,513.1,474.9,0.0,0.0,0.0,0.0,0.0,0.0,0.0,1062.0,803.8,671.2,600.8,556.7,516.9,447.0,43.6,41.5,39.7,38.6,39.0,39.2,40.2,142.6,146.9,151.1,152.3,149.8,146.2,141.6,1167.6,941.7,824.4,787.6,774.8,769.0,773.2,761.0,629.9,570.1,549.5,541.1,536.2,532.1,718.4,603.8,553.6,529.2,518.6,512.1,505.3,692.4,587.2,540.8,505.6,484.6,474.4,462.8,631.7,549.3,522.5,501.4,471.5,445.2,422.8,621.8,533.0,482.6,454.7,432.5,413.2,380.6,637.8,542.4,486.5,439.3,409.4,386.4,346.2,709.9,581.1,521.5,472.2,424.1,375.2,302.4,845.0,668.8,573.9,523.7,481.3,439.2,335.0,975.7,772.2,662.1,603.4,555.7,507.2,386.9,0.8046,1.0407,1.1897,0.6222,0.8365,0.9629,0.0,0.0000,2026,0.9516,630.5,04620004ATR,7.461,1802,15.1,22.4,12.1,0.0,59.1,745.7,576.5,504.3,964.3,717.3,623.1,642.5,572.7,0.9339,1.0476,542.6,452.8,421.3,42.3,146.3,795.0,535.6,506.3,459.7,411.3,358.5,315.3,263.3,251.4,290.3,1554.9,1172.0,1541.0,45.7,139.4,1693.7,1080.4,1003.8,954.0,881.7,863.9,893.4,1013.6,1226.3,1416.1
RSA,ZAC064,RSA3272,RSA-3272,B & G,L 26,TON CUP,ANGELO LAVRANOS,1980,,,,,ORC,CLUB,S,420,02 04 2026 11:26:58,7.800,7.065,1.476,2.70,1731.,0.0,0.28,734.5,0.7537,796.1,0.9213,651.3,1219.9,976.4,842.2,755.1,706.9,682.6,657.2,0.0,0.0,0.0,0.0,0.0,0.0,0.0,938.2,767.4,678.9,626.6,595.0,575.4,546.3,0.0,0.0,0.0,0.0,0.0,0.0,0.0,1219.9,919.1,761.9,667.0,617.2,582.0,519.6,43.5,41.7,40.1,38.4,37.8,37.6,38.5,148.4,152.3,155.2,163.7,172.3,178.1,178.1,1219.9,1008.3,895.9,827.5,794.4,785.0,788.3,798.7,675.4,618.9,589.7,571.7,564.4,560.1,758.9,650.0,602.5,576.8,557.9,547.3,540.0,736.5,635.9,590.8,564.5,543.1,525.7,509.6,750.7,635.2,580.4,549.4,527.2,515.6,485.2,760.3,635.1,580.4,546.5,516.1,488.1,443.5,792.2,654.0,590.4,555.4,524.9,494.4,429.7,907.9,722.4,622.1,576.7,545.1,515.8,452.2,1056.5,819.6,686.6,610.5,571.6,542.2,486.9,1219.9,944.5,788.5,682.8,619.3,580.1,526.2,0.7036,0.9261,1.0538,0.5464,0.7590,0.8835,0.0,0.0000,2026,0.8465,708.8,04620004K5B,6.789,2293,14.5,17.7,18.5,35.2,0.0,852.8,647.9,569.4,1098.1,790.5,679.1,701.9,667.3,0.8549,0.8991,645.3,526.0,493.0,40.8,167.2,814.4,562.5,539.0,502.2,467.8,417.4,372.6,378.3,424.1,476.1,1782.7,1336.9,1787.4,46.2,144.2,1736.0,1104.0,1027.5,981.9,1012.2,1063.6,1118.6,1314.4,1584.2,1829.3
RSA,,RSA3425,RSA-3425,Moonshadow,Moondancer,Piet Human,Zack De Beer,2005,,,,,ORC,CLUB,C,670,24 02 2026 11:57:16,11.643,10.088,1.966,3.64,5465.,0.0,0.18,590.8,0.9148,655.9,1.1295,531.2,939.5,762.2,675.0,632.1,606.5,587.5,560.0,0.0,0.0,0.0,0.0,0.0,0.0,0.0,717.8,598.6,544.5,517.1,499.2,484.8,462.0,0.0,0.0,0.0,0.0,0.0,0.0,0.0,937.5,717.3,610.7,551.6,517.8,489.4,443.4,44.0,41.6,39.6,38.5,37.8,37.5,37.8,142.6,146.7,149.4,152.8,156.8,160.1,146.2,959.1,793.9,728.2,703.1,686.5,675.8,666.6,621.5,533.8,505.1,494.7,489.2,483.8,478.2,584.8,514.4,489.7,480.0,474.3,470.1,464.5,557.0,499.6,475.0,461.8,454.4,449.2,442.5,559.2,499.0,471.1,452.4,439.1,429.8,417.5,587.8,500.1,465.4,444.2,429.9,413.6,388.9,599.3,505.0,466.7,440.4,418.7,400.4,370.0,670.0,541.8,486.0,455.2,428.2,402.0,347.6,796.7,632.6,538.5,488.3,461.3,438.4,392.6,919.9,730.4,621.8,561.0,526.5,499.2,453.3,0.9116,1.1352,1.2503,0.7052,0.9219,1.0311,0.0,0.0000,2026,1.0390,577.5,04620004ELO,9.554,6395,28.7,40.9,31.1,0.0,128.7,658.2,528.5,479.9,850.8,650.8,581.9,574.6,534.8,1.0442,1.1220,522.0,437.9,418.5,38.8,142.7,671.3,477.1,462.6,437.8,409.9,370.6,336.8,295.8,322.8,372.7,1342.6,1003.9,1342.0,46.8,139.4,1348.7,850.3,777.7,720.4,725.0,822.1,847.5,956.9,1157.4,1336.5
RSA,ZAC070,RSA3500,RSA-3500,Ielool,VICKERS 41,Cape Vickers,ANGELO LAVRANOS,1985,SOUTH AFRICA,,,,ORC,CLUB,C,720,08 02 2026 11:39:26,12.430,10.442,2.232,4.06,10920.,0.0,0.66,644.6,0.8564,700.6,1.0506,571.1,1072.5,858.2,741.4,668.3,622.7,595.3,566.2,0.0,0.0,0.0,0.0,0.0,0.0,0.0,826.7,675.6,595.1,548.3,520.9,504.0,482.7,0.0,0.0,0.0,0.0,0.0,0.0,0.0,1070.8,807.9,669.3,584.8,540.4,510.1,465.2,44.0,41.9,40.5,39.4,38.5,38.0,37.8,146.4,150.3,153.3,156.8,163.5,168.7,178.1,1090.1,895.2,791.1,729.1,695.3,679.0,666.0,709.3,599.0,540.3,510.2,494.0,485.0,478.4,671.6,573.4,523.3,497.7,483.3,474.4,466.7,650.1,557.7,511.8,488.0,473.6,463.5,450.1,664.4,565.1,514.2,484.9,470.0,459.8,441.0,681.2,561.9,503.9,475.5,457.7,443.3,422.2,704.0,577.4,511.7,479.2,459.1,443.1,413.4,779.7,627.3,542.6,496.8,471.5,453.1,418.8,913.7,711.3,601.2,532.9,494.1,471.1,437.6,1055.0,821.2,691.7,607.5,550.0,511.7,466.4,0.7988,1.0570,1.1994,0.6215,0.8607,1.0148,0.0,0.0000,2026,0.9648,621.9,04620004AUB,9.416,11963,36.8,34.1,56.2,106.4,0.0,751.1,567.6,500.3,965.4,697.1,591.2,615.5,585.1,0.9748,1.0255,552.8,470.2,451.3,38.3,177.7,669.5,477.9,465.1,445.0,427.2,409.7,393.9,390.4,405.3,436.1,1566.2,1180.0,1566.9,47.1,143.3,1559.5,985.4,911.3,865.2,894.4,962.5,999.0,1139.1,1362.1,1572.9
RSA,ZAC039,RSA3502,RSA-3502,DARK MATTER,FARR 40 AJAX,AJAX RACING YACHTS,BRUCE FARR,1993,,,,,ORC,CLUB,R,702,08 02 2026 08:39:19,12.250,10.408,1.978,3.70,6130.,0.0,0.03,603.8,0.9091,660.0,1.1140,538.6,989.4,793.3,688.2,630.7,597.0,575.4,548.0,0.0,0.0,0.0,0.0,0.0,0.0,0.0,755.5,621.6,555.0,520.3,499.6,485.1,463.4,0.0,0.0,0.0,0.0,0.0,0.0,0.0,991.5,747.3,622.9,554.2,518.3,490.1,444.4,43.4,41.3,39.5,38.2,37.6,37.3,37.5,144.0,148.9,151.3,158.1,165.5,172.7,177.7,969.0,800.0,718.1,686.8,671.7,663.2,653.8,633.5,540.8,502.2,487.9,481.3,477.3,471.7,600.8,522.6,490.2,476.1,469.7,465.3,458.8,580.0,511.2,481.3,464.7,454.6,448.5,438.6,590.8,514.2,480.6,461.0,446.3,434.8,419.7,625.2,520.7,477.6,453.6,435.2,420.6,401.0,647.4,534.6,484.2,457.0,435.2,415.2,381.7,727.6,585.0,510.6,473.7,449.1,426.8,382.6,874.6,681.2,570.6,506.0,472.7,449.5,407.3,1009.9,786.6,658.4,574.6,522.4,487.5,442.2,0.8713,1.1212,1.2484,0.6731,0.9160,1.0517,0.0,0.0000,2026,1.0231,586.4,04620004ATF,9.931,7117,29.5,48.6,41.3,86.9,0.0,688.6,535.1,480.6,891.4,655.0,570.5,577.8,551.7,1.0385,1.0876,530.2,446.7,428.2,38.2,173.6,657.0,470.0,456.2,433.0,408.5,385.0,361.0,335.4,362.0,403.4,1422.0,1063.3,1427.6,46.1,138.3,1365.6,866.5,800.9,757.4,778.4,876.5,913.6,1056.7,1280.3,1478.4
RSA,ZAC309,RSA3560,RSA-3560,Sugarman,Moekli 30,A. Bergh,Moekli,1995,,,,,ORC,CLUB,C,340,11 05 2026 12:24:20,9.459,8.890,1.670,3.54,6201.,0.0,0.60,744.2,0.7189,834.6,0.9134,656.9,1289.7,1023.6,883.0,796.6,747.2,699.9,655.5,0.0,0.0,0.0,0.0,0.0,0.0,0.0,971.2,784.3,686.1,629.8,598.3,570.6,540.2,0.0,0.0,0.0,0.0,0.0,0.0,0.0,1279.2,954.5,784.2,678.8,622.6,576.0,515.4,47.9,46.1,45.2,44.3,42.1,41.1,40.1,145.1,146.9,147.8,149.3,153.9,159.0,179.8,1394.3,1124.4,984.5,900.0,858.9,806.5,770.2,872.8,715.4,634.0,587.1,565.9,553.5,534.4,797.7,666.1,595.7,558.9,541.1,533.4,518.8,735.8,621.3,562.5,533.8,517.4,507.1,498.3,724.3,609.0,550.9,522.4,504.5,490.6,470.6,755.0,619.0,550.8,518.4,497.1,478.7,448.1,781.7,637.7,561.5,524.3,501.2,481.3,446.1,872.9,696.4,599.5,546.0,516.8,495.5,458.1,1026.3,799.2,676.8,600.3,553.3,525.7,489.5,1185.0,922.8,781.5,693.2,635.4,593.3,540.7,0.6836,0.9180,1.0598,0.5187,0.7212,0.8632,0.0,0.0000,2026,0.8310,722.0,04620004PD0,7.198,6719,26.7,22.3,21.7,0.0,60.5,877.7,653.6,566.1,1156.7,831.9,695.1,721.5,662.5,0.8316,0.9056,641.7,527.4,499.9,40.8,179.9,778.9,533.9,515.5,489.2,461.4,430.6,418.6,425.5,457.9,504.6,1913.4,1413.6,1899.4,50.1,142.6,2053.9,1268.8,1126.5,1013.1,996.6,1073.9,1118.7,1284.1,1535.4,1772.9
RSA,ZAC254,RSA3565,RSA-3565,IMPI,Pacer 27 Sport,Pacer Yachts,Simonis/Voogd,2006,3901,,,,ORC,CLUB,S,500,09 06 2026 16:15:21,8.311,7.923,1.652,2.51,1155.,0.0,0.00,610.8,0.8862,677.1,1.1054,542.8,1003.8,805.5,705.5,653.4,620.2,588.5,527.0,0.0,0.0,0.0,0.0,0.0,0.0,0.0,771.3,635.9,569.0,528.1,498.2,472.6,430.4,0.0,0.0,0.0,0.0,0.0,0.0,0.0,997.9,757.9,638.0,564.7,518.0,475.8,404.0,43.8,41.7,38.9,37.5,37.1,37.1,37.6,142.5,146.4,151.5,150.8,147.8,145.0,141.8,1062.3,863.4,768.2,729.0,715.0,707.9,705.6,694.0,583.3,540.7,517.1,505.4,497.9,489.7,657.8,563.8,525.6,497.4,482.5,473.4,462.4,636.1,552.7,511.6,476.9,450.6,435.9,417.0,618.7,534.7,501.2,474.2,438.8,407.7,374.1,602.3,517.0,463.0,427.5,401.4,378.7,342.2,615.8,523.2,465.0,414.8,377.5,352.6,312.2,687.6,560.4,498.4,445.4,392.5,344.5,271.6,818.6,647.4,557.4,500.6,455.0,406.2,301.7,945.2,747.6,642.9,577.7,525.4,469.0,348.4,0.8528,1.1045,1.2954,0.6633,0.8887,1.0465,0.0,0.0000,2026,1.0156,590.8,04620004SLF,8.157,1784,14.1,23.2,14.2,0.0,67.0,703.6,543.2,463.2,904.6,675.1,573.3,599.9,541.5,1.0001,1.1079,491.5,405.8,376.9,39.0,146.8,715.7,489.4,459.9,408.0,355.0,307.5,277.9,236.5,231.5,267.3,1449.9,1100.5,1442.3,45.9,139.7,1525.7,974.8,908.6,866.0,873.8,847.8,875.0,985.2,1190.0,1374.1
RSA,ZAC300,RSA3585,RSA-3585,South East Cloud,Petersen 33 Cruising Sloop,Previous Owner Built,Petersen,1977,Cape Town,,,,ORC,CLUB,C,340,18 02 2026 14:05:14,9.940,8.651,1.810,3.00,5261.,0.0,0.48,710.6,0.7686,780.6,0.9488,632.4,1163.1,937.1,816.8,746.5,704.5,677.8,655.1,0.0,0.0,0.0,0.0,0.0,0.0,0.0,898.3,736.8,653.0,608.1,583.2,566.7,548.9,0.0,0.0,0.0,0.0,0.0,0.0,0.0,1158.7,881.3,735.7,650.3,605.7,572.0,521.4,43.8,41.2,40.2,40.1,40.0,39.7,40.1,144.7,148.7,152.3,157.4,169.1,177.2,178.8,1207.5,993.5,887.7,836.3,815.1,805.0,808.7,790.5,669.5,605.5,575.4,563.3,557.9,557.4,750.8,641.8,584.6,557.8,545.4,539.9,537.4,726.7,622.4,568.9,542.5,527.7,518.9,512.1,735.4,613.9,556.5,532.0,520.9,507.7,490.2,719.1,597.7,542.6,514.8,495.3,479.8,462.4,743.0,613.1,549.7,518.0,495.4,475.4,444.1,823.6,667.2,579.8,535.6,508.7,486.4,446.5,968.9,762.8,647.1,576.0,536.5,511.1,469.2,1118.7,880.8,745.9,656.7,593.9,550.7,501.5,0.7339,0.9561,1.0636,0.5714,0.7739,0.8876,0.0,0.0000,2026,0.8715,688.5,04620004BRU,7.514,5792,25.1,23.8,34.0,0.0,67.9,817.6,627.5,564.1,1050.1,775.3,676.0,689.2,637.1,0.8706,0.9417,647.4,541.3,511.4,41.5,178.6,831.9,565.1,540.0,509.5,481.8,453.2,429.3,414.6,431.9,463.0,1693.3,1279.2,1689.4,47.0,141.5,1733.1,1096.4,1018.1,971.7,1005.5,1003.8,1042.3,1192.5,1432.0,1653.5
RSA,ZAC015,RSA3600,RSA-3600,Ballyhoo Too,Mumm 36 mod.,Robertson & Caine,Farr,1993,SOUTH AFRICA,,,,ORC,CLUB,R,685,03 02 2026 18:44:28,10.910,9.726,2.306,3.59,3485.,0.0,0.00,574.7,0.9510,630.9,1.1666,514.3,920.5,742.6,652.3,607.3,579.4,559.1,524.3,0.0,0.0,0.0,0.0,0.0,0.0,0.0,709.2,587.6,531.2,500.5,479.2,461.9,433.1,0.0,0.0,0.0,0.0,0.0,0.0,0.0,919.8,700.7,592.9,533.4,496.9,465.1,412.7,42.6,40.4,37.9,37.2,36.8,36.7,36.7,141.7,147.6,152.8,159.4,165.9,165.5,154.6,926.8,762.8,693.7,670.1,658.2,650.8,644.5,612.2,524.2,493.3,481.6,474.8,469.9,463.9,583.4,509.6,481.4,467.9,460.3,454.4,446.9,566.3,500.5,471.2,451.4,439.0,430.7,418.6,579.3,498.3,469.6,447.0,426.7,411.2,389.9,575.4,490.4,451.5,423.3,403.1,386.5,362.2,592.3,498.9,456.9,423.1,392.3,365.8,332.1,661.6,538.4,483.6,447.4,413.3,378.3,310.5,791.6,625.6,530.8,482.3,448.0,416.1,351.0,914.1,722.3,610.9,544.5,500.6,467.5,404.1,0.9253,1.1703,1.3174,0.7216,0.9575,1.0886,0.0,0.0000,2026,1.0750,558.1,0462000486J,9.828,4414,24.0,41.4,32.3,101.0,93.7,648.4,512.7,455.4,831.5,626.6,551.2,557.4,520.8,1.0763,1.1520,487.6,409.3,389.1,38.1,146.0,655.7,464.4,445.2,413.1,376.7,343.7,309.2,253.8,276.7,319.5,1319.8,996.7,1320.6,45.1,138.3,1312.5,840.8,784.1,747.2,770.1,798.6,830.8,946.4,1149.4,1327.2
RSA,ZAC121,RSA3629,RSA-3629,Panashe,Flamenca,Nebe,Berckemeyer,1976,Cape Town,,,,ORC,CLUB,R,182,11 02 2026 11:55:59,7.500,6.362,1.250,2.30,1900.,0.0,0.43,791.8,0.6958,862.4,0.8502,705.7,1282.9,1035.2,901.4,820.4,778.5,756.2,739.3,0.0,0.0,0.0,0.0,0.0,0.0,0.0,994.2,818.1,728.4,678.9,652.6,635.6,615.9,0.0,0.0,0.0,0.0,0.0,0.0,0.0,1276.4,973.7,815.9,723.9,677.1,641.7,584.0,44.4,42.3,41.1,40.2,39.8,39.7,40.9,148.4,152.5,156.9,163.5,170.4,177.7,178.1,1348.3,1117.4,997.9,931.2,906.3,900.3,917.4,877.2,745.2,678.8,645.9,630.6,625.5,625.6,830.8,713.0,656.9,628.3,613.3,606.6,603.4,802.4,690.6,639.0,612.0,595.2,583.5,572.3,814.9,683.3,626.0,600.1,587.7,571.5,546.1,800.8,672.0,616.0,586.1,562.8,542.1,517.1,829.3,687.3,622.5,588.7,562.7,537.3,496.1,913.8,739.8,649.4,605.0,575.8,548.7,497.0,1054.4,827.4,704.3,636.8,599.8,572.8,520.8,1217.5,953.1,804.9,709.7,650.7,612.2,561.3,0.6621,0.8566,0.9487,0.5177,0.7019,0.7942,0.0,0.0000,2026,0.7835,765.8,04620004B4R,5.753,2189,12.6,12.8,15.2,32.5,0.0,906.2,700.4,632.4,1159.0,854.8,755.5,769.4,706.4,0.7799,0.8493,738.9,609.9,572.9,43.3,176.8,963.8,635.7,606.9,567.8,532.0,501.8,477.8,457.0,475.6,514.0,1867.1,1412.9,1861.3,47.1,144.4,1925.4,1216.9,1127.0,1073.5,1102.9,1113.0,1163.7,1318.0,1566.5,1808.9
RSA,ZAC278,RSA3702,RSA-3702,Zephyr,Elan 434 Impression,Elan,Humphreys,2005,,,,,ORC,CLUB,C,400,07 02 2026 22:43:43,13.000,11.730,1.908,4.20,11472.,0.0,0.47,654.5,0.8244,727.8,1.0424,575.6,1149.8,903.8,772.5,691.1,639.6,610.1,582.9,0.0,0.0,0.0,0.0,0.0,0.0,0.0,868.6,694.3,602.4,549.2,517.7,499.6,480.1,0.0,0.0,0.0,0.0,0.0,0.0,0.0,1139.8,843.2,687.1,591.3,538.4,503.4,453.1,47.3,45.2,43.7,43.0,42.7,42.6,42.9,143.1,146.4,147.8,155.4,161.0,166.3,177.2,1248.9,993.6,862.1,785.5,743.5,726.6,722.0,788.2,640.8,564.7,519.4,495.8,485.1,480.2,729.7,603.1,535.5,496.6,475.9,465.3,459.3,692.4,576.6,513.5,478.8,459.4,447.7,435.8,659.3,544.3,486.1,458.6,444.8,437.4,422.1,659.4,536.8,476.1,446.9,428.6,413.9,394.6,679.2,550.5,484.1,451.1,430.7,413.6,383.8,764.7,605.7,519.0,471.1,444.6,425.5,391.4,909.9,704.9,591.5,520.9,475.6,449.0,413.2,1050.6,814.0,683.0,596.6,535.6,493.6,443.8,0.7678,1.0505,1.2077,0.5844,0.8298,0.9880,0.0,0.0000,2026,0.9489,632.3,04620004AEI,9.479,12173,39.2,44.4,44.6,112.3,117.3,781.5,571.2,496.8,1026.7,723.1,607.3,635.6,577.2,0.9439,1.0395,577.2,471.8,441.5,44.3,177.2,742.6,485.2,459.8,432.4,410.3,379.7,363.5,359.7,381.1,411.8,1714.0,1274.1,1699.6,49.5,140.3,1857.5,1153.7,1043.2,973.2,930.4,940.5,978.7,1127.9,1360.1,1570.5
RSA,ZAC300,RSA3703,RSA-3703,Wasabi,Didi 34,,Dudley Dix,1994,,,,,ORC,CLUB,C,400,07 02 2026 23:33:17,10.500,9.573,1.971,3.40,4775.,0.0,0.29,647.3,0.8332,720.1,1.0440,574.7,1090.7,870.9,751.6,687.0,648.0,624.5,600.1,0.0,0.0,0.0,0.0,0.0,0.0,0.0,826.0,673.4,594.9,553.6,527.7,510.3,488.7,0.0,0.0,0.0,0.0,0.0,0.0,0.0,1084.9,815.2,673.8,593.3,548.7,515.2,462.5,45.9,44.0,42.3,40.8,39.1,38.9,39.3,143.0,147.1,148.7,151.2,156.1,161.2,163.0,1148.5,932.1,818.7,763.6,731.4,718.7,716.9,729.1,606.1,546.1,520.0,510.9,502.6,498.1,677.4,573.3,524.5,502.0,493.1,487.1,480.9,638.4,548.2,507.2,484.8,470.1,461.9,454.1,639.0,545.6,499.8,476.7,458.2,443.0,425.3,646.3,537.4,491.0,462.7,439.6,421.3,399.0,666.9,550.2,498.4,468.5,442.9,419.5,377.2,751.3,603.5,527.4,489.4,462.2,437.2,387.6,894.5,701.2,592.8,529.3,494.9,470.9,428.6,1032.9,809.7,684.4,610.4,564.7,530.4,483.3,0.8003,1.0510,1.1845,0.6118,0.8402,0.9658,0.0,0.0000,2026,0.9535,629.2,04620004AS6,8.611,5372,24.5,31.7,20.8,0.0,78.2,749.7,570.9,506.5,980.7,714.1,621.2,627.2,582.7,0.9566,1.0297,589.5,475.3,448.0,40.8,158.2,735.7,501.0,481.6,450.2,417.2,381.3,350.9,330.0,385.5,443.4,1591.5,1181.9,1584.6,49.2,138.8,1659.8,1032.1,933.2,859.4,864.5,910.4,943.7,1087.7,1319.0,1523.1
RSA,ZAC087,RSA3713,RSA-3713,Libra,Sun Odyssey 39i,Jeanneau,Lombard,2009,SOUTH AFRICA,,,,ORC,CLUB,C,510,25 02 2026 12:08:34,11.860,10.631,1.926,3.90,6359.,0.0,0.30,634.8,0.8518,704.4,1.0699,560.8,1085.4,860.4,737.9,667.4,630.6,608.6,586.3,0.0,0.0,0.0,0.0,0.0,0.0,0.0,826.5,666.4,582.6,536.4,511.1,494.7,474.1,0.0,0.0,0.0,0.0,0.0,0.0,0.0,1079.6,805.6,660.5,575.0,531.3,499.3,447.1,45.4,43.2,41.6,40.6,40.2,40.1,40.8,143.0,146.8,148.5,150.2,153.8,159.2,162.1,1143.8,920.6,802.4,738.3,712.6,703.8,707.5,734.2,605.6,538.9,503.9,488.5,483.0,481.3,688.1,575.4,517.6,487.3,472.4,466.1,462.8,659.0,554.8,502.1,474.5,457.2,445.5,435.2,651.1,537.1,483.7,458.8,446.5,437.5,414.1,641.2,526.0,473.6,444.9,422.1,403.6,381.2,662.3,540.4,481.8,450.5,425.1,402.4,360.9,746.5,595.7,514.8,471.9,444.1,419.3,372.1,889.4,693.0,583.2,516.6,477.8,452.8,410.9,1027.0,800.2,673.4,596.4,548.5,513.4,465.1,0.8038,1.0786,1.2218,0.6167,0.8599,0.9905,0.0,0.0000,2026,0.9776,613.7,04620004ET4,9.406,7125,30.8,37.0,33.7,0.0,90.8,746.5,556.3,491.1,972.9,697.8,605.8,612.6,568.9,0.9794,1.0547,579.6,463.7,433.9,42.5,157.8,733.7,487.5,466.2,433.3,402.8,365.6,335.4,320.8,370.0,425.6,1598.5,1198.0,1591.0,47.8,139.3,1672.7,1049.8,964.4,910.0,922.2,909.5,943.2,1090.1,1319.9,1524.1
RSA,ZAC013,RSA3786,RSA-3786,ATURA,J/105,J Boats,Johnstone,1991,SOUTH AFRICA,,,,ORC,CLUB,C,580,03 02 2026 20:13:39,10.570,9.669,2.022,3.34,4168.,0.0,0.20,618.5,0.8866,676.7,1.0903,550.3,1015.8,813.5,703.5,644.5,615.4,594.8,559.9,0.0,0.0,0.0,0.0,0.0,0.0,0.0,781.9,638.9,568.3,530.9,509.5,492.8,464.6,0.0,0.0,0.0,0.0,0.0,0.0,0.0,1009.2,764.1,636.7,565.2,528.4,497.4,446.7,43.4,41.2,39.4,37.8,37.0,36.6,36.7,143.1,147.1,149.4,152.5,156.1,158.3,144.1,1081.5,875.5,767.7,713.7,691.7,679.1,667.1,708.7,590.9,534.3,508.9,497.5,491.3,484.0,672.7,567.8,520.0,497.1,484.9,478.2,469.8,652.8,554.1,509.8,486.6,470.7,459.3,446.8,625.2,528.1,495.0,479.8,466.7,450.5,427.7,608.7,512.9,475.1,450.7,434.6,421.4,397.3,622.5,519.4,477.2,448.0,424.0,402.7,370.4,693.7,560.3,498.9,464.7,434.9,406.3,342.2,822.8,650.8,553.6,500.4,471.1,445.4,392.0,950.1,751.5,639.2,575.3,539.1,510.4,452.6,0.8445,1.0968,1.2336,0.6560,0.8942,1.0224,0.0,0.0000,2026,1.0034,598.0,04620004876,9.212,4978,24.9,33.2,25.3,0.0,106.2,710.5,547.0,486.4,914.6,671.0,586.9,599.7,553.5,1.0004,1.0840,515.5,436.6,419.4,37.2,142.6,666.8,481.5,466.2,439.8,413.6,375.3,341.8,289.5,315.5,364.3,1474.3,1118.0,1465.4,46.1,139.6,1563.4,998.0,930.4,890.2,878.8,854.9,880.2,993.7,1199.6,1385.1
RSA,ZAC125,RSA3883,RSA-3883,Bullet,Pacer 27 Sport,Pacer Yacht,Simonis/Voogt,2006,,,,,ORC,CLUB,S,530,21 02 2026 22:55:10,8.311,7.965,1.666,2.51,1262.,0.0,0.00,617.6,0.8794,682.3,1.0924,549.2,1010.8,812.2,710.3,657.0,625.4,595.5,533.9,0.0,0.0,0.0,0.0,0.0,0.0,0.0,777.7,641.4,574.3,534.2,505.7,480.8,437.4,0.0,0.0,0.0,0.0,0.0,0.0,0.0,1005.4,764.4,643.1,570.4,525.1,484.2,412.7,43.4,41.5,38.8,37.3,36.7,36.6,37.0,142.8,146.7,150.4,151.6,148.9,145.2,141.1,1064.7,867.2,770.5,728.7,713.4,705.0,701.1,698.3,587.0,544.4,521.1,509.1,501.0,492.4,663.4,567.8,530.4,503.7,488.0,478.6,467.3,643.5,557.9,518.4,486.0,460.4,444.8,425.8,624.5,538.9,505.5,482.8,451.9,422.4,386.3,608.7,522.8,471.2,435.4,410.7,388.7,351.6,622.8,529.2,474.0,426.6,388.0,362.0,320.2,696.9,566.6,505.9,456.4,406.8,359.0,279.3,828.7,655.8,563.2,507.7,465.5,420.9,317.5,956.8,757.2,650.1,585.4,537.5,486.0,366.6,0.8456,1.0921,1.2746,0.6583,0.8826,1.0347,0.0,0.0000,2026,1.0045,597.3,04620004C85,8.182,1931,14.5,23.3,14.4,0.0,67.7,709.6,549.4,470.7,911.4,679.8,579.9,604.4,550.2,0.9927,1.0906,493.4,410.8,383.5,38.4,146.2,710.2,491.4,463.9,416.3,365.8,321.8,286.9,241.7,239.6,276.7,1456.3,1106.3,1449.6,45.6,139.7,1523.4,975.4,911.4,872.0,879.6,855.8,883.3,996.0,1203.1,1389.2
RSA,ZAC049,RSA3900,RSA-3900,Pura Vida,Leisure 42,Tim Dykin,Simonis,2005,,,,,ORC,CLUB,C,850,03 02 2026 21:04:17,12.990,12.116,2.656,3.81,7887.,0.0,0.19,562.6,0.9705,618.3,1.1963,501.5,919.7,740.4,642.9,590.2,562.3,542.9,517.1,0.0,0.0,0.0,0.0,0.0,0.0,0.0,706.3,579.9,517.0,484.3,465.0,450.8,429.5,0.0,0.0,0.0,0.0,0.0,0.0,0.0,917.3,696.2,581.0,516.0,482.5,455.3,412.1,42.6,40.4,38.9,37.5,36.9,36.5,36.3,141.4,145.1,149.2,152.0,155.6,161.0,162.1,943.9,771.8,684.2,642.7,625.0,614.7,604.8,620.9,523.5,477.7,458.4,449.7,444.7,439.2,589.0,503.5,465.0,447.4,438.2,433.1,427.1,567.8,490.1,455.8,437.3,425.2,416.8,407.6,569.9,480.0,446.1,431.9,419.8,407.1,389.5,561.9,471.7,435.1,413.1,396.3,384.7,365.4,578.8,480.1,439.5,415.0,393.9,375.2,345.0,647.2,524.2,463.0,432.3,408.6,386.4,340.0,775.6,613.9,521.1,466.9,437.7,416.6,377.8,895.6,708.9,601.7,537.6,499.6,471.1,429.3,0.9330,1.2040,1.3442,0.7228,0.9783,1.1151,0.0,0.0000,2026,1.0991,545.9,0462000487N,11.456,9080,33.7,56.0,34.2,0.0,120.0,643.1,498.3,446.4,830.1,613.3,538.1,542.0,510.8,1.1070,1.1747,494.7,411.9,395.0,37.0,144.4,606.3,437.6,424.9,402.7,379.5,352.3,322.9,291.4,331.8,383.1,1330.4,1003.8,1328.1,45.3,137.8,1353.4,863.4,802.6,761.8,785.7,783.4,815.8,930.9,1132.2,1307.4
RSA,ZAC151,RSA3914,RSA-3914,Sir Henry,Bavaria 35 match,Bavaria,Jakopin,2005,SOUTH AFRICA,,,,ORC,CLUB,C,400,03 02 2026 18:09:22,10.840,10.054,2.019,3.28,5913.,0.0,0.24,622.0,0.8784,683.0,1.0812,554.9,1009.9,816.4,713.2,653.6,618.9,597.4,572.4,0.0,0.0,0.0,0.0,0.0,0.0,0.0,777.4,640.6,572.6,535.9,514.4,499.2,478.5,0.0,0.0,0.0,0.0,0.0,0.0,0.0,1007.2,767.8,643.8,572.1,534.2,504.3,456.0,43.2,40.9,39.7,38.9,38.5,38.5,38.6,142.8,147.3,149.5,158.8,165.5,172.3,177.2,1037.9,856.5,767.1,724.8,707.7,699.2,695.3,682.0,578.4,529.1,506.8,497.4,492.6,488.6,647.3,555.4,513.3,493.3,483.0,478.2,473.2,623.7,539.5,501.5,481.4,468.0,458.7,449.8,631.6,533.0,492.1,473.4,462.6,449.2,430.0,622.7,522.4,481.2,456.6,436.8,422.5,403.8,639.9,532.8,486.7,459.8,437.3,417.0,383.6,715.0,580.1,511.7,477.6,452.6,429.6,385.1,850.5,672.2,571.0,513.5,480.7,456.7,413.4,982.0,776.2,659.4,582.5,530.2,495.6,449.6,0.8463,1.0880,1.2116,0.6571,0.8844,1.0111,0.0,0.0000,2026,0.9932,604.1,0462000486A,9.272,6538,26.4,38.6,31.8,83.5,81.1,709.0,551.5,495.2,913.1,678.4,593.4,602.0,561.3,0.9967,1.0690,558.6,464.4,441.7,39.8,171.8,706.9,489.6,473.5,445.5,419.7,394.4,363.0,332.9,369.1,410.2,1455.0,1095.6,1453.1,46.4,138.6,1474.2,935.4,867.4,822.8,846.9,863.3,894.9,1025.0,1243.5,1435.8
RSA,ZAC095,RSA3996,RSA-3996,Malu'Lani,Mauritius 43 mod.,Nebe,Bruce Roberts,1969,SOUTH AFRICA,,,,ORC,CLUB,C,713,26 02 2026 14:40:08,13.430,10.588,1.724,3.93,11711.,0.0,0.70,672.4,0.8049,745.4,1.0101,594.0,1144.1,914.3,790.1,712.0,661.8,629.9,596.3,0.0,0.0,0.0,0.0,0.0,0.0,0.0,872.2,709.6,621.9,569.4,537.8,518.4,496.2,0.0,0.0,0.0,0.0,0.0,0.0,0.0,1136.2,855.7,706.0,611.8,559.1,522.6,471.1,46.1,44.1,42.7,42.0,41.9,41.8,41.8,144.2,147.8,151.6,155.2,162.3,171.8,179.0,1223.7,993.5,873.7,802.4,762.5,743.9,730.4,778.7,647.8,579.1,537.8,513.8,501.4,492.8,726.1,613.8,552.7,517.0,495.3,483.5,475.1,697.2,592.1,533.2,499.4,479.5,467.4,454.2,683.9,571.6,512.1,479.9,463.1,453.2,441.3,680.6,562.0,500.4,468.8,450.0,435.1,411.9,701.5,577.3,510.0,473.6,452.5,435.3,405.2,779.7,629.4,545.1,495.0,466.5,447.3,413.6,921.9,723.2,612.5,542.0,497.2,469.7,434.6,1064.5,835.1,706.5,621.5,561.0,515.9,462.3,0.7586,1.0158,1.1652,0.5830,0.8083,0.9596,0.0,0.0000,2026,0.9224,650.5,04620004F2Q,8.757,12736,40.4,39.9,46.4,0.0,105.1,790.9,590.7,514.9,1029.2,742.3,625.3,652.1,598.2,0.9201,1.0029,584.3,484.8,457.7,42.7,179.0,738.2,493.1,473.7,449.4,428.9,395.8,385.2,386.3,403.6,430.4,1681.8,1258.1,1671.5,48.6,141.1,1784.4,1112.3,1010.9,951.2,953.3,957.8,991.4,1135.6,1367.6,1579.2
RSA,ZAC301,RSA4106,RSA-4041,DILLIGAF,SADLER 26,,,1981,,,,,ORC,CLUB,C,350,19 02 2026 08:14:49,7.850,7.168,1.494,2.74,2991.,0.0,0.52,853.3,0.6435,932.4,0.8006,749.4,1469.2,1160.4,993.7,891.2,819.6,766.9,723.5,0.0,0.0,0.0,0.0,0.0,0.0,0.0,1136.4,911.6,790.4,717.2,670.3,638.2,606.3,0.0,0.0,0.0,0.0,0.0,0.0,0.0,1454.5,1087.5,892.2,770.5,696.0,643.8,578.1,43.9,42.7,41.9,40.8,40.2,39.9,39.9,149.3,152.8,157.7,161.3,165.1,170.9,178.1,1616.5,1295.2,1128.2,1030.6,960.9,912.0,883.4,1053.8,858.5,757.0,697.8,656.6,622.7,604.5,1000.2,823.0,727.5,669.9,628.0,602.7,584.1,966.1,796.8,703.3,645.6,604.5,584.6,561.1,892.5,729.8,645.0,596.5,576.2,566.8,550.1,877.3,721.3,631.9,584.0,558.1,538.4,510.3,907.1,739.9,646.5,590.1,561.1,537.8,498.3,1002.3,799.3,687.2,613.4,576.7,550.7,504.2,1144.8,890.8,752.4,665.9,605.6,573.7,527.5,1321.9,1025.5,859.3,751.9,678.3,621.8,563.6,0.5860,0.8042,0.9460,0.4563,0.6452,0.7855,0.0,0.0000,2026,0.7335,818.0,04620004BWJ,5.683,3480,17.7,12.7,13.7,38.3,0.0,1023.9,746.1,634.2,1314.9,929.9,763.8,830.5,746.5,0.7225,0.8038,710.9,592.4,560.7,40.9,177.7,899.2,606.2,582.9,552.2,529.5,495.7,473.1,466.4,486.1,522.6,2209.9,1678.7,2187.7,45.9,146.6,2431.8,1552.3,1450.5,1387.6,1275.4,1241.8,1300.3,1476.7,1721.7,1988.0
RSA,ZAC260,RSA4159,RSA-4159,Aquamaniac,Pacer 27 Club,Pacer Yachts,Simonis Voogd,2006,,,,,ORC,CLUB,S,505,18 02 2026 13:36:55,8.311,8.001,1.664,2.51,1268.,0.0,0.00,622.0,0.8705,689.2,1.0850,553.0,1020.5,820.1,718.0,663.4,631.5,601.3,543.1,0.0,0.0,0.0,0.0,0.0,0.0,0.0,784.1,646.0,578.5,537.5,508.7,483.7,442.5,0.0,0.0,0.0,0.0,0.0,0.0,0.0,1013.9,770.8,648.9,574.6,528.6,487.1,415.8,43.7,42.0,39.6,38.2,37.9,37.8,38.5,142.8,146.6,151.3,151.2,148.5,145.7,141.4,1086.8,885.2,787.6,742.7,728.2,720.9,720.9,710.6,594.5,549.9,525.9,513.9,506.4,499.8,673.8,573.1,534.9,507.8,491.1,482.2,472.4,652.5,561.9,521.7,489.0,462.2,445.6,427.9,624.6,539.6,506.8,483.8,453.3,422.7,385.7,607.9,522.4,470.3,435.4,410.4,388.3,352.1,622.0,528.2,472.4,424.5,386.7,361.8,321.4,695.1,565.3,504.4,453.8,403.2,356.2,280.2,826.4,653.8,561.8,506.4,463.1,417.1,316.3,954.2,755.0,648.4,584.2,534.7,481.6,365.2,0.8391,1.0849,1.2644,0.6520,0.8738,1.0222,0.0,0.0000,2026,0.9970,601.8,04620004BRD,8.043,1911,14.5,22.7,14.1,0.0,67.7,715.1,553.0,474.5,920.2,686.7,587.0,611.1,550.7,0.9819,1.0895,504.8,417.6,388.0,40.1,146.4,733.4,500.2,470.4,419.3,366.7,323.9,288.9,242.9,239.2,276.2,1473.8,1118.1,1465.0,45.9,139.7,1561.5,997.9,931.0,889.4,879.9,855.2,882.3,994.0,1200.3,1386.0
RSA,ZAC175,RSA4242,RSA-4242,Tenacity,J-111,J-Boats,Johnstone,2010,SOUTH AFRICA,,,,ORC,CLUB,C,550,18 07 2026 10:32:29,11.121,10.378,2.192,3.30,4354.,0.0,0.17,572.1,0.9555,628.0,1.1733,511.4,920.6,738.4,646.5,603.3,579.4,559.8,518.8,0.0,0.0,0.0,0.0,0.0,0.0,0.0,710.8,583.5,526.1,496.6,477.5,461.6,432.1,0.0,0.0,0.0,0.0,0.0,0.0,0.0,916.5,695.6,587.3,528.8,495.1,466.0,414.8,42.9,40.8,38.7,37.4,37.1,36.9,37.0,142.4,145.7,150.2,153.2,153.2,150.3,144.2,961.6,781.2,699.8,669.7,655.1,646.3,638.6,631.2,529.7,492.0,477.9,471.0,466.4,461.2,599.1,512.0,479.7,465.2,457.8,452.6,446.4,579.2,501.1,470.1,451.9,439.3,431.6,421.2,585.9,497.5,470.8,448.7,430.7,416.5,397.2,566.9,481.1,446.8,424.7,408.7,394.4,368.7,578.9,484.6,446.1,417.2,392.6,374.3,341.8,640.0,517.7,465.8,431.3,399.7,367.6,304.8,761.7,602.5,513.7,467.8,437.7,409.9,345.6,879.5,695.7,593.2,536.8,503.7,473.2,399.0,0.9271,1.1790,1.3201,0.7233,0.9631,1.0922,0.0,0.0000,2026,1.0815,554.8,04620004VDN,10.161,5154,25.5,36.0,33.3,0.0,120.7,647.2,508.9,454.5,829.5,623.0,549.3,555.9,512.6,1.0793,1.1704,481.6,409.7,390.8,38.2,144.5,648.3,463.8,446.5,416.6,385.5,347.9,314.0,267.8,272.6,314.8,1331.1,1010.9,1326.0,45.7,139.5,1381.2,880.3,818.6,779.0,806.3,796.5,821.3,918.6,1109.3,1280.9
RSA,ZAC135,RSA4248,RSA-4248,Rocket,Rocket 55,Simonis,Simonis,2006,1900 Gauteng South Africa,,,,ORC,CLUB,C,1181,03 02 2026 18:39:49,16.440,14.909,2.799,4.38,13820.,0.0,0.17,508.2,1.0790,556.1,1.3310,450.8,848.1,679.0,582.8,529.0,499.7,479.8,452.2,0.0,0.0,0.0,0.0,0.0,0.0,0.0,649.7,529.4,467.0,434.1,414.5,400.0,376.4,0.0,0.0,0.0,0.0,0.0,0.0,0.0,845.0,637.9,525.7,462.8,430.4,405.0,360.7,44.0,41.9,40.2,38.9,38.0,37.8,37.4,142.2,140.1,145.9,154.1,160.4,165.9,164.7,879.5,711.9,626.3,584.3,564.5,552.4,538.7,570.1,474.4,429.3,409.5,400.0,394.4,387.4,536.5,453.8,416.5,399.0,389.1,383.5,375.5,513.0,440.2,408.1,390.5,378.2,368.9,357.3,522.8,443.5,403.7,384.7,373.5,362.9,343.3,520.9,431.8,394.9,374.5,355.7,339.7,317.3,531.4,435.8,396.3,373.8,354.8,339.3,301.9,593.1,470.2,413.8,385.5,363.1,341.7,297.5,707.3,559.5,467.0,413.9,387.1,365.7,322.6,816.7,646.1,539.3,473.6,434.8,407.1,365.6,1.0176,1.3389,1.5199,0.7858,1.0868,1.2648,0.0,0.0000,2026,1.2192,492.1,0462000486H,13.985,15586,48.9,83.8,57.4,247.6,154.1,589.6,448.1,394.8,763.6,552.1,474.4,489.2,457.3,1.2266,1.3119,426.7,357.3,340.4,37.5,149.7,535.3,384.3,371.6,350.0,329.9,297.3,274.5,263.1,275.5,318.1,1236.6,929.9,1233.2,46.8,138.9,1270.9,802.1,736.8,691.2,710.2,735.4,761.6,859.4,1041.2,1202.3
RSA,ZAC046,RSA43,RSA-43,Escape,L 26,Ton Cup,Lavranos,1980,8001 Cape Town South Africa,,,,ORC,CLUB,S,420,02 04 2026 12:29:48,7.800,7.078,1.472,2.70,1715.,0.0,0.27,730.9,0.7580,791.6,0.9261,647.9,1215.1,971.9,837.3,750.4,702.8,678.6,652.6,0.0,0.0,0.0,0.0,0.0,0.0,0.0,934.4,763.9,675.5,623.2,591.8,572.2,542.9,0.0,0.0,0.0,0.0,0.0,0.0,0.0,1215.1,914.8,757.8,663.2,613.8,578.9,516.3,43.4,41.5,39.7,38.1,37.4,37.2,38.1,148.3,152.3,154.6,162.0,172.3,178.1,178.1,1215.4,1002.9,889.5,821.2,789.0,779.4,782.0,796.3,672.9,616.7,587.6,569.8,562.5,558.0,756.8,647.9,600.7,575.0,556.0,545.6,538.1,734.8,634.3,589.3,562.9,541.2,523.8,508.0,749.3,632.3,578.5,547.4,526.0,515.2,483.4,755.1,631.4,577.6,543.2,512.7,484.8,442.7,786.4,649.7,587.4,552.1,521.0,490.2,425.3,903.4,718.4,618.1,573.5,541.4,511.7,446.8,1052.1,816.5,683.0,607.0,568.6,538.7,482.7,1214.8,940.9,785.1,679.7,616.6,577.8,523.1,0.7066,0.9309,1.0598,0.5487,0.7634,0.8890,0.0,0.0000,2026,0.8510,705.0,04620004K5H,6.845,2277,14.5,17.8,18.5,36.7,0.0,849.1,644.5,566.1,1093.5,786.0,674.9,698.3,664.1,0.8592,0.9035,639.5,522.0,490.1,40.3,165.1,806.9,560.0,537.0,500.5,466.3,417.0,371.4,370.5,418.4,472.1,1775.3,1330.9,1779.8,46.1,144.2,1729.8,1100.6,1024.7,979.6,1010.4,1056.0,1108.9,1304.3,1576.9,1820.8
RSA,ZAC166,RSA4353,RSA-4353,Stella,Fast 42,Robertson & Caine,Simonis,1994,SOUTH AFRICA,,,,ORC,CLUB,C,800,18 02 2026 22:25:38,12.726,11.512,2.425,3.82,6369.,0.0,0.18,569.7,0.9663,620.9,1.1876,505.2,951.6,757.1,650.4,590.7,557.4,535.7,505.4,0.0,0.0,0.0,0.0,0.0,0.0,0.0,729.8,592.7,523.7,486.6,464.1,447.8,422.4,0.0,0.0,0.0,0.0,0.0,0.0,0.0,947.8,711.4,588.0,518.5,481.3,451.8,405.0,43.8,41.5,39.6,38.0,37.2,37.2,37.1,142.6,147.1,151.4,156.5,163.5,167.8,165.3,989.6,798.7,698.9,650.0,629.8,618.5,607.7,644.3,535.8,483.6,460.5,449.8,444.1,437.5,608.1,513.1,469.9,448.8,437.3,430.7,423.1,584.6,498.4,460.0,438.7,423.2,412.0,399.8,586.9,491.0,455.1,438.0,419.6,403.7,380.3,577.2,480.5,441.2,417.8,401.8,390.0,369.1,594.0,490.0,445.6,417.9,394.5,374.4,346.0,666.4,534.8,468.4,434.3,406.5,380.8,325.9,791.2,619.6,521.8,466.4,434.6,408.1,356.4,913.6,715.5,602.0,531.3,485.0,452.9,403.2,0.9074,1.1948,1.3564,0.7023,0.9738,1.1326,0.0,0.0000,2026,1.0909,550.0,04620004BW3,11.034,7483,32.5,52.6,30.9,125.0,0.0,661.2,502.2,442.3,854.3,616.1,529.8,548.6,512.7,1.0938,1.1704,478.1,401.5,384.2,37.8,149.6,609.3,435.7,420.2,393.9,365.6,348.9,321.6,278.3,300.3,346.8,1387.7,1046.5,1383.5,46.4,139.7,1429.7,908.1,841.0,795.2,819.4,811.4,841.8,964.1,1165.4,1345.7
RSA,ZAC109,RSA4382,RSA-4382,Aweh,J-111,J-Boats,Johnstone,2010,SOUTH AFRICA,,,,ORC,CLUB,R,700,15 05 2026 06:21:36,11.121,10.378,2.183,3.30,4187.,0.0,0.00,563.1,0.9740,616.0,1.1937,502.6,909.1,729.3,635.9,590.8,566.8,546.6,503.5,0.0,0.0,0.0,0.0,0.0,0.0,0.0,702.2,576.9,518.8,488.0,468.0,451.0,419.4,0.0,0.0,0.0,0.0,0.0,0.0,0.0,905.3,687.3,578.5,519.1,485.0,455.2,402.5,42.8,40.8,38.3,36.9,36.2,35.9,35.7,142.4,145.8,149.9,153.3,152.5,149.6,143.5,946.5,768.1,682.5,649.1,634.0,625.1,616.9,622.4,522.9,484.9,469.3,461.6,456.4,450.2,591.8,506.9,474.6,458.1,448.7,442.6,434.9,574.0,497.8,466.9,446.6,431.8,422.0,409.4,578.9,491.4,464.7,445.1,425.5,409.0,385.2,560.1,476.8,441.4,416.9,399.9,384.4,356.2,571.9,480.4,441.5,410.9,384.3,363.5,329.2,634.3,512.3,462.1,426.9,394.4,360.4,295.0,754.9,597.9,510.4,464.2,433.7,405.5,337.8,871.6,690.4,589.4,532.5,499.6,468.2,390.0,0.9382,1.1984,1.3531,0.7324,0.9814,1.1205,0.0,0.0000,2026,1.1006,545.2,04620004PWS,10.481,5153,25.6,37.5,33.2,0.0,130.0,639.5,500.7,443.4,819.2,611.4,535.5,545.4,506.2,1.1000,1.1854,461.2,393.3,375.7,36.5,144.6,621.5,449.1,433.4,402.9,370.0,332.5,300.4,254.9,260.5,300.8,1312.1,997.5,1307.6,45.8,139.5,1356.8,866.4,807.6,770.6,797.0,788.1,812.8,908.9,1097.6,1267.4
RSA,ZAC190,RSA4386,RSA-4386,WINGS,MIURA,,BERCKMEYER,1970,,,,,ORC,CLUB,C,340,25 02 2026 12:15:07,9.330,7.880,1.783,3.15,4891.,0.0,0.68,772.7,0.7116,843.2,0.8805,681.4,1309.6,1040.2,895.5,803.0,744.1,709.1,678.4,0.0,0.0,0.0,0.0,0.0,0.0,0.0,1011.4,817.1,713.3,651.9,615.5,593.4,569.5,0.0,0.0,0.0,0.0,0.0,0.0,0.0,1300.7,976.4,804.6,698.1,639.1,599.2,542.8,44.9,43.0,41.7,41.1,40.7,40.5,40.4,148.5,151.8,154.7,159.5,164.6,169.8,177.7,1398.6,1133.3,997.8,913.5,861.9,836.5,827.6,902.4,749.5,668.8,619.5,591.5,576.2,569.6,850.5,714.5,640.6,597.8,572.9,559.1,551.0,822.0,690.9,619.0,579.4,556.4,542.2,526.4,819.4,673.5,598.2,562.1,547.4,536.2,512.1,799.3,657.8,584.6,547.6,525.5,508.3,487.3,828.6,674.7,593.0,550.8,525.9,505.0,470.2,918.5,730.5,626.4,569.9,538.5,515.1,473.1,1057.1,821.5,690.6,610.7,564.5,536.8,494.0,1220.6,947.1,793.2,692.5,626.2,581.8,529.3,0.6563,0.8862,1.0170,0.5107,0.7152,0.8494,0.0,0.0000,2026,0.8076,742.9,04620004ET5,6.612,5398,22.5,17.9,29.6,63.8,0.0,914.2,677.0,590.0,1174.9,838.9,706.4,747.7,684.7,0.8025,0.8763,669.5,559.7,530.3,41.5,177.2,848.1,573.2,550.9,521.7,496.9,474.5,454.2,442.3,457.4,491.0,1940.9,1472.9,1929.6,47.1,145.7,2054.3,1296.8,1196.5,1141.3,1169.4,1133.6,1184.5,1349.1,1582.7,1827.6
RSA,ZAC101,RSA4388,RSA-4388,MOJIE,Jean Sun Odd 409,JEANNEAU FRANCE,PHILIPPE BRIAND,2011,SOUTH AFRICA,,,,ORC,CLUB,C,797,03 02 2026 20:00:04,11.990,11.202,2.100,3.99,8438.,0.0,0.32,621.4,0.8716,688.4,1.0933,548.8,1066.6,847.4,728.5,654.8,610.0,583.6,556.7,0.0,0.0,0.0,0.0,0.0,0.0,0.0,808.7,653.9,573.4,526.5,497.7,479.3,457.9,0.0,0.0,0.0,0.0,0.0,0.0,0.0,1058.7,792.3,651.7,564.9,516.9,483.9,437.0,44.9,43.0,41.4,40.2,39.2,38.7,38.6,142.6,146.6,148.5,150.2,153.7,159.0,163.5,1146.1,920.9,802.6,727.4,682.3,662.4,653.0,739.2,608.0,540.2,500.4,477.1,465.6,458.6,695.5,578.6,518.5,485.0,464.9,453.2,444.2,640.7,536.0,485.2,462.0,452.6,440.6,423.0,612.0,514.8,469.7,446.4,431.2,421.7,410.6,619.4,511.1,463.1,437.2,417.0,400.8,380.2,637.9,523.8,470.4,442.4,420.4,400.5,365.9,716.7,575.9,500.7,461.7,437.3,416.1,376.3,854.9,670.2,566.7,504.3,468.4,445.9,410.1,987.1,773.9,654.4,582.2,537.7,504.8,460.3,0.8204,1.0999,1.2608,0.6270,0.8769,1.0343,0.0,0.0000,2026,0.9975,601.5,04620004870,9.815,9540,36.2,41.8,31.9,0.0,114.5,731.4,545.5,475.9,956.9,684.2,580.1,601.0,556.0,0.9984,1.0792,543.6,443.9,422.2,39.4,161.7,660.3,458.6,443.0,417.3,397.1,360.8,342.6,334.5,376.5,427.0,1573.4,1172.8,1561.9,47.0,138.9,1688.7,1066.6,983.7,896.7,845.5,873.9,904.0,1041.3,1262.8,1458.1
RSA,ZAC066,RSA44,RSA-44,Hors d'Oeuvre,L 26,Ton cup yachts,Lavranos,1981,7806 Cape Town South Africa,,,,ORC,CLUB,S,450,03 02 2026 20:28:47,7.800,7.004,1.476,2.70,1715.,0.0,0.27,732.9,0.7561,793.5,0.9229,650.2,1214.9,972.7,839.1,752.8,705.1,680.9,655.4,0.0,0.0,0.0,0.0,0.0,0.0,0.0,934.4,765.1,677.4,625.7,594.6,575.2,546.0,0.0,0.0,0.0,0.0,0.0,0.0,0.0,1214.6,915.7,759.6,665.6,616.6,581.9,519.8,43.6,41.5,39.9,38.1,37.4,37.3,38.1,148.2,152.1,155.0,162.2,172.0,178.1,178.1,1217.1,1005.4,892.7,824.3,792.0,782.3,784.7,797.4,675.0,619.1,589.6,572.0,564.9,560.5,758.0,650.2,603.2,577.2,558.7,548.4,541.2,736.0,636.6,591.9,565.6,544.3,527.5,511.7,750.3,633.8,580.4,549.9,529.2,518.4,487.4,755.5,633.1,579.9,546.5,516.1,488.4,445.9,786.7,651.2,589.5,555.2,524.6,493.8,429.5,900.1,718.6,620.2,575.9,544.7,515.2,451.1,1050.1,815.6,683.8,608.9,570.8,541.7,485.7,1212.6,940.0,785.4,681.2,618.3,579.5,526.1,0.7061,0.9277,1.0543,0.5486,0.7615,0.8857,0.0,0.0000,2026,0.8484,707.2,0462000487D,6.784,2309,14.4,17.8,18.3,36.3,0.0,849.7,646.8,569.1,1093.7,787.9,677.4,700.5,665.8,0.8565,0.9011,642.1,525.6,493.8,40.3,167.2,809.1,562.5,540.0,504.3,470.1,420.9,376.1,377.4,423.7,475.0,1773.1,1329.5,1777.4,46.2,143.8,1730.2,1100.9,1025.2,979.9,1010.4,1055.1,1107.9,1298.1,1572.7,1816.0
RSA,ZAC263,RSA044,RSA-44,Moonshine,Miura,,Berckemeyer,1970,,,,,ORC,CLUB,C,490,20 03 2026 06:52:57,9.330,7.895,1.762,3.15,4707.,0.0,0.65,789.9,0.6960,862.0,0.8661,692.7,1381.1,1085.2,921.3,818.6,751.1,708.5,670.9,0.0,0.0,0.0,0.0,0.0,0.0,0.0,1060.4,844.9,728.5,660.8,618.9,592.7,564.7,0.0,0.0,0.0,0.0,0.0,0.0,0.0,1372.0,1016.3,824.7,708.4,642.7,598.6,540.4,45.2,43.8,42.5,41.5,40.8,40.1,39.7,148.8,151.8,152.5,159.1,163.7,168.9,177.7,1471.8,1178.9,1028.1,934.1,868.4,829.4,809.0,947.8,772.0,683.4,628.9,595.0,575.3,563.5,892.1,735.6,653.5,605.3,576.5,559.4,546.7,861.7,712.6,630.7,586.3,560.4,544.0,524.4,838.9,680.7,599.6,560.0,541.1,532.3,513.3,820.8,668.3,589.1,549.5,525.7,506.6,479.5,856.9,687.4,599.5,554.3,527.8,505.8,468.6,972.2,754.3,635.4,575.5,542.2,518.3,475.5,1117.5,860.0,706.7,618.6,569.6,540.5,497.6,1290.3,991.5,814.4,703.1,633.7,587.5,532.9,0.6298,0.8718,1.0191,0.4866,0.6992,0.8510,0.0,0.0000,2026,0.7916,758.0,04620004ICK,6.503,5378,22.6,18.4,27.0,63.5,0.0,952.7,688.2,588.8,1233.0,858.1,705.1,761.6,698.2,0.7878,0.8594,655.6,550.4,523.8,40.4,177.2,816.7,562.1,543.4,516.4,495.2,465.6,446.9,442.8,460.3,494.6,2067.2,1565.3,2055.0,46.8,146.6,2190.0,1385.9,1282.8,1226.3,1218.1,1185.5,1243.2,1444.2,1684.0,1944.5
RSA,ZAC182,RSA4406,RSA-4406,UNIQUE,HUNTER FORMULA ONE,HUNTER UK,STEPHEN JONES,1980,,,,,ORC,CLUB,S,62,11 02 2026 14:01:06,6.855,6.229,1.233,2.44,1230.,0.0,0.28,768.8,0.7070,848.7,0.8678,691.4,1216.5,985.2,871.2,814.2,784.3,766.5,746.4,0.0,0.0,0.0,0.0,0.0,0.0,0.0,935.3,778.3,706.4,671.2,650.1,634.9,613.0,0.0,0.0,0.0,0.0,0.0,0.0,0.0,1210.8,926.6,789.8,717.1,674.5,638.2,576.8,42.9,41.1,40.4,40.5,40.8,41.4,43.0,147.1,152.3,157.9,166.0,176.3,178.1,175.7,1273.7,1061.5,974.6,949.9,944.2,946.1,970.5,839.1,714.7,666.4,650.3,643.9,641.1,643.4,796.0,686.1,643.9,627.6,620.6,616.8,615.0,764.5,665.0,624.5,603.8,591.3,584.0,576.3,740.9,645.5,612.5,592.9,572.8,558.3,539.8,735.5,636.0,594.4,565.3,546.4,532.2,508.3,761.0,647.4,598.8,564.7,535.8,509.4,475.9,847.9,699.3,624.1,583.3,548.3,514.3,438.5,1004.0,788.7,673.8,614.5,576.2,542.0,468.6,1159.3,908.9,767.8,678.6,624.4,586.8,522.2,0.7003,0.8739,0.9517,0.5450,0.7143,0.7860,0.0,0.0000,2026,0.8003,749.7,04620004B6F,5.586,1381,10.5,17.4,7.2,26.4,0.0,856.8,686.6,630.5,1100.9,840.0,763.4,759.8,681.2,0.7897,0.8808,749.7,607.7,561.1,49.2,151.9,1056.8,661.4,619.6,574.2,528.6,486.9,448.5,379.7,383.8,442.7,1748.1,1313.7,1742.9,45.6,137.2,1800.1,1149.6,1069.1,1012.9,1001.0,1002.5,1046.8,1205.9,1468.8,1696.0
RSA,ZAC139,RSA4448,RSA-4448,Sacred Ibis,Sun Odyssey 34.2,Jeanneau France,Jacques Fauroux,2000,"Paarl, Cape Town",,,,ORC,CLUB,C,616,03 02 2026 20:02:39,9.975,9.237,1.775,3.31,5600.,0.0,0.43,720.1,0.7609,788.6,0.9470,633.6,1244.8,981.1,840.0,750.2,690.9,656.1,627.3,0.0,0.0,0.0,0.0,0.0,0.0,0.0,952.9,763.7,664.1,605.8,569.8,548.1,525.0,0.0,0.0,0.0,0.0,0.0,0.0,0.0,1235.5,918.6,751.9,649.4,591.7,553.6,500.4,45.8,44.3,42.6,41.7,40.9,40.4,40.4,147.3,150.7,153.4,157.9,163.9,170.2,178.1,1338.1,1073.0,937.5,853.5,798.3,770.7,762.7,855.7,699.2,621.1,574.1,546.5,532.2,525.2,801.0,662.6,592.3,552.7,529.8,516.5,507.2,770.1,640.3,571.0,535.5,515.0,500.7,483.6,753.5,617.1,548.7,516.4,500.4,492.7,471.0,739.0,604.3,538.0,506.0,484.7,467.0,443.3,767.3,623.2,547.0,510.3,486.7,466.3,431.9,854.9,679.0,580.8,529.0,500.4,478.4,438.4,997.3,770.5,645.2,568.2,525.1,499.3,459.2,1151.6,889.3,742.5,646.9,583.4,541.6,492.0,0.6990,0.9533,1.1012,0.5391,0.7648,0.9174,0.0,0.0000,2026,0.8661,692.8,04620004872,7.680,6438,26.1,27.4,24.7,69.7,0.0,858.4,629.4,544.9,1113.0,784.5,654.0,696.1,637.3,0.8619,0.9414,617.8,513.7,485.7,41.6,177.7,779.7,527.1,506.2,477.7,454.4,430.0,409.6,403.5,423.0,455.9,1856.9,1398.3,1844.2,47.7,144.4,1984.3,1246.9,1144.6,1083.3,1079.8,1053.3,1102.9,1258.9,1497.8,1729.6
RSA,ZAC189,RSA4458,RSA-4458,Windpower 2,Corby 49,,Corby,2007,Walmer-Port Elizabeth 6065,,,,ORC,CLUB,R,1280,03 02 2026 20:16:39,14.989,14.225,3.236,4.20,7995.,0.0,0.00,462.8,1.1654,514.9,1.4479,414.4,739.2,600.7,536.4,499.8,474.8,451.7,409.9,0.0,0.0,0.0,0.0,0.0,0.0,0.0,567.6,473.9,431.7,404.9,385.2,367.8,339.9,0.0,0.0,0.0,0.0,0.0,0.0,0.0,738.4,566.1,484.8,433.9,401.6,371.6,322.2,43.0,40.4,38.5,37.7,37.1,36.6,36.3,141.0,141.7,147.6,152.5,150.7,147.8,144.7,746.3,623.2,576.8,553.2,538.7,528.5,518.8,490.0,424.0,403.0,392.0,384.3,378.2,369.9,463.6,409.0,389.5,378.2,369.6,362.9,353.7,446.0,399.2,374.8,359.1,348.8,340.5,328.3,452.5,398.9,374.7,351.2,334.3,322.2,303.6,465.1,401.1,368.4,340.9,320.0,304.5,281.2,479.5,403.1,365.3,339.9,318.3,293.9,259.8,530.0,424.6,382.1,347.6,314.5,284.2,247.4,634.0,500.7,429.6,388.0,356.0,324.6,260.7,732.0,578.2,496.1,446.4,410.9,374.8,301.1,1.1522,1.4469,1.6589,0.8956,1.1670,1.3581,0.0,0.0000,2026,1.3292,451.4,04620004879,14.399,9821,42.5,92.7,62.4,0.0,260.9,520.7,414.7,361.7,669.9,514.1,441.8,450.7,415.6,1.3312,1.4437,379.8,319.7,301.8,37.1,148.3,523.6,369.0,350.6,321.4,291.1,256.1,238.0,210.9,204.4,236.0,1060.7,798.6,1061.1,45.5,139.5,1056.3,674.6,624.2,586.5,598.6,640.9,682.4,766.1,922.3,1065.0
RSA,ZAC282,RSA4461,RSA-4461,Rhythm of My Heart,PACER 376CR,Pacer Yachts,Simonis / Voogd,2008,,,,,ORC,CLUB,C,747,03 02 2026 21:48:51,11.466,10.815,2.471,3.72,6172.,0.0,0.19,593.8,0.9189,653.0,1.1384,527.1,990.1,790.9,681.2,620.7,589.6,569.1,541.7,0.0,0.0,0.0,0.0,0.0,0.0,0.0,757.8,616.7,545.6,507.3,485.1,469.3,445.3,0.0,0.0,0.0,0.0,0.0,0.0,0.0,984.5,741.8,614.0,541.2,503.7,473.6,425.8,43.7,41.6,40.0,38.4,37.5,37.2,37.4,142.0,145.9,149.0,151.6,155.8,160.6,159.7,1046.4,845.1,738.3,682.1,658.4,646.8,637.2,682.4,565.9,508.2,481.3,469.0,463.2,457.3,645.1,541.3,493.0,469.4,456.6,449.9,443.0,622.4,525.9,482.4,459.7,443.4,431.5,419.2,597.0,501.4,465.2,449.6,438.5,425.2,400.2,588.0,491.0,452.3,426.6,406.8,394.4,373.4,604.4,500.7,457.6,429.7,405.0,382.5,350.8,676.8,546.3,482.5,449.7,422.7,397.8,344.3,808.7,638.1,540.5,485.6,455.9,432.7,389.7,933.9,736.8,624.1,559.4,520.8,491.3,446.2,0.8730,1.1459,1.2925,0.6737,0.9269,1.0639,0.0,0.0000,2026,1.0444,574.5,04620004881,10.201,7202,31.0,44.5,30.6,0.0,116.1,687.3,523.6,464.2,890.6,647.3,564.0,573.5,534.2,1.0461,1.1231,513.0,424.2,405.3,38.1,142.0,639.4,455.9,440.7,413.7,386.8,358.4,326.7,287.5,334.9,386.7,1441.8,1086.6,1434.1,46.4,138.1,1518.8,965.7,896.4,851.2,839.9,823.2,852.6,973.3,1182.0,1364.9
RSA,ZAC024,RSA4482,RSA-4482,Cape Dancer,Pacer 380,PacerYachts-Dykins,Alex Simonis,2011,"Oranjezicht, Cape Town, 8001",,,,ORC,CLUB,C,656,05 02 2026 10:10:53,11.460,10.507,2.515,3.75,6587.,0.0,0.18,586.6,0.9296,645.4,1.1479,522.7,962.5,774.7,670.3,615.0,587.0,567.8,541.8,0.0,0.0,0.0,0.0,0.0,0.0,0.0,736.7,605.4,539.5,504.2,484.2,469.7,446.8,0.0,0.0,0.0,0.0,0.0,0.0,0.0,956.5,727.1,605.7,537.4,502.0,473.7,429.5,43.4,41.2,39.7,38.1,37.2,37.3,37.3,142.4,146.2,149.8,152.8,157.3,161.4,160.4,1022.5,832.3,730.0,678.5,658.2,647.4,638.2,669.4,559.5,505.8,481.5,470.9,465.5,459.7,633.7,536.4,492.0,470.2,458.6,452.5,445.7,596.4,508.5,474.6,460.8,445.4,434.5,422.9,573.1,493.9,461.3,441.9,429.0,420.4,405.1,575.8,487.6,451.9,428.0,412.0,400.2,370.3,589.8,494.5,456.1,429.4,406.4,385.8,359.1,656.2,533.5,477.7,447.5,422.0,397.6,346.0,781.6,621.0,528.9,480.0,453.0,431.3,389.4,902.5,717.1,610.7,551.5,515.8,488.1,445.5,0.8941,1.1552,1.2910,0.6908,0.9379,1.0660,0.0,0.0000,2026,1.0547,568.9,046200048IH,10.097,7510,31.8,48.3,30.7,0.0,132.2,671.1,519.4,464.8,868.6,639.7,562.9,568.8,527.4,1.0549,1.1376,511.9,424.2,406.2,38.2,141.6,642.3,458.7,443.6,417.5,392.4,350.2,325.4,288.0,330.4,381.6,1389.0,1044.6,1380.9,45.9,139.0,1470.1,936.5,869.5,815.5,776.2,799.8,827.0,935.1,1132.7,1307.9
RSA,ZAC030,TUR1180,RSA-4531,CFM 2,MATT 11.80,Gurrit,Mark Mills,2015,SOUTH AFRICA,,,,ORC,CLUB,R,870,11 05 2026 14:04:30,11.800,11.277,2.511,3.99,4915.,0.0,0.00,525.1,1.0345,580.0,1.2756,470.4,837.2,678.2,599.8,560.3,536.4,515.3,468.9,0.0,0.0,0.0,0.0,0.0,0.0,0.0,644.0,536.8,486.8,459.1,439.2,421.7,388.1,0.0,0.0,0.0,0.0,0.0,0.0,0.0,835.0,639.4,544.0,489.1,456.0,426.5,369.8,42.7,40.4,37.9,37.1,36.5,36.2,36.0,141.6,144.9,149.8,153.5,151.8,148.9,144.2,859.6,708.6,643.9,618.2,603.6,594.7,585.8,566.0,485.4,455.9,443.6,435.9,430.4,423.2,537.6,471.3,444.4,430.3,421.7,415.3,407.0,519.0,462.5,435.2,414.9,401.8,393.1,380.4,511.5,452.2,423.4,406.4,391.7,375.9,354.6,521.9,450.1,414.4,391.6,367.8,348.2,316.8,533.1,452.9,414.5,382.9,358.1,339.4,291.6,590.9,479.1,434.7,400.5,367.8,332.6,270.1,705.7,561.0,481.3,438.1,407.0,377.5,304.9,814.8,647.7,555.8,502.3,469.2,435.9,352.1,1.0162,1.2771,1.4511,0.7919,1.0393,1.1924,0.0,0.0000,2026,1.1741,511.0,04620004PDP,11.472,6110,30.6,55.1,38.9,0.0,161.5,590.4,469.8,413.5,757.7,577.3,503.2,511.1,473.0,1.1740,1.2684,432.6,365.8,344.7,37.1,146.0,593.2,422.4,404.3,374.3,340.2,297.6,262.1,237.5,235.6,272.0,1201.0,907.5,1199.0,45.4,139.2,1221.4,780.3,724.9,687.6,692.2,720.5,756.2,846.1,1022.5,1180.7
RSA,ZAC233,RSA4546,RSA-4546,Argo Fy,Jarkan 38,Jarkan,Lyons,1996,,,,,ORC,CLUB,C,730,01 07 2026 07:39:12,11.550,10.624,2.330,3.68,5194.,0.0,0.09,579.3,0.9503,631.4,1.1638,515.5,949.9,759.1,656.9,602.6,572.2,552.3,523.0,0.0,0.0,0.0,0.0,0.0,0.0,0.0,731.7,597.8,532.6,498.1,476.8,460.9,435.5,0.0,0.0,0.0,0.0,0.0,0.0,0.0,948.1,714.9,595.9,530.5,495.0,465.4,416.2,43.0,40.8,38.9,37.3,36.7,36.8,36.8,142.0,147.6,151.2,157.3,164.6,168.0,164.4,968.3,788.5,699.4,661.5,646.2,637.8,630.2,634.7,534.4,491.1,473.2,465.5,460.9,455.4,602.5,515.8,479.5,461.8,452.8,447.6,440.6,582.8,504.4,471.3,451.0,436.5,427.3,416.8,597.1,502.2,465.4,448.1,431.5,416.0,395.7,591.8,493.8,454.0,426.8,405.8,391.0,366.9,607.9,503.6,460.3,430.8,404.8,380.6,342.9,680.2,546.1,481.9,447.9,418.8,391.5,335.5,806.7,631.9,532.6,478.9,447.8,420.6,366.3,931.5,729.7,614.4,543.6,498.3,466.9,415.7,0.9026,1.1705,1.3177,0.7022,0.9583,1.0983,0.0,0.0000,2026,1.0708,560.3,04620004UHL,10.408,6218,28.8,40.1,41.7,122.5,102.1,664.7,512.6,455.3,854.5,626.1,546.3,558.0,523.9,1.0754,1.1452,495.5,415.3,395.5,37.6,148.0,634.1,454.4,438.0,410.3,383.2,357.0,317.3,282.0,309.2,357.0,1379.9,1042.3,1379.0,46.0,140.3,1389.0,885.0,823.2,783.5,810.0,833.1,862.4,984.8,1187.1,1370.8
RSA,ZAC280,RSA4557,RSA-4557,Malalijo,Ocean 31,Robertson & Caine,Lavranos,1992,,,,,ORC,CLUB,C,360,07 02 2026 21:10:23,9.350,8.873,1.494,3.25,4781.,0.0,0.40,712.9,0.7701,779.2,0.9524,630.0,1205.0,959.0,826.7,741.6,688.0,658.7,634.9,0.0,0.0,0.0,0.0,0.0,0.0,0.0,924.9,750.0,658.1,603.9,571.2,551.9,530.3,0.0,0.0,0.0,0.0,0.0,0.0,0.0,1197.4,899.4,742.6,646.0,593.0,557.9,504.9,46.0,43.7,42.3,41.4,40.4,40.1,40.4,147.1,150.9,153.9,159.2,165.1,171.8,177.7,1281.0,1041.5,917.5,838.5,791.0,771.6,772.0,818.7,682.5,611.3,569.8,546.5,534.7,532.1,766.8,647.7,585.5,551.4,531.2,519.5,512.7,736.2,624.4,566.8,536.5,517.6,503.8,487.5,749.9,619.2,553.9,523.0,507.5,499.9,474.6,730.0,603.5,543.1,512.5,490.7,472.2,448.1,755.5,618.8,550.5,516.4,492.8,471.7,434.0,835.9,671.5,580.2,533.7,506.4,483.9,440.3,977.8,759.5,640.1,568.8,529.8,505.0,463.3,1129.0,876.4,735.9,644.7,585.0,545.7,497.8,0.7164,0.9585,1.0936,0.5545,0.7745,0.9131,0.0,0.0000,2026,0.8729,687.3,046200049N0,7.608,5326,24.0,23.0,26.9,65.1,0.0,837.5,626.0,548.6,1082.1,774.7,657.1,689.1,634.8,0.8707,0.9451,632.4,521.6,491.4,42.4,176.3,804.7,537.7,515.0,484.1,457.9,433.6,409.7,399.5,421.4,460.0,1780.7,1339.8,1771.6,48.1,144.0,1872.3,1172.1,1072.6,1011.5,1040.2,1033.4,1076.3,1222.8,1462.8,1689.2
RSA,ZAC177,RSA4564,RSA-4564,TinTin,JPK 10.10,JPK Composites,Jacques Valier,2010,Elgin,,,,ORC,CLUB,C,550,24 02 2026 13:34:42,10.036,9.365,1.989,3.41,3960.,0.0,0.18,621.2,0.8850,677.9,1.0877,551.6,1028.0,821.6,708.8,644.8,610.8,589.5,561.2,0.0,0.0,0.0,0.0,0.0,0.0,0.0,790.4,645.3,572.3,531.6,507.5,490.0,462.6,0.0,0.0,0.0,0.0,0.0,0.0,0.0,1022.7,772.0,641.3,566.7,527.2,495.2,439.3,43.9,41.7,40.0,38.5,38.3,38.2,38.5,145.1,149.0,152.3,158.6,166.2,169.6,165.9,1081.0,878.9,773.1,719.9,699.2,688.9,684.9,704.7,589.6,534.6,508.1,495.5,489.7,484.6,666.9,565.6,519.6,495.8,481.7,473.9,466.7,644.9,550.8,508.8,485.1,466.5,452.5,437.9,632.3,532.1,491.2,469.0,456.2,445.6,416.8,624.4,523.3,481.0,450.9,425.6,405.9,380.3,641.4,533.7,487.5,456.1,428.5,401.3,353.0,714.2,575.9,509.5,473.6,442.9,414.1,351.8,844.4,661.9,559.4,504.4,472.0,443.7,388.0,975.0,764.3,644.6,569.7,522.5,490.1,437.4,0.8358,1.0936,1.2394,0.6488,0.8923,1.0270,0.0,0.0000,2026,0.9997,600.2,04620004EM4,8.985,4727,24.1,32.9,26.6,97.7,80.6,717.9,548.6,484.1,924.8,672.4,584.2,601.8,555.7,0.9971,1.0797,535.3,441.5,417.1,40.0,145.3,697.0,485.7,465.8,431.3,400.4,364.5,324.4,290.9,323.6,373.7,1488.8,1126.7,1482.3,46.2,141.2,1553.6,987.7,917.5,873.3,886.3,873.5,902.2,1027.9,1233.2,1424.0
RSA,ZAC134,RSA4585,RSA-4585,Regardless 2,Farr 40,Carroll,Farr,1996,SOUTH AFRICA,,,,ORC,CLUB,R,935,07 02 2026 22:48:03,12.415,11.375,2.610,3.96,5319.,0.0,0.00,528.8,1.0306,582.2,1.2647,474.4,838.7,680.7,603.3,563.0,535.9,515.7,477.5,0.0,0.0,0.0,0.0,0.0,0.0,0.0,645.2,539.3,490.6,463.4,443.0,426.3,397.2,0.0,0.0,0.0,0.0,0.0,0.0,0.0,836.7,641.9,547.7,493.8,460.1,431.0,379.9,42.4,40.0,37.5,36.7,36.1,35.7,35.5,141.7,144.9,150.4,156.6,163.7,162.9,144.8,858.6,708.5,646.0,621.3,606.9,597.8,588.1,567.9,487.6,459.8,448.4,441.1,435.8,428.7,540.5,473.7,448.4,435.9,427.8,421.7,413.4,522.7,464.8,438.3,420.2,408.6,400.4,388.4,508.9,452.7,428.9,414.6,396.9,382.8,363.3,520.4,453.0,419.3,394.8,373.9,357.7,331.3,538.0,456.3,418.7,389.1,365.0,345.1,306.6,594.0,485.2,439.5,405.3,372.8,339.5,282.4,709.1,565.4,485.6,443.1,412.4,382.0,317.7,818.8,652.8,560.5,504.7,465.0,433.6,366.8,1.0131,1.2666,1.4300,0.7898,1.0355,1.1848,0.0,0.0000,2026,1.1648,515.1,04620004AFF,11.465,6595,30.7,60.1,40.0,160.8,158.8,592.2,473.7,419.6,759.7,579.4,506.4,514.8,477.1,1.1654,1.2576,440.3,375.1,355.2,36.5,145.7,594.9,427.7,410.5,382.7,350.4,317.9,278.7,248.7,247.4,285.7,1199.3,904.8,1197.6,45.2,139.1,1216.2,779.3,725.5,689.4,682.7,707.7,755.9,847.2,1024.1,1182.5
RSA,ZAC043,RSA4601,RSA-4601,Double Helix,Mount Gay 30Mod.,HARVEY,SIMONIS,2022,,,,,ORC,CLUB,R,593,03 02 2026 20:04:51,9.805,9.339,2.264,3.28,3290.,0.0,0.00,580.0,0.9395,638.6,1.1540,520.0,919.4,745.5,657.7,616.1,591.7,570.9,525.8,0.0,0.0,0.0,0.0,0.0,0.0,0.0,710.2,592.0,536.1,506.8,486.6,468.7,435.5,0.0,0.0,0.0,0.0,0.0,0.0,0.0,916.6,703.3,597.7,539.5,504.7,473.8,416.5,42.3,40.1,37.7,36.9,36.4,36.1,36.1,142.8,146.8,150.6,153.9,153.2,148.9,143.2,947.2,781.2,706.2,679.7,665.6,657.0,649.0,627.5,537.9,503.4,490.5,483.0,477.9,470.9,598.7,522.9,491.9,477.0,468.7,462.5,454.2,581.0,513.7,483.0,461.5,447.9,439.3,426.5,569.8,500.7,469.1,451.2,436.8,420.5,398.8,574.6,495.0,457.1,432.3,410.9,389.3,358.6,586.4,499.3,458.2,425.0,396.9,376.6,332.5,650.6,531.2,480.4,443.4,408.3,371.4,303.5,772.1,614.8,527.8,481.8,449.8,419.9,348.7,891.6,709.9,609.2,552.5,517.8,484.8,402.6,0.9215,1.1569,1.3024,0.7208,0.9454,1.0730,0.0,0.0000,2026,1.0638,564.0,04620004873,9.496,4105,22.7,40.3,27.0,0.0,110.2,651.1,518.6,460.7,832.4,634.7,559.2,564.8,522.9,1.0624,1.1475,479.1,408.3,386.6,37.4,145.6,659.8,470.9,451.8,420.3,385.0,340.3,299.7,261.5,258.5,298.5,1314.5,996.8,1312.0,44.9,139.7,1339.4,858.6,802.0,765.9,768.5,798.4,824.9,925.2,1116.8,1289.5
RSA,ZAC154,USA12,RSA-4669,Skye,Swede 55,Fiskastra,Knud Reimers,1975,SOUTH AFRICA,,,,ORC,CLUB,C,340,24 03 2026 11:59:26,15.762,12.458,2.096,2.97,8340.,0.0,0.37,592.0,0.9006,666.2,1.1345,528.9,983.7,801.4,695.8,638.4,603.1,579.9,551.6,0.0,0.0,0.0,0.0,0.0,0.0,0.0,734.7,612.2,546.3,511.2,489.9,475.5,454.9,0.0,0.0,0.0,0.0,0.0,0.0,0.0,981.8,747.9,621.6,549.5,509.5,479.1,430.6,46.0,42.3,41.4,41.3,41.3,41.3,41.5,142.6,145.3,148.0,153.9,159.7,165.7,169.6,1003.3,857.8,770.6,733.4,714.6,704.3,695.0,637.3,560.1,514.7,491.1,480.2,474.1,467.9,588.2,522.5,490.7,469.0,459.2,453.6,447.9,544.8,484.9,462.5,449.0,437.7,431.5,424.0,535.4,470.2,444.3,431.7,423.7,416.8,404.3,564.1,477.7,439.9,420.0,405.8,394.5,377.3,601.5,497.3,449.7,422.9,404.0,388.8,362.1,698.8,551.3,473.8,434.4,409.6,388.0,346.4,834.9,645.2,537.8,473.5,436.0,411.5,369.4,964.1,745.0,621.0,543.5,491.6,455.5,408.3,0.8909,1.1406,1.2729,0.6722,0.9060,1.0433,0.0,0.0000,2026,1.0318,581.5,04620004IPA,10.375,8991,34.5,44.4,32.1,104.4,0.0,673.5,526.0,471.4,892.6,662.3,575.1,583.8,527.9,1.0277,1.1366,539.0,442.4,417.3,42.9,160.2,710.6,470.2,448.0,421.3,397.1,367.5,343.6,299.7,321.6,367.5,1432.8,1044.3,1433.7,49.2,139.8,1423.7,883.8,792.7,717.1,708.5,772.9,849.3,1032.8,1248.8,1442.0
RSA,ZAC045,RSA469,RSA-469,Elwing,Miura,Nebe,Berckemeyer,1972,Cape Town,,,,ORC,CLUB,C,340,03 02 2026 22:07:20,9.330,7.836,1.782,3.15,4779.,0.0,0.66,749.4,0.7343,817.1,0.9037,664.0,1239.9,995.6,863.0,779.2,728.8,699.3,671.2,0.0,0.0,0.0,0.0,0.0,0.0,0.0,961.6,785.8,691.5,636.9,605.7,586.1,564.0,0.0,0.0,0.0,0.0,0.0,0.0,0.0,1233.5,936.3,777.9,680.7,628.8,591.9,537.8,44.2,42.1,41.0,40.4,40.2,40.0,39.9,148.4,151.8,154.7,160.1,165.3,171.3,177.7,1303.4,1071.5,951.6,880.4,842.0,825.2,819.3,848.0,715.8,644.1,604.1,581.3,570.9,566.8,803.4,684.6,620.0,584.4,564.6,554.0,548.5,778.6,663.8,601.8,568.1,548.9,536.5,523.7,792.6,657.8,589.7,557.3,544.4,528.9,505.8,772.5,641.3,574.6,541.8,520.6,503.6,484.3,799.7,656.9,582.1,544.2,520.1,499.0,466.1,884.6,710.7,613.0,561.4,532.2,508.6,466.5,1018.7,797.9,674.4,599.3,556.7,530.5,487.0,1176.3,919.7,774.5,677.9,615.5,573.4,523.2,0.6868,0.9095,1.0297,0.5368,0.7384,0.8619,0.0,0.0000,2026,0.8305,722.4,04620004885,6.795,5286,22.2,19.3,31.1,66.5,0.0,873.6,659.7,582.7,1117.7,812.6,696.1,725.4,668.5,0.8271,0.8976,661.1,554.4,525.9,41.1,177.2,838.1,569.3,548.2,518.9,492.0,474.1,452.4,437.5,451.3,484.1,1813.2,1374.0,1807.0,47.1,144.8,1875.4,1184.2,1099.2,1049.8,1084.1,1080.8,1126.9,1274.1,1516.4,1751.0
RSA,ZAC022,RSA4714,RSA-4714,PhatAss,Fareast 28R,Fareast Boats,Simonis Voogd,2015,,,,,ORC,CLUB,S,495,03 02 2026 19:05:15,8.520,8.418,1.724,2.79,1444.,0.0,0.00,607.5,0.8861,677.1,1.1097,540.7,995.1,799.6,703.9,655.7,620.5,588.6,538.9,0.0,0.0,0.0,0.0,0.0,0.0,0.0,764.7,629.0,563.3,525.6,497.9,475.2,442.4,0.0,0.0,0.0,0.0,0.0,0.0,0.0,989.9,752.0,634.0,564.4,518.7,478.5,414.6,43.8,41.4,39.6,39.0,39.5,39.6,40.4,142.6,146.0,149.2,149.8,146.2,145.6,144.0,1047.7,854.9,775.4,751.3,740.0,733.2,735.5,683.1,575.8,534.4,520.9,512.8,507.4,502.4,647.2,553.9,515.8,499.6,489.0,481.6,473.9,626.5,539.5,497.5,468.1,453.1,441.7,428.9,619.8,536.8,496.2,455.9,425.6,408.1,385.6,597.9,507.9,461.0,431.8,407.5,386.8,351.8,611.1,511.1,451.5,411.1,384.1,361.6,326.3,686.2,550.3,482.3,424.7,373.4,334.6,287.7,816.3,644.6,547.8,485.1,433.8,384.5,296.4,942.6,744.3,632.5,560.1,501.0,444.0,342.3,0.8611,1.1114,1.2805,0.6686,0.8889,1.0382,0.0,0.0000,2026,1.0172,589.8,0462000486Q,8.160,2100,16.7,27.2,19.1,0.0,82.8,696.8,539.9,468.6,897.4,675.0,577.9,601.0,531.6,0.9983,1.1286,510.3,423.5,392.8,42.3,148.9,756.9,507.2,475.6,423.5,372.2,325.0,298.3,250.2,228.4,263.7,1432.7,1088.0,1426.2,46.0,139.7,1497.0,954.9,889.6,848.9,871.2,845.2,871.5,981.6,1185.0,1368.3
RSA,ZAC054,RSA4750,RSA-4750,FOMO,JEANN SUNFAST 3300,JEANNEAU BOATS,DANIEL ANDRIEU,2019,,,,,ORC,CLUB,R,435,24 02 2026 13:35:52,10.000,9.369,1.958,3.41,3784.,0.0,0.00,615.1,0.8833,679.3,1.0979,546.5,1017.3,815.4,706.5,646.7,617.8,597.8,564.2,0.0,0.0,0.0,0.0,0.0,0.0,0.0,781.0,638.3,566.8,527.0,503.6,485.9,457.0,0.0,0.0,0.0,0.0,0.0,0.0,0.0,1011.4,765.4,637.2,563.0,523.3,489.5,432.7,44.1,41.9,40.2,39.0,39.4,39.3,39.9,143.0,147.1,148.7,152.3,155.5,156.3,144.9,1076.4,875.5,773.5,721.6,701.2,691.4,689.3,702.2,587.4,532.0,503.8,490.3,484.4,479.2,665.3,563.8,516.1,490.7,475.3,467.0,459.1,643.2,548.9,504.9,479.6,459.5,444.0,428.6,625.8,526.2,485.7,466.8,453.0,437.1,405.1,607.3,510.7,468.1,436.9,413.7,398.5,371.5,621.1,517.4,472.5,439.2,408.8,380.3,344.2,698.6,559.9,495.8,459.7,427.7,396.1,330.4,829.9,654.1,553.8,497.0,466.0,438.4,380.2,958.2,755.3,639.4,571.8,534.4,504.3,439.0,0.8455,1.1036,1.2512,0.6548,0.8909,1.0166,0.0,0.0000,2026,1.0081,595.2,04620004EM7,8.967,4421,23.4,33.9,25.1,0.0,101.2,709.6,543.7,479.5,916.3,673.5,590.2,598.1,549.7,1.0032,1.0915,522.8,429.4,405.3,41.9,141.6,704.2,479.3,457.8,422.4,387.9,349.0,316.8,262.1,295.6,341.4,1474.3,1116.5,1466.8,46.4,139.8,1550.1,986.5,918.1,875.7,880.2,858.6,884.8,1003.1,1211.2,1398.6
RSA,ZAC115,RSA4758,RSA-4758,Dauntless,Pacer 27,Pacer Yachts,Simonis Voog,2006,,,,,ORC,CLUB,S,530,11 02 2026 14:06:00,8.311,8.046,1.670,2.51,1373.,0.0,0.00,634.7,0.8542,702.4,1.0619,565.0,1036.7,834.2,728.6,676.5,644.7,614.9,561.9,0.0,0.0,0.0,0.0,0.0,0.0,0.0,798.1,656.8,588.1,549.0,521.4,498.0,460.8,0.0,0.0,0.0,0.0,0.0,0.0,0.0,1030.7,784.2,659.1,586.6,541.8,501.8,435.5,43.4,41.5,39.3,37.8,37.8,37.8,38.2,143.2,146.9,150.1,151.7,148.9,145.8,142.1,1096.5,894.9,796.4,757.0,742.5,734.6,732.3,720.2,602.8,556.9,536.1,527.0,520.9,514.3,684.6,580.5,541.8,518.5,506.6,498.6,488.9,664.7,569.1,528.2,497.5,475.7,463.7,447.5,637.3,549.4,519.4,492.2,461.2,436.2,408.1,622.8,531.6,481.7,450.2,426.4,405.4,371.5,638.5,538.3,482.7,437.1,402.7,379.2,341.4,713.2,578.0,515.2,464.6,414.7,370.3,301.0,845.9,669.8,572.3,517.0,473.7,428.9,339.1,976.8,773.4,660.8,595.9,546.9,495.2,391.5,0.8248,1.0636,1.2248,0.6414,0.8583,0.9959,0.0,0.0000,2026,0.9759,614.8,04620004B6H,7.915,2051,14.9,23.3,14.6,0.0,65.3,727.4,564.1,489.9,935.5,699.1,602.5,622.8,563.0,0.9634,1.0657,520.7,435.4,407.9,40.1,146.2,749.0,515.5,487.9,440.8,393.0,345.9,311.5,259.6,253.1,292.3,1491.5,1132.9,1484.0,45.6,139.9,1566.9,1004.2,939.2,900.1,894.4,873.0,900.4,1016.4,1226.4,1416.1
RSA,ZAC011,RSA4763,RSA-4763,Astra,Tumlaren,Unknown,Knud H. Reimers,1934,Cape Point,,,,ORC,CLUB,S,250,19 04 2026 10:14:54,8.281,6.723,1.280,1.88,1814.,0.0,0.41,785.5,0.6951,863.2,0.8562,700.8,1283.1,1025.5,894.8,823.7,786.7,763.9,733.9,0.0,0.0,0.0,0.0,0.0,0.0,0.0,986.5,804.5,718.4,675.6,652.1,636.0,612.2,0.0,0.0,0.0,0.0,0.0,0.0,0.0,1277.1,962.8,807.3,722.0,676.5,640.1,580.9,43.5,41.0,39.8,39.9,40.1,40.3,41.0,147.6,151.6,153.2,161.3,169.4,177.1,177.5,1343.7,1103.2,997.2,960.0,945.5,937.9,933.6,880.8,743.1,680.7,655.7,644.6,638.7,633.0,837.0,710.7,654.6,630.6,620.0,614.1,607.1,812.9,685.3,631.6,606.1,592.5,584.6,574.6,773.2,660.2,618.6,596.7,577.3,563.8,547.4,763.7,641.2,594.6,569.5,552.8,540.4,520.2,810.9,654.3,596.9,564.8,540.4,521.2,495.4,908.8,722.4,622.5,580.2,548.1,519.8,466.6,1058.8,821.8,688.2,612.9,576.1,546.0,490.1,1222.6,947.8,792.5,687.4,628.0,589.8,534.2,0.6700,0.8637,0.9507,0.5198,0.7018,0.7912,0.0,0.0000,2026,0.7877,761.7,04620004LVQ,5.781,2180,14.4,15.7,9.5,35.1,0.0,895.5,694.7,631.1,1154.3,854.9,758.3,772.0,693.1,0.7772,0.8657,717.2,595.8,563.7,42.3,164.9,952.5,635.6,606.5,570.1,537.5,504.4,474.9,415.4,423.6,482.0,1898.2,1432.9,1891.4,45.9,143.8,1966.1,1255.5,1171.8,1126.9,1087.9,1092.3,1154.4,1331.0,1585.1,1830.3
RSA,ZAC052,RSA4809,RSA-4809,Flica,J/99,J Boats,Alan Johnstone,2019,7945,,,,ORC,CLUB,C,580,03 06 2026 07:45:09,9.950,9.126,1.997,3.41,3973.,0.0,0.18,618.5,0.8845,678.3,1.0876,551.7,1005.8,810.6,704.7,647.3,617.7,598.1,570.1,0.0,0.0,0.0,0.0,0.0,0.0,0.0,773.4,637.2,570.1,533.5,511.3,495.2,468.7,0.0,0.0,0.0,0.0,0.0,0.0,0.0,999.3,761.5,638.1,567.9,530.5,499.8,448.5,43.6,41.5,39.6,37.8,37.3,37.0,37.1,143.1,147.3,150.1,153.4,158.2,160.8,145.9,1071.2,873.7,769.7,714.9,691.7,680.9,673.8,700.6,588.2,536.5,511.4,498.8,492.7,486.5,664.3,565.7,522.7,500.4,486.8,479.0,471.4,642.9,552.1,512.6,490.6,473.8,461.3,447.6,616.4,526.0,492.5,476.7,465.2,454.8,427.7,602.2,514.3,477.9,452.0,431.2,416.6,390.6,616.0,521.3,481.9,453.1,426.3,400.7,363.0,686.4,559.6,503.6,471.2,442.3,413.7,349.5,814.5,647.4,553.9,505.4,477.5,452.9,403.9,940.5,747.5,639.6,579.8,543.7,515.3,466.4,0.8507,1.0933,1.2263,0.6606,0.8920,1.0127,0.0,0.0000,2026,1.0012,599.3,04620004RV4,8.926,4764,23.2,33.4,25.5,0.0,101.4,705.3,548.8,489.3,908.3,672.6,592.5,600.4,555.6,0.9993,1.0800,525.6,439.1,419.6,38.1,141.4,679.4,485.5,468.8,440.3,410.4,368.3,331.9,281.0,321.9,371.7,1449.3,1097.1,1440.7,46.1,139.4,1535.9,977.9,909.4,865.8,860.5,837.9,863.7,976.0,1180.2,1362.7
RSA,ZAC281,RSA4811,RSA-4811,Ripple,Bavaria 36,Bavaria Yachts,J&D Design,2002,Cape Town,,,,ORC,CLUB,C,450,03 02 2026 22:09:17,11.040,9.922,1.554,3.61,5689.,0.0,0.41,673.1,0.8092,741.5,1.0098,594.2,1151.3,913.4,786.7,706.0,655.2,624.5,598.8,0.0,0.0,0.0,0.0,0.0,0.0,0.0,878.1,708.4,620.6,569.4,538.3,519.2,498.6,0.0,0.0,0.0,0.0,0.0,0.0,0.0,1145.0,855.5,703.9,610.2,559.3,524.4,474.8,46.2,43.7,42.2,41.0,40.1,39.7,40.1,143.8,146.9,148.3,155.2,163.7,174.5,178.6,1213.8,979.6,858.6,784.8,743.8,726.6,725.4,775.9,642.0,573.0,535.2,515.1,504.8,500.8,726.5,609.1,549.3,518.0,500.5,490.3,484.1,696.4,586.9,532.3,504.1,486.9,474.7,460.7,699.2,575.0,514.8,486.2,469.4,459.5,446.8,685.4,561.4,505.1,476.7,455.7,437.4,408.3,708.1,577.6,513.8,482.2,459.5,439.1,402.3,795.2,634.4,547.7,502.4,475.9,454.5,414.5,943.0,733.7,619.1,547.2,505.5,480.1,441.1,1088.8,847.2,714.9,627.2,566.6,522.5,472.2,0.7564,1.0165,1.1622,0.5812,0.8136,0.9638,0.0,0.0000,2026,0.9229,650.1,04620004886,8.581,6371,25.9,24.3,33.7,0.0,69.4,793.2,590.3,516.3,1032.3,737.5,622.5,648.3,602.2,0.9254,0.9963,593.9,488.7,459.6,41.8,178.1,751.3,505.8,485.3,456.7,433.2,392.1,369.9,374.3,404.2,436.4,1701.7,1276.8,1694.0,48.0,140.4,1779.0,1115.0,1021.7,962.6,993.4,975.6,1011.7,1166.0,1406.8,1624.5
RSA,ZAC273,RSA4812,RSA-4812,Grasshopper,Holiday 23,John Robertson,Angelo Lavranos,1979,,,,,ORC,CLUB,C,340,20 08 2026 08:26:05,6.918,6.229,1.613,2.53,1556.,0.0,0.32,787.2,0.7036,852.7,0.8570,700.1,1278.7,1035.9,903.2,815.2,759.1,729.3,704.5,0.0,0.0,0.0,0.0,0.0,0.0,0.0,992.6,819.6,730.1,676.3,640.8,618.3,591.8,0.0,0.0,0.0,0.0,0.0,0.0,0.0,1273.5,974.8,817.8,720.5,664.3,625.4,566.4,43.2,41.8,40.8,39.3,37.7,37.6,38.5,149.2,153.4,157.8,164.6,172.3,177.7,177.7,1331.1,1109.2,992.7,916.1,863.9,842.8,847.2,875.9,744.1,678.7,643.3,620.4,607.7,604.0,833.3,714.6,658.1,627.7,606.8,592.8,585.1,807.4,696.0,642.6,613.6,592.4,574.4,553.1,808.6,678.5,621.7,591.1,571.2,560.5,532.6,799.6,674.9,618.6,584.2,554.3,528.4,493.6,827.9,691.4,627.9,592.0,560.8,531.0,482.5,924.6,749.8,656.6,611.5,579.7,549.3,494.2,1062.1,836.8,712.9,643.4,605.4,576.1,520.7,1226.4,962.5,813.7,714.2,654.4,615.8,561.9,0.6622,0.8604,0.9772,0.5185,0.7068,0.8248,0.0,0.0000,2026,0.7892,760.3,04620004WKP,5.771,2017,12.6,13.5,15.5,33.4,0.0,906.1,697.4,614.0,1157.2,848.9,727.4,760.2,707.2,0.7893,0.8484,696.7,579.4,548.0,41.3,176.8,880.7,607.1,585.0,547.6,513.1,477.6,450.0,447.0,473.4,512.6,1853.5,1402.3,1850.0,45.8,144.7,1888.4,1204.9,1122.7,1070.8,1098.6,1099.2,1148.7,1315.4,1575.0,1818.6
RSA,ZAC249,RSA4844,RSA-4844,Hot Stuff,Flamenca,Nebe,Berckemeyer,1971,Simon's Town,,,,ORC,CLUB,R,140,23 02 2026 16:04:33,7.500,6.273,1.238,2.30,1800.,0.0,0.41,792.0,0.6941,864.5,0.8491,706.6,1278.7,1032.8,900.0,821.9,784.1,763.6,750.0,0.0,0.0,0.0,0.0,0.0,0.0,0.0,991.4,816.6,727.6,679.8,654.9,638.7,621.6,0.0,0.0,0.0,0.0,0.0,0.0,0.0,1272.2,971.6,814.9,725.1,679.7,644.3,587.1,44.0,41.9,41.0,40.2,40.1,40.2,41.7,148.5,152.3,156.3,163.5,170.2,177.2,177.4,1343.3,1114.7,997.1,937.2,919.5,916.9,942.5,877.4,745.7,679.6,648.3,635.1,631.2,634.6,832.3,714.4,657.9,629.8,615.8,610.6,609.3,804.0,692.1,640.2,612.7,596.0,584.8,575.5,813.7,682.9,626.9,602.7,587.6,571.1,546.2,796.2,669.8,614.9,584.9,561.6,542.2,520.0,823.8,684.0,620.7,586.8,559.6,533.7,496.2,909.8,736.8,646.2,602.3,572.3,543.8,491.8,1051.4,825.4,701.8,634.2,597.1,569.1,514.7,1214.1,950.8,802.9,706.7,648.7,610.2,557.4,0.6637,0.8560,0.9429,0.5192,0.7009,0.7857,0.0,0.0000,2026,0.7828,766.5,04620004CBB,5.675,2041,12.3,12.9,14.2,32.8,0.0,904.0,700.9,636.3,1155.6,856.0,763.7,771.7,705.2,0.7775,0.8508,755.1,619.0,578.3,44.5,176.3,1001.9,652.4,615.6,573.1,533.5,504.5,479.3,449.5,468.1,508.4,1859.3,1407.0,1853.6,47.0,144.2,1916.4,1212.5,1124.3,1072.8,1103.4,1104.5,1154.0,1308.1,1560.7,1802.2
RSA,ZAC267,RSA4860,RSA-4860,WAVEGUIDE,LADD 27,,ROBERT LADD,1986,WESTERN CAPE,,,,ORC,CLUB,R,550,03 02 2026 22:06:14,8.235,7.418,1.627,2.86,2412.,0.0,0.18,692.3,0.8044,745.9,0.9715,617.6,1112.6,900.9,783.1,711.0,671.7,649.4,620.2,0.0,0.0,0.0,0.0,0.0,0.0,0.0,863.8,715.1,639.9,596.7,571.3,553.3,525.7,0.0,0.0,0.0,0.0,0.0,0.0,0.0,1109.0,849.2,712.9,633.2,591.7,559.5,504.8,42.9,41.0,39.3,37.1,36.2,35.8,36.0,146.9,151.4,155.2,163.3,171.8,177.2,176.8,1147.9,952.4,845.5,782.4,755.0,743.6,735.3,758.1,644.8,594.2,568.9,554.9,548.1,540.9,722.8,623.5,581.0,558.4,543.7,534.9,526.0,703.5,611.7,571.4,548.3,530.9,517.6,501.1,710.1,601.1,558.2,536.5,524.7,509.4,480.3,701.1,595.2,551.2,522.7,498.9,478.6,451.2,724.1,608.6,558.6,526.9,499.1,473.1,427.8,799.3,653.4,582.3,545.7,516.7,488.3,433.0,933.0,736.3,629.5,574.1,542.1,515.1,462.5,1077.3,849.3,720.6,639.5,588.4,555.2,505.1,0.7600,0.9762,1.0960,0.5960,0.8097,0.9317,0.0,0.0000,2026,0.8972,668.8,04620004884,7.351,3073,16.6,21.3,19.7,54.2,0.0,789.5,614.6,547.4,1006.7,741.0,644.0,666.5,626.3,0.9002,0.9581,599.9,505.5,484.1,37.0,168.9,742.6,541.0,523.7,493.0,460.8,433.7,400.0,370.1,410.8,457.1,1597.4,1210.7,1595.8,45.7,140.2,1613.4,1031.5,963.8,923.4,951.0,965.1,1000.3,1140.2,1369.5,1581.4
RSA,ZAC289,RSA4869,RSA-4869,PLATOON,MOUNTGAY 30,,M VOOGD,1993,,,,,ORC,CLUB,R,540,19 08 2026 06:39:54,9.600,8.729,1.953,3.28,2850.,0.0,0.18,626.7,0.8768,684.3,1.0786,556.3,1039.3,832.0,716.6,650.2,616.6,594.4,559.6,0.0,0.0,0.0,0.0,0.0,0.0,0.0,797.3,652.4,578.7,536.4,511.3,492.2,460.5,0.0,0.0,0.0,0.0,0.0,0.0,0.0,1033.9,781.4,648.4,571.4,530.8,497.7,437.6,43.4,41.4,39.6,37.6,37.2,36.9,37.2,144.8,149.2,151.4,159.1,167.2,166.7,156.2,1094.0,890.3,780.3,725.9,706.1,695.6,688.6,715.7,598.9,544.2,518.4,507.1,500.8,493.6,677.8,575.3,530.0,505.2,491.3,483.9,474.9,654.6,560.5,519.1,493.0,472.1,458.9,445.5,630.9,535.7,495.9,471.6,457.7,446.3,418.5,618.9,525.8,484.6,454.5,425.2,401.5,371.4,637.2,534.9,489.8,454.6,424.1,396.6,343.0,723.7,578.9,513.4,474.3,439.9,404.5,333.1,852.7,670.0,566.0,509.0,473.4,441.4,374.6,984.7,773.7,652.9,574.5,527.2,493.2,430.7,0.8278,1.0832,1.2369,0.6413,0.8835,1.0223,0.0,0.0000,2026,0.9909,605.5,04620004WIU,8.596,3583,20.9,34.3,19.6,95.4,67.9,724.8,553.9,485.1,935.6,679.1,586.9,608.6,559.3,0.9859,1.0728,512.0,429.7,407.2,38.2,145.0,695.5,492.4,471.9,438.9,403.9,346.9,310.5,267.5,284.6,328.6,1506.3,1136.7,1499.9,45.8,140.8,1570.1,1000.9,930.6,884.2,879.4,871.6,904.2,1038.4,1249.2,1442.4
RSA,ZAC292,RSA4886,RSA-4886,Polarity,Boreal 47.2,Boreal Yachts,Jean-Francois Delvoye,2020,Cape Town,,,,ORC,CLUB,C,510,03 02 2026 18:53:08,14.360,13.434,2.376,4.39,14000.,0.0,0.41,580.8,0.9350,641.7,1.1686,513.4,985.0,784.8,675.3,609.9,572.6,551.0,526.2,0.0,0.0,0.0,0.0,0.0,0.0,0.0,753.2,610.6,534.4,491.5,467.2,452.2,434.1,0.0,0.0,0.0,0.0,0.0,0.0,0.0,979.4,735.7,605.4,526.7,485.1,456.2,414.4,44.4,41.8,40.5,40.0,39.6,39.3,39.3,142.4,146.2,148.7,150.2,152.8,157.4,163.7,1041.2,840.4,734.8,674.6,642.9,629.7,621.3,676.2,561.5,499.2,463.9,446.5,437.5,431.9,639.5,537.3,481.0,449.8,433.5,424.7,418.1,615.5,515.3,461.5,436.5,422.5,412.3,400.4,589.2,492.8,444.0,420.7,407.2,398.0,387.3,589.4,485.1,435.2,411.0,394.9,382.4,365.1,603.6,494.9,441.0,414.3,396.0,380.3,354.4,674.4,541.7,469.4,431.0,408.7,391.0,359.0,804.4,631.5,533.4,472.2,436.7,415.6,385.4,928.8,729.2,615.9,545.2,502.3,472.4,431.1,0.8799,1.1773,1.3358,0.6780,0.9420,1.0967,0.0,0.0000,2026,1.0689,561.3,0462000486K,11.617,14889,42.6,49.3,46.6,0.0,138.3,681.9,509.6,449.2,885.0,636.9,547.1,559.9,520.7,1.0716,1.1523,516.4,423.8,404.1,40.1,163.5,629.9,433.3,417.8,396.1,378.6,347.0,339.4,327.3,357.6,402.8,1447.2,1086.5,1439.8,47.1,138.8,1521.1,960.7,887.9,845.2,815.2,831.0,858.0,981.1,1189.3,1373.3
RSA,ZAC181,RSA505,RSA-505,UMOYA,Simonis 35,Fred Scholtz Marine,Alex Simonis,1990,SOUTH AFRICA,,,,ORC,CLUB,R,510,11 02 2026 15:21:00,10.770,10.289,2.206,3.56,4318.,0.0,0.22,613.0,0.8935,671.5,1.1044,543.3,1031.9,817.3,701.8,638.5,603.3,581.0,551.2,0.0,0.0,0.0,0.0,0.0,0.0,0.0,788.0,638.4,562.3,522.4,498.7,482.3,457.7,0.0,0.0,0.0,0.0,0.0,0.0,0.0,1033.7,769.4,633.3,557.6,518.0,486.5,436.0,43.2,40.9,39.4,38.3,37.9,37.8,38.0,144.9,149.2,150.5,157.0,164.2,169.6,168.7,1014.4,824.3,731.1,695.2,680.7,673.2,666.9,665.6,557.2,507.7,489.3,482.1,477.8,472.6,632.0,536.5,493.9,475.6,467.7,463.0,456.6,611.7,523.8,484.7,462.5,448.3,440.6,430.1,627.1,530.8,485.0,461.5,441.1,425.1,407.0,641.2,526.0,476.3,447.0,424.4,409.9,388.3,665.0,542.4,484.5,451.7,424.1,400.2,364.3,749.6,598.3,516.5,473.9,442.9,415.1,358.7,908.9,701.8,582.6,510.4,472.6,443.9,391.6,1049.5,810.3,672.5,581.7,526.0,488.7,435.5,0.8413,1.1123,1.2574,0.6489,0.9013,1.0428,0.0,0.0000,2026,1.0122,592.8,04620004B76,9.759,5067,26.4,37.2,33.0,79.2,0.0,713.2,539.4,477.2,924.6,665.7,575.4,585.9,557.9,1.0240,1.0754,529.1,437.5,416.2,39.0,149.2,674.5,472.2,454.7,424.6,395.8,369.3,337.1,296.7,332.3,383.7,1499.2,1125.6,1503.5,45.7,136.6,1455.6,928.7,864.4,824.3,853.5,909.3,947.7,1097.1,1336.1,1542.8
RSA,ZAC242,RSA052,RSA-52,Cape Columbine,L 26,Ton Cup,Lavranos,1980,SOUTH AFRICA,,,,ORC,CLUB,S,420,01 04 2026 09:52:29,7.800,6.977,1.476,2.70,1715.,0.0,0.28,733.9,0.7554,794.3,0.9224,650.5,1220.6,976.4,841.5,754.3,703.3,678.2,652.2,0.0,0.0,0.0,0.0,0.0,0.0,0.0,938.9,767.4,678.7,626.3,593.4,573.0,543.0,0.0,0.0,0.0,0.0,0.0,0.0,0.0,1219.8,918.8,761.3,666.5,615.3,579.6,517.0,43.6,41.6,39.7,38.2,37.3,37.1,37.8,148.0,152.2,155.0,162.1,172.5,178.1,178.1,1229.0,1013.4,898.0,827.8,788.9,777.3,779.0,804.6,679.4,620.9,590.8,571.4,562.3,557.9,764.5,653.9,604.7,578.1,558.4,545.9,538.4,742.1,639.7,593.6,566.6,544.8,526.5,508.5,756.5,633.5,579.7,548.8,527.3,516.0,485.2,755.3,632.7,579.4,545.7,514.9,486.3,441.2,786.4,650.8,589.1,554.6,523.7,492.3,425.9,899.4,718.2,619.8,575.5,544.1,514.2,449.1,1049.8,815.1,683.4,608.5,570.3,541.1,484.3,1212.2,939.4,784.9,680.8,617.6,579.0,525.4,0.7033,0.9269,1.0585,0.5462,0.7604,0.8893,0.0,0.0000,2026,0.8476,707.8,04620004JJ8,6.743,2275,14.3,17.7,17.5,36.2,0.0,853.1,647.3,566.8,1098.5,789.1,674.7,701.6,665.8,0.8551,0.9011,638.4,521.6,489.6,40.1,166.0,803.4,559.8,537.3,501.0,465.8,415.0,369.1,373.7,421.3,473.4,1783.6,1338.3,1786.7,46.1,144.0,1752.2,1115.2,1038.4,992.6,1023.5,1055.3,1108.1,1297.5,1571.8,1815.0
RSA,ZAC307,RSA550,RSA-550,Neutron,Astove 30,,Lavranos,1976,,,,,ORC,CLUB,C,340,22 04 2026 07:58:00,9.190,8.063,1.660,3.01,4219.,0.0,0.51,755.7,0.7301,821.8,0.9005,666.3,1288.7,1019.0,874.0,780.5,722.5,689.0,662.0,0.0,0.0,0.0,0.0,0.0,0.0,0.0,991.5,797.3,695.8,637.4,602.9,581.6,557.8,0.0,0.0,0.0,0.0,0.0,0.0,0.0,1279.7,955.5,785.0,681.4,625.6,588.1,533.5,45.6,43.4,42.1,41.2,40.3,39.5,39.5,147.8,151.2,153.2,159.2,165.5,172.7,178.1,1379.2,1111.6,974.5,887.4,833.0,805.7,800.1,885.0,730.9,650.2,604.0,578.8,566.1,560.1,831.1,694.6,622.8,585.3,564.0,551.7,543.3,800.9,670.4,603.1,570.2,550.8,536.8,520.6,800.2,655.5,585.4,554.7,541.2,532.9,507.9,776.3,637.1,572.8,542.2,520.7,502.6,478.6,806.6,653.1,579.0,544.6,521.2,499.2,460.1,897.5,709.8,607.8,559.8,532.3,509.4,463.5,1037.7,803.0,671.8,594.9,555.6,530.7,486.8,1198.2,926.4,773.4,673.6,611.9,572.3,524.0,0.6709,0.9070,1.0380,0.5200,0.7344,0.8730,0.0,0.0000,2026,0.8257,726.6,04620004MBS,6.863,4728,20.5,17.9,26.5,62.8,0.0,894.3,661.5,578.0,1153.8,817.0,687.3,729.9,669.8,0.8220,0.8958,653.7,547.4,520.2,40.8,176.3,823.3,567.1,546.3,515.1,489.8,463.4,441.1,428.5,446.0,484.1,1916.6,1451.9,1904.7,47.4,145.3,2036.1,1282.4,1180.3,1121.7,1152.3,1112.3,1161.6,1320.3,1556.4,1797.2
RSA,ZAC207,RSA522,RSA-552,Jasper,Miura,Halsted,Berckmeyer,1978,SOUTH AFRICA,,,,ORC,CLUB,C,320,07 02 2026 22:40:25,9.330,7.835,1.784,3.15,4800.,0.0,0.64,766.2,0.7165,837.4,0.8880,675.7,1301.8,1035.4,888.5,795.8,739.9,706.2,675.4,0.0,0.0,0.0,0.0,0.0,0.0,0.0,1002.9,810.6,706.4,646.1,610.9,589.0,565.0,0.0,0.0,0.0,0.0,0.0,0.0,0.0,1292.3,970.7,797.5,692.0,634.3,594.7,538.7,44.7,42.6,41.3,40.8,40.5,40.6,40.4,148.4,151.8,152.0,158.8,164.4,170.0,177.2,1397.6,1133.1,998.5,916.0,866.0,840.7,829.5,906.0,753.3,672.4,622.5,593.8,577.3,570.0,856.8,720.1,644.7,600.6,574.4,559.7,550.8,830.8,697.1,622.7,581.2,557.1,542.3,525.7,798.0,657.5,585.8,551.5,535.7,526.8,511.2,776.9,640.5,572.1,538.7,516.3,497.4,473.0,809.1,656.5,580.2,542.2,517.8,496.9,461.7,902.1,715.1,608.9,557.5,528.4,504.4,462.6,1044.4,813.3,675.1,595.6,553.2,527.0,482.7,1206.0,937.6,778.5,675.6,613.8,571.8,521.3,0.6617,0.8940,1.0248,0.5134,0.7206,0.8534,0.0,0.0000,2026,0.8137,737.4,04620004ADS,6.575,5282,22.1,18.7,27.5,74.8,63.3,906.8,671.1,585.5,1168.7,832.6,703.1,745.0,674.8,0.8054,0.8892,663.4,554.0,524.7,41.2,176.3,845.1,572.3,550.0,520.7,495.2,460.6,443.0,434.4,447.2,481.7,1927.8,1459.0,1915.3,46.7,145.6,2053.1,1301.2,1206.3,1156.6,1135.9,1102.8,1149.8,1317.7,1561.1,1802.6
RSA,ZAC279,RSA554,RSA-554,Guru,Astove 30,,Lavranos,1993,3601,,,,ORC,CLUB,C,513,01 07 2026 07:31:31,9.190,8.103,1.663,3.01,4238.,0.0,0.51,788.5,0.6965,861.5,0.8675,691.7,1379.8,1081.2,922.4,821.5,751.8,702.9,656.0,0.0,0.0,0.0,0.0,0.0,0.0,0.0,1057.8,841.5,727.6,661.3,619.3,590.1,556.3,0.0,0.0,0.0,0.0,0.0,0.0,0.0,1365.0,1010.6,824.4,709.8,643.1,595.9,535.0,45.7,44.4,43.5,42.6,41.5,40.2,38.9,148.3,151.4,154.6,159.1,164.8,171.3,178.3,1527.9,1213.3,1052.3,952.5,879.8,825.0,781.4,978.4,789.4,690.9,632.7,597.1,574.8,553.4,916.2,749.0,658.9,607.2,578.4,560.3,539.4,880.0,722.5,635.6,587.5,562.4,546.3,523.3,822.8,667.1,590.0,555.3,536.3,525.7,514.3,803.6,655.6,580.8,546.6,524.6,505.3,472.1,832.8,674.1,590.4,550.5,526.8,506.0,465.5,925.0,731.2,625.0,569.8,539.9,517.8,474.5,1066.7,822.8,689.9,608.7,564.4,538.1,497.2,1231.7,949.0,792.5,690.6,623.9,580.9,530.6,0.6318,0.8722,1.0261,0.4876,0.6982,0.8601,0.0,0.0000,2026,0.7931,756.5,04620004UHI,6.510,4931,20.9,17.0,19.7,54.1,0.0,949.7,687.9,584.7,1230.5,859.4,697.6,765.5,689.8,0.7838,0.8698,641.8,540.4,516.0,39.6,177.7,790.0,551.9,534.7,508.9,494.3,456.0,437.5,437.8,457.5,493.6,2074.9,1568.9,2052.7,47.1,146.0,2297.2,1450.7,1338.6,1272.9,1190.2,1152.7,1206.2,1370.4,1604.5,1852.7
RSA,ZAC157,RSA555,RSA-555,Solitaire,Compass 47,Compass Marine,Lavranos,1908,SOUTH AFRICA,,,,ORC,CLUB,C,600,28 03 2026 09:58:29,14.100,11.172,1.833,4.13,12474.,0.0,0.65,648.8,0.8372,716.7,1.0452,574.1,1095.8,875.7,755.9,682.5,639.8,611.9,584.6,0.0,0.0,0.0,0.0,0.0,0.0,0.0,837.2,682.5,598.6,549.8,522.5,505.1,485.6,0.0,0.0,0.0,0.0,0.0,0.0,0.0,1091.1,821.3,677.6,589.7,543.0,509.3,460.3,46.4,44.5,43.4,42.9,42.7,42.5,42.6,146.6,150.1,152.3,156.1,161.7,166.0,177.2,1143.7,937.2,828.7,767.9,739.9,723.8,717.5,727.9,609.2,546.4,512.1,495.3,486.8,481.7,677.7,576.6,522.1,493.2,477.0,469.0,463.7,645.7,554.4,504.6,477.5,461.6,451.7,441.6,656.3,558.8,504.7,475.1,457.5,445.4,428.0,680.9,560.2,496.8,464.0,445.2,431.2,412.5,700.7,572.8,503.1,466.3,445.0,428.4,399.3,773.8,618.9,532.8,483.5,455.5,436.5,402.5,907.6,705.3,592.8,522.4,480.5,455.2,420.5,1048.0,814.3,683.2,597.2,539.7,500.0,451.8,0.7897,1.0521,1.1949,0.6087,0.8422,0.9858,0.0,0.0000,2026,0.9562,627.5,04620004J8K,9.368,13462,41.9,38.1,72.7,131.2,0.0,759.8,570.3,502.1,985.7,712.4,608.6,626.7,580.0,0.9575,1.0344,572.4,474.2,447.5,43.3,177.2,724.2,481.0,460.8,436.4,416.2,399.7,382.7,374.4,388.8,420.5,1607.2,1201.4,1603.1,49.0,143.3,1648.8,1025.8,929.2,859.7,885.2,968.8,1000.9,1133.3,1355.9,1565.7
RSA,ZAC191,RSA6130,RSA-6130,Yolo,Sun Fast 3200,Jeanneau,Andrieu,2007,SOUTH AFRICA,,,,ORC,CLUB,R,445,05 08 2026 05:50:04,9.790,9.195,1.927,3.44,3836.,0.0,0.00,626.0,0.8697,689.9,1.0773,556.9,1030.7,827.0,715.7,656.4,628.4,609.3,580.1,0.0,0.0,0.0,0.0,0.0,0.0,0.0,791.5,648.0,575.9,536.9,514.7,497.8,471.7,0.0,0.0,0.0,0.0,0.0,0.0,0.0,1024.5,776.4,646.5,572.8,534.5,501.7,448.3,44.1,41.9,40.1,38.7,38.2,38.7,39.3,143.1,147.3,148.9,152.5,156.3,157.7,144.4,1092.2,888.4,782.2,729.9,711.5,703.3,704.1,712.9,596.8,540.4,513.7,502.0,496.9,493.4,675.7,573.1,525.3,501.0,487.3,480.7,474.6,653.7,558.5,514.7,489.9,470.9,456.9,444.0,633.7,534.7,496.9,480.0,466.7,448.1,419.6,614.9,519.0,477.7,447.8,427.3,413.0,388.0,628.9,525.9,481.8,448.5,419.5,393.9,361.0,707.2,568.5,505.2,469.4,437.9,407.1,341.2,839.3,662.9,562.2,506.8,476.3,449.4,395.0,969.2,765.5,649.2,582.9,545.4,515.2,456.1,0.8336,1.0838,1.2189,0.6460,0.8780,0.9948,0.0,0.0000,2026,0.9902,606.0,04620004W39,8.783,4481,23.7,32.1,25.8,0.0,101.1,719.8,553.6,492.2,928.8,683.4,603.1,608.6,560.1,0.9859,1.0712,540.1,445.9,422.5,41.1,141.3,723.4,496.7,476.4,439.2,405.3,367.0,333.6,277.4,308.9,356.7,1492.9,1130.1,1485.0,46.4,139.7,1572.3,1000.3,930.9,888.4,888.5,866.8,893.0,1013.5,1224.2,1413.6
RSA,ZAC076,RSA630,RSA-630,JACKAL,Farr 38,Cooper Craft,Bruce Farr,1978,SOUTH AFRICA,,,,ORC,CLUB,R,800,08 02 2026 10:47:26,11.643,10.140,2.063,3.65,5469.,0.0,0.18,614.3,0.8976,668.4,1.1004,545.3,1025.3,816.0,701.2,635.1,599.3,576.2,546.5,0.0,0.0,0.0,0.0,0.0,0.0,0.0,783.9,638.3,564.5,524.7,501.8,485.4,461.0,0.0,0.0,0.0,0.0,0.0,0.0,0.0,1024.8,767.7,634.1,558.7,520.5,490.5,441.8,43.7,41.5,39.7,37.8,37.1,37.0,36.7,144.2,148.7,150.9,157.8,165.3,172.3,177.2,1030.2,839.4,740.1,692.4,673.1,661.8,649.8,671.4,564.5,515.7,494.1,484.7,479.0,471.9,635.3,542.5,502.5,482.9,472.4,466.5,458.3,614.0,528.6,492.5,472.2,458.0,448.5,436.9,627.0,530.4,487.6,468.0,452.0,437.4,416.6,631.5,523.7,480.0,454.5,434.6,418.8,397.5,653.9,538.0,486.8,458.1,434.5,413.1,376.3,735.0,589.2,513.6,476.4,450.2,426.2,377.7,883.7,686.5,573.9,508.8,475.2,450.6,405.6,1020.4,792.7,662.3,577.9,525.5,490.6,443.2,0.8438,1.1076,1.2491,0.6517,0.9046,1.0511,0.0,0.0000,2026,1.0103,593.9,04620004AU1,9.721,6539,29.6,47.1,30.3,87.6,0.0,711.1,541.7,480.3,920.7,663.3,570.8,587.9,557.8,1.0206,1.0757,525.5,441.4,423.2,37.3,167.6,649.4,469.2,454.6,430.0,403.1,380.0,352.7,322.4,356.2,401.6,1488.9,1117.9,1490.0,46.3,137.9,1477.8,938.1,869.4,825.0,851.3,890.4,927.6,1071.2,1299.0,1500.0
RSA,ZAC072,RSA66,RSA-66,Indaba,Van De Stadt 34,H. Vink,Van De Stadt,1983,SOUTH AFRICA,,,,ORC,CLUB,C,516,03 02 2026 18:56:02,10.490,8.444,1.799,3.25,5206.,0.0,0.50,701.7,0.7876,761.8,0.9640,622.4,1159.8,930.3,805.1,725.8,678.2,651.5,625.3,0.0,0.0,0.0,0.0,0.0,0.0,0.0,896.3,732.6,647.1,598.1,569.5,551.6,528.9,0.0,0.0,0.0,0.0,0.0,0.0,0.0,1154.0,874.5,726.8,637.8,590.7,557.9,507.3,44.3,42.4,41.2,40.0,38.9,38.4,38.8,147.3,151.4,154.3,160.1,166.4,173.2,178.1,1217.2,998.9,883.2,812.5,773.2,757.0,750.3,789.8,664.2,599.2,565.4,547.1,537.8,533.0,746.8,634.7,579.2,550.8,534.4,524.8,518.5,722.3,616.2,564.8,538.4,522.1,510.4,495.6,736.3,611.5,554.3,528.3,516.0,505.3,481.4,718.9,597.5,543.3,516.2,496.3,478.5,455.1,742.6,612.7,549.6,518.5,496.6,475.5,439.7,817.6,662.9,577.0,534.0,508.2,486.0,442.8,954.7,747.0,632.8,566.6,530.4,507.0,464.4,1102.3,861.7,727.0,639.1,583.2,546.0,500.3,0.7367,0.9701,1.0957,0.5741,0.7922,0.9254,0.0,0.0000,2026,0.8862,677.0,0462000486M,7.600,5922,24.7,24.4,31.0,75.4,0.0,814.4,618.5,547.6,1045.1,757.4,648.4,676.9,628.7,0.8864,0.9543,612.8,516.8,493.2,39.3,176.3,764.1,533.6,517.1,490.1,464.3,441.3,422.7,412.0,428.2,461.4,1694.4,1280.5,1688.7,47.3,143.5,1751.3,1105.9,1023.0,972.2,1002.8,1006.1,1044.8,1184.0,1418.2,1637.6
RSA,ZAC285,RSA665,RSA-665,Gambit,Muira,Nebe Boatbuilders,Oswald Berckemeyer,1978,,,,,ORC,CLUB,C,476,11 02 2026 16:02:51,9.330,7.782,1.721,3.15,4100.,0.0,0.54,772.3,0.7121,842.6,0.8825,679.9,1325.1,1047.5,897.7,802.3,739.6,700.8,667.7,0.0,0.0,0.0,0.0,0.0,0.0,0.0,1019.0,818.1,712.4,650.9,612.6,588.0,561.3,0.0,0.0,0.0,0.0,0.0,0.0,0.0,1312.4,980.4,804.8,697.1,635.8,593.9,536.3,44.9,43.6,42.3,41.5,40.6,39.9,39.7,148.3,151.6,153.9,159.7,165.3,171.3,177.2,1452.3,1165.4,1017.7,925.9,863.3,827.2,812.0,936.7,765.0,677.0,624.8,593.5,575.3,564.2,882.3,729.2,647.9,602.1,575.3,559.2,546.5,851.3,705.8,626.1,584.0,559.4,543.2,523.0,799.6,656.0,587.2,556.1,542.7,534.5,511.3,779.9,641.2,574.4,541.1,518.8,500.8,478.8,807.9,658.4,582.6,544.3,518.9,496.5,461.2,899.8,714.6,613.8,562.7,532.8,507.9,463.1,1037.3,806.0,676.3,599.9,557.9,531.1,485.7,1197.8,929.5,777.7,678.7,616.0,574.5,523.4,0.6532,0.8879,1.0271,0.5058,0.7153,0.8595,0.0,0.0000,2026,0.8085,742.1,04620004B7E,6.492,4749,21.6,18.3,22.6,65.4,0.0,918.6,675.8,584.2,1186.2,838.8,698.1,750.7,677.9,0.7992,0.8850,655.7,549.4,522.0,40.7,176.5,828.5,566.7,546.2,515.7,491.5,465.7,445.0,430.6,447.4,482.8,1974.2,1492.7,1955.9,46.8,145.3,2157.0,1365.8,1263.3,1204.8,1142.1,1104.6,1152.8,1316.5,1551.3,1791.3
RSA,ZAC033,RSA688,RSA-688,Chinook,Farr 38 MOD,Farr,Farr,1978,7441,,,,ORC,CLUB,R,430,08 02 2026 09:54:03,12.394,11.326,1.995,3.71,6334.,0.0,0.26,599.4,0.9094,659.8,1.1299,531.0,1010.9,802.3,687.5,625.1,595.1,575.2,548.4,0.0,0.0,0.0,0.0,0.0,0.0,0.0,772.6,623.9,548.5,509.6,488.3,472.8,449.6,0.0,0.0,0.0,0.0,0.0,0.0,0.0,1005.8,752.3,618.8,544.2,506.8,476.8,429.3,44.6,42.3,40.7,39.3,38.6,38.3,38.3,141.9,145.6,147.3,151.2,154.1,158.6,156.1,1061.7,853.8,745.6,692.8,672.0,661.1,653.5,686.9,567.7,508.6,483.0,472.4,467.1,462.0,647.2,542.3,492.3,469.8,458.8,453.4,447.5,622.1,525.6,480.8,458.4,444.4,434.7,424.4,619.8,512.4,470.7,453.2,438.9,424.5,403.5,601.8,496.6,453.9,430.1,412.1,399.6,375.7,616.0,504.1,457.1,429.6,406.1,385.1,354.2,695.8,551.3,480.4,446.2,419.6,394.3,341.1,831.4,650.2,545.1,483.3,452.0,428.7,384.8,960.1,750.8,629.4,557.4,518.2,489.3,443.4,0.8593,1.1391,1.2822,0.6618,0.9186,1.0523,0.0,0.0000,2026,1.0356,579.4,04620004ATV,10.308,7036,30.8,40.3,34.0,0.0,113.1,698.2,526.7,467.9,906.6,653.2,570.2,578.9,536.7,1.0365,1.1179,520.6,429.1,408.1,38.9,143.9,658.4,461.2,445.5,418.3,390.9,356.7,325.1,291.4,331.5,382.8,1485.3,1119.2,1478.7,47.1,138.9,1551.1,978.0,903.0,855.7,880.8,859.9,887.9,1014.3,1229.3,1419.4
RSA,ZAC091,RSA69,RSA-69,Mac A Tin,L 26,Ton Cup,Lavranos,1980,SOUTH AFRICA,,,,ORC,CLUB,S,420,02 04 2026 12:46:54,7.800,6.977,1.476,2.70,1715.,0.0,0.27,731.4,0.7579,791.7,0.9251,648.6,1214.3,971.9,837.7,751.3,702.2,677.9,652.0,0.0,0.0,0.0,0.0,0.0,0.0,0.0,933.8,764.2,676.4,624.4,592.5,572.6,542.6,0.0,0.0,0.0,0.0,0.0,0.0,0.0,1214.0,914.8,758.4,664.3,614.3,579.2,516.4,43.5,41.5,39.7,38.1,37.3,37.1,37.8,148.0,152.2,154.7,161.9,172.5,178.1,178.1,1218.0,1005.4,891.5,823.0,787.7,777.5,779.3,797.8,674.8,618.4,588.9,570.5,562.6,558.1,758.2,650.0,602.5,576.5,557.3,546.0,538.6,736.2,636.4,591.5,564.9,543.3,525.7,508.8,750.4,632.5,579.1,548.4,527.3,516.2,484.6,753.3,631.5,578.7,545.0,514.2,485.7,441.4,784.4,649.4,588.3,553.8,522.6,491.0,424.6,898.1,716.8,618.4,574.5,543.1,513.1,447.5,1048.5,814.3,682.2,607.4,569.4,540.2,483.1,1210.7,938.4,783.9,679.5,616.7,578.3,524.7,0.7067,0.9296,1.0594,0.5489,0.7631,0.8899,0.0,0.0000,2026,0.8503,705.7,04620004K5L,6.780,2275,14.3,17.8,18.1,36.7,0.0,849.0,645.4,566.4,1093.1,786.3,674.2,699.1,664.3,0.8582,0.9032,637.8,521.2,489.4,40.1,165.8,803.4,559.8,537.3,501.2,466.0,415.3,369.2,371.2,419.7,472.2,1772.5,1329.1,1776.5,46.2,144.0,1732.6,1102.5,1026.6,981.3,1011.8,1052.2,1104.4,1294.5,1569.5,1812.3
RSA,ZAC021,RSA702,RSA-702,Flyer,Charger 33,Robertson and Cain,Lavranos,1982,SOUTH AFRICA,,,,ORC,CLUB,R,610,05 02 2026 10:41:47,10.058,8.447,1.904,3.44,4710.,0.0,0.28,665.2,0.8311,721.9,1.0106,593.7,1076.3,869.1,756.3,689.2,651.7,627.9,601.4,0.0,0.0,0.0,0.0,0.0,0.0,0.0,829.1,686.0,613.4,573.3,550.2,534.0,510.6,0.0,0.0,0.0,0.0,0.0,0.0,0.0,1077.2,819.5,686.3,609.6,570.3,540.4,491.1,42.7,40.7,39.0,37.6,37.2,36.9,37.0,146.2,151.4,155.0,162.3,169.6,177.9,178.6,1066.9,888.8,797.3,751.6,732.4,721.2,712.9,705.3,605.0,560.8,539.5,528.4,522.6,516.5,672.5,584.6,547.4,528.1,516.6,509.6,502.2,654.3,572.0,537.2,517.6,503.7,493.1,479.2,667.0,573.3,530.3,508.1,493.2,484.3,460.8,679.9,572.6,528.2,502.7,481.6,462.2,434.9,707.9,590.0,537.1,508.9,486.4,464.7,429.0,794.0,646.2,566.4,527.4,502.6,480.2,436.8,940.2,736.4,623.1,558.7,524.4,501.1,458.3,1085.7,849.4,715.2,626.7,571.0,534.6,490.0,0.7920,1.0165,1.1336,0.6168,0.8366,0.9616,0.0,0.0000,2026,0.9305,644.8,046200048IO,8.170,5522,23.3,34.6,27.8,61.5,0.0,757.6,590.3,529.3,972.8,717.2,624.0,637.0,607.6,0.9419,0.9874,583.2,495.3,474.0,37.7,178.1,715.8,514.4,498.4,471.2,446.2,422.4,405.8,404.1,421.2,450.5,1545.9,1160.5,1551.4,45.8,137.4,1490.8,952.6,889.6,851.3,875.7,936.1,981.6,1139.7,1386.5,1601.0
RSA,ZAC036,RSA7100,RSA-7100,Co-ordination,L 26,Ton Cup,Lavranos,1980,SOUTH AFRICA,,,,ORC,CLUB,S,420,02 04 2026 11:32:01,7.800,7.078,1.472,2.70,1715.,0.0,0.27,730.9,0.7580,791.6,0.9261,647.9,1215.1,971.9,837.3,750.4,702.8,678.6,652.6,0.0,0.0,0.0,0.0,0.0,0.0,0.0,934.4,763.9,675.5,623.2,591.8,572.2,542.9,0.0,0.0,0.0,0.0,0.0,0.0,0.0,1215.1,914.8,757.8,663.2,613.8,578.9,516.3,43.4,41.5,39.7,38.1,37.4,37.2,38.1,148.3,152.3,154.6,162.0,172.3,178.1,178.1,1215.4,1002.9,889.5,821.2,789.0,779.4,782.0,796.3,672.9,616.7,587.6,569.8,562.5,558.0,756.8,647.9,600.7,575.0,556.0,545.6,538.1,734.8,634.3,589.3,562.9,541.2,523.8,508.0,749.3,632.3,578.5,547.4,526.0,515.2,483.4,755.1,631.4,577.6,543.2,512.7,484.8,442.7,786.4,649.7,587.4,552.1,521.0,490.2,425.3,903.4,718.4,618.1,573.5,541.4,511.7,446.8,1052.1,816.5,683.0,607.0,568.6,538.7,482.7,1214.8,940.9,785.1,679.7,616.6,577.8,523.1,0.7066,0.9309,1.0598,0.5487,0.7634,0.8890,0.0,0.0000,2026,0.8510,705.0,04620004K5C,6.845,2277,14.5,17.8,18.5,36.7,0.0,849.1,644.5,566.1,1093.5,786.0,674.9,698.3,664.1,0.8592,0.9035,639.5,522.0,490.1,40.3,165.1,806.9,560.0,537.0,500.5,466.3,417.0,371.4,370.5,418.4,472.1,1775.3,1330.9,1779.8,46.1,144.2,1729.8,1100.6,1024.7,979.6,1010.4,1056.0,1108.9,1304.3,1576.9,1820.8
RSA,ZAC159,RSA7118,RSA-7118,Southern Star,Lavranos 34,Robertson and Cain,Lavranos,1986,South Africa,,,,ORC,CLUB,R,650,08 02 2026 09:36:43,10.383,9.158,1.928,3.33,4116.,0.0,0.17,639.7,0.8481,707.5,1.0477,572.7,1028.5,831.9,727.3,677.8,651.4,633.2,610.1,0.0,0.0,0.0,0.0,0.0,0.0,0.0,791.5,653.8,586.7,554.4,535.1,520.8,499.2,0.0,0.0,0.0,0.0,0.0,0.0,0.0,1022.6,781.6,657.7,591.6,555.8,525.0,475.2,43.7,41.7,40.1,39.3,39.2,39.2,39.7,143.5,148.0,150.3,153.4,159.1,162.8,161.1,1087.3,893.3,795.7,759.1,746.4,740.3,740.5,709.1,599.4,548.6,529.0,522.0,517.7,514.0,671.0,575.4,532.9,514.0,506.6,501.9,497.1,647.9,559.4,521.0,500.0,487.3,480.1,471.3,635.5,541.4,506.6,492.3,478.8,464.7,447.7,624.5,529.9,491.7,466.8,448.9,436.6,414.9,640.3,539.0,496.4,467.6,442.7,421.0,389.3,710.0,580.2,519.2,486.3,458.0,430.6,371.3,839.8,667.2,570.7,519.8,491.1,467.1,420.0,969.7,770.4,658.8,596.5,556.4,526.1,479.7,0.8303,1.0552,1.1622,0.6450,0.8565,0.9538,0.0,0.0000,2026,0.9639,622.5,04620004ATO,8.448,4988,23.7,37.7,25.0,0.0,88.7,722.6,568.6,516.3,930.2,700.5,629.1,624.7,573.9,0.9604,1.0455,585.3,480.5,455.5,41.6,142.1,765.1,517.5,498.0,468.5,438.8,396.4,364.3,309.6,351.2,405.6,1478.6,1118.1,1471.4,46.5,139.8,1550.5,982.7,910.1,862.6,883.1,863.6,891.2,1009.1,1218.2,1406.6
RSA,ZAC053,RSA607,RSA-723,FLYER,FIRST CLASS 10,BENETEAU,FINOT FAUROUX,1984,,,,,ORC,CLUB,C,613,09 07 2026 09:49:16,10.385,9.430,1.840,3.06,3500.,0.0,0.14,631.8,0.8689,690.5,1.0691,561.2,1051.0,837.3,722.2,657.8,621.3,598.1,568.5,0.0,0.0,0.0,0.0,0.0,0.0,0.0,803.5,656.1,581.9,541.1,516.3,498.5,471.8,0.0,0.0,0.0,0.0,0.0,0.0,0.0,1053.2,788.7,653.4,576.7,536.1,503.8,448.8,43.6,41.2,39.2,37.8,37.3,37.6,37.8,145.1,149.2,152.3,158.2,165.1,171.3,173.2,1028.9,843.5,750.4,710.3,694.3,686.0,680.4,672.4,570.6,525.6,505.6,497.0,492.0,486.4,638.1,550.7,512.9,493.3,482.9,477.1,469.4,619.2,538.5,503.6,481.3,464.7,454.2,442.3,633.5,543.1,503.7,479.3,458.5,441.1,418.4,662.8,547.2,498.3,467.9,442.2,421.7,394.1,688.2,564.3,506.8,473.7,445.5,420.0,370.4,775.8,621.0,539.1,496.7,466.4,438.5,379.6,929.2,719.8,602.1,532.5,494.8,466.4,414.4,1073.0,831.1,694.0,605.2,548.2,510.2,456.6,0.8222,1.0751,1.2172,0.6355,0.8758,1.0121,0.0,0.0000,2026,0.9812,611.5,04620004V17,9.135,4343,23.2,31.6,33.1,64.5,0.0,729.7,558.1,492.9,944.1,685.1,592.8,602.7,578.1,0.9955,1.0378,547.9,451.3,427.5,38.9,159.9,689.2,486.1,467.1,435.3,404.6,374.2,339.1,317.1,354.9,406.6,1527.3,1143.8,1533.7,46.3,137.4,1462.9,929.6,863.7,822.5,850.3,937.0,978.2,1132.4,1378.5,1591.7
RSA,ZAC099,RSA7276,RSA-7276,MEPHISTOPHELES,L 26,PSI,ANGELO LAVRANOS,1980,,,,,ORC,CLUB,S,420,02 04 2026 12:34:15,7.800,7.086,1.481,2.70,1780.,0.0,0.29,733.2,0.7561,793.5,0.9227,650.2,1216.3,973.4,839.4,752.8,704.8,680.2,654.0,0.0,0.0,0.0,0.0,0.0,0.0,0.0,936.1,766.0,677.6,625.6,594.3,574.8,545.9,0.0,0.0,0.0,0.0,0.0,0.0,0.0,1216.4,916.6,759.9,665.5,616.3,581.6,520.3,43.4,41.5,39.8,38.0,37.3,37.1,37.9,148.3,152.3,155.2,162.8,172.3,178.1,178.1,1214.8,1003.5,890.5,821.8,789.7,779.7,781.1,796.8,673.9,617.8,588.9,571.1,563.9,559.1,757.7,649.2,602.0,576.5,557.7,547.5,539.9,736.2,635.7,590.6,564.6,543.4,526.3,510.5,750.7,635.5,580.8,550.1,528.5,517.2,486.7,760.2,635.1,580.5,546.7,516.8,489.5,447.1,791.9,653.9,590.4,555.7,525.5,495.8,433.5,905.9,722.3,622.5,577.1,545.6,516.5,454.5,1054.6,818.7,686.6,610.7,571.9,542.7,488.1,1217.7,943.3,788.3,683.7,619.8,580.6,526.9,0.7050,0.9276,1.0548,0.5480,0.7614,0.8869,0.0,0.0000,2026,0.8483,707.3,04620004K5I,6.845,2342,14.6,17.8,18.5,35.6,0.0,851.1,646.8,568.8,1094.9,788.0,676.5,700.0,667.1,0.8571,0.8995,640.8,525.5,494.2,40.0,168.5,803.8,561.2,538.5,503.0,469.8,422.5,379.2,382.4,426.8,477.9,1776.0,1332.6,1780.9,46.1,144.2,1726.7,1099.4,1024.3,979.9,1011.0,1062.6,1117.0,1309.6,1580.8,1825.3
RSA,ZAC224,RSA734,RSA-734,First Lady,First 345,Beneteau,Berret,1984,,,,,ORC,CLUB,C,529,11 03 2026 12:28:26,10.503,8.700,1.927,3.49,5395.,0.0,0.45,710.8,0.7751,774.1,0.9580,626.3,1217.2,957.3,818.5,734.1,683.5,655.2,627.3,0.0,0.0,0.0,0.0,0.0,0.0,0.0,936.5,749.2,652.4,598.2,567.4,548.6,525.3,0.0,0.0,0.0,0.0,0.0,0.0,0.0,1211.1,898.6,736.0,639.6,589.0,554.3,500.9,44.8,42.7,41.3,40.4,39.7,39.4,39.5,147.3,150.5,153.7,158.2,164.6,170.4,178.1,1278.1,1024.4,895.2,821.3,783.0,767.9,762.2,826.2,678.4,603.7,564.2,543.9,533.9,528.0,778.8,646.7,580.5,546.9,528.4,518.2,511.0,753.2,625.7,563.3,532.2,513.9,501.6,486.7,753.9,615.9,550.8,520.6,506.6,494.9,470.9,741.0,603.4,539.5,508.3,487.3,469.5,445.8,770.9,622.2,547.9,511.6,488.3,467.6,431.4,860.3,679.9,582.0,530.8,501.8,478.7,434.6,1001.3,771.2,645.0,569.2,526.6,500.5,456.9,1156.2,890.1,741.8,646.9,584.0,542.6,492.5,0.7119,0.9659,1.1019,0.5519,0.7811,0.9205,0.0,0.0000,2026,0.8784,683.0,04620004HEA,7.656,6126,24.5,27.6,29.5,72.3,0.0,842.8,621.2,544.5,1087.2,768.1,651.8,683.3,634.1,0.8781,0.9462,614.1,512.7,486.3,40.5,176.3,775.5,529.0,509.7,480.5,454.1,432.2,413.2,401.9,418.8,452.8,1808.9,1371.5,1801.4,46.7,144.8,1883.8,1194.3,1107.4,1058.9,1084.8,1062.0,1113.4,1269.9,1501.7,1734.0
RSA,ZAC096,RSA747,RSA-747,Matador,Miura,,Oswald Berkemayer,1970,SOUTH AFRICA,,,,ORC,CLUB,C,486,04 02 2026 13:48:20,9.330,7.873,1.757,3.15,4600.,0.0,0.63,750.2,0.7354,815.9,0.9045,663.3,1252.3,1002.4,866.4,778.5,721.7,689.3,658.9,0.0,0.0,0.0,0.0,0.0,0.0,0.0,969.9,790.1,693.4,636.3,601.6,580.9,556.5,0.0,0.0,0.0,0.0,0.0,0.0,0.0,1246.4,942.6,780.6,679.9,624.3,587.6,533.5,44.5,42.6,41.5,40.5,39.5,39.1,38.8,148.4,152.1,155.7,160.1,165.3,171.6,178.1,1310.9,1075.1,950.2,870.8,821.5,799.6,790.0,850.1,712.9,640.4,599.1,575.2,563.1,557.3,804.1,680.4,616.5,581.5,560.7,549.1,541.7,778.2,660.7,599.3,566.6,547.2,533.7,518.4,793.9,660.8,588.7,553.6,536.4,527.9,503.4,784.9,648.1,578.6,543.6,520.8,501.7,475.4,811.0,665.1,587.5,548.0,523.8,502.2,465.4,898.8,720.6,621.9,568.2,537.7,514.3,471.8,1033.7,806.6,682.7,606.6,562.6,535.7,493.2,1193.6,929.7,782.6,686.1,621.9,578.9,527.8,0.6818,0.9098,1.0400,0.5322,0.7387,0.8746,0.0,0.0000,2026,0.8304,722.5,046200048AM,6.877,5271,22.4,18.7,31.7,58.3,0.0,880.0,659.5,576.9,1127.4,812.2,686.0,722.2,672.4,0.8308,0.8923,646.4,544.2,518.5,39.8,177.4,803.2,557.6,539.6,512.1,487.9,462.5,444.2,439.7,456.5,489.7,1838.0,1391.9,1832.5,47.4,145.3,1893.2,1193.2,1105.6,1053.3,1086.8,1103.5,1150.0,1306.1,1544.0,1782.9
RSA,ZAN201,RSA768,RSA-768,SHUMANIA,MIURA,NEBE,BERCKMEYER,1970,,,,,ORC,CLUB,C,340,21 02 2026 17:20:29,9.330,7.915,1.798,3.15,5109.,0.0,0.70,777.6,0.7077,847.8,0.8764,684.6,1326.7,1050.7,902.3,807.3,745.7,708.3,675.5,0.0,0.0,0.0,0.0,0.0,0.0,0.0,1024.4,824.9,718.1,654.5,616.4,593.0,568.0,0.0,0.0,0.0,0.0,0.0,0.0,0.0,1317.7,986.1,810.4,701.0,640.0,599.0,542.0,44.9,42.9,41.6,41.1,40.6,40.4,40.1,148.4,151.6,154.7,159.3,164.2,169.3,178.1,1416.2,1144.0,1005.0,917.7,862.3,833.1,821.0,914.8,756.5,673.5,621.6,591.3,574.7,566.4,863.0,721.8,644.8,599.4,572.5,557.9,548.2,833.9,697.6,622.6,581.0,556.7,541.6,524.6,829.3,679.6,601.4,563.5,548.2,537.1,512.2,808.1,662.9,587.0,548.6,526.2,509.0,488.5,836.0,679.5,595.2,551.9,527.0,506.3,471.7,931.5,737.8,630.5,571.8,539.6,516.2,474.5,1071.4,830.4,696.0,613.9,566.0,537.7,495.2,1237.2,957.4,799.7,696.8,629.1,583.5,530.1,0.6489,0.8819,1.0179,0.5048,0.7110,0.8506,0.0,0.0000,2026,0.8035,746.8,04620004C70,6.605,5615,22.9,19.0,27.9,64.2,0.0,924.6,680.3,589.4,1188.6,843.9,705.4,751.4,688.9,0.7985,0.8710,664.1,557.1,529.3,40.9,177.2,836.2,570.0,550.2,519.8,495.9,475.7,455.5,443.9,458.7,492.0,1972.3,1497.4,1960.6,46.8,146.0,2089.3,1321.9,1221.7,1166.5,1187.1,1148.9,1199.7,1372.4,1606.8,1855.3
RSA,ZAC069,RSA797,RSA-797,Iechyd Da,Miura,Halstead,Oswald Berkemayer,1970,7435 Cape Town South Africa,,,,ORC,CLUB,C,491,21 02 2026 07:44:01,9.330,7.911,1.771,3.15,4820.,0.0,0.66,769.3,0.7168,837.0,0.8857,677.4,1310.6,1039.4,892.1,797.4,734.8,697.2,664.4,0.0,0.0,0.0,0.0,0.0,0.0,0.0,1013.1,816.0,710.6,648.2,609.8,586.3,560.6,0.0,0.0,0.0,0.0,0.0,0.0,0.0,1301.9,975.5,801.5,693.7,632.9,592.7,536.9,44.8,43.0,41.8,40.9,40.1,39.6,39.3,148.4,151.6,154.3,159.3,164.6,169.8,177.7,1397.7,1130.8,992.2,904.5,845.1,813.8,800.2,905.4,747.0,665.6,616.1,585.9,569.1,560.0,856.1,714.1,638.9,595.7,569.5,554.5,543.7,830.5,693.9,618.9,578.7,555.1,539.7,521.2,819.9,670.3,594.2,557.7,541.9,533.8,510.2,798.9,655.2,581.9,545.2,522.6,504.5,481.4,826.8,672.5,590.5,548.8,524.0,502.6,467.0,921.4,730.0,624.4,568.5,537.4,513.8,471.4,1059.7,822.2,689.0,608.7,563.1,535.7,493.0,1223.6,948.1,792.1,690.4,624.6,580.6,528.5,0.6561,0.8911,1.0300,0.5106,0.7198,0.8642,0.0,0.0000,2026,0.8121,738.9,04620004C4N,6.681,5495,22.8,17.9,28.6,66.0,0.0,914.5,673.3,582.5,1175.1,833.6,694.3,742.4,682.4,0.8082,0.8792,652.3,548.7,522.6,40.2,177.2,814.3,561.8,543.1,515.4,492.3,467.9,449.0,440.2,456.4,490.3,1945.4,1478.6,1934.2,46.7,145.8,2057.2,1304.1,1209.6,1160.1,1174.9,1135.0,1184.0,1355.6,1588.0,1833.6
RSA,ZAC247,RSA820,RSA-820,Aquavit,Lavranos 34,John Robertson,Angelo Lavranos,1988,,,,,ORC,CLUB,C,601,07 06 2026 16:14:19,10.383,9.245,1.930,3.33,4200.,0.0,0.31,661.3,0.8337,719.7,1.0242,585.8,1110.2,882.9,757.9,682.1,641.4,617.6,592.1,0.0,0.0,0.0,0.0,0.0,0.0,0.0,849.8,691.0,608.5,562.0,536.1,519.2,496.3,0.0,0.0,0.0,0.0,0.0,0.0,0.0,1110.3,830.7,684.4,598.8,556.4,525.3,473.9,43.9,41.8,40.0,38.4,37.8,37.5,37.9,146.2,150.3,152.8,159.2,165.9,173.6,177.7,1109.5,907.1,799.9,741.8,719.6,710.6,709.7,722.9,608.1,553.5,526.1,513.5,508.5,504.7,684.7,583.3,538.0,514.2,500.7,494.3,488.9,662.7,567.5,526.4,503.7,486.8,474.8,464.1,677.1,572.1,520.8,494.8,479.4,467.3,444.0,687.9,567.8,516.2,487.7,464.2,444.2,417.0,716.8,587.1,525.3,493.3,468.1,445.4,402.4,808.4,646.9,557.4,513.3,485.2,460.3,413.0,962.0,743.9,621.4,548.9,510.7,484.5,438.8,1110.9,858.8,715.9,622.4,563.3,524.6,474.5,0.7789,1.0313,1.1654,0.6021,0.8404,0.9772,0.0,0.0000,2026,0.9398,638.4,04620004SEA,8.674,5021,24.1,30.9,29.8,61.9,0.0,770.3,581.8,514.8,996.5,713.9,614.0,631.1,601.1,0.9507,0.9981,578.4,480.3,455.5,39.1,176.1,723.6,506.2,488.2,458.9,432.2,399.6,368.9,358.4,391.5,433.2,1628.2,1218.9,1631.9,46.6,142.2,1591.6,1009.6,936.8,891.4,920.8,971.1,1018.8,1183.1,1441.9,1664.9
RSA,ZAC132,RSA84,RSA-84,Ray of Light,First 44.7,Beneteau,Farr,2003,SOUTH AFRICA,,,,ORC,CLUB,C,856,18 02 2026 21:40:08,13.352,11.958,2.638,3.97,9758.,0.0,0.09,549.1,0.9970,601.8,1.2204,491.6,878.7,713.9,624.5,578.1,549.8,530.1,503.7,0.0,0.0,0.0,0.0,0.0,0.0,0.0,676.9,561.9,505.6,476.8,458.7,445.1,423.9,0.0,0.0,0.0,0.0,0.0,0.0,0.0,875.0,671.7,565.9,507.3,475.5,450.0,408.0,42.4,40.4,38.8,37.5,37.0,36.6,36.9,142.3,145.8,149.2,153.0,164.4,169.6,170.9,915.6,754.4,674.6,639.2,622.9,613.2,602.9,605.1,513.6,472.3,454.9,447.2,442.3,436.6,575.8,495.8,460.4,444.0,435.8,430.8,424.5,556.4,484.3,452.1,434.3,422.6,414.8,405.8,537.5,467.0,440.1,427.8,417.6,405.5,388.6,540.9,461.3,429.1,410.5,397.6,385.0,365.9,551.3,465.1,430.1,407.1,388.2,374.4,347.6,612.3,496.4,447.6,420.4,397.3,375.1,331.0,729.0,583.3,497.4,450.4,425.7,405.4,365.3,841.8,673.5,574.3,517.0,476.7,446.9,404.4,0.9687,1.2271,1.3619,0.7535,1.0037,1.1426,0.0,0.0000,2026,1.1234,534.1,04620004BVL,11.436,10982,38.4,65.7,45.1,170.4,195.0,619.4,489.0,440.6,796.3,597.8,525.1,532.9,494.6,1.1260,1.2131,484.1,407.3,390.5,37.7,143.1,606.1,435.1,422.2,401.0,378.5,356.2,324.3,288.8,313.5,362.0,1254.6,947.4,1250.3,45.3,139.0,1297.4,828.0,770.4,732.0,722.6,735.7,773.2,867.3,1049.5,1211.8
RSA,ZAC103,RSA884,RSA-884,Moondancer,L34,John Robertson,Lavranos,1985,,,,,ORC,CLUB,C,604,20 05 2026 10:10:15,10.383,9.255,1.943,3.33,4439.,0.0,0.33,690.4,0.7978,752.1,0.9884,607.1,1200.8,941.9,800.0,710.1,658.5,630.2,601.8,0.0,0.0,0.0,0.0,0.0,0.0,0.0,916.6,731.7,634.8,578.9,547.1,528.3,504.1,0.0,0.0,0.0,0.0,0.0,0.0,0.0,1197.4,883.3,717.9,618.6,567.9,534.3,481.2,44.8,42.9,41.2,39.9,38.9,38.5,38.6,147.1,150.3,152.2,158.4,164.6,171.8,177.7,1234.9,989.2,861.0,781.9,742.6,728.5,723.2,797.4,653.6,581.3,541.9,522.3,514.1,509.2,750.6,622.3,559.7,527.0,508.9,499.3,493.0,724.2,602.3,544.3,515.0,496.1,482.3,468.5,721.8,590.8,529.5,500.8,485.3,477.0,451.7,719.4,586.4,525.0,493.9,470.3,450.6,424.5,752.5,608.1,535.8,500.2,474.7,451.8,410.6,859.6,674.0,572.2,521.3,491.9,467.5,420.8,1010.5,774.9,641.0,561.1,517.9,490.8,445.9,1166.8,894.6,739.0,638.4,574.3,531.9,480.4,0.7280,0.9962,1.1452,0.5600,0.8038,0.9575,0.0,0.0000,2026,0.9040,663.7,04620004QIT,8.275,5260,24.3,30.8,25.6,64.2,0.0,824.2,602.3,523.9,1071.4,746.5,626.6,659.1,620.8,0.9104,0.9665,588.2,488.6,463.2,39.7,176.3,736.1,510.2,492.0,463.4,437.9,408.0,379.8,369.9,400.3,440.2,1790.2,1344.2,1787.0,46.7,144.4,1822.3,1153.3,1066.0,1015.2,1033.0,1030.4,1086.6,1271.7,1522.6,1758.1
RSA,ZAC098,RSA898,RSA-898,Me2Me,Farr 38,Cenmarine,Bruce Farr,1978,SOUTH AFRICA,,,,ORC,CLUB,R,690,26 02 2026 13:32:39,11.643,10.229,1.990,3.64,5942.,0.0,0.20,612.8,0.8955,670.0,1.0999,545.5,1013.9,810.2,700.3,639.9,603.6,579.9,550.5,0.0,0.0,0.0,0.0,0.0,0.0,0.0,773.2,633.3,563.4,526.4,504.2,488.4,464.5,0.0,0.0,0.0,0.0,0.0,0.0,0.0,1014.2,762.0,632.9,561.1,523.1,493.8,445.1,43.5,41.1,39.4,38.1,37.4,36.9,36.9,141.9,148.9,152.9,158.3,165.9,173.6,178.1,1010.5,828.3,736.6,697.1,678.6,667.0,654.8,660.4,559.4,514.0,495.7,487.6,482.0,475.3,625.7,538.6,501.0,483.9,475.4,469.7,462.3,603.8,525.2,491.3,472.5,460.2,452.2,441.7,601.5,515.4,480.0,460.3,447.5,439.2,422.3,624.4,522.1,479.3,453.9,433.0,415.1,389.1,650.6,537.1,487.3,459.5,436.8,415.5,375.0,733.1,590.9,517.2,480.2,454.8,432.0,387.4,881.0,686.0,576.7,513.2,478.9,454.8,411.9,1017.3,792.2,664.1,582.6,528.6,492.9,446.3,0.8532,1.1068,1.2413,0.6579,0.9020,1.0438,0.0,0.0000,2026,1.0093,594.5,04620004F2N,9.703,6895,29.5,47.6,31.7,80.2,71.6,703.2,542.1,483.4,912.0,665.2,574.8,587.2,558.5,1.0218,1.0743,531.9,446.1,425.7,37.7,175.4,656.9,472.9,459.2,436.1,410.7,369.6,343.0,336.9,366.1,406.9,1466.7,1096.4,1469.5,46.2,137.1,1438.8,913.2,845.8,802.2,819.5,862.0,918.4,1065.5,1294.3,1494.5
RSA,ZAC074,RSA9,RSA-9,Jabulani,FLAMENCA,NEBE,BERCKEMEYER,1975,7975 CAPE TOWN SOUTH AFRICA,,,,ORC,CLUB,R,250,18 02 2026 16:18:20,7.500,6.290,1.239,2.30,1800.,0.0,0.39,791.2,0.6968,861.1,0.8524,703.9,1288.9,1040.3,904.2,819.5,773.1,748.7,729.5,0.0,0.0,0.0,0.0,0.0,0.0,0.0,999.2,821.6,729.3,676.8,647.5,629.3,607.9,0.0,0.0,0.0,0.0,0.0,0.0,0.0,1283.4,978.7,817.9,721.8,671.9,635.8,577.5,44.1,42.5,41.2,40.1,39.4,39.7,41.1,148.7,152.8,157.5,163.3,169.6,177.2,178.1,1343.8,1115.2,994.0,921.8,890.9,883.2,897.4,874.3,741.5,675.4,640.8,623.4,617.2,616.2,828.2,709.6,653.4,623.5,607.2,599.1,595.3,802.3,688.4,635.7,607.6,589.7,576.8,563.8,815.4,685.4,623.9,595.5,579.9,565.4,537.3,812.5,678.3,616.8,584.5,559.4,536.8,507.0,842.5,696.5,625.5,588.8,561.3,534.8,492.4,928.1,750.4,656.3,607.5,576.9,549.2,497.9,1068.6,838.4,713.4,642.2,601.8,574.0,522.1,1233.9,965.3,814.5,717.3,655.3,614.1,561.7,0.6590,0.8583,0.9587,0.5152,0.7021,0.8026,0.0,0.0000,2026,0.7848,764.5,04620004BT5,5.769,2162,12.5,12.8,15.3,30.3,0.0,910.5,699.1,625.8,1164.6,854.6,747.6,765.5,708.8,0.7838,0.8465,726.3,599.8,563.9,42.5,177.2,937.8,623.6,597.4,557.8,522.1,492.4,468.4,456.7,478.3,514.7,1873.4,1417.9,1869.5,46.9,144.7,1912.1,1209.7,1121.4,1069.1,1098.5,1128.5,1182.7,1342.0,1588.8,1834.6
RSA,ZAC005,RSA909,RSA-909,APPLE PIE,MIURA,NEBE,BERCKEMEYER,1993,,,,,ORC,CLUB,C,350,07 02 2026 21:02:03,9.330,7.824,1.777,3.15,4700.,0.0,0.66,765.1,0.7187,834.9,0.8883,675.5,1288.2,1025.9,884.7,795.2,739.4,706.7,676.7,0.0,0.0,0.0,0.0,0.0,0.0,0.0,996.6,807.3,705.9,646.4,611.9,590.5,567.3,0.0,0.0,0.0,0.0,0.0,0.0,0.0,1280.5,963.8,795.7,691.9,635.4,596.4,540.4,44.7,42.6,41.4,40.8,40.5,40.4,40.3,148.5,151.8,154.8,159.5,164.6,170.0,177.7,1364.9,1110.4,980.1,901.0,855.4,834.4,826.9,882.9,736.8,658.9,613.0,587.1,573.8,569.3,833.6,703.2,631.9,591.8,568.7,556.3,550.2,806.9,680.5,611.4,573.7,552.2,538.7,524.0,814.8,670.6,596.7,560.7,546.4,532.2,508.0,794.6,654.3,581.5,545.2,523.0,505.4,484.8,822.5,671.0,589.9,548.1,523.2,501.8,467.3,912.0,726.8,623.5,567.2,535.9,512.0,469.4,1049.2,816.6,687.4,608.0,561.8,534.2,490.4,1211.5,941.4,789.3,689.3,623.5,579.0,526.6,0.6652,0.8941,1.0219,0.5186,0.7226,0.8527,0.0,0.0000,2026,0.8152,736.0,046200049KS,6.659,5217,22.0,18.1,30.3,64.2,0.0,902.0,671.1,587.1,1157.0,830.3,703.6,739.9,679.9,0.8109,0.8824,667.8,557.9,528.2,41.5,177.2,848.1,572.5,549.8,520.0,493.3,472.9,452.4,439.2,453.9,487.5,1902.1,1444.0,1893.1,47.1,145.5,1992.4,1258.0,1163.2,1111.1,1148.7,1122.4,1171.8,1336.6,1569.1,1811.8
RSA,ZAC184,RSA917,RSA-917,Voodoo,Lavranos 52 One OF,CenMarine,A Lavranos,1993,RONDEBOSCH 7700,,,,ORC,CLUB,C,340,11 02 2026 15:01:57,16.510,14.287,2.798,4.25,15783.,0.0,0.36,574.0,0.9543,628.7,1.1874,505.3,993.6,779.4,664.2,596.7,556.5,530.0,499.7,0.0,0.0,0.0,0.0,0.0,0.0,0.0,759.5,606.9,526.6,482.4,457.1,441.0,421.0,0.0,0.0,0.0,0.0,0.0,0.0,0.0,993.5,732.5,596.2,516.3,474.7,445.2,403.5,44.0,41.9,40.4,39.4,38.9,38.5,38.3,143.8,146.9,150.2,153.2,157.8,163.9,175.4,995.1,798.5,698.8,646.8,622.3,608.3,595.4,646.9,532.2,474.3,446.2,432.5,425.7,419.1,610.1,508.2,456.6,432.0,419.5,412.8,406.5,586.0,492.0,444.4,420.9,407.8,399.2,389.3,599.7,499.0,447.0,419.9,404.1,392.9,376.9,620.1,500.4,440.8,412.2,395.8,385.8,371.4,640.8,514.1,448.2,414.7,395.0,379.6,357.4,723.0,565.5,480.1,432.5,405.8,387.3,354.7,859.2,658.4,545.2,475.0,431.9,406.5,372.0,992.2,760.2,629.5,546.6,490.7,451.6,404.0,0.8782,1.1971,1.3713,0.6768,0.9610,1.1423,0.0,0.0000,2026,1.0859,552.6,04620004B75,12.473,16584,52.4,62.1,61.2,144.7,0.0,683.2,501.2,437.5,886.5,624.3,525.3,545.2,520.1,1.1005,1.1537,485.0,408.6,391.0,38.7,175.4,597.6,419.5,405.3,385.7,365.7,361.5,342.6,320.7,338.3,372.5,1477.4,1109.5,1479.2,46.5,139.5,1459.1,924.6,854.7,809.4,838.5,896.3,933.0,1077.4,1295.3,1495.7
RSA,ZAC308,RSA941,RSA-941,Morgenster,Laranos 34,John Robertson,Angelo Lavranos,1986,SOUTH AFRICA,,,,ORC,CLUB,C,592,26 04 2026 16:17:20,10.383,9.190,2.027,3.33,4180.,0.0,0.22,647.7,0.8532,703.3,1.0430,575.3,1072.4,855.6,736.5,667.7,631.4,609.6,584.6,0.0,0.0,0.0,0.0,0.0,0.0,0.0,824.6,672.9,595.3,553.0,529.6,513.3,490.7,0.0,0.0,0.0,0.0,0.0,0.0,0.0,1071.1,805.6,667.1,588.5,549.4,518.9,468.8,43.5,41.3,39.5,37.9,37.3,37.1,37.5,145.7,150.3,153.0,159.7,166.8,174.5,176.8,1085.0,887.0,781.8,729.9,712.0,704.3,702.9,710.1,598.5,545.5,520.6,510.3,506.0,502.4,673.9,575.8,531.7,508.9,497.2,492.1,487.2,653.0,561.7,521.6,499.0,482.7,472.1,462.9,667.9,562.9,515.3,493.3,479.9,463.6,441.5,667.0,554.6,507.8,480.1,457.8,441.0,419.9,691.0,569.8,515.0,484.5,459.5,436.7,396.3,772.8,622.3,543.4,503.8,476.0,450.3,397.7,917.8,713.9,600.5,535.7,501.1,475.2,427.1,1059.8,824.1,691.1,605.5,550.8,515.0,466.3,0.8013,1.0504,1.1790,0.6224,0.8606,0.9906,0.0,0.0000,2026,0.9594,625.4,04620004N45,8.780,4991,24.1,32.4,29.8,73.5,0.0,748.8,571.2,508.9,964.0,697.2,605.7,620.7,587.1,0.9666,1.0219,569.0,473.6,451.6,38.6,165.1,716.2,503.6,486.7,458.3,430.2,402.4,371.5,337.4,372.7,421.8,1563.2,1176.4,1564.2,46.1,137.8,1553.0,987.9,918.6,875.5,904.9,937.7,975.8,1121.9,1362.6,1573.4
RSA,ZAC 258,RSA969,RSA-969,Corum,Briand 43,Beneteau,Briand,1986,,,,,ORC,CLUB,R,820,23 02 2026 21:22:52,13.251,10.664,2.643,3.94,7318.,0.0,0.00,565.7,0.9695,618.9,1.1825,507.4,901.8,731.3,642.6,594.9,566.0,546.5,516.8,0.0,0.0,0.0,0.0,0.0,0.0,0.0,691.8,577.7,522.9,493.4,474.0,458.8,435.3,0.0,0.0,0.0,0.0,0.0,0.0,0.0,899.2,688.8,583.6,525.0,491.4,463.1,417.6,42.7,40.4,38.5,37.7,37.2,36.9,36.7,143.4,147.6,152.4,158.5,165.3,169.6,165.9,927.5,767.8,694.3,662.4,646.6,637.2,626.4,611.0,523.9,488.4,472.6,464.8,459.8,453.5,580.7,506.4,476.1,460.9,452.7,447.4,440.4,560.6,494.5,466.0,449.5,438.1,429.7,418.3,540.9,480.6,456.2,443.5,430.5,417.4,396.4,547.8,478.8,447.2,425.4,407.6,393.0,371.5,572.3,486.8,449.9,425.2,401.9,380.9,353.6,640.6,522.6,468.5,438.6,412.8,387.7,344.2,758.7,601.7,513.1,466.2,437.8,412.1,364.9,876.0,694.8,590.9,527.5,485.4,455.8,407.2,0.9452,1.1872,1.3222,0.7348,0.9757,1.1107,0.0,0.0000,2026,1.0900,550.5,04620004CBS,10.415,8448,33.4,62.0,38.1,152.6,129.9,634.8,505.4,453.8,816.5,614.9,540.2,550.1,510.7,1.0908,1.1748,493.8,415.8,397.5,37.5,148.5,630.0,451.5,437.3,411.1,383.3,361.4,327.1,287.5,309.7,357.6,1294.8,969.6,1292.8,46.0,140.0,1314.6,838.2,779.4,739.2,718.9,740.0,786.7,913.2,1104.3,1275.1
RSA,ZAC288,RSA97,RSA-97,Bona Dia,Miura,Nebe,Berckemeyer,1970,Cape Town,,,,ORC,CLUB,C,485,31 05 2026 11:31:04,9.330,7.881,1.769,3.15,4700.,0.0,0.64,766.5,0.7159,838.1,0.8884,675.4,1309.5,1038.7,892.8,799.4,736.6,698.6,664.5,0.0,0.0,0.0,0.0,0.0,0.0,0.0,1006.6,812.1,708.4,647.0,608.5,584.5,558.6,0.0,0.0,0.0,0.0,0.0,0.0,0.0,1301.9,974.1,800.9,693.2,631.7,590.3,534.8,44.7,43.0,41.9,41.0,40.1,39.6,39.2,148.6,151.8,155.9,159.9,164.6,169.6,178.1,1385.6,1122.6,985.4,899.0,842.0,811.8,797.8,895.9,740.5,660.0,612.0,583.5,567.5,558.5,845.6,706.7,633.3,591.9,567.0,552.8,542.3,818.9,686.2,613.7,575.1,552.5,537.7,519.4,805.3,658.9,585.1,549.0,530.0,518.4,504.5,789.4,648.8,577.2,541.7,518.4,498.1,466.5,819.1,669.3,589.6,548.5,523.1,500.9,462.7,913.4,730.4,629.0,572.2,540.4,517.3,475.7,1068.2,828.1,698.2,617.1,568.6,539.7,497.1,1233.4,954.7,800.1,699.7,631.2,585.3,531.2,0.6598,0.8934,1.0331,0.5110,0.7188,0.8629,0.0,0.0000,2026,0.8133,737.7,04620004ROI,6.699,5367,22.5,18.4,28.7,56.0,56.3,909.4,671.6,580.8,1174.2,834.7,695.3,738.4,683.1,0.8125,0.8784,651.3,546.1,519.4,39.9,177.7,809.5,561.1,542.3,514.2,489.7,452.2,438.4,443.1,460.0,493.1,1939.5,1464.7,1930.0,46.9,142.8,2034.0,1286.0,1188.8,1137.5,1146.6,1117.4,1167.5,1339.7,1597.8,1844.9
RSA,ZAC089,RSAF31,RSA-F31,LITTLE WING,FLAMENCA,NEBE,BERCKEMEYER,1976,7975 CAPE TOWN South Africa,,,,ORC,CLUB,R,240,23 02 2026 10:42:23,7.500,6.308,1.242,2.30,1841.,0.0,0.41,817.0,0.6591,910.3,0.8268,725.7,1366.9,1099.1,959.4,875.3,811.5,776.8,750.9,0.0,0.0,0.0,0.0,0.0,0.0,0.0,1039.0,850.4,754.2,699.8,663.8,642.0,618.9,0.0,0.0,0.0,0.0,0.0,0.0,0.0,1360.5,1028.8,857.5,752.0,690.7,648.2,585.9,44.9,43.1,42.0,41.1,40.1,39.9,40.8,145.0,145.6,145.6,147.1,173.9,175.8,177.5,1430.8,1173.7,1041.6,958.0,912.5,899.7,909.2,921.5,768.6,692.2,655.5,632.8,622.9,620.3,850.3,720.9,658.7,629.6,614.9,604.0,598.4,791.6,678.6,628.2,602.6,587.6,579.3,566.5,782.1,667.0,615.4,587.9,568.1,551.9,530.4,830.7,695.0,625.3,589.9,563.8,539.4,499.9,873.0,715.4,637.0,596.5,568.4,541.9,495.3,968.6,776.0,672.4,617.8,586.1,560.1,510.8,1128.5,887.2,759.6,686.5,637.9,606.1,562.4,1303.0,1024.5,877.1,792.7,710.6,654.0,592.5,0.6351,0.8317,0.9393,0.4866,0.6622,0.7734,0.0,0.0000,2026,0.7545,795.3,04620004CAE,5.584,2185,12.5,13.1,12.5,0.0,0.0,944.7,721.4,638.8,1233.0,906.1,775.8,788.5,737.4,0.7610,0.8137,750.6,611.3,571.9,42.9,177.1,949.9,628.0,600.7,561.1,520.8,477.4,461.6,472.3,521.0,551.2,2008.7,1492.2,2002.0,47.2,143.8,2075.7,1308.1,1175.6,1068.1,1054.7,1147.2,1243.4,1418.4,1681.5,1941.6
RSA,ZAC094,RSA4478,RSA4478,Azura,First 40 CR,Beneteau,Farr Yacht Design,2008,,,,,ORC,CLUB,C,750,20 03 2026 12:27:59,12.240,11.307,2.494,3.90,8309.,0.0,0.21,574.2,0.9475,633.2,1.1702,512.7,939.8,759.0,662.8,607.7,572.0,549.7,522.0,0.0,0.0,0.0,0.0,0.0,0.0,0.0,715.0,590.5,529.9,496.5,475.0,460.5,438.8,0.0,0.0,0.0,0.0,0.0,0.0,0.0,936.5,712.2,597.2,530.0,492.9,464.6,422.0,44.6,42.4,40.4,38.2,37.3,36.9,37.1,142.2,146.2,148.6,157.0,164.4,170.0,175.4,972.0,798.4,716.3,670.2,646.5,634.3,622.6,625.1,527.5,488.3,474.3,462.0,456.2,449.9,584.3,503.3,471.5,459.5,450.7,444.1,437.4,553.6,486.0,457.6,442.3,433.9,428.3,417.3,554.6,484.1,453.4,434.4,419.8,409.4,397.5,574.7,483.1,446.1,423.9,409.2,398.7,376.6,588.0,489.9,449.8,424.8,403.9,385.8,361.6,659.3,531.0,471.2,441.1,417.3,394.9,349.0,785.9,623.1,527.7,474.1,446.7,425.8,383.4,907.5,719.5,609.3,545.3,497.5,465.2,421.4,0.9192,1.1762,1.3159,0.7064,0.9528,1.1011,0.0,0.0000,2026,1.0729,559.2,04620004IFO,10.619,9367,35.2,52.8,34.1,134.3,147.9,652.7,510.1,456.0,849.4,629.7,544.9,555.8,519.0,1.0794,1.1560,502.1,420.5,403.8,37.5,165.6,621.9,447.7,434.5,412.2,389.9,357.7,332.0,296.5,338.2,382.3,1352.5,1007.8,1349.4,47.4,138.5,1384.0,867.5,787.7,725.7,729.7,803.7,831.4,943.6,1144.0,1321.0
RSA,ZAC294,ISR511,SA 3944,Bellisima,Hanse 401,Greyswald,Joubert / Nivelt,1980,Cowies Hill,,,,ORC,CLUB,C,890,01 07 2026 08:12:11,11.990,10.630,2.025,3.90,8297.,0.0,0.27,615.5,0.8928,672.0,1.0968,547.0,1016.4,818.6,708.3,639.7,601.7,578.7,551.7,0.0,0.0,0.0,0.0,0.0,0.0,0.0,780.4,639.3,567.0,526.3,503.3,488.1,466.7,0.0,0.0,0.0,0.0,0.0,0.0,0.0,1011.0,768.2,638.3,561.2,522.1,493.5,448.1,44.2,42.2,40.7,39.3,38.6,38.0,37.7,143.0,147.3,148.6,157.7,164.8,170.9,177.2,1069.6,874.8,769.7,711.7,684.3,670.7,658.2,693.9,582.3,526.4,499.5,485.9,479.4,472.6,655.1,556.8,510.3,487.6,475.0,467.7,460.4,632.7,540.8,498.9,477.7,464.2,454.4,442.1,630.3,526.5,483.8,464.1,453.9,446.1,428.6,614.9,512.8,472.5,450.4,432.8,417.9,398.8,629.6,522.1,477.1,453.0,433.2,414.7,383.4,703.1,568.2,500.4,468.4,446.5,426.4,387.9,834.1,660.4,560.2,500.2,469.8,448.9,410.9,963.1,762.5,646.8,567.7,519.1,486.8,445.2,0.8452,1.1039,1.2399,0.6540,0.8983,1.0447,0.0,0.0000,2026,1.0067,596.0,04620004UHP,9.718,9501,32.9,42.1,40.2,127.7,125.8,709.9,543.5,483.9,917.4,667.9,574.3,594.8,552.4,1.0087,1.0862,534.9,452.0,433.3,38.5,175.7,659.1,470.5,457.2,435.2,415.5,384.8,365.8,353.7,374.5,410.7,1472.6,1110.6,1466.3,47.3,139.3,1536.0,968.8,893.5,846.2,873.0,861.4,887.1,1008.2,1220.4,1409.2
RSA,ZAC276,SMR0961,SMR-0961,Windward,Oceanis Yacht 54,Beneteau,Biscontini,2019,,,,,ORC,CLUB,C,560,19 02 2026 10:12:34,15.980,15.134,2.428,5.00,17177.,0.0,0.21,515.4,1.0355,579.4,1.3042,460.1,845.5,682.3,602.3,556.5,529.7,511.9,487.7,0.0,0.0,0.0,0.0,0.0,0.0,0.0,643.4,529.1,474.6,445.1,427.1,413.8,394.7,0.0,0.0,0.0,0.0,0.0,0.0,0.0,844.1,640.0,538.8,478.0,443.6,415.9,373.7,45.7,43.7,42.0,41.3,40.9,40.7,40.8,141.5,144.7,148.2,150.7,152.5,154.9,153.1,859.5,709.2,650.2,622.4,607.1,596.8,588.7,548.8,464.6,433.0,418.8,411.7,405.5,399.9,512.3,441.2,412.7,401.7,395.7,390.2,384.7,488.8,426.1,398.1,384.7,378.1,372.0,362.3,495.4,429.5,397.0,379.0,365.9,356.2,344.0,534.3,439.1,394.2,371.1,356.1,345.0,327.1,545.1,445.0,397.3,371.5,350.2,332.4,310.6,602.3,483.8,420.9,387.8,364.5,342.9,302.0,720.0,567.6,480.2,425.2,393.4,372.4,335.3,831.4,655.4,554.5,490.6,452.4,427.0,386.6,1.0235,1.3117,1.4636,0.7854,1.0424,1.1828,0.0,0.0000,2026,1.1929,503.0,04620004BWS,13.323,18254,57.3,82.0,69.4,0.0,246.9,586.2,457.4,409.9,763.9,575.6,507.3,499.7,464.9,1.2008,1.2906,469.6,380.8,359.4,41.9,145.7,596.5,400.2,384.7,357.8,332.5,316.9,292.5,262.5,296.7,342.7,1218.7,907.8,1218.7,48.2,138.6,1218.6,762.1,691.2,637.8,646.2,746.7,774.6,870.3,1055.5,1218.8
RSA,ZAC296,UAE864,UAE-864,Mirage,RG 650,Riotecna,Nicolas Goldenberg,2011,,,,,ORC,CLUB,S,160,07 02 2026 23:47:20,6.482,6.405,1.562,2.97,950.,0.0,0.00,669.8,0.7938,755.9,0.9901,606.0,1010.4,852.3,786.0,744.1,709.0,672.9,612.1,0.0,0.0,0.0,0.0,0.0,0.0,0.0,788.2,679.1,629.5,596.6,569.5,544.7,507.7,0.0,0.0,0.0,0.0,0.0,0.0,0.0,1005.5,803.4,707.7,641.7,593.6,548.6,474.2,42.4,39.6,39.5,40.9,41.5,41.8,43.3,141.3,149.4,156.1,154.4,146.2,145.6,146.2,1059.4,924.8,894.8,886.5,874.8,866.2,887.8,706.0,632.0,613.5,601.7,594.0,588.2,591.5,675.1,607.8,589.1,575.9,566.0,558.7,557.8,654.0,588.6,554.9,536.9,523.3,513.6,503.6,659.4,588.1,539.1,506.7,488.0,472.7,452.7,639.8,558.5,518.5,489.7,464.9,440.0,399.2,649.8,560.2,499.8,464.9,436.7,412.5,370.5,709.4,595.1,526.3,466.7,409.6,367.1,308.4,832.5,675.4,590.2,524.5,470.4,415.3,291.4,961.3,779.9,677.2,601.6,543.1,479.5,336.5,0.8178,0.9873,1.1173,0.6442,0.7913,0.9103,0.0,0.0000,2026,0.9107,658.8,04620004AT3,6.040,1204,13.1,25.6,15.7,0.0,64.3,733.7,607.7,537.0,931.4,758.2,659.1,678.3,582.4,0.8846,1.0302,599.0,497.0,454.8,46.3,151.2,935.6,604.5,565.5,503.0,441.0,374.9,329.4,269.4,230.3,262.5,1416.6,1078.9,1411.6,45.2,142.4,1467.0,937.9,874.7,832.0,850.3,865.4,891.7,993.7,1183.2,1366.3
RSA,ZAC161,USA43434,USA-43434,Coeur de Rockeur,Swede 55,Fisksatra,Knud Reimers,1970,SOUTH AFRICA,,,,ORC,CLUB,C,913,21 02 2026 14:19:05,15.762,12.614,2.093,2.97,8280.,0.0,0.30,582.3,0.9311,644.4,1.1644,515.3,996.6,785.4,673.9,614.0,578.6,553.3,520.5,0.0,0.0,0.0,0.0,0.0,0.0,0.0,755.3,606.3,532.2,494.8,473.0,457.2,433.8,0.0,0.0,0.0,0.0,0.0,0.0,0.0,991.8,735.0,603.5,530.1,491.3,461.2,415.0,45.2,42.4,40.8,40.1,39.7,39.4,39.0,141.2,144.1,147.0,150.6,158.0,165.7,177.2,1044.2,834.0,733.0,688.0,665.4,650.8,633.7,671.6,552.6,495.4,470.1,458.8,451.7,443.5,630.0,525.9,475.8,453.5,443.2,437.0,429.4,605.1,505.7,461.1,438.9,426.7,419.4,409.9,575.2,482.5,443.5,426.4,417.1,407.8,392.8,586.6,480.2,435.4,413.5,399.4,386.5,364.9,604.2,487.8,437.8,412.1,392.7,376.7,352.0,684.4,538.3,463.7,427.6,403.6,382.1,338.8,821.8,638.0,532.4,467.9,433.5,410.4,370.2,948.9,736.7,614.8,539.9,491.8,455.8,407.4,0.8814,1.1739,1.3263,0.6734,0.9384,1.0962,0.0,0.0000,2026,1.0637,564.1,04620004C6N,11.018,9572,35.4,49.3,31.5,108.8,116.5,680.7,511.1,452.4,891.0,639.4,547.3,563.6,518.8,1.0646,1.1565,500.0,414.9,395.9,39.2,175.3,629.8,440.3,426.1,404.7,383.5,346.8,320.9,289.7,323.9,370.2,1478.9,1105.9,1472.4,47.1,138.5,1544.0,974.3,898.8,852.1,811.3,846.7,878.4,1008.7,1224.3,1413.7
